-- The C compiler identification is GNU 13.3.0
-- The CXX compiler identification is GNU 13.3.0
-- Detecting C compiler ABI info
-- Detecting C compiler ABI info - done
-- Check for working C compiler: /usr/bin/cc - skipped
-- Detecting C compile features
-- Detecting C compile features - done
-- Detecting CXX compiler ABI info
-- Detecting CXX compiler ABI info - done
-- Check for working CXX compiler: /usr/bin/c++ - skipped
-- Detecting CXX compile features
-- Detecting CXX compile features - done
-- Found ament_cmake_auto: 2.5.6 (/opt/ros/jazzy/share/ament_cmake_auto/cmake)
[0mCMake Deprecation Warning at CMakeLists.txt:1 (cmake_minimum_required):
  Compatibility with CMake < 3.5 will be removed from a future version of
  CMake.

  Update the VERSION argument <min> value or use a ...<max> suffix to tell
  CMake that the project does not need compatibility with older versions.

[0m
-- Found Python3: /usr/bin/python3 (found version "3.12.3") found components: Interpreter 
-- Override CMake install command with custom implementation using symlinks instead of copying resources
-- Found ament_lint_auto: 0.17.5 (/opt/ros/jazzy/share/ament_lint_auto/cmake)
-- Added test 'copyright' to check source files copyright and LICENSE
-- Added test 'flake8' to check Python code syntax and style conventions
-- Configured 'flake8' exclude dirs and/or files: 
-- Added test 'lint_cmake' to check CMake code style
-- Added test 'pep257' to check Python code against some of the docstring style conventions in PEP 257
-- Added test 'xmllint' to check XML markup files
-- Configuring done (8.2s)
-- Generating done (0.0s)
-- Build files have been written to: /home/edmund-munene/Documents/Programming-language-basics/Linux/Robotics/AConciseIntroductiontoRobotProgrammingwithROS2/bookros2_ws/build/br2_gazebo_worlds
-- Install configuration: ""
-- Execute custom install script
-- Symlinking: /home/edmund-munene/Documents/Programming-language-basics/Linux/Robotics/AConciseIntroductiontoRobotProgrammingwithROS2/bookros2_ws/install/br2_gazebo_worlds/share/br2_gazebo_worlds/config/gazebo_params.yaml
-- Symlinking: /home/edmund-munene/Documents/Programming-language-basics/Linux/Robotics/AConciseIntroductiontoRobotProgrammingwithROS2/bookros2_ws/install/br2_gazebo_worlds/share/br2_gazebo_worlds/launch/br2_gazebo.launch.py
-- Symlinking: /home/edmund-munene/Documents/Programming-language-basics/Linux/Robotics/AConciseIntroductiontoRobotProgrammingwithROS2/bookros2_ws/install/br2_gazebo_worlds/share/br2_gazebo_worlds/models/TrashBin/meshes/TrashBin.mtl
-- Symlinking: /home/edmund-munene/Documents/Programming-language-basics/Linux/Robotics/AConciseIntroductiontoRobotProgrammingwithROS2/bookros2_ws/install/br2_gazebo_worlds/share/br2_gazebo_worlds/models/TrashBin/meshes/TrashBin.obj
-- Symlinking: /home/edmund-munene/Documents/Programming-language-basics/Linux/Robotics/AConciseIntroductiontoRobotProgrammingwithROS2/bookros2_ws/install/br2_gazebo_worlds/share/br2_gazebo_worlds/models/TrashBin/meshes/TrashBin_Diffuse.png
-- Symlinking: /home/edmund-munene/Documents/Programming-language-basics/Linux/Robotics/AConciseIntroductiontoRobotProgrammingwithROS2/bookros2_ws/install/br2_gazebo_worlds/share/br2_gazebo_worlds/models/TrashBin/model.config
-- Symlinking: /home/edmund-munene/Documents/Programming-language-basics/Linux/Robotics/AConciseIntroductiontoRobotProgrammingwithROS2/bookros2_ws/install/br2_gazebo_worlds/share/br2_gazebo_worlds/models/TrashBin/model.sdf
-- Symlinking: /home/edmund-munene/Documents/Programming-language-basics/Linux/Robotics/AConciseIntroductiontoRobotProgrammingwithROS2/bookros2_ws/install/br2_gazebo_worlds/share/br2_gazebo_worlds/models/TrashBin/thumbnails/1.png
-- Symlinking: /home/edmund-munene/Documents/Programming-language-basics/Linux/Robotics/AConciseIntroductiontoRobotProgrammingwithROS2/bookros2_ws/install/br2_gazebo_worlds/share/br2_gazebo_worlds/models/TrashBin/thumbnails/2.png
-- Symlinking: /home/edmund-munene/Documents/Programming-language-basics/Linux/Robotics/AConciseIntroductiontoRobotProgrammingwithROS2/bookros2_ws/install/br2_gazebo_worlds/share/br2_gazebo_worlds/models/TrashBin/thumbnails/3.png
-- Symlinking: /home/edmund-munene/Documents/Programming-language-basics/Linux/Robotics/AConciseIntroductiontoRobotProgrammingwithROS2/bookros2_ws/install/br2_gazebo_worlds/share/br2_gazebo_worlds/models/TrashBin/thumbnails/4.png
-- Symlinking: /home/edmund-munene/Documents/Programming-language-basics/Linux/Robotics/AConciseIntroductiontoRobotProgrammingwithROS2/bookros2_ws/install/br2_gazebo_worlds/share/br2_gazebo_worlds/models/TrashBin/thumbnails/5.png
-- Symlinking: /home/edmund-munene/Documents/Programming-language-basics/Linux/Robotics/AConciseIntroductiontoRobotProgrammingwithROS2/bookros2_ws/install/br2_gazebo_worlds/share/br2_gazebo_worlds/models/aruco_cube_60/materials/textures/60.jpg
-- Symlinking: /home/edmund-munene/Documents/Programming-language-basics/Linux/Robotics/AConciseIntroductiontoRobotProgrammingwithROS2/bookros2_ws/install/br2_gazebo_worlds/share/br2_gazebo_worlds/models/aruco_cube_60/meshes/aruco_cube_60.mtl
-- Symlinking: /home/edmund-munene/Documents/Programming-language-basics/Linux/Robotics/AConciseIntroductiontoRobotProgrammingwithROS2/bookros2_ws/install/br2_gazebo_worlds/share/br2_gazebo_worlds/models/aruco_cube_60/meshes/aruco_cube_60.obj
-- Symlinking: /home/edmund-munene/Documents/Programming-language-basics/Linux/Robotics/AConciseIntroductiontoRobotProgrammingwithROS2/bookros2_ws/install/br2_gazebo_worlds/share/br2_gazebo_worlds/models/aruco_cube_60/model.config
-- Symlinking: /home/edmund-munene/Documents/Programming-language-basics/Linux/Robotics/AConciseIntroductiontoRobotProgrammingwithROS2/bookros2_ws/install/br2_gazebo_worlds/share/br2_gazebo_worlds/models/aruco_cube_60/model.sdf
-- Symlinking: /home/edmund-munene/Documents/Programming-language-basics/Linux/Robotics/AConciseIntroductiontoRobotProgrammingwithROS2/bookros2_ws/install/br2_gazebo_worlds/share/br2_gazebo_worlds/models/aruco_cube_60/thumbnails/1.png
-- Symlinking: /home/edmund-munene/Documents/Programming-language-basics/Linux/Robotics/AConciseIntroductiontoRobotProgrammingwithROS2/bookros2_ws/install/br2_gazebo_worlds/share/br2_gazebo_worlds/models/aruco_cube_80/materials/textures/80.jpg
-- Symlinking: /home/edmund-munene/Documents/Programming-language-basics/Linux/Robotics/AConciseIntroductiontoRobotProgrammingwithROS2/bookros2_ws/install/br2_gazebo_worlds/share/br2_gazebo_worlds/models/aruco_cube_80/meshes/aruco_cube_80.mtl
-- Symlinking: /home/edmund-munene/Documents/Programming-language-basics/Linux/Robotics/AConciseIntroductiontoRobotProgrammingwithROS2/bookros2_ws/install/br2_gazebo_worlds/share/br2_gazebo_worlds/models/aruco_cube_80/meshes/aruco_cube_80.obj
-- Symlinking: /home/edmund-munene/Documents/Programming-language-basics/Linux/Robotics/AConciseIntroductiontoRobotProgrammingwithROS2/bookros2_ws/install/br2_gazebo_worlds/share/br2_gazebo_worlds/models/aruco_cube_80/model.config
-- Symlinking: /home/edmund-munene/Documents/Programming-language-basics/Linux/Robotics/AConciseIntroductiontoRobotProgrammingwithROS2/bookros2_ws/install/br2_gazebo_worlds/share/br2_gazebo_worlds/models/aruco_cube_80/model.sdf
-- Symlinking: /home/edmund-munene/Documents/Programming-language-basics/Linux/Robotics/AConciseIntroductiontoRobotProgrammingwithROS2/bookros2_ws/install/br2_gazebo_worlds/share/br2_gazebo_worlds/models/aruco_cube_80/thumbnails/1.png
-- Symlinking: /home/edmund-munene/Documents/Programming-language-basics/Linux/Robotics/AConciseIntroductiontoRobotProgrammingwithROS2/bookros2_ws/install/br2_gazebo_worlds/share/br2_gazebo_worlds/models/aruco_tag_100/materials/textures/100.jpg
-- Symlinking: /home/edmund-munene/Documents/Programming-language-basics/Linux/Robotics/AConciseIntroductiontoRobotProgrammingwithROS2/bookros2_ws/install/br2_gazebo_worlds/share/br2_gazebo_worlds/models/aruco_tag_100/meshes/aruco_tag_100.mtl
-- Symlinking: /home/edmund-munene/Documents/Programming-language-basics/Linux/Robotics/AConciseIntroductiontoRobotProgrammingwithROS2/bookros2_ws/install/br2_gazebo_worlds/share/br2_gazebo_worlds/models/aruco_tag_100/meshes/aruco_tag_100.obj
-- Symlinking: /home/edmund-munene/Documents/Programming-language-basics/Linux/Robotics/AConciseIntroductiontoRobotProgrammingwithROS2/bookros2_ws/install/br2_gazebo_worlds/share/br2_gazebo_worlds/models/aruco_tag_100/model.config
-- Symlinking: /home/edmund-munene/Documents/Programming-language-basics/Linux/Robotics/AConciseIntroductiontoRobotProgrammingwithROS2/bookros2_ws/install/br2_gazebo_worlds/share/br2_gazebo_worlds/models/aruco_tag_100/model.sdf
-- Symlinking: /home/edmund-munene/Documents/Programming-language-basics/Linux/Robotics/AConciseIntroductiontoRobotProgrammingwithROS2/bookros2_ws/install/br2_gazebo_worlds/share/br2_gazebo_worlds/models/aruco_tag_110/materials/textures/110.jpg
-- Symlinking: /home/edmund-munene/Documents/Programming-language-basics/Linux/Robotics/AConciseIntroductiontoRobotProgrammingwithROS2/bookros2_ws/install/br2_gazebo_worlds/share/br2_gazebo_worlds/models/aruco_tag_110/meshes/aruco_tag_110.mtl
-- Symlinking: /home/edmund-munene/Documents/Programming-language-basics/Linux/Robotics/AConciseIntroductiontoRobotProgrammingwithROS2/bookros2_ws/install/br2_gazebo_worlds/share/br2_gazebo_worlds/models/aruco_tag_110/meshes/aruco_tag_110.obj
-- Symlinking: /home/edmund-munene/Documents/Programming-language-basics/Linux/Robotics/AConciseIntroductiontoRobotProgrammingwithROS2/bookros2_ws/install/br2_gazebo_worlds/share/br2_gazebo_worlds/models/aruco_tag_110/model.config
-- Symlinking: /home/edmund-munene/Documents/Programming-language-basics/Linux/Robotics/AConciseIntroductiontoRobotProgrammingwithROS2/bookros2_ws/install/br2_gazebo_worlds/share/br2_gazebo_worlds/models/aruco_tag_110/model.sdf
-- Symlinking: /home/edmund-munene/Documents/Programming-language-basics/Linux/Robotics/AConciseIntroductiontoRobotProgrammingwithROS2/bookros2_ws/install/br2_gazebo_worlds/share/br2_gazebo_worlds/models/aruco_tag_124/materials/textures/124.jpg
-- Symlinking: /home/edmund-munene/Documents/Programming-language-basics/Linux/Robotics/AConciseIntroductiontoRobotProgrammingwithROS2/bookros2_ws/install/br2_gazebo_worlds/share/br2_gazebo_worlds/models/aruco_tag_124/meshes/aruco_tag_124.mtl
-- Symlinking: /home/edmund-munene/Documents/Programming-language-basics/Linux/Robotics/AConciseIntroductiontoRobotProgrammingwithROS2/bookros2_ws/install/br2_gazebo_worlds/share/br2_gazebo_worlds/models/aruco_tag_124/meshes/aruco_tag_124.obj
-- Symlinking: /home/edmund-munene/Documents/Programming-language-basics/Linux/Robotics/AConciseIntroductiontoRobotProgrammingwithROS2/bookros2_ws/install/br2_gazebo_worlds/share/br2_gazebo_worlds/models/aruco_tag_124/model.config
-- Symlinking: /home/edmund-munene/Documents/Programming-language-basics/Linux/Robotics/AConciseIntroductiontoRobotProgrammingwithROS2/bookros2_ws/install/br2_gazebo_worlds/share/br2_gazebo_worlds/models/aruco_tag_124/model.sdf
-- Symlinking: /home/edmund-munene/Documents/Programming-language-basics/Linux/Robotics/AConciseIntroductiontoRobotProgrammingwithROS2/bookros2_ws/install/br2_gazebo_worlds/share/br2_gazebo_worlds/models/aruco_tag_30/materials/textures/30.jpg
-- Symlinking: /home/edmund-munene/Documents/Programming-language-basics/Linux/Robotics/AConciseIntroductiontoRobotProgrammingwithROS2/bookros2_ws/install/br2_gazebo_worlds/share/br2_gazebo_worlds/models/aruco_tag_30/meshes/aruco_tag_30.mtl
-- Symlinking: /home/edmund-munene/Documents/Programming-language-basics/Linux/Robotics/AConciseIntroductiontoRobotProgrammingwithROS2/bookros2_ws/install/br2_gazebo_worlds/share/br2_gazebo_worlds/models/aruco_tag_30/meshes/aruco_tag_30.obj
-- Symlinking: /home/edmund-munene/Documents/Programming-language-basics/Linux/Robotics/AConciseIntroductiontoRobotProgrammingwithROS2/bookros2_ws/install/br2_gazebo_worlds/share/br2_gazebo_worlds/models/aruco_tag_30/model.config
-- Symlinking: /home/edmund-munene/Documents/Programming-language-basics/Linux/Robotics/AConciseIntroductiontoRobotProgrammingwithROS2/bookros2_ws/install/br2_gazebo_worlds/share/br2_gazebo_worlds/models/aruco_tag_30/model.sdf
-- Symlinking: /home/edmund-munene/Documents/Programming-language-basics/Linux/Robotics/AConciseIntroductiontoRobotProgrammingwithROS2/bookros2_ws/install/br2_gazebo_worlds/share/br2_gazebo_worlds/models/aruco_tag_40/materials/textures/40.jpg
-- Symlinking: /home/edmund-munene/Documents/Programming-language-basics/Linux/Robotics/AConciseIntroductiontoRobotProgrammingwithROS2/bookros2_ws/install/br2_gazebo_worlds/share/br2_gazebo_worlds/models/aruco_tag_40/meshes/aruco_tag_40.mtl
-- Symlinking: /home/edmund-munene/Documents/Programming-language-basics/Linux/Robotics/AConciseIntroductiontoRobotProgrammingwithROS2/bookros2_ws/install/br2_gazebo_worlds/share/br2_gazebo_worlds/models/aruco_tag_40/meshes/aruco_tag_40.obj
-- Symlinking: /home/edmund-munene/Documents/Programming-language-basics/Linux/Robotics/AConciseIntroductiontoRobotProgrammingwithROS2/bookros2_ws/install/br2_gazebo_worlds/share/br2_gazebo_worlds/models/aruco_tag_40/model.config
-- Symlinking: /home/edmund-munene/Documents/Programming-language-basics/Linux/Robotics/AConciseIntroductiontoRobotProgrammingwithROS2/bookros2_ws/install/br2_gazebo_worlds/share/br2_gazebo_worlds/models/aruco_tag_40/model.sdf
-- Symlinking: /home/edmund-munene/Documents/Programming-language-basics/Linux/Robotics/AConciseIntroductiontoRobotProgrammingwithROS2/bookros2_ws/install/br2_gazebo_worlds/share/br2_gazebo_worlds/models/aruco_tag_50/materials/textures/50.jpg
-- Symlinking: /home/edmund-munene/Documents/Programming-language-basics/Linux/Robotics/AConciseIntroductiontoRobotProgrammingwithROS2/bookros2_ws/install/br2_gazebo_worlds/share/br2_gazebo_worlds/models/aruco_tag_50/meshes/aruco_tag_50.mtl
-- Symlinking: /home/edmund-munene/Documents/Programming-language-basics/Linux/Robotics/AConciseIntroductiontoRobotProgrammingwithROS2/bookros2_ws/install/br2_gazebo_worlds/share/br2_gazebo_worlds/models/aruco_tag_50/meshes/aruco_tag_50.obj
-- Symlinking: /home/edmund-munene/Documents/Programming-language-basics/Linux/Robotics/AConciseIntroductiontoRobotProgrammingwithROS2/bookros2_ws/install/br2_gazebo_worlds/share/br2_gazebo_worlds/models/aruco_tag_50/model.config
-- Symlinking: /home/edmund-munene/Documents/Programming-language-basics/Linux/Robotics/AConciseIntroductiontoRobotProgrammingwithROS2/bookros2_ws/install/br2_gazebo_worlds/share/br2_gazebo_worlds/models/aruco_tag_50/model.sdf
-- Symlinking: /home/edmund-munene/Documents/Programming-language-basics/Linux/Robotics/AConciseIntroductiontoRobotProgrammingwithROS2/bookros2_ws/install/br2_gazebo_worlds/share/br2_gazebo_worlds/models/aruco_tag_60/materials/textures/60.jpg
-- Symlinking: /home/edmund-munene/Documents/Programming-language-basics/Linux/Robotics/AConciseIntroductiontoRobotProgrammingwithROS2/bookros2_ws/install/br2_gazebo_worlds/share/br2_gazebo_worlds/models/aruco_tag_60/meshes/aruco_tag_60.mtl
-- Symlinking: /home/edmund-munene/Documents/Programming-language-basics/Linux/Robotics/AConciseIntroductiontoRobotProgrammingwithROS2/bookros2_ws/install/br2_gazebo_worlds/share/br2_gazebo_worlds/models/aruco_tag_60/meshes/aruco_tag_60.obj
-- Symlinking: /home/edmund-munene/Documents/Programming-language-basics/Linux/Robotics/AConciseIntroductiontoRobotProgrammingwithROS2/bookros2_ws/install/br2_gazebo_worlds/share/br2_gazebo_worlds/models/aruco_tag_60/model.config
-- Symlinking: /home/edmund-munene/Documents/Programming-language-basics/Linux/Robotics/AConciseIntroductiontoRobotProgrammingwithROS2/bookros2_ws/install/br2_gazebo_worlds/share/br2_gazebo_worlds/models/aruco_tag_60/model.sdf
-- Symlinking: /home/edmund-munene/Documents/Programming-language-basics/Linux/Robotics/AConciseIntroductiontoRobotProgrammingwithROS2/bookros2_ws/install/br2_gazebo_worlds/share/br2_gazebo_worlds/models/aruco_tag_70/materials/textures/70.jpg
-- Symlinking: /home/edmund-munene/Documents/Programming-language-basics/Linux/Robotics/AConciseIntroductiontoRobotProgrammingwithROS2/bookros2_ws/install/br2_gazebo_worlds/share/br2_gazebo_worlds/models/aruco_tag_70/meshes/aruco_tag_70.mtl
-- Symlinking: /home/edmund-munene/Documents/Programming-language-basics/Linux/Robotics/AConciseIntroductiontoRobotProgrammingwithROS2/bookros2_ws/install/br2_gazebo_worlds/share/br2_gazebo_worlds/models/aruco_tag_70/meshes/aruco_tag_70.obj
-- Symlinking: /home/edmund-munene/Documents/Programming-language-basics/Linux/Robotics/AConciseIntroductiontoRobotProgrammingwithROS2/bookros2_ws/install/br2_gazebo_worlds/share/br2_gazebo_worlds/models/aruco_tag_70/model.config
-- Symlinking: /home/edmund-munene/Documents/Programming-language-basics/Linux/Robotics/AConciseIntroductiontoRobotProgrammingwithROS2/bookros2_ws/install/br2_gazebo_worlds/share/br2_gazebo_worlds/models/aruco_tag_70/model.sdf
-- Symlinking: /home/edmund-munene/Documents/Programming-language-basics/Linux/Robotics/AConciseIntroductiontoRobotProgrammingwithROS2/bookros2_ws/install/br2_gazebo_worlds/share/br2_gazebo_worlds/models/aruco_tag_80/materials/textures/80.jpg
-- Symlinking: /home/edmund-munene/Documents/Programming-language-basics/Linux/Robotics/AConciseIntroductiontoRobotProgrammingwithROS2/bookros2_ws/install/br2_gazebo_worlds/share/br2_gazebo_worlds/models/aruco_tag_80/meshes/aruco_tag_80.mtl
-- Symlinking: /home/edmund-munene/Documents/Programming-language-basics/Linux/Robotics/AConciseIntroductiontoRobotProgrammingwithROS2/bookros2_ws/install/br2_gazebo_worlds/share/br2_gazebo_worlds/models/aruco_tag_80/meshes/aruco_tag_80.obj
-- Symlinking: /home/edmund-munene/Documents/Programming-language-basics/Linux/Robotics/AConciseIntroductiontoRobotProgrammingwithROS2/bookros2_ws/install/br2_gazebo_worlds/share/br2_gazebo_worlds/models/aruco_tag_80/model.config
-- Symlinking: /home/edmund-munene/Documents/Programming-language-basics/Linux/Robotics/AConciseIntroductiontoRobotProgrammingwithROS2/bookros2_ws/install/br2_gazebo_worlds/share/br2_gazebo_worlds/models/aruco_tag_80/model.sdf
-- Symlinking: /home/edmund-munene/Documents/Programming-language-basics/Linux/Robotics/AConciseIntroductiontoRobotProgrammingwithROS2/bookros2_ws/install/br2_gazebo_worlds/share/br2_gazebo_worlds/models/aruco_tag_90/materials/textures/90.jpg
-- Symlinking: /home/edmund-munene/Documents/Programming-language-basics/Linux/Robotics/AConciseIntroductiontoRobotProgrammingwithROS2/bookros2_ws/install/br2_gazebo_worlds/share/br2_gazebo_worlds/models/aruco_tag_90/meshes/aruco_tag_90.mtl
-- Symlinking: /home/edmund-munene/Documents/Programming-language-basics/Linux/Robotics/AConciseIntroductiontoRobotProgrammingwithROS2/bookros2_ws/install/br2_gazebo_worlds/share/br2_gazebo_worlds/models/aruco_tag_90/meshes/aruco_tag_90.obj
-- Symlinking: /home/edmund-munene/Documents/Programming-language-basics/Linux/Robotics/AConciseIntroductiontoRobotProgrammingwithROS2/bookros2_ws/install/br2_gazebo_worlds/share/br2_gazebo_worlds/models/aruco_tag_90/model.config
-- Symlinking: /home/edmund-munene/Documents/Programming-language-basics/Linux/Robotics/AConciseIntroductiontoRobotProgrammingwithROS2/bookros2_ws/install/br2_gazebo_worlds/share/br2_gazebo_worlds/models/aruco_tag_90/model.sdf
-- Symlinking: /home/edmund-munene/Documents/Programming-language-basics/Linux/Robotics/AConciseIntroductiontoRobotProgrammingwithROS2/bookros2_ws/install/br2_gazebo_worlds/share/br2_gazebo_worlds/models/aws_robomaker_residential_AirconditionerA_01/materials/textures/aws_AirconditionerA_01.png
-- Symlinking: /home/edmund-munene/Documents/Programming-language-basics/Linux/Robotics/AConciseIntroductiontoRobotProgrammingwithROS2/bookros2_ws/install/br2_gazebo_worlds/share/br2_gazebo_worlds/models/aws_robomaker_residential_AirconditionerA_01/meshes/aws_AirconditionerA_01_collision.DAE
-- Symlinking: /home/edmund-munene/Documents/Programming-language-basics/Linux/Robotics/AConciseIntroductiontoRobotProgrammingwithROS2/bookros2_ws/install/br2_gazebo_worlds/share/br2_gazebo_worlds/models/aws_robomaker_residential_AirconditionerA_01/meshes/aws_AirconditionerA_01_visual.DAE
-- Symlinking: /home/edmund-munene/Documents/Programming-language-basics/Linux/Robotics/AConciseIntroductiontoRobotProgrammingwithROS2/bookros2_ws/install/br2_gazebo_worlds/share/br2_gazebo_worlds/models/aws_robomaker_residential_AirconditionerA_01/model.config
-- Symlinking: /home/edmund-munene/Documents/Programming-language-basics/Linux/Robotics/AConciseIntroductiontoRobotProgrammingwithROS2/bookros2_ws/install/br2_gazebo_worlds/share/br2_gazebo_worlds/models/aws_robomaker_residential_AirconditionerA_01/model.sdf
-- Symlinking: /home/edmund-munene/Documents/Programming-language-basics/Linux/Robotics/AConciseIntroductiontoRobotProgrammingwithROS2/bookros2_ws/install/br2_gazebo_worlds/share/br2_gazebo_worlds/models/aws_robomaker_residential_AirconditionerB_01/materials/textures/aws_AirconditionerB_01.png
-- Symlinking: /home/edmund-munene/Documents/Programming-language-basics/Linux/Robotics/AConciseIntroductiontoRobotProgrammingwithROS2/bookros2_ws/install/br2_gazebo_worlds/share/br2_gazebo_worlds/models/aws_robomaker_residential_AirconditionerB_01/meshes/aws_AirconditionerB_01_collision.DAE
-- Symlinking: /home/edmund-munene/Documents/Programming-language-basics/Linux/Robotics/AConciseIntroductiontoRobotProgrammingwithROS2/bookros2_ws/install/br2_gazebo_worlds/share/br2_gazebo_worlds/models/aws_robomaker_residential_AirconditionerB_01/meshes/aws_AirconditionerB_01_visual.DAE
-- Symlinking: /home/edmund-munene/Documents/Programming-language-basics/Linux/Robotics/AConciseIntroductiontoRobotProgrammingwithROS2/bookros2_ws/install/br2_gazebo_worlds/share/br2_gazebo_worlds/models/aws_robomaker_residential_AirconditionerB_01/model.config
-- Symlinking: /home/edmund-munene/Documents/Programming-language-basics/Linux/Robotics/AConciseIntroductiontoRobotProgrammingwithROS2/bookros2_ws/install/br2_gazebo_worlds/share/br2_gazebo_worlds/models/aws_robomaker_residential_AirconditionerB_01/model.sdf
-- Symlinking: /home/edmund-munene/Documents/Programming-language-basics/Linux/Robotics/AConciseIntroductiontoRobotProgrammingwithROS2/bookros2_ws/install/br2_gazebo_worlds/share/br2_gazebo_worlds/models/aws_robomaker_residential_BalconyTable_01/materials/textures/aws_BalconyTable_01.png
-- Symlinking: /home/edmund-munene/Documents/Programming-language-basics/Linux/Robotics/AConciseIntroductiontoRobotProgrammingwithROS2/bookros2_ws/install/br2_gazebo_worlds/share/br2_gazebo_worlds/models/aws_robomaker_residential_BalconyTable_01/meshes/aws_BalconyTable_01_collision.DAE
-- Symlinking: /home/edmund-munene/Documents/Programming-language-basics/Linux/Robotics/AConciseIntroductiontoRobotProgrammingwithROS2/bookros2_ws/install/br2_gazebo_worlds/share/br2_gazebo_worlds/models/aws_robomaker_residential_BalconyTable_01/meshes/aws_BalconyTable_01_visual.DAE
-- Symlinking: /home/edmund-munene/Documents/Programming-language-basics/Linux/Robotics/AConciseIntroductiontoRobotProgrammingwithROS2/bookros2_ws/install/br2_gazebo_worlds/share/br2_gazebo_worlds/models/aws_robomaker_residential_BalconyTable_01/model.config
-- Symlinking: /home/edmund-munene/Documents/Programming-language-basics/Linux/Robotics/AConciseIntroductiontoRobotProgrammingwithROS2/bookros2_ws/install/br2_gazebo_worlds/share/br2_gazebo_worlds/models/aws_robomaker_residential_BalconyTable_01/model.sdf
-- Symlinking: /home/edmund-munene/Documents/Programming-language-basics/Linux/Robotics/AConciseIntroductiontoRobotProgrammingwithROS2/bookros2_ws/install/br2_gazebo_worlds/share/br2_gazebo_worlds/models/aws_robomaker_residential_Ball_01/materials/textures/aws_Ball_01.png
-- Symlinking: /home/edmund-munene/Documents/Programming-language-basics/Linux/Robotics/AConciseIntroductiontoRobotProgrammingwithROS2/bookros2_ws/install/br2_gazebo_worlds/share/br2_gazebo_worlds/models/aws_robomaker_residential_Ball_01/meshes/aws_Ball_01_collision.DAE
-- Symlinking: /home/edmund-munene/Documents/Programming-language-basics/Linux/Robotics/AConciseIntroductiontoRobotProgrammingwithROS2/bookros2_ws/install/br2_gazebo_worlds/share/br2_gazebo_worlds/models/aws_robomaker_residential_Ball_01/meshes/aws_Ball_01_visual.DAE
-- Symlinking: /home/edmund-munene/Documents/Programming-language-basics/Linux/Robotics/AConciseIntroductiontoRobotProgrammingwithROS2/bookros2_ws/install/br2_gazebo_worlds/share/br2_gazebo_worlds/models/aws_robomaker_residential_Ball_01/model.config
-- Symlinking: /home/edmund-munene/Documents/Programming-language-basics/Linux/Robotics/AConciseIntroductiontoRobotProgrammingwithROS2/bookros2_ws/install/br2_gazebo_worlds/share/br2_gazebo_worlds/models/aws_robomaker_residential_Ball_01/model.sdf
-- Symlinking: /home/edmund-munene/Documents/Programming-language-basics/Linux/Robotics/AConciseIntroductiontoRobotProgrammingwithROS2/bookros2_ws/install/br2_gazebo_worlds/share/br2_gazebo_worlds/models/aws_robomaker_residential_Bed_01/materials/textures/aws_BedA_01.png
-- Symlinking: /home/edmund-munene/Documents/Programming-language-basics/Linux/Robotics/AConciseIntroductiontoRobotProgrammingwithROS2/bookros2_ws/install/br2_gazebo_worlds/share/br2_gazebo_worlds/models/aws_robomaker_residential_Bed_01/materials/textures/aws_BedB_01.png
-- Symlinking: /home/edmund-munene/Documents/Programming-language-basics/Linux/Robotics/AConciseIntroductiontoRobotProgrammingwithROS2/bookros2_ws/install/br2_gazebo_worlds/share/br2_gazebo_worlds/models/aws_robomaker_residential_Bed_01/materials/textures/aws_BedC_01.png
-- Symlinking: /home/edmund-munene/Documents/Programming-language-basics/Linux/Robotics/AConciseIntroductiontoRobotProgrammingwithROS2/bookros2_ws/install/br2_gazebo_worlds/share/br2_gazebo_worlds/models/aws_robomaker_residential_Bed_01/materials/textures/aws_Bed_01.png
-- Symlinking: /home/edmund-munene/Documents/Programming-language-basics/Linux/Robotics/AConciseIntroductiontoRobotProgrammingwithROS2/bookros2_ws/install/br2_gazebo_worlds/share/br2_gazebo_worlds/models/aws_robomaker_residential_Bed_01/meshes/aws_Bed_01_collision.DAE
-- Symlinking: /home/edmund-munene/Documents/Programming-language-basics/Linux/Robotics/AConciseIntroductiontoRobotProgrammingwithROS2/bookros2_ws/install/br2_gazebo_worlds/share/br2_gazebo_worlds/models/aws_robomaker_residential_Bed_01/meshes/aws_Bed_01_visual.DAE
-- Symlinking: /home/edmund-munene/Documents/Programming-language-basics/Linux/Robotics/AConciseIntroductiontoRobotProgrammingwithROS2/bookros2_ws/install/br2_gazebo_worlds/share/br2_gazebo_worlds/models/aws_robomaker_residential_Bed_01/model.config
-- Symlinking: /home/edmund-munene/Documents/Programming-language-basics/Linux/Robotics/AConciseIntroductiontoRobotProgrammingwithROS2/bookros2_ws/install/br2_gazebo_worlds/share/br2_gazebo_worlds/models/aws_robomaker_residential_Bed_01/model.sdf
-- Symlinking: /home/edmund-munene/Documents/Programming-language-basics/Linux/Robotics/AConciseIntroductiontoRobotProgrammingwithROS2/bookros2_ws/install/br2_gazebo_worlds/share/br2_gazebo_worlds/models/aws_robomaker_residential_Board_01/materials/textures/aws_Board_01.png
-- Symlinking: /home/edmund-munene/Documents/Programming-language-basics/Linux/Robotics/AConciseIntroductiontoRobotProgrammingwithROS2/bookros2_ws/install/br2_gazebo_worlds/share/br2_gazebo_worlds/models/aws_robomaker_residential_Board_01/meshes/aws_Board_01_collision.DAE
-- Symlinking: /home/edmund-munene/Documents/Programming-language-basics/Linux/Robotics/AConciseIntroductiontoRobotProgrammingwithROS2/bookros2_ws/install/br2_gazebo_worlds/share/br2_gazebo_worlds/models/aws_robomaker_residential_Board_01/meshes/aws_Board_01_visual.DAE
-- Symlinking: /home/edmund-munene/Documents/Programming-language-basics/Linux/Robotics/AConciseIntroductiontoRobotProgrammingwithROS2/bookros2_ws/install/br2_gazebo_worlds/share/br2_gazebo_worlds/models/aws_robomaker_residential_Board_01/model.config
-- Symlinking: /home/edmund-munene/Documents/Programming-language-basics/Linux/Robotics/AConciseIntroductiontoRobotProgrammingwithROS2/bookros2_ws/install/br2_gazebo_worlds/share/br2_gazebo_worlds/models/aws_robomaker_residential_Board_01/model.sdf
-- Symlinking: /home/edmund-munene/Documents/Programming-language-basics/Linux/Robotics/AConciseIntroductiontoRobotProgrammingwithROS2/bookros2_ws/install/br2_gazebo_worlds/share/br2_gazebo_worlds/models/aws_robomaker_residential_Carpet_01/materials/textures/aws_Carpet_01.png
-- Symlinking: /home/edmund-munene/Documents/Programming-language-basics/Linux/Robotics/AConciseIntroductiontoRobotProgrammingwithROS2/bookros2_ws/install/br2_gazebo_worlds/share/br2_gazebo_worlds/models/aws_robomaker_residential_Carpet_01/meshes/aws_Carpet_01_collision.DAE
-- Symlinking: /home/edmund-munene/Documents/Programming-language-basics/Linux/Robotics/AConciseIntroductiontoRobotProgrammingwithROS2/bookros2_ws/install/br2_gazebo_worlds/share/br2_gazebo_worlds/models/aws_robomaker_residential_Carpet_01/meshes/aws_Carpet_01_visual.DAE
-- Symlinking: /home/edmund-munene/Documents/Programming-language-basics/Linux/Robotics/AConciseIntroductiontoRobotProgrammingwithROS2/bookros2_ws/install/br2_gazebo_worlds/share/br2_gazebo_worlds/models/aws_robomaker_residential_Carpet_01/model.config
-- Symlinking: /home/edmund-munene/Documents/Programming-language-basics/Linux/Robotics/AConciseIntroductiontoRobotProgrammingwithROS2/bookros2_ws/install/br2_gazebo_worlds/share/br2_gazebo_worlds/models/aws_robomaker_residential_Carpet_01/model.sdf
-- Symlinking: /home/edmund-munene/Documents/Programming-language-basics/Linux/Robotics/AConciseIntroductiontoRobotProgrammingwithROS2/bookros2_ws/install/br2_gazebo_worlds/share/br2_gazebo_worlds/models/aws_robomaker_residential_ChairA_01/materials/textures/aws_ChairA_01.png
-- Symlinking: /home/edmund-munene/Documents/Programming-language-basics/Linux/Robotics/AConciseIntroductiontoRobotProgrammingwithROS2/bookros2_ws/install/br2_gazebo_worlds/share/br2_gazebo_worlds/models/aws_robomaker_residential_ChairA_01/meshes/aws_ChairA_01_collision.DAE
-- Symlinking: /home/edmund-munene/Documents/Programming-language-basics/Linux/Robotics/AConciseIntroductiontoRobotProgrammingwithROS2/bookros2_ws/install/br2_gazebo_worlds/share/br2_gazebo_worlds/models/aws_robomaker_residential_ChairA_01/meshes/aws_ChairA_01_visual.DAE
-- Symlinking: /home/edmund-munene/Documents/Programming-language-basics/Linux/Robotics/AConciseIntroductiontoRobotProgrammingwithROS2/bookros2_ws/install/br2_gazebo_worlds/share/br2_gazebo_worlds/models/aws_robomaker_residential_ChairA_01/model.config
-- Symlinking: /home/edmund-munene/Documents/Programming-language-basics/Linux/Robotics/AConciseIntroductiontoRobotProgrammingwithROS2/bookros2_ws/install/br2_gazebo_worlds/share/br2_gazebo_worlds/models/aws_robomaker_residential_ChairA_01/model.sdf
-- Symlinking: /home/edmund-munene/Documents/Programming-language-basics/Linux/Robotics/AConciseIntroductiontoRobotProgrammingwithROS2/bookros2_ws/install/br2_gazebo_worlds/share/br2_gazebo_worlds/models/aws_robomaker_residential_ChairD_01/materials/textures/aws_ChairD_01.png
-- Symlinking: /home/edmund-munene/Documents/Programming-language-basics/Linux/Robotics/AConciseIntroductiontoRobotProgrammingwithROS2/bookros2_ws/install/br2_gazebo_worlds/share/br2_gazebo_worlds/models/aws_robomaker_residential_ChairD_01/meshes/aws_ChairD_01_collision.DAE
-- Symlinking: /home/edmund-munene/Documents/Programming-language-basics/Linux/Robotics/AConciseIntroductiontoRobotProgrammingwithROS2/bookros2_ws/install/br2_gazebo_worlds/share/br2_gazebo_worlds/models/aws_robomaker_residential_ChairD_01/meshes/aws_ChairD_01_visual.DAE
-- Symlinking: /home/edmund-munene/Documents/Programming-language-basics/Linux/Robotics/AConciseIntroductiontoRobotProgrammingwithROS2/bookros2_ws/install/br2_gazebo_worlds/share/br2_gazebo_worlds/models/aws_robomaker_residential_ChairD_01/model.config
-- Symlinking: /home/edmund-munene/Documents/Programming-language-basics/Linux/Robotics/AConciseIntroductiontoRobotProgrammingwithROS2/bookros2_ws/install/br2_gazebo_worlds/share/br2_gazebo_worlds/models/aws_robomaker_residential_ChairD_01/model.sdf
-- Symlinking: /home/edmund-munene/Documents/Programming-language-basics/Linux/Robotics/AConciseIntroductiontoRobotProgrammingwithROS2/bookros2_ws/install/br2_gazebo_worlds/share/br2_gazebo_worlds/models/aws_robomaker_residential_Chandelier_01/materials/textures/aws_Chandelier_01.png
-- Symlinking: /home/edmund-munene/Documents/Programming-language-basics/Linux/Robotics/AConciseIntroductiontoRobotProgrammingwithROS2/bookros2_ws/install/br2_gazebo_worlds/share/br2_gazebo_worlds/models/aws_robomaker_residential_Chandelier_01/meshes/aws_Chandelier_01.DAE
-- Symlinking: /home/edmund-munene/Documents/Programming-language-basics/Linux/Robotics/AConciseIntroductiontoRobotProgrammingwithROS2/bookros2_ws/install/br2_gazebo_worlds/share/br2_gazebo_worlds/models/aws_robomaker_residential_Chandelier_01/meshes/aws_Chandelier_01_collision.DAE
-- Symlinking: /home/edmund-munene/Documents/Programming-language-basics/Linux/Robotics/AConciseIntroductiontoRobotProgrammingwithROS2/bookros2_ws/install/br2_gazebo_worlds/share/br2_gazebo_worlds/models/aws_robomaker_residential_Chandelier_01/meshes/aws_Chandelier_01_visual.DAE
-- Symlinking: /home/edmund-munene/Documents/Programming-language-basics/Linux/Robotics/AConciseIntroductiontoRobotProgrammingwithROS2/bookros2_ws/install/br2_gazebo_worlds/share/br2_gazebo_worlds/models/aws_robomaker_residential_Chandelier_01/model.config
-- Symlinking: /home/edmund-munene/Documents/Programming-language-basics/Linux/Robotics/AConciseIntroductiontoRobotProgrammingwithROS2/bookros2_ws/install/br2_gazebo_worlds/share/br2_gazebo_worlds/models/aws_robomaker_residential_Chandelier_01/model.sdf
-- Symlinking: /home/edmund-munene/Documents/Programming-language-basics/Linux/Robotics/AConciseIntroductiontoRobotProgrammingwithROS2/bookros2_ws/install/br2_gazebo_worlds/share/br2_gazebo_worlds/models/aws_robomaker_residential_CoffeeTable_01/materials/textures/aws_CoffeeTable_01.png
-- Symlinking: /home/edmund-munene/Documents/Programming-language-basics/Linux/Robotics/AConciseIntroductiontoRobotProgrammingwithROS2/bookros2_ws/install/br2_gazebo_worlds/share/br2_gazebo_worlds/models/aws_robomaker_residential_CoffeeTable_01/meshes/aws_CoffeeTable_01_collision.DAE
-- Symlinking: /home/edmund-munene/Documents/Programming-language-basics/Linux/Robotics/AConciseIntroductiontoRobotProgrammingwithROS2/bookros2_ws/install/br2_gazebo_worlds/share/br2_gazebo_worlds/models/aws_robomaker_residential_CoffeeTable_01/meshes/aws_CoffeeTable_01_visual.DAE
-- Symlinking: /home/edmund-munene/Documents/Programming-language-basics/Linux/Robotics/AConciseIntroductiontoRobotProgrammingwithROS2/bookros2_ws/install/br2_gazebo_worlds/share/br2_gazebo_worlds/models/aws_robomaker_residential_CoffeeTable_01/model.config
-- Symlinking: /home/edmund-munene/Documents/Programming-language-basics/Linux/Robotics/AConciseIntroductiontoRobotProgrammingwithROS2/bookros2_ws/install/br2_gazebo_worlds/share/br2_gazebo_worlds/models/aws_robomaker_residential_CoffeeTable_01/model.sdf
-- Symlinking: /home/edmund-munene/Documents/Programming-language-basics/Linux/Robotics/AConciseIntroductiontoRobotProgrammingwithROS2/bookros2_ws/install/br2_gazebo_worlds/share/br2_gazebo_worlds/models/aws_robomaker_residential_CookingBench_01/materials/textures/aws_CookingBench_01.png
-- Symlinking: /home/edmund-munene/Documents/Programming-language-basics/Linux/Robotics/AConciseIntroductiontoRobotProgrammingwithROS2/bookros2_ws/install/br2_gazebo_worlds/share/br2_gazebo_worlds/models/aws_robomaker_residential_CookingBench_01/meshes/aws_CookingBench_01.DAE
-- Symlinking: /home/edmund-munene/Documents/Programming-language-basics/Linux/Robotics/AConciseIntroductiontoRobotProgrammingwithROS2/bookros2_ws/install/br2_gazebo_worlds/share/br2_gazebo_worlds/models/aws_robomaker_residential_CookingBench_01/meshes/aws_CookingBench_01_collision.DAE
-- Symlinking: /home/edmund-munene/Documents/Programming-language-basics/Linux/Robotics/AConciseIntroductiontoRobotProgrammingwithROS2/bookros2_ws/install/br2_gazebo_worlds/share/br2_gazebo_worlds/models/aws_robomaker_residential_CookingBench_01/meshes/aws_CookingBench_01_visual.DAE
-- Symlinking: /home/edmund-munene/Documents/Programming-language-basics/Linux/Robotics/AConciseIntroductiontoRobotProgrammingwithROS2/bookros2_ws/install/br2_gazebo_worlds/share/br2_gazebo_worlds/models/aws_robomaker_residential_CookingBench_01/model.config
-- Symlinking: /home/edmund-munene/Documents/Programming-language-basics/Linux/Robotics/AConciseIntroductiontoRobotProgrammingwithROS2/bookros2_ws/install/br2_gazebo_worlds/share/br2_gazebo_worlds/models/aws_robomaker_residential_CookingBench_01/model.sdf
-- Symlinking: /home/edmund-munene/Documents/Programming-language-basics/Linux/Robotics/AConciseIntroductiontoRobotProgrammingwithROS2/bookros2_ws/install/br2_gazebo_worlds/share/br2_gazebo_worlds/models/aws_robomaker_residential_Curtain_01/materials/textures/aws_Curtain_01.png
-- Symlinking: /home/edmund-munene/Documents/Programming-language-basics/Linux/Robotics/AConciseIntroductiontoRobotProgrammingwithROS2/bookros2_ws/install/br2_gazebo_worlds/share/br2_gazebo_worlds/models/aws_robomaker_residential_Curtain_01/meshes/aws_Curtain_01_collision.DAE
-- Symlinking: /home/edmund-munene/Documents/Programming-language-basics/Linux/Robotics/AConciseIntroductiontoRobotProgrammingwithROS2/bookros2_ws/install/br2_gazebo_worlds/share/br2_gazebo_worlds/models/aws_robomaker_residential_Curtain_01/meshes/aws_Curtain_01_visual.DAE
-- Symlinking: /home/edmund-munene/Documents/Programming-language-basics/Linux/Robotics/AConciseIntroductiontoRobotProgrammingwithROS2/bookros2_ws/install/br2_gazebo_worlds/share/br2_gazebo_worlds/models/aws_robomaker_residential_Curtain_01/model.config
-- Symlinking: /home/edmund-munene/Documents/Programming-language-basics/Linux/Robotics/AConciseIntroductiontoRobotProgrammingwithROS2/bookros2_ws/install/br2_gazebo_worlds/share/br2_gazebo_worlds/models/aws_robomaker_residential_Curtain_01/model.sdf
-- Symlinking: /home/edmund-munene/Documents/Programming-language-basics/Linux/Robotics/AConciseIntroductiontoRobotProgrammingwithROS2/bookros2_ws/install/br2_gazebo_worlds/share/br2_gazebo_worlds/models/aws_robomaker_residential_DeskPortraitA_01/materials/textures/DeskPortraitA_01.jpg
-- Symlinking: /home/edmund-munene/Documents/Programming-language-basics/Linux/Robotics/AConciseIntroductiontoRobotProgrammingwithROS2/bookros2_ws/install/br2_gazebo_worlds/share/br2_gazebo_worlds/models/aws_robomaker_residential_DeskPortraitA_01/materials/textures/aws_DeskPortraitA_01.png
-- Symlinking: /home/edmund-munene/Documents/Programming-language-basics/Linux/Robotics/AConciseIntroductiontoRobotProgrammingwithROS2/bookros2_ws/install/br2_gazebo_worlds/share/br2_gazebo_worlds/models/aws_robomaker_residential_DeskPortraitA_01/materials/textures/aws_DeskPortraitA_02.png
-- Symlinking: /home/edmund-munene/Documents/Programming-language-basics/Linux/Robotics/AConciseIntroductiontoRobotProgrammingwithROS2/bookros2_ws/install/br2_gazebo_worlds/share/br2_gazebo_worlds/models/aws_robomaker_residential_DeskPortraitA_01/meshes/aws_DeskPortraitA_01_collision.DAE
-- Symlinking: /home/edmund-munene/Documents/Programming-language-basics/Linux/Robotics/AConciseIntroductiontoRobotProgrammingwithROS2/bookros2_ws/install/br2_gazebo_worlds/share/br2_gazebo_worlds/models/aws_robomaker_residential_DeskPortraitA_01/meshes/aws_DeskPortraitA_01_visual.DAE
-- Symlinking: /home/edmund-munene/Documents/Programming-language-basics/Linux/Robotics/AConciseIntroductiontoRobotProgrammingwithROS2/bookros2_ws/install/br2_gazebo_worlds/share/br2_gazebo_worlds/models/aws_robomaker_residential_DeskPortraitA_01/model.config
-- Symlinking: /home/edmund-munene/Documents/Programming-language-basics/Linux/Robotics/AConciseIntroductiontoRobotProgrammingwithROS2/bookros2_ws/install/br2_gazebo_worlds/share/br2_gazebo_worlds/models/aws_robomaker_residential_DeskPortraitA_01/model.sdf
-- Symlinking: /home/edmund-munene/Documents/Programming-language-basics/Linux/Robotics/AConciseIntroductiontoRobotProgrammingwithROS2/bookros2_ws/install/br2_gazebo_worlds/share/br2_gazebo_worlds/models/aws_robomaker_residential_DeskPortraitA_02/materials/textures/DeskPortraitA_02.jpg
-- Symlinking: /home/edmund-munene/Documents/Programming-language-basics/Linux/Robotics/AConciseIntroductiontoRobotProgrammingwithROS2/bookros2_ws/install/br2_gazebo_worlds/share/br2_gazebo_worlds/models/aws_robomaker_residential_DeskPortraitA_02/materials/textures/aws_DeskPortraitA_01.png
-- Symlinking: /home/edmund-munene/Documents/Programming-language-basics/Linux/Robotics/AConciseIntroductiontoRobotProgrammingwithROS2/bookros2_ws/install/br2_gazebo_worlds/share/br2_gazebo_worlds/models/aws_robomaker_residential_DeskPortraitA_02/materials/textures/aws_DeskPortraitA_02.png
-- Symlinking: /home/edmund-munene/Documents/Programming-language-basics/Linux/Robotics/AConciseIntroductiontoRobotProgrammingwithROS2/bookros2_ws/install/br2_gazebo_worlds/share/br2_gazebo_worlds/models/aws_robomaker_residential_DeskPortraitA_02/meshes/aws_DeskPortraitA_01_collision.DAE
-- Symlinking: /home/edmund-munene/Documents/Programming-language-basics/Linux/Robotics/AConciseIntroductiontoRobotProgrammingwithROS2/bookros2_ws/install/br2_gazebo_worlds/share/br2_gazebo_worlds/models/aws_robomaker_residential_DeskPortraitA_02/meshes/aws_DeskPortraitA_01_visual.DAE
-- Symlinking: /home/edmund-munene/Documents/Programming-language-basics/Linux/Robotics/AConciseIntroductiontoRobotProgrammingwithROS2/bookros2_ws/install/br2_gazebo_worlds/share/br2_gazebo_worlds/models/aws_robomaker_residential_DeskPortraitA_02/model.config
-- Symlinking: /home/edmund-munene/Documents/Programming-language-basics/Linux/Robotics/AConciseIntroductiontoRobotProgrammingwithROS2/bookros2_ws/install/br2_gazebo_worlds/share/br2_gazebo_worlds/models/aws_robomaker_residential_DeskPortraitA_02/model.sdf
-- Symlinking: /home/edmund-munene/Documents/Programming-language-basics/Linux/Robotics/AConciseIntroductiontoRobotProgrammingwithROS2/bookros2_ws/install/br2_gazebo_worlds/share/br2_gazebo_worlds/models/aws_robomaker_residential_DeskPortraitB_01/materials/textures/DeskPortraitB_01.jpg
-- Symlinking: /home/edmund-munene/Documents/Programming-language-basics/Linux/Robotics/AConciseIntroductiontoRobotProgrammingwithROS2/bookros2_ws/install/br2_gazebo_worlds/share/br2_gazebo_worlds/models/aws_robomaker_residential_DeskPortraitB_01/materials/textures/aws_DeskPortraitB_01.png
-- Symlinking: /home/edmund-munene/Documents/Programming-language-basics/Linux/Robotics/AConciseIntroductiontoRobotProgrammingwithROS2/bookros2_ws/install/br2_gazebo_worlds/share/br2_gazebo_worlds/models/aws_robomaker_residential_DeskPortraitB_01/materials/textures/aws_DeskPortraitB_02.png
-- Symlinking: /home/edmund-munene/Documents/Programming-language-basics/Linux/Robotics/AConciseIntroductiontoRobotProgrammingwithROS2/bookros2_ws/install/br2_gazebo_worlds/share/br2_gazebo_worlds/models/aws_robomaker_residential_DeskPortraitB_01/meshes/aws_DeskPortraitB_01_collision.DAE
-- Symlinking: /home/edmund-munene/Documents/Programming-language-basics/Linux/Robotics/AConciseIntroductiontoRobotProgrammingwithROS2/bookros2_ws/install/br2_gazebo_worlds/share/br2_gazebo_worlds/models/aws_robomaker_residential_DeskPortraitB_01/meshes/aws_DeskPortraitB_01_visual.DAE
-- Symlinking: /home/edmund-munene/Documents/Programming-language-basics/Linux/Robotics/AConciseIntroductiontoRobotProgrammingwithROS2/bookros2_ws/install/br2_gazebo_worlds/share/br2_gazebo_worlds/models/aws_robomaker_residential_DeskPortraitB_01/model.config
-- Symlinking: /home/edmund-munene/Documents/Programming-language-basics/Linux/Robotics/AConciseIntroductiontoRobotProgrammingwithROS2/bookros2_ws/install/br2_gazebo_worlds/share/br2_gazebo_worlds/models/aws_robomaker_residential_DeskPortraitB_01/model.sdf
-- Symlinking: /home/edmund-munene/Documents/Programming-language-basics/Linux/Robotics/AConciseIntroductiontoRobotProgrammingwithROS2/bookros2_ws/install/br2_gazebo_worlds/share/br2_gazebo_worlds/models/aws_robomaker_residential_DeskPortraitB_02/materials/textures/DeskPortraitB_02.jpg
-- Symlinking: /home/edmund-munene/Documents/Programming-language-basics/Linux/Robotics/AConciseIntroductiontoRobotProgrammingwithROS2/bookros2_ws/install/br2_gazebo_worlds/share/br2_gazebo_worlds/models/aws_robomaker_residential_DeskPortraitB_02/materials/textures/aws_DeskPortraitB_01.png
-- Symlinking: /home/edmund-munene/Documents/Programming-language-basics/Linux/Robotics/AConciseIntroductiontoRobotProgrammingwithROS2/bookros2_ws/install/br2_gazebo_worlds/share/br2_gazebo_worlds/models/aws_robomaker_residential_DeskPortraitB_02/materials/textures/aws_DeskPortraitB_02.png
-- Symlinking: /home/edmund-munene/Documents/Programming-language-basics/Linux/Robotics/AConciseIntroductiontoRobotProgrammingwithROS2/bookros2_ws/install/br2_gazebo_worlds/share/br2_gazebo_worlds/models/aws_robomaker_residential_DeskPortraitB_02/meshes/aws_DeskPortraitB_01_collision.DAE
-- Symlinking: /home/edmund-munene/Documents/Programming-language-basics/Linux/Robotics/AConciseIntroductiontoRobotProgrammingwithROS2/bookros2_ws/install/br2_gazebo_worlds/share/br2_gazebo_worlds/models/aws_robomaker_residential_DeskPortraitB_02/meshes/aws_DeskPortraitB_01_visual.DAE
-- Symlinking: /home/edmund-munene/Documents/Programming-language-basics/Linux/Robotics/AConciseIntroductiontoRobotProgrammingwithROS2/bookros2_ws/install/br2_gazebo_worlds/share/br2_gazebo_worlds/models/aws_robomaker_residential_DeskPortraitB_02/model.config
-- Symlinking: /home/edmund-munene/Documents/Programming-language-basics/Linux/Robotics/AConciseIntroductiontoRobotProgrammingwithROS2/bookros2_ws/install/br2_gazebo_worlds/share/br2_gazebo_worlds/models/aws_robomaker_residential_DeskPortraitB_02/model.sdf
-- Symlinking: /home/edmund-munene/Documents/Programming-language-basics/Linux/Robotics/AConciseIntroductiontoRobotProgrammingwithROS2/bookros2_ws/install/br2_gazebo_worlds/share/br2_gazebo_worlds/models/aws_robomaker_residential_DeskPortraitC_01/materials/textures/DeskPortraitC_01.jpg
-- Symlinking: /home/edmund-munene/Documents/Programming-language-basics/Linux/Robotics/AConciseIntroductiontoRobotProgrammingwithROS2/bookros2_ws/install/br2_gazebo_worlds/share/br2_gazebo_worlds/models/aws_robomaker_residential_DeskPortraitC_01/materials/textures/aws_DeskPortraitC_01.png
-- Symlinking: /home/edmund-munene/Documents/Programming-language-basics/Linux/Robotics/AConciseIntroductiontoRobotProgrammingwithROS2/bookros2_ws/install/br2_gazebo_worlds/share/br2_gazebo_worlds/models/aws_robomaker_residential_DeskPortraitC_01/materials/textures/aws_DeskPortraitC_02.png
-- Symlinking: /home/edmund-munene/Documents/Programming-language-basics/Linux/Robotics/AConciseIntroductiontoRobotProgrammingwithROS2/bookros2_ws/install/br2_gazebo_worlds/share/br2_gazebo_worlds/models/aws_robomaker_residential_DeskPortraitC_01/meshes/aws_DeskPortraitC_01_collision.DAE
-- Symlinking: /home/edmund-munene/Documents/Programming-language-basics/Linux/Robotics/AConciseIntroductiontoRobotProgrammingwithROS2/bookros2_ws/install/br2_gazebo_worlds/share/br2_gazebo_worlds/models/aws_robomaker_residential_DeskPortraitC_01/meshes/aws_DeskPortraitC_01_visual.DAE
-- Symlinking: /home/edmund-munene/Documents/Programming-language-basics/Linux/Robotics/AConciseIntroductiontoRobotProgrammingwithROS2/bookros2_ws/install/br2_gazebo_worlds/share/br2_gazebo_worlds/models/aws_robomaker_residential_DeskPortraitC_01/model.config
-- Symlinking: /home/edmund-munene/Documents/Programming-language-basics/Linux/Robotics/AConciseIntroductiontoRobotProgrammingwithROS2/bookros2_ws/install/br2_gazebo_worlds/share/br2_gazebo_worlds/models/aws_robomaker_residential_DeskPortraitC_01/model.sdf
-- Symlinking: /home/edmund-munene/Documents/Programming-language-basics/Linux/Robotics/AConciseIntroductiontoRobotProgrammingwithROS2/bookros2_ws/install/br2_gazebo_worlds/share/br2_gazebo_worlds/models/aws_robomaker_residential_DeskPortraitC_02/materials/textures/DeskPortraitC_02.jpg
-- Symlinking: /home/edmund-munene/Documents/Programming-language-basics/Linux/Robotics/AConciseIntroductiontoRobotProgrammingwithROS2/bookros2_ws/install/br2_gazebo_worlds/share/br2_gazebo_worlds/models/aws_robomaker_residential_DeskPortraitC_02/materials/textures/aws_DeskPortraitC_01.png
-- Symlinking: /home/edmund-munene/Documents/Programming-language-basics/Linux/Robotics/AConciseIntroductiontoRobotProgrammingwithROS2/bookros2_ws/install/br2_gazebo_worlds/share/br2_gazebo_worlds/models/aws_robomaker_residential_DeskPortraitC_02/materials/textures/aws_DeskPortraitC_02.png
-- Symlinking: /home/edmund-munene/Documents/Programming-language-basics/Linux/Robotics/AConciseIntroductiontoRobotProgrammingwithROS2/bookros2_ws/install/br2_gazebo_worlds/share/br2_gazebo_worlds/models/aws_robomaker_residential_DeskPortraitC_02/meshes/aws_DeskPortraitC_01_collision.DAE
-- Symlinking: /home/edmund-munene/Documents/Programming-language-basics/Linux/Robotics/AConciseIntroductiontoRobotProgrammingwithROS2/bookros2_ws/install/br2_gazebo_worlds/share/br2_gazebo_worlds/models/aws_robomaker_residential_DeskPortraitC_02/meshes/aws_DeskPortraitC_01_visual.DAE
-- Symlinking: /home/edmund-munene/Documents/Programming-language-basics/Linux/Robotics/AConciseIntroductiontoRobotProgrammingwithROS2/bookros2_ws/install/br2_gazebo_worlds/share/br2_gazebo_worlds/models/aws_robomaker_residential_DeskPortraitC_02/model.config
-- Symlinking: /home/edmund-munene/Documents/Programming-language-basics/Linux/Robotics/AConciseIntroductiontoRobotProgrammingwithROS2/bookros2_ws/install/br2_gazebo_worlds/share/br2_gazebo_worlds/models/aws_robomaker_residential_DeskPortraitC_02/model.sdf
-- Symlinking: /home/edmund-munene/Documents/Programming-language-basics/Linux/Robotics/AConciseIntroductiontoRobotProgrammingwithROS2/bookros2_ws/install/br2_gazebo_worlds/share/br2_gazebo_worlds/models/aws_robomaker_residential_DeskPortraitD_01/materials/textures/DeskPortraitD_01.jpg
-- Symlinking: /home/edmund-munene/Documents/Programming-language-basics/Linux/Robotics/AConciseIntroductiontoRobotProgrammingwithROS2/bookros2_ws/install/br2_gazebo_worlds/share/br2_gazebo_worlds/models/aws_robomaker_residential_DeskPortraitD_01/materials/textures/aws_DeskPortraitD_01.png
-- Symlinking: /home/edmund-munene/Documents/Programming-language-basics/Linux/Robotics/AConciseIntroductiontoRobotProgrammingwithROS2/bookros2_ws/install/br2_gazebo_worlds/share/br2_gazebo_worlds/models/aws_robomaker_residential_DeskPortraitD_01/materials/textures/aws_DeskPortraitD_02.png
-- Symlinking: /home/edmund-munene/Documents/Programming-language-basics/Linux/Robotics/AConciseIntroductiontoRobotProgrammingwithROS2/bookros2_ws/install/br2_gazebo_worlds/share/br2_gazebo_worlds/models/aws_robomaker_residential_DeskPortraitD_01/meshes/aws_DeskPortraitD_01_collision.DAE
-- Symlinking: /home/edmund-munene/Documents/Programming-language-basics/Linux/Robotics/AConciseIntroductiontoRobotProgrammingwithROS2/bookros2_ws/install/br2_gazebo_worlds/share/br2_gazebo_worlds/models/aws_robomaker_residential_DeskPortraitD_01/meshes/aws_DeskPortraitD_01_visual.DAE
-- Symlinking: /home/edmund-munene/Documents/Programming-language-basics/Linux/Robotics/AConciseIntroductiontoRobotProgrammingwithROS2/bookros2_ws/install/br2_gazebo_worlds/share/br2_gazebo_worlds/models/aws_robomaker_residential_DeskPortraitD_01/model.config
-- Symlinking: /home/edmund-munene/Documents/Programming-language-basics/Linux/Robotics/AConciseIntroductiontoRobotProgrammingwithROS2/bookros2_ws/install/br2_gazebo_worlds/share/br2_gazebo_worlds/models/aws_robomaker_residential_DeskPortraitD_01/model.sdf
-- Symlinking: /home/edmund-munene/Documents/Programming-language-basics/Linux/Robotics/AConciseIntroductiontoRobotProgrammingwithROS2/bookros2_ws/install/br2_gazebo_worlds/share/br2_gazebo_worlds/models/aws_robomaker_residential_DeskPortraitD_02/materials/textures/DeskPortraitD_02.jpg
-- Symlinking: /home/edmund-munene/Documents/Programming-language-basics/Linux/Robotics/AConciseIntroductiontoRobotProgrammingwithROS2/bookros2_ws/install/br2_gazebo_worlds/share/br2_gazebo_worlds/models/aws_robomaker_residential_DeskPortraitD_02/materials/textures/aws_DeskPortraitD_01.png
-- Symlinking: /home/edmund-munene/Documents/Programming-language-basics/Linux/Robotics/AConciseIntroductiontoRobotProgrammingwithROS2/bookros2_ws/install/br2_gazebo_worlds/share/br2_gazebo_worlds/models/aws_robomaker_residential_DeskPortraitD_02/materials/textures/aws_DeskPortraitD_02.png
-- Symlinking: /home/edmund-munene/Documents/Programming-language-basics/Linux/Robotics/AConciseIntroductiontoRobotProgrammingwithROS2/bookros2_ws/install/br2_gazebo_worlds/share/br2_gazebo_worlds/models/aws_robomaker_residential_DeskPortraitD_02/meshes/aws_DeskPortraitD_01_collision.DAE
-- Symlinking: /home/edmund-munene/Documents/Programming-language-basics/Linux/Robotics/AConciseIntroductiontoRobotProgrammingwithROS2/bookros2_ws/install/br2_gazebo_worlds/share/br2_gazebo_worlds/models/aws_robomaker_residential_DeskPortraitD_02/meshes/aws_DeskPortraitD_01_visual.DAE
-- Symlinking: /home/edmund-munene/Documents/Programming-language-basics/Linux/Robotics/AConciseIntroductiontoRobotProgrammingwithROS2/bookros2_ws/install/br2_gazebo_worlds/share/br2_gazebo_worlds/models/aws_robomaker_residential_DeskPortraitD_02/model.config
-- Symlinking: /home/edmund-munene/Documents/Programming-language-basics/Linux/Robotics/AConciseIntroductiontoRobotProgrammingwithROS2/bookros2_ws/install/br2_gazebo_worlds/share/br2_gazebo_worlds/models/aws_robomaker_residential_DeskPortraitD_02/model.sdf
-- Symlinking: /home/edmund-munene/Documents/Programming-language-basics/Linux/Robotics/AConciseIntroductiontoRobotProgrammingwithROS2/bookros2_ws/install/br2_gazebo_worlds/share/br2_gazebo_worlds/models/aws_robomaker_residential_DeskPortraitD_03/materials/textures/DeskPortraitD_03.jpg
-- Symlinking: /home/edmund-munene/Documents/Programming-language-basics/Linux/Robotics/AConciseIntroductiontoRobotProgrammingwithROS2/bookros2_ws/install/br2_gazebo_worlds/share/br2_gazebo_worlds/models/aws_robomaker_residential_DeskPortraitD_03/materials/textures/aws_DeskPortraitD_01.png
-- Symlinking: /home/edmund-munene/Documents/Programming-language-basics/Linux/Robotics/AConciseIntroductiontoRobotProgrammingwithROS2/bookros2_ws/install/br2_gazebo_worlds/share/br2_gazebo_worlds/models/aws_robomaker_residential_DeskPortraitD_03/materials/textures/aws_DeskPortraitD_02.png
-- Symlinking: /home/edmund-munene/Documents/Programming-language-basics/Linux/Robotics/AConciseIntroductiontoRobotProgrammingwithROS2/bookros2_ws/install/br2_gazebo_worlds/share/br2_gazebo_worlds/models/aws_robomaker_residential_DeskPortraitD_03/meshes/aws_DeskPortraitD_01_collision.DAE
-- Symlinking: /home/edmund-munene/Documents/Programming-language-basics/Linux/Robotics/AConciseIntroductiontoRobotProgrammingwithROS2/bookros2_ws/install/br2_gazebo_worlds/share/br2_gazebo_worlds/models/aws_robomaker_residential_DeskPortraitD_03/meshes/aws_DeskPortraitD_01_visual.DAE
-- Symlinking: /home/edmund-munene/Documents/Programming-language-basics/Linux/Robotics/AConciseIntroductiontoRobotProgrammingwithROS2/bookros2_ws/install/br2_gazebo_worlds/share/br2_gazebo_worlds/models/aws_robomaker_residential_DeskPortraitD_03/model.config
-- Symlinking: /home/edmund-munene/Documents/Programming-language-basics/Linux/Robotics/AConciseIntroductiontoRobotProgrammingwithROS2/bookros2_ws/install/br2_gazebo_worlds/share/br2_gazebo_worlds/models/aws_robomaker_residential_DeskPortraitD_03/model.sdf
-- Symlinking: /home/edmund-munene/Documents/Programming-language-basics/Linux/Robotics/AConciseIntroductiontoRobotProgrammingwithROS2/bookros2_ws/install/br2_gazebo_worlds/share/br2_gazebo_worlds/models/aws_robomaker_residential_DeskPortraitD_04/materials/textures/DeskPortraitD_04.jpg
-- Symlinking: /home/edmund-munene/Documents/Programming-language-basics/Linux/Robotics/AConciseIntroductiontoRobotProgrammingwithROS2/bookros2_ws/install/br2_gazebo_worlds/share/br2_gazebo_worlds/models/aws_robomaker_residential_DeskPortraitD_04/materials/textures/aws_DeskPortraitD_01.png
-- Symlinking: /home/edmund-munene/Documents/Programming-language-basics/Linux/Robotics/AConciseIntroductiontoRobotProgrammingwithROS2/bookros2_ws/install/br2_gazebo_worlds/share/br2_gazebo_worlds/models/aws_robomaker_residential_DeskPortraitD_04/materials/textures/aws_DeskPortraitD_02.png
-- Symlinking: /home/edmund-munene/Documents/Programming-language-basics/Linux/Robotics/AConciseIntroductiontoRobotProgrammingwithROS2/bookros2_ws/install/br2_gazebo_worlds/share/br2_gazebo_worlds/models/aws_robomaker_residential_DeskPortraitD_04/meshes/aws_DeskPortraitD_01_collision.DAE
-- Symlinking: /home/edmund-munene/Documents/Programming-language-basics/Linux/Robotics/AConciseIntroductiontoRobotProgrammingwithROS2/bookros2_ws/install/br2_gazebo_worlds/share/br2_gazebo_worlds/models/aws_robomaker_residential_DeskPortraitD_04/meshes/aws_DeskPortraitD_01_visual.DAE
-- Symlinking: /home/edmund-munene/Documents/Programming-language-basics/Linux/Robotics/AConciseIntroductiontoRobotProgrammingwithROS2/bookros2_ws/install/br2_gazebo_worlds/share/br2_gazebo_worlds/models/aws_robomaker_residential_DeskPortraitD_04/model.config
-- Symlinking: /home/edmund-munene/Documents/Programming-language-basics/Linux/Robotics/AConciseIntroductiontoRobotProgrammingwithROS2/bookros2_ws/install/br2_gazebo_worlds/share/br2_gazebo_worlds/models/aws_robomaker_residential_DeskPortraitD_04/model.sdf
-- Symlinking: /home/edmund-munene/Documents/Programming-language-basics/Linux/Robotics/AConciseIntroductiontoRobotProgrammingwithROS2/bookros2_ws/install/br2_gazebo_worlds/share/br2_gazebo_worlds/models/aws_robomaker_residential_Door_01/materials/textures/aws_Door_01.png
-- Symlinking: /home/edmund-munene/Documents/Programming-language-basics/Linux/Robotics/AConciseIntroductiontoRobotProgrammingwithROS2/bookros2_ws/install/br2_gazebo_worlds/share/br2_gazebo_worlds/models/aws_robomaker_residential_Door_01/meshes/aws_Door_01_collision.DAE
-- Symlinking: /home/edmund-munene/Documents/Programming-language-basics/Linux/Robotics/AConciseIntroductiontoRobotProgrammingwithROS2/bookros2_ws/install/br2_gazebo_worlds/share/br2_gazebo_worlds/models/aws_robomaker_residential_Door_01/meshes/aws_Door_01_visual.DAE
-- Symlinking: /home/edmund-munene/Documents/Programming-language-basics/Linux/Robotics/AConciseIntroductiontoRobotProgrammingwithROS2/bookros2_ws/install/br2_gazebo_worlds/share/br2_gazebo_worlds/models/aws_robomaker_residential_Door_01/model.config
-- Symlinking: /home/edmund-munene/Documents/Programming-language-basics/Linux/Robotics/AConciseIntroductiontoRobotProgrammingwithROS2/bookros2_ws/install/br2_gazebo_worlds/share/br2_gazebo_worlds/models/aws_robomaker_residential_Door_01/model.sdf
-- Symlinking: /home/edmund-munene/Documents/Programming-language-basics/Linux/Robotics/AConciseIntroductiontoRobotProgrammingwithROS2/bookros2_ws/install/br2_gazebo_worlds/share/br2_gazebo_worlds/models/aws_robomaker_residential_Dumbbell_01/materials/textures/aws_Dumbbell_01.png
-- Symlinking: /home/edmund-munene/Documents/Programming-language-basics/Linux/Robotics/AConciseIntroductiontoRobotProgrammingwithROS2/bookros2_ws/install/br2_gazebo_worlds/share/br2_gazebo_worlds/models/aws_robomaker_residential_Dumbbell_01/meshes/aws_Dumbbell_01_collision.DAE
-- Symlinking: /home/edmund-munene/Documents/Programming-language-basics/Linux/Robotics/AConciseIntroductiontoRobotProgrammingwithROS2/bookros2_ws/install/br2_gazebo_worlds/share/br2_gazebo_worlds/models/aws_robomaker_residential_Dumbbell_01/meshes/aws_Dumbbell_01_visual.DAE
-- Symlinking: /home/edmund-munene/Documents/Programming-language-basics/Linux/Robotics/AConciseIntroductiontoRobotProgrammingwithROS2/bookros2_ws/install/br2_gazebo_worlds/share/br2_gazebo_worlds/models/aws_robomaker_residential_Dumbbell_01/model.config
-- Symlinking: /home/edmund-munene/Documents/Programming-language-basics/Linux/Robotics/AConciseIntroductiontoRobotProgrammingwithROS2/bookros2_ws/install/br2_gazebo_worlds/share/br2_gazebo_worlds/models/aws_robomaker_residential_Dumbbell_01/model.sdf
-- Symlinking: /home/edmund-munene/Documents/Programming-language-basics/Linux/Robotics/AConciseIntroductiontoRobotProgrammingwithROS2/bookros2_ws/install/br2_gazebo_worlds/share/br2_gazebo_worlds/models/aws_robomaker_residential_FitnessEquipment_01/materials/textures/aws_FitnessEquipment_01.png
-- Symlinking: /home/edmund-munene/Documents/Programming-language-basics/Linux/Robotics/AConciseIntroductiontoRobotProgrammingwithROS2/bookros2_ws/install/br2_gazebo_worlds/share/br2_gazebo_worlds/models/aws_robomaker_residential_FitnessEquipment_01/meshes/aws_FitnessEquipment_01_collision.DAE
-- Symlinking: /home/edmund-munene/Documents/Programming-language-basics/Linux/Robotics/AConciseIntroductiontoRobotProgrammingwithROS2/bookros2_ws/install/br2_gazebo_worlds/share/br2_gazebo_worlds/models/aws_robomaker_residential_FitnessEquipment_01/meshes/aws_FitnessEquipment_01_visual.DAE
-- Symlinking: /home/edmund-munene/Documents/Programming-language-basics/Linux/Robotics/AConciseIntroductiontoRobotProgrammingwithROS2/bookros2_ws/install/br2_gazebo_worlds/share/br2_gazebo_worlds/models/aws_robomaker_residential_FitnessEquipment_01/model.config
-- Symlinking: /home/edmund-munene/Documents/Programming-language-basics/Linux/Robotics/AConciseIntroductiontoRobotProgrammingwithROS2/bookros2_ws/install/br2_gazebo_worlds/share/br2_gazebo_worlds/models/aws_robomaker_residential_FitnessEquipment_01/model.sdf
-- Symlinking: /home/edmund-munene/Documents/Programming-language-basics/Linux/Robotics/AConciseIntroductiontoRobotProgrammingwithROS2/bookros2_ws/install/br2_gazebo_worlds/share/br2_gazebo_worlds/models/aws_robomaker_residential_FloorB_01/materials/textures/aws_FloorB_01.png
-- Symlinking: /home/edmund-munene/Documents/Programming-language-basics/Linux/Robotics/AConciseIntroductiontoRobotProgrammingwithROS2/bookros2_ws/install/br2_gazebo_worlds/share/br2_gazebo_worlds/models/aws_robomaker_residential_FloorB_01/meshes/aws_FloorB_01_collision.DAE
-- Symlinking: /home/edmund-munene/Documents/Programming-language-basics/Linux/Robotics/AConciseIntroductiontoRobotProgrammingwithROS2/bookros2_ws/install/br2_gazebo_worlds/share/br2_gazebo_worlds/models/aws_robomaker_residential_FloorB_01/meshes/aws_FloorB_01_visual.DAE
-- Symlinking: /home/edmund-munene/Documents/Programming-language-basics/Linux/Robotics/AConciseIntroductiontoRobotProgrammingwithROS2/bookros2_ws/install/br2_gazebo_worlds/share/br2_gazebo_worlds/models/aws_robomaker_residential_FloorB_01/model.config
-- Symlinking: /home/edmund-munene/Documents/Programming-language-basics/Linux/Robotics/AConciseIntroductiontoRobotProgrammingwithROS2/bookros2_ws/install/br2_gazebo_worlds/share/br2_gazebo_worlds/models/aws_robomaker_residential_FloorB_01/model.sdf
-- Symlinking: /home/edmund-munene/Documents/Programming-language-basics/Linux/Robotics/AConciseIntroductiontoRobotProgrammingwithROS2/bookros2_ws/install/br2_gazebo_worlds/share/br2_gazebo_worlds/models/aws_robomaker_residential_FoldingDoor_01/materials/textures/aws_FoldingDoor_01.png
-- Symlinking: /home/edmund-munene/Documents/Programming-language-basics/Linux/Robotics/AConciseIntroductiontoRobotProgrammingwithROS2/bookros2_ws/install/br2_gazebo_worlds/share/br2_gazebo_worlds/models/aws_robomaker_residential_FoldingDoor_01/meshes/aws_FoldingDoor_01_collision.DAE
-- Symlinking: /home/edmund-munene/Documents/Programming-language-basics/Linux/Robotics/AConciseIntroductiontoRobotProgrammingwithROS2/bookros2_ws/install/br2_gazebo_worlds/share/br2_gazebo_worlds/models/aws_robomaker_residential_FoldingDoor_01/meshes/aws_FoldingDoor_01_visual.DAE
-- Symlinking: /home/edmund-munene/Documents/Programming-language-basics/Linux/Robotics/AConciseIntroductiontoRobotProgrammingwithROS2/bookros2_ws/install/br2_gazebo_worlds/share/br2_gazebo_worlds/models/aws_robomaker_residential_FoldingDoor_01/model.config
-- Symlinking: /home/edmund-munene/Documents/Programming-language-basics/Linux/Robotics/AConciseIntroductiontoRobotProgrammingwithROS2/bookros2_ws/install/br2_gazebo_worlds/share/br2_gazebo_worlds/models/aws_robomaker_residential_FoldingDoor_01/model.sdf
-- Symlinking: /home/edmund-munene/Documents/Programming-language-basics/Linux/Robotics/AConciseIntroductiontoRobotProgrammingwithROS2/bookros2_ws/install/br2_gazebo_worlds/share/br2_gazebo_worlds/models/aws_robomaker_residential_FoldingDoor_02/materials/textures/aws_FoldingDoor_02.png
-- Symlinking: /home/edmund-munene/Documents/Programming-language-basics/Linux/Robotics/AConciseIntroductiontoRobotProgrammingwithROS2/bookros2_ws/install/br2_gazebo_worlds/share/br2_gazebo_worlds/models/aws_robomaker_residential_FoldingDoor_02/meshes/aws_FoldingDoor_02_collision.DAE
-- Symlinking: /home/edmund-munene/Documents/Programming-language-basics/Linux/Robotics/AConciseIntroductiontoRobotProgrammingwithROS2/bookros2_ws/install/br2_gazebo_worlds/share/br2_gazebo_worlds/models/aws_robomaker_residential_FoldingDoor_02/meshes/aws_FoldingDoor_02_visual.DAE
-- Symlinking: /home/edmund-munene/Documents/Programming-language-basics/Linux/Robotics/AConciseIntroductiontoRobotProgrammingwithROS2/bookros2_ws/install/br2_gazebo_worlds/share/br2_gazebo_worlds/models/aws_robomaker_residential_FoldingDoor_02/model.config
-- Symlinking: /home/edmund-munene/Documents/Programming-language-basics/Linux/Robotics/AConciseIntroductiontoRobotProgrammingwithROS2/bookros2_ws/install/br2_gazebo_worlds/share/br2_gazebo_worlds/models/aws_robomaker_residential_FoldingDoor_02/model.sdf
-- Symlinking: /home/edmund-munene/Documents/Programming-language-basics/Linux/Robotics/AConciseIntroductiontoRobotProgrammingwithROS2/bookros2_ws/install/br2_gazebo_worlds/share/br2_gazebo_worlds/models/aws_robomaker_residential_Handle_01/materials/textures/aws_Handle_01.png
-- Symlinking: /home/edmund-munene/Documents/Programming-language-basics/Linux/Robotics/AConciseIntroductiontoRobotProgrammingwithROS2/bookros2_ws/install/br2_gazebo_worlds/share/br2_gazebo_worlds/models/aws_robomaker_residential_Handle_01/meshes/aws_Handle_01_collision.DAE
-- Symlinking: /home/edmund-munene/Documents/Programming-language-basics/Linux/Robotics/AConciseIntroductiontoRobotProgrammingwithROS2/bookros2_ws/install/br2_gazebo_worlds/share/br2_gazebo_worlds/models/aws_robomaker_residential_Handle_01/meshes/aws_Handle_01_visual.DAE
-- Symlinking: /home/edmund-munene/Documents/Programming-language-basics/Linux/Robotics/AConciseIntroductiontoRobotProgrammingwithROS2/bookros2_ws/install/br2_gazebo_worlds/share/br2_gazebo_worlds/models/aws_robomaker_residential_Handle_01/model.config
-- Symlinking: /home/edmund-munene/Documents/Programming-language-basics/Linux/Robotics/AConciseIntroductiontoRobotProgrammingwithROS2/bookros2_ws/install/br2_gazebo_worlds/share/br2_gazebo_worlds/models/aws_robomaker_residential_Handle_01/model.sdf
-- Symlinking: /home/edmund-munene/Documents/Programming-language-basics/Linux/Robotics/AConciseIntroductiontoRobotProgrammingwithROS2/bookros2_ws/install/br2_gazebo_worlds/share/br2_gazebo_worlds/models/aws_robomaker_residential_HouseWallB_01/materials/textures/aws_HouseWallB_01.png
-- Symlinking: /home/edmund-munene/Documents/Programming-language-basics/Linux/Robotics/AConciseIntroductiontoRobotProgrammingwithROS2/bookros2_ws/install/br2_gazebo_worlds/share/br2_gazebo_worlds/models/aws_robomaker_residential_HouseWallB_01/meshes/aws_HouseWallB_01_collision.DAE
-- Symlinking: /home/edmund-munene/Documents/Programming-language-basics/Linux/Robotics/AConciseIntroductiontoRobotProgrammingwithROS2/bookros2_ws/install/br2_gazebo_worlds/share/br2_gazebo_worlds/models/aws_robomaker_residential_HouseWallB_01/meshes/aws_HouseWallB_01_visual.DAE
-- Symlinking: /home/edmund-munene/Documents/Programming-language-basics/Linux/Robotics/AConciseIntroductiontoRobotProgrammingwithROS2/bookros2_ws/install/br2_gazebo_worlds/share/br2_gazebo_worlds/models/aws_robomaker_residential_HouseWallB_01/model.config
-- Symlinking: /home/edmund-munene/Documents/Programming-language-basics/Linux/Robotics/AConciseIntroductiontoRobotProgrammingwithROS2/bookros2_ws/install/br2_gazebo_worlds/share/br2_gazebo_worlds/models/aws_robomaker_residential_HouseWallB_01/model.sdf
-- Symlinking: /home/edmund-munene/Documents/Programming-language-basics/Linux/Robotics/AConciseIntroductiontoRobotProgrammingwithROS2/bookros2_ws/install/br2_gazebo_worlds/share/br2_gazebo_worlds/models/aws_robomaker_residential_KitchenCabinet_01/materials/textures/aws_KitchenCabinet_01.png
-- Symlinking: /home/edmund-munene/Documents/Programming-language-basics/Linux/Robotics/AConciseIntroductiontoRobotProgrammingwithROS2/bookros2_ws/install/br2_gazebo_worlds/share/br2_gazebo_worlds/models/aws_robomaker_residential_KitchenCabinet_01/meshes/aws_KitchenCabinet_01_collision.DAE
-- Symlinking: /home/edmund-munene/Documents/Programming-language-basics/Linux/Robotics/AConciseIntroductiontoRobotProgrammingwithROS2/bookros2_ws/install/br2_gazebo_worlds/share/br2_gazebo_worlds/models/aws_robomaker_residential_KitchenCabinet_01/meshes/aws_KitchenCabinet_01_visual.DAE
-- Symlinking: /home/edmund-munene/Documents/Programming-language-basics/Linux/Robotics/AConciseIntroductiontoRobotProgrammingwithROS2/bookros2_ws/install/br2_gazebo_worlds/share/br2_gazebo_worlds/models/aws_robomaker_residential_KitchenCabinet_01/model.config
-- Symlinking: /home/edmund-munene/Documents/Programming-language-basics/Linux/Robotics/AConciseIntroductiontoRobotProgrammingwithROS2/bookros2_ws/install/br2_gazebo_worlds/share/br2_gazebo_worlds/models/aws_robomaker_residential_KitchenCabinet_01/model.sdf
-- Symlinking: /home/edmund-munene/Documents/Programming-language-basics/Linux/Robotics/AConciseIntroductiontoRobotProgrammingwithROS2/bookros2_ws/install/br2_gazebo_worlds/share/br2_gazebo_worlds/models/aws_robomaker_residential_KitchenTable_01/materials/textures/aws_KitchenTable_01.png
-- Symlinking: /home/edmund-munene/Documents/Programming-language-basics/Linux/Robotics/AConciseIntroductiontoRobotProgrammingwithROS2/bookros2_ws/install/br2_gazebo_worlds/share/br2_gazebo_worlds/models/aws_robomaker_residential_KitchenTable_01/meshes/aws_KitchenTable_01_collision.DAE
-- Symlinking: /home/edmund-munene/Documents/Programming-language-basics/Linux/Robotics/AConciseIntroductiontoRobotProgrammingwithROS2/bookros2_ws/install/br2_gazebo_worlds/share/br2_gazebo_worlds/models/aws_robomaker_residential_KitchenTable_01/meshes/aws_KitchenTable_01_visual.DAE
-- Symlinking: /home/edmund-munene/Documents/Programming-language-basics/Linux/Robotics/AConciseIntroductiontoRobotProgrammingwithROS2/bookros2_ws/install/br2_gazebo_worlds/share/br2_gazebo_worlds/models/aws_robomaker_residential_KitchenTable_01/model.config
-- Symlinking: /home/edmund-munene/Documents/Programming-language-basics/Linux/Robotics/AConciseIntroductiontoRobotProgrammingwithROS2/bookros2_ws/install/br2_gazebo_worlds/share/br2_gazebo_worlds/models/aws_robomaker_residential_KitchenTable_01/model.sdf
-- Symlinking: /home/edmund-munene/Documents/Programming-language-basics/Linux/Robotics/AConciseIntroductiontoRobotProgrammingwithROS2/bookros2_ws/install/br2_gazebo_worlds/share/br2_gazebo_worlds/models/aws_robomaker_residential_KitchenUtensils_01/materials/textures/aws_KitchenUtensils_01.png
-- Symlinking: /home/edmund-munene/Documents/Programming-language-basics/Linux/Robotics/AConciseIntroductiontoRobotProgrammingwithROS2/bookros2_ws/install/br2_gazebo_worlds/share/br2_gazebo_worlds/models/aws_robomaker_residential_KitchenUtensils_01/meshes/aws_KitchenUtensils_01_collision.DAE
-- Symlinking: /home/edmund-munene/Documents/Programming-language-basics/Linux/Robotics/AConciseIntroductiontoRobotProgrammingwithROS2/bookros2_ws/install/br2_gazebo_worlds/share/br2_gazebo_worlds/models/aws_robomaker_residential_KitchenUtensils_01/meshes/aws_KitchenUtensils_01_visual.DAE
-- Symlinking: /home/edmund-munene/Documents/Programming-language-basics/Linux/Robotics/AConciseIntroductiontoRobotProgrammingwithROS2/bookros2_ws/install/br2_gazebo_worlds/share/br2_gazebo_worlds/models/aws_robomaker_residential_KitchenUtensils_01/model.config
-- Symlinking: /home/edmund-munene/Documents/Programming-language-basics/Linux/Robotics/AConciseIntroductiontoRobotProgrammingwithROS2/bookros2_ws/install/br2_gazebo_worlds/share/br2_gazebo_worlds/models/aws_robomaker_residential_KitchenUtensils_01/model.sdf
-- Symlinking: /home/edmund-munene/Documents/Programming-language-basics/Linux/Robotics/AConciseIntroductiontoRobotProgrammingwithROS2/bookros2_ws/install/br2_gazebo_worlds/share/br2_gazebo_worlds/models/aws_robomaker_residential_LightC_01/materials/textures/aws_LightC_01.png
-- Symlinking: /home/edmund-munene/Documents/Programming-language-basics/Linux/Robotics/AConciseIntroductiontoRobotProgrammingwithROS2/bookros2_ws/install/br2_gazebo_worlds/share/br2_gazebo_worlds/models/aws_robomaker_residential_LightC_01/meshes/aws_LightC_01_collision.DAE
-- Symlinking: /home/edmund-munene/Documents/Programming-language-basics/Linux/Robotics/AConciseIntroductiontoRobotProgrammingwithROS2/bookros2_ws/install/br2_gazebo_worlds/share/br2_gazebo_worlds/models/aws_robomaker_residential_LightC_01/meshes/aws_LightC_01_visual.DAE
-- Symlinking: /home/edmund-munene/Documents/Programming-language-basics/Linux/Robotics/AConciseIntroductiontoRobotProgrammingwithROS2/bookros2_ws/install/br2_gazebo_worlds/share/br2_gazebo_worlds/models/aws_robomaker_residential_LightC_01/model.config
-- Symlinking: /home/edmund-munene/Documents/Programming-language-basics/Linux/Robotics/AConciseIntroductiontoRobotProgrammingwithROS2/bookros2_ws/install/br2_gazebo_worlds/share/br2_gazebo_worlds/models/aws_robomaker_residential_LightC_01/model.sdf
-- Symlinking: /home/edmund-munene/Documents/Programming-language-basics/Linux/Robotics/AConciseIntroductiontoRobotProgrammingwithROS2/bookros2_ws/install/br2_gazebo_worlds/share/br2_gazebo_worlds/models/aws_robomaker_residential_NightStand_01/materials/textures/aws_NightStand_01.png
-- Symlinking: /home/edmund-munene/Documents/Programming-language-basics/Linux/Robotics/AConciseIntroductiontoRobotProgrammingwithROS2/bookros2_ws/install/br2_gazebo_worlds/share/br2_gazebo_worlds/models/aws_robomaker_residential_NightStand_01/meshes/aws_NightStand_01_collision.DAE
-- Symlinking: /home/edmund-munene/Documents/Programming-language-basics/Linux/Robotics/AConciseIntroductiontoRobotProgrammingwithROS2/bookros2_ws/install/br2_gazebo_worlds/share/br2_gazebo_worlds/models/aws_robomaker_residential_NightStand_01/meshes/aws_NightStand_01_visual.DAE
-- Symlinking: /home/edmund-munene/Documents/Programming-language-basics/Linux/Robotics/AConciseIntroductiontoRobotProgrammingwithROS2/bookros2_ws/install/br2_gazebo_worlds/share/br2_gazebo_worlds/models/aws_robomaker_residential_NightStand_01/model.config
-- Symlinking: /home/edmund-munene/Documents/Programming-language-basics/Linux/Robotics/AConciseIntroductiontoRobotProgrammingwithROS2/bookros2_ws/install/br2_gazebo_worlds/share/br2_gazebo_worlds/models/aws_robomaker_residential_NightStand_01/model.sdf
-- Symlinking: /home/edmund-munene/Documents/Programming-language-basics/Linux/Robotics/AConciseIntroductiontoRobotProgrammingwithROS2/bookros2_ws/install/br2_gazebo_worlds/share/br2_gazebo_worlds/models/aws_robomaker_residential_Pillow_01/materials/textures/aws_Pillow_01.png
-- Symlinking: /home/edmund-munene/Documents/Programming-language-basics/Linux/Robotics/AConciseIntroductiontoRobotProgrammingwithROS2/bookros2_ws/install/br2_gazebo_worlds/share/br2_gazebo_worlds/models/aws_robomaker_residential_Pillow_01/meshes/aws_Pillow_01_collision.DAE
-- Symlinking: /home/edmund-munene/Documents/Programming-language-basics/Linux/Robotics/AConciseIntroductiontoRobotProgrammingwithROS2/bookros2_ws/install/br2_gazebo_worlds/share/br2_gazebo_worlds/models/aws_robomaker_residential_Pillow_01/meshes/aws_Pillow_01_visual.DAE
-- Symlinking: /home/edmund-munene/Documents/Programming-language-basics/Linux/Robotics/AConciseIntroductiontoRobotProgrammingwithROS2/bookros2_ws/install/br2_gazebo_worlds/share/br2_gazebo_worlds/models/aws_robomaker_residential_Pillow_01/model.config
-- Symlinking: /home/edmund-munene/Documents/Programming-language-basics/Linux/Robotics/AConciseIntroductiontoRobotProgrammingwithROS2/bookros2_ws/install/br2_gazebo_worlds/share/br2_gazebo_worlds/models/aws_robomaker_residential_Pillow_01/model.sdf
-- Symlinking: /home/edmund-munene/Documents/Programming-language-basics/Linux/Robotics/AConciseIntroductiontoRobotProgrammingwithROS2/bookros2_ws/install/br2_gazebo_worlds/share/br2_gazebo_worlds/models/aws_robomaker_residential_PortraitA_01/materials/textures/PortraitA_01.jpg
-- Symlinking: /home/edmund-munene/Documents/Programming-language-basics/Linux/Robotics/AConciseIntroductiontoRobotProgrammingwithROS2/bookros2_ws/install/br2_gazebo_worlds/share/br2_gazebo_worlds/models/aws_robomaker_residential_PortraitA_01/materials/textures/aws_PortraitA_01.png
-- Symlinking: /home/edmund-munene/Documents/Programming-language-basics/Linux/Robotics/AConciseIntroductiontoRobotProgrammingwithROS2/bookros2_ws/install/br2_gazebo_worlds/share/br2_gazebo_worlds/models/aws_robomaker_residential_PortraitA_01/materials/textures/aws_PortraitA_02.png
-- Symlinking: /home/edmund-munene/Documents/Programming-language-basics/Linux/Robotics/AConciseIntroductiontoRobotProgrammingwithROS2/bookros2_ws/install/br2_gazebo_worlds/share/br2_gazebo_worlds/models/aws_robomaker_residential_PortraitA_01/meshes/aws_PortraitA_01_collision.DAE
-- Symlinking: /home/edmund-munene/Documents/Programming-language-basics/Linux/Robotics/AConciseIntroductiontoRobotProgrammingwithROS2/bookros2_ws/install/br2_gazebo_worlds/share/br2_gazebo_worlds/models/aws_robomaker_residential_PortraitA_01/meshes/aws_PortraitA_01_visual.DAE
-- Symlinking: /home/edmund-munene/Documents/Programming-language-basics/Linux/Robotics/AConciseIntroductiontoRobotProgrammingwithROS2/bookros2_ws/install/br2_gazebo_worlds/share/br2_gazebo_worlds/models/aws_robomaker_residential_PortraitA_01/model.config
-- Symlinking: /home/edmund-munene/Documents/Programming-language-basics/Linux/Robotics/AConciseIntroductiontoRobotProgrammingwithROS2/bookros2_ws/install/br2_gazebo_worlds/share/br2_gazebo_worlds/models/aws_robomaker_residential_PortraitA_01/model.sdf
-- Symlinking: /home/edmund-munene/Documents/Programming-language-basics/Linux/Robotics/AConciseIntroductiontoRobotProgrammingwithROS2/bookros2_ws/install/br2_gazebo_worlds/share/br2_gazebo_worlds/models/aws_robomaker_residential_PortraitA_02/materials/textures/PortraitA_02.jpg
-- Symlinking: /home/edmund-munene/Documents/Programming-language-basics/Linux/Robotics/AConciseIntroductiontoRobotProgrammingwithROS2/bookros2_ws/install/br2_gazebo_worlds/share/br2_gazebo_worlds/models/aws_robomaker_residential_PortraitA_02/materials/textures/aws_PortraitA_01.png
-- Symlinking: /home/edmund-munene/Documents/Programming-language-basics/Linux/Robotics/AConciseIntroductiontoRobotProgrammingwithROS2/bookros2_ws/install/br2_gazebo_worlds/share/br2_gazebo_worlds/models/aws_robomaker_residential_PortraitA_02/materials/textures/aws_PortraitA_02.png
-- Symlinking: /home/edmund-munene/Documents/Programming-language-basics/Linux/Robotics/AConciseIntroductiontoRobotProgrammingwithROS2/bookros2_ws/install/br2_gazebo_worlds/share/br2_gazebo_worlds/models/aws_robomaker_residential_PortraitA_02/meshes/aws_PortraitA_01_collision.DAE
-- Symlinking: /home/edmund-munene/Documents/Programming-language-basics/Linux/Robotics/AConciseIntroductiontoRobotProgrammingwithROS2/bookros2_ws/install/br2_gazebo_worlds/share/br2_gazebo_worlds/models/aws_robomaker_residential_PortraitA_02/meshes/aws_PortraitA_01_visual.DAE
-- Symlinking: /home/edmund-munene/Documents/Programming-language-basics/Linux/Robotics/AConciseIntroductiontoRobotProgrammingwithROS2/bookros2_ws/install/br2_gazebo_worlds/share/br2_gazebo_worlds/models/aws_robomaker_residential_PortraitA_02/model.config
-- Symlinking: /home/edmund-munene/Documents/Programming-language-basics/Linux/Robotics/AConciseIntroductiontoRobotProgrammingwithROS2/bookros2_ws/install/br2_gazebo_worlds/share/br2_gazebo_worlds/models/aws_robomaker_residential_PortraitA_02/model.sdf
-- Symlinking: /home/edmund-munene/Documents/Programming-language-basics/Linux/Robotics/AConciseIntroductiontoRobotProgrammingwithROS2/bookros2_ws/install/br2_gazebo_worlds/share/br2_gazebo_worlds/models/aws_robomaker_residential_PortraitB_01/materials/textures/PortraitB_01.jpg
-- Symlinking: /home/edmund-munene/Documents/Programming-language-basics/Linux/Robotics/AConciseIntroductiontoRobotProgrammingwithROS2/bookros2_ws/install/br2_gazebo_worlds/share/br2_gazebo_worlds/models/aws_robomaker_residential_PortraitB_01/materials/textures/aws_PortraitB_01.png
-- Symlinking: /home/edmund-munene/Documents/Programming-language-basics/Linux/Robotics/AConciseIntroductiontoRobotProgrammingwithROS2/bookros2_ws/install/br2_gazebo_worlds/share/br2_gazebo_worlds/models/aws_robomaker_residential_PortraitB_01/materials/textures/aws_PortraitB_02.png
-- Symlinking: /home/edmund-munene/Documents/Programming-language-basics/Linux/Robotics/AConciseIntroductiontoRobotProgrammingwithROS2/bookros2_ws/install/br2_gazebo_worlds/share/br2_gazebo_worlds/models/aws_robomaker_residential_PortraitB_01/meshes/aws_PortraitB_01_collision.DAE
-- Symlinking: /home/edmund-munene/Documents/Programming-language-basics/Linux/Robotics/AConciseIntroductiontoRobotProgrammingwithROS2/bookros2_ws/install/br2_gazebo_worlds/share/br2_gazebo_worlds/models/aws_robomaker_residential_PortraitB_01/meshes/aws_PortraitB_01_visual.DAE
-- Symlinking: /home/edmund-munene/Documents/Programming-language-basics/Linux/Robotics/AConciseIntroductiontoRobotProgrammingwithROS2/bookros2_ws/install/br2_gazebo_worlds/share/br2_gazebo_worlds/models/aws_robomaker_residential_PortraitB_01/model.config
-- Symlinking: /home/edmund-munene/Documents/Programming-language-basics/Linux/Robotics/AConciseIntroductiontoRobotProgrammingwithROS2/bookros2_ws/install/br2_gazebo_worlds/share/br2_gazebo_worlds/models/aws_robomaker_residential_PortraitB_01/model.sdf
-- Symlinking: /home/edmund-munene/Documents/Programming-language-basics/Linux/Robotics/AConciseIntroductiontoRobotProgrammingwithROS2/bookros2_ws/install/br2_gazebo_worlds/share/br2_gazebo_worlds/models/aws_robomaker_residential_PortraitB_02/materials/textures/PortraitB_02.jpg
-- Symlinking: /home/edmund-munene/Documents/Programming-language-basics/Linux/Robotics/AConciseIntroductiontoRobotProgrammingwithROS2/bookros2_ws/install/br2_gazebo_worlds/share/br2_gazebo_worlds/models/aws_robomaker_residential_PortraitB_02/materials/textures/aws_PortraitB_01.png
-- Symlinking: /home/edmund-munene/Documents/Programming-language-basics/Linux/Robotics/AConciseIntroductiontoRobotProgrammingwithROS2/bookros2_ws/install/br2_gazebo_worlds/share/br2_gazebo_worlds/models/aws_robomaker_residential_PortraitB_02/materials/textures/aws_PortraitB_02.png
-- Symlinking: /home/edmund-munene/Documents/Programming-language-basics/Linux/Robotics/AConciseIntroductiontoRobotProgrammingwithROS2/bookros2_ws/install/br2_gazebo_worlds/share/br2_gazebo_worlds/models/aws_robomaker_residential_PortraitB_02/meshes/aws_PortraitB_01_collision.DAE
-- Symlinking: /home/edmund-munene/Documents/Programming-language-basics/Linux/Robotics/AConciseIntroductiontoRobotProgrammingwithROS2/bookros2_ws/install/br2_gazebo_worlds/share/br2_gazebo_worlds/models/aws_robomaker_residential_PortraitB_02/meshes/aws_PortraitB_01_visual.DAE
-- Symlinking: /home/edmund-munene/Documents/Programming-language-basics/Linux/Robotics/AConciseIntroductiontoRobotProgrammingwithROS2/bookros2_ws/install/br2_gazebo_worlds/share/br2_gazebo_worlds/models/aws_robomaker_residential_PortraitB_02/model.config
-- Symlinking: /home/edmund-munene/Documents/Programming-language-basics/Linux/Robotics/AConciseIntroductiontoRobotProgrammingwithROS2/bookros2_ws/install/br2_gazebo_worlds/share/br2_gazebo_worlds/models/aws_robomaker_residential_PortraitB_02/model.sdf
-- Symlinking: /home/edmund-munene/Documents/Programming-language-basics/Linux/Robotics/AConciseIntroductiontoRobotProgrammingwithROS2/bookros2_ws/install/br2_gazebo_worlds/share/br2_gazebo_worlds/models/aws_robomaker_residential_PortraitB_03/materials/textures/PortraitB_03.jpg
-- Symlinking: /home/edmund-munene/Documents/Programming-language-basics/Linux/Robotics/AConciseIntroductiontoRobotProgrammingwithROS2/bookros2_ws/install/br2_gazebo_worlds/share/br2_gazebo_worlds/models/aws_robomaker_residential_PortraitB_03/materials/textures/aws_PortraitB_01.png
-- Symlinking: /home/edmund-munene/Documents/Programming-language-basics/Linux/Robotics/AConciseIntroductiontoRobotProgrammingwithROS2/bookros2_ws/install/br2_gazebo_worlds/share/br2_gazebo_worlds/models/aws_robomaker_residential_PortraitB_03/materials/textures/aws_PortraitB_02.png
-- Symlinking: /home/edmund-munene/Documents/Programming-language-basics/Linux/Robotics/AConciseIntroductiontoRobotProgrammingwithROS2/bookros2_ws/install/br2_gazebo_worlds/share/br2_gazebo_worlds/models/aws_robomaker_residential_PortraitB_03/meshes/aws_PortraitB_01_collision.DAE
-- Symlinking: /home/edmund-munene/Documents/Programming-language-basics/Linux/Robotics/AConciseIntroductiontoRobotProgrammingwithROS2/bookros2_ws/install/br2_gazebo_worlds/share/br2_gazebo_worlds/models/aws_robomaker_residential_PortraitB_03/meshes/aws_PortraitB_01_visual.DAE
-- Symlinking: /home/edmund-munene/Documents/Programming-language-basics/Linux/Robotics/AConciseIntroductiontoRobotProgrammingwithROS2/bookros2_ws/install/br2_gazebo_worlds/share/br2_gazebo_worlds/models/aws_robomaker_residential_PortraitB_03/model.config
-- Symlinking: /home/edmund-munene/Documents/Programming-language-basics/Linux/Robotics/AConciseIntroductiontoRobotProgrammingwithROS2/bookros2_ws/install/br2_gazebo_worlds/share/br2_gazebo_worlds/models/aws_robomaker_residential_PortraitB_03/model.sdf
-- Symlinking: /home/edmund-munene/Documents/Programming-language-basics/Linux/Robotics/AConciseIntroductiontoRobotProgrammingwithROS2/bookros2_ws/install/br2_gazebo_worlds/share/br2_gazebo_worlds/models/aws_robomaker_residential_PortraitC_01/materials/textures/PortraitC_01.jpg
-- Symlinking: /home/edmund-munene/Documents/Programming-language-basics/Linux/Robotics/AConciseIntroductiontoRobotProgrammingwithROS2/bookros2_ws/install/br2_gazebo_worlds/share/br2_gazebo_worlds/models/aws_robomaker_residential_PortraitC_01/materials/textures/aws_PortraitC_01.png
-- Symlinking: /home/edmund-munene/Documents/Programming-language-basics/Linux/Robotics/AConciseIntroductiontoRobotProgrammingwithROS2/bookros2_ws/install/br2_gazebo_worlds/share/br2_gazebo_worlds/models/aws_robomaker_residential_PortraitC_01/materials/textures/aws_PortraitC_02.png
-- Symlinking: /home/edmund-munene/Documents/Programming-language-basics/Linux/Robotics/AConciseIntroductiontoRobotProgrammingwithROS2/bookros2_ws/install/br2_gazebo_worlds/share/br2_gazebo_worlds/models/aws_robomaker_residential_PortraitC_01/meshes/aws_PortraitC_01_collision.DAE
-- Symlinking: /home/edmund-munene/Documents/Programming-language-basics/Linux/Robotics/AConciseIntroductiontoRobotProgrammingwithROS2/bookros2_ws/install/br2_gazebo_worlds/share/br2_gazebo_worlds/models/aws_robomaker_residential_PortraitC_01/meshes/aws_PortraitC_01_visual.DAE
-- Symlinking: /home/edmund-munene/Documents/Programming-language-basics/Linux/Robotics/AConciseIntroductiontoRobotProgrammingwithROS2/bookros2_ws/install/br2_gazebo_worlds/share/br2_gazebo_worlds/models/aws_robomaker_residential_PortraitC_01/model.config
-- Symlinking: /home/edmund-munene/Documents/Programming-language-basics/Linux/Robotics/AConciseIntroductiontoRobotProgrammingwithROS2/bookros2_ws/install/br2_gazebo_worlds/share/br2_gazebo_worlds/models/aws_robomaker_residential_PortraitC_01/model.sdf
-- Symlinking: /home/edmund-munene/Documents/Programming-language-basics/Linux/Robotics/AConciseIntroductiontoRobotProgrammingwithROS2/bookros2_ws/install/br2_gazebo_worlds/share/br2_gazebo_worlds/models/aws_robomaker_residential_PortraitD_01/materials/textures/PortraitD_01.jpg
-- Symlinking: /home/edmund-munene/Documents/Programming-language-basics/Linux/Robotics/AConciseIntroductiontoRobotProgrammingwithROS2/bookros2_ws/install/br2_gazebo_worlds/share/br2_gazebo_worlds/models/aws_robomaker_residential_PortraitD_01/materials/textures/aws_PortraitD_01.png
-- Symlinking: /home/edmund-munene/Documents/Programming-language-basics/Linux/Robotics/AConciseIntroductiontoRobotProgrammingwithROS2/bookros2_ws/install/br2_gazebo_worlds/share/br2_gazebo_worlds/models/aws_robomaker_residential_PortraitD_01/materials/textures/aws_PortraitD_02.png
-- Symlinking: /home/edmund-munene/Documents/Programming-language-basics/Linux/Robotics/AConciseIntroductiontoRobotProgrammingwithROS2/bookros2_ws/install/br2_gazebo_worlds/share/br2_gazebo_worlds/models/aws_robomaker_residential_PortraitD_01/meshes/aws_PortraitD_01_collision.DAE
-- Symlinking: /home/edmund-munene/Documents/Programming-language-basics/Linux/Robotics/AConciseIntroductiontoRobotProgrammingwithROS2/bookros2_ws/install/br2_gazebo_worlds/share/br2_gazebo_worlds/models/aws_robomaker_residential_PortraitD_01/meshes/aws_PortraitD_01_visual.DAE
-- Symlinking: /home/edmund-munene/Documents/Programming-language-basics/Linux/Robotics/AConciseIntroductiontoRobotProgrammingwithROS2/bookros2_ws/install/br2_gazebo_worlds/share/br2_gazebo_worlds/models/aws_robomaker_residential_PortraitD_01/model.config
-- Symlinking: /home/edmund-munene/Documents/Programming-language-basics/Linux/Robotics/AConciseIntroductiontoRobotProgrammingwithROS2/bookros2_ws/install/br2_gazebo_worlds/share/br2_gazebo_worlds/models/aws_robomaker_residential_PortraitD_01/model.sdf
-- Symlinking: /home/edmund-munene/Documents/Programming-language-basics/Linux/Robotics/AConciseIntroductiontoRobotProgrammingwithROS2/bookros2_ws/install/br2_gazebo_worlds/share/br2_gazebo_worlds/models/aws_robomaker_residential_PortraitD_02/materials/textures/PortraitD_02.jpg
-- Symlinking: /home/edmund-munene/Documents/Programming-language-basics/Linux/Robotics/AConciseIntroductiontoRobotProgrammingwithROS2/bookros2_ws/install/br2_gazebo_worlds/share/br2_gazebo_worlds/models/aws_robomaker_residential_PortraitD_02/materials/textures/aws_PortraitD_01.png
-- Symlinking: /home/edmund-munene/Documents/Programming-language-basics/Linux/Robotics/AConciseIntroductiontoRobotProgrammingwithROS2/bookros2_ws/install/br2_gazebo_worlds/share/br2_gazebo_worlds/models/aws_robomaker_residential_PortraitD_02/materials/textures/aws_PortraitD_02.png
-- Symlinking: /home/edmund-munene/Documents/Programming-language-basics/Linux/Robotics/AConciseIntroductiontoRobotProgrammingwithROS2/bookros2_ws/install/br2_gazebo_worlds/share/br2_gazebo_worlds/models/aws_robomaker_residential_PortraitD_02/meshes/aws_PortraitD_01_collision.DAE
-- Symlinking: /home/edmund-munene/Documents/Programming-language-basics/Linux/Robotics/AConciseIntroductiontoRobotProgrammingwithROS2/bookros2_ws/install/br2_gazebo_worlds/share/br2_gazebo_worlds/models/aws_robomaker_residential_PortraitD_02/meshes/aws_PortraitD_01_visual.DAE
-- Symlinking: /home/edmund-munene/Documents/Programming-language-basics/Linux/Robotics/AConciseIntroductiontoRobotProgrammingwithROS2/bookros2_ws/install/br2_gazebo_worlds/share/br2_gazebo_worlds/models/aws_robomaker_residential_PortraitD_02/model.config
-- Symlinking: /home/edmund-munene/Documents/Programming-language-basics/Linux/Robotics/AConciseIntroductiontoRobotProgrammingwithROS2/bookros2_ws/install/br2_gazebo_worlds/share/br2_gazebo_worlds/models/aws_robomaker_residential_PortraitD_02/model.sdf
-- Symlinking: /home/edmund-munene/Documents/Programming-language-basics/Linux/Robotics/AConciseIntroductiontoRobotProgrammingwithROS2/bookros2_ws/install/br2_gazebo_worlds/share/br2_gazebo_worlds/models/aws_robomaker_residential_PortraitE_01/materials/textures/PortraitE_01.jpg
-- Symlinking: /home/edmund-munene/Documents/Programming-language-basics/Linux/Robotics/AConciseIntroductiontoRobotProgrammingwithROS2/bookros2_ws/install/br2_gazebo_worlds/share/br2_gazebo_worlds/models/aws_robomaker_residential_PortraitE_01/materials/textures/aws_PortraitE_01.png
-- Symlinking: /home/edmund-munene/Documents/Programming-language-basics/Linux/Robotics/AConciseIntroductiontoRobotProgrammingwithROS2/bookros2_ws/install/br2_gazebo_worlds/share/br2_gazebo_worlds/models/aws_robomaker_residential_PortraitE_01/materials/textures/aws_PortraitE_02.png
-- Symlinking: /home/edmund-munene/Documents/Programming-language-basics/Linux/Robotics/AConciseIntroductiontoRobotProgrammingwithROS2/bookros2_ws/install/br2_gazebo_worlds/share/br2_gazebo_worlds/models/aws_robomaker_residential_PortraitE_01/meshes/aws_PortraitE_01_collision.DAE
-- Symlinking: /home/edmund-munene/Documents/Programming-language-basics/Linux/Robotics/AConciseIntroductiontoRobotProgrammingwithROS2/bookros2_ws/install/br2_gazebo_worlds/share/br2_gazebo_worlds/models/aws_robomaker_residential_PortraitE_01/meshes/aws_PortraitE_01_visual.DAE
-- Symlinking: /home/edmund-munene/Documents/Programming-language-basics/Linux/Robotics/AConciseIntroductiontoRobotProgrammingwithROS2/bookros2_ws/install/br2_gazebo_worlds/share/br2_gazebo_worlds/models/aws_robomaker_residential_PortraitE_01/model.config
-- Symlinking: /home/edmund-munene/Documents/Programming-language-basics/Linux/Robotics/AConciseIntroductiontoRobotProgrammingwithROS2/bookros2_ws/install/br2_gazebo_worlds/share/br2_gazebo_worlds/models/aws_robomaker_residential_PortraitE_01/model.sdf
-- Symlinking: /home/edmund-munene/Documents/Programming-language-basics/Linux/Robotics/AConciseIntroductiontoRobotProgrammingwithROS2/bookros2_ws/install/br2_gazebo_worlds/share/br2_gazebo_worlds/models/aws_robomaker_residential_PortraitE_02/materials/textures/PortraitE_02.jpg
-- Symlinking: /home/edmund-munene/Documents/Programming-language-basics/Linux/Robotics/AConciseIntroductiontoRobotProgrammingwithROS2/bookros2_ws/install/br2_gazebo_worlds/share/br2_gazebo_worlds/models/aws_robomaker_residential_PortraitE_02/materials/textures/aws_PortraitE_01.png
-- Symlinking: /home/edmund-munene/Documents/Programming-language-basics/Linux/Robotics/AConciseIntroductiontoRobotProgrammingwithROS2/bookros2_ws/install/br2_gazebo_worlds/share/br2_gazebo_worlds/models/aws_robomaker_residential_PortraitE_02/materials/textures/aws_PortraitE_02.png
-- Symlinking: /home/edmund-munene/Documents/Programming-language-basics/Linux/Robotics/AConciseIntroductiontoRobotProgrammingwithROS2/bookros2_ws/install/br2_gazebo_worlds/share/br2_gazebo_worlds/models/aws_robomaker_residential_PortraitE_02/meshes/aws_PortraitE_01_collision.DAE
-- Symlinking: /home/edmund-munene/Documents/Programming-language-basics/Linux/Robotics/AConciseIntroductiontoRobotProgrammingwithROS2/bookros2_ws/install/br2_gazebo_worlds/share/br2_gazebo_worlds/models/aws_robomaker_residential_PortraitE_02/meshes/aws_PortraitE_01_visual.DAE
-- Symlinking: /home/edmund-munene/Documents/Programming-language-basics/Linux/Robotics/AConciseIntroductiontoRobotProgrammingwithROS2/bookros2_ws/install/br2_gazebo_worlds/share/br2_gazebo_worlds/models/aws_robomaker_residential_PortraitE_02/model.config
-- Symlinking: /home/edmund-munene/Documents/Programming-language-basics/Linux/Robotics/AConciseIntroductiontoRobotProgrammingwithROS2/bookros2_ws/install/br2_gazebo_worlds/share/br2_gazebo_worlds/models/aws_robomaker_residential_PortraitE_02/model.sdf
-- Symlinking: /home/edmund-munene/Documents/Programming-language-basics/Linux/Robotics/AConciseIntroductiontoRobotProgrammingwithROS2/bookros2_ws/install/br2_gazebo_worlds/share/br2_gazebo_worlds/models/aws_robomaker_residential_Quilt_01/materials/textures/aws_Quilt_01.png
-- Symlinking: /home/edmund-munene/Documents/Programming-language-basics/Linux/Robotics/AConciseIntroductiontoRobotProgrammingwithROS2/bookros2_ws/install/br2_gazebo_worlds/share/br2_gazebo_worlds/models/aws_robomaker_residential_Quilt_01/meshes/aws_Quilt_01_collision.DAE
-- Symlinking: /home/edmund-munene/Documents/Programming-language-basics/Linux/Robotics/AConciseIntroductiontoRobotProgrammingwithROS2/bookros2_ws/install/br2_gazebo_worlds/share/br2_gazebo_worlds/models/aws_robomaker_residential_Quilt_01/meshes/aws_Quilt_01_visual.DAE
-- Symlinking: /home/edmund-munene/Documents/Programming-language-basics/Linux/Robotics/AConciseIntroductiontoRobotProgrammingwithROS2/bookros2_ws/install/br2_gazebo_worlds/share/br2_gazebo_worlds/models/aws_robomaker_residential_Quilt_01/model.config
-- Symlinking: /home/edmund-munene/Documents/Programming-language-basics/Linux/Robotics/AConciseIntroductiontoRobotProgrammingwithROS2/bookros2_ws/install/br2_gazebo_worlds/share/br2_gazebo_worlds/models/aws_robomaker_residential_Quilt_01/model.sdf
-- Symlinking: /home/edmund-munene/Documents/Programming-language-basics/Linux/Robotics/AConciseIntroductiontoRobotProgrammingwithROS2/bookros2_ws/install/br2_gazebo_worlds/share/br2_gazebo_worlds/models/aws_robomaker_residential_Rangehood_01/materials/textures/aws_Rangehood_01.png
-- Symlinking: /home/edmund-munene/Documents/Programming-language-basics/Linux/Robotics/AConciseIntroductiontoRobotProgrammingwithROS2/bookros2_ws/install/br2_gazebo_worlds/share/br2_gazebo_worlds/models/aws_robomaker_residential_Rangehood_01/meshes/aws_Rangehood_01_collision.DAE
-- Symlinking: /home/edmund-munene/Documents/Programming-language-basics/Linux/Robotics/AConciseIntroductiontoRobotProgrammingwithROS2/bookros2_ws/install/br2_gazebo_worlds/share/br2_gazebo_worlds/models/aws_robomaker_residential_Rangehood_01/meshes/aws_Rangehood_01_visual.DAE
-- Symlinking: /home/edmund-munene/Documents/Programming-language-basics/Linux/Robotics/AConciseIntroductiontoRobotProgrammingwithROS2/bookros2_ws/install/br2_gazebo_worlds/share/br2_gazebo_worlds/models/aws_robomaker_residential_Rangehood_01/model.config
-- Symlinking: /home/edmund-munene/Documents/Programming-language-basics/Linux/Robotics/AConciseIntroductiontoRobotProgrammingwithROS2/bookros2_ws/install/br2_gazebo_worlds/share/br2_gazebo_worlds/models/aws_robomaker_residential_Rangehood_01/model.sdf
-- Symlinking: /home/edmund-munene/Documents/Programming-language-basics/Linux/Robotics/AConciseIntroductiontoRobotProgrammingwithROS2/bookros2_ws/install/br2_gazebo_worlds/share/br2_gazebo_worlds/models/aws_robomaker_residential_ReadingDesk_01/materials/textures/aws_ReadingDesk_01.png
-- Symlinking: /home/edmund-munene/Documents/Programming-language-basics/Linux/Robotics/AConciseIntroductiontoRobotProgrammingwithROS2/bookros2_ws/install/br2_gazebo_worlds/share/br2_gazebo_worlds/models/aws_robomaker_residential_ReadingDesk_01/meshes/aws_ReadingDesk_01_collision.DAE
-- Symlinking: /home/edmund-munene/Documents/Programming-language-basics/Linux/Robotics/AConciseIntroductiontoRobotProgrammingwithROS2/bookros2_ws/install/br2_gazebo_worlds/share/br2_gazebo_worlds/models/aws_robomaker_residential_ReadingDesk_01/meshes/aws_ReadingDesk_01_visual.DAE
-- Symlinking: /home/edmund-munene/Documents/Programming-language-basics/Linux/Robotics/AConciseIntroductiontoRobotProgrammingwithROS2/bookros2_ws/install/br2_gazebo_worlds/share/br2_gazebo_worlds/models/aws_robomaker_residential_ReadingDesk_01/model.config
-- Symlinking: /home/edmund-munene/Documents/Programming-language-basics/Linux/Robotics/AConciseIntroductiontoRobotProgrammingwithROS2/bookros2_ws/install/br2_gazebo_worlds/share/br2_gazebo_worlds/models/aws_robomaker_residential_ReadingDesk_01/model.sdf
-- Symlinking: /home/edmund-munene/Documents/Programming-language-basics/Linux/Robotics/AConciseIntroductiontoRobotProgrammingwithROS2/bookros2_ws/install/br2_gazebo_worlds/share/br2_gazebo_worlds/models/aws_robomaker_residential_Refrigerator_01/materials/textures/aws_Refrigerator_01.png
-- Symlinking: /home/edmund-munene/Documents/Programming-language-basics/Linux/Robotics/AConciseIntroductiontoRobotProgrammingwithROS2/bookros2_ws/install/br2_gazebo_worlds/share/br2_gazebo_worlds/models/aws_robomaker_residential_Refrigerator_01/materials/textures/aws_Refrigerator_02.png
-- Symlinking: /home/edmund-munene/Documents/Programming-language-basics/Linux/Robotics/AConciseIntroductiontoRobotProgrammingwithROS2/bookros2_ws/install/br2_gazebo_worlds/share/br2_gazebo_worlds/models/aws_robomaker_residential_Refrigerator_01/meshes/aws_Refrigerator_01.DAE
-- Symlinking: /home/edmund-munene/Documents/Programming-language-basics/Linux/Robotics/AConciseIntroductiontoRobotProgrammingwithROS2/bookros2_ws/install/br2_gazebo_worlds/share/br2_gazebo_worlds/models/aws_robomaker_residential_Refrigerator_01/meshes/aws_Refrigerator_01_collision.DAE
-- Symlinking: /home/edmund-munene/Documents/Programming-language-basics/Linux/Robotics/AConciseIntroductiontoRobotProgrammingwithROS2/bookros2_ws/install/br2_gazebo_worlds/share/br2_gazebo_worlds/models/aws_robomaker_residential_Refrigerator_01/meshes/aws_Refrigerator_01_visual.DAE
-- Symlinking: /home/edmund-munene/Documents/Programming-language-basics/Linux/Robotics/AConciseIntroductiontoRobotProgrammingwithROS2/bookros2_ws/install/br2_gazebo_worlds/share/br2_gazebo_worlds/models/aws_robomaker_residential_Refrigerator_01/model.config
-- Symlinking: /home/edmund-munene/Documents/Programming-language-basics/Linux/Robotics/AConciseIntroductiontoRobotProgrammingwithROS2/bookros2_ws/install/br2_gazebo_worlds/share/br2_gazebo_worlds/models/aws_robomaker_residential_Refrigerator_01/model.sdf
-- Symlinking: /home/edmund-munene/Documents/Programming-language-basics/Linux/Robotics/AConciseIntroductiontoRobotProgrammingwithROS2/bookros2_ws/install/br2_gazebo_worlds/share/br2_gazebo_worlds/models/aws_robomaker_residential_RoomCeiling_01/materials/textures/aws_RoomCeiling_01.png
-- Symlinking: /home/edmund-munene/Documents/Programming-language-basics/Linux/Robotics/AConciseIntroductiontoRobotProgrammingwithROS2/bookros2_ws/install/br2_gazebo_worlds/share/br2_gazebo_worlds/models/aws_robomaker_residential_RoomCeiling_01/meshes/aws_RoomCeiling_01_collision.DAE
-- Symlinking: /home/edmund-munene/Documents/Programming-language-basics/Linux/Robotics/AConciseIntroductiontoRobotProgrammingwithROS2/bookros2_ws/install/br2_gazebo_worlds/share/br2_gazebo_worlds/models/aws_robomaker_residential_RoomCeiling_01/meshes/aws_RoomCeiling_01_visual.DAE
-- Symlinking: /home/edmund-munene/Documents/Programming-language-basics/Linux/Robotics/AConciseIntroductiontoRobotProgrammingwithROS2/bookros2_ws/install/br2_gazebo_worlds/share/br2_gazebo_worlds/models/aws_robomaker_residential_RoomCeiling_01/model.config
-- Symlinking: /home/edmund-munene/Documents/Programming-language-basics/Linux/Robotics/AConciseIntroductiontoRobotProgrammingwithROS2/bookros2_ws/install/br2_gazebo_worlds/share/br2_gazebo_worlds/models/aws_robomaker_residential_RoomCeiling_01/model.sdf
-- Symlinking: /home/edmund-munene/Documents/Programming-language-basics/Linux/Robotics/AConciseIntroductiontoRobotProgrammingwithROS2/bookros2_ws/install/br2_gazebo_worlds/share/br2_gazebo_worlds/models/aws_robomaker_residential_RoomWall_01/materials/textures/aws_RoomWall_01.png
-- Symlinking: /home/edmund-munene/Documents/Programming-language-basics/Linux/Robotics/AConciseIntroductiontoRobotProgrammingwithROS2/bookros2_ws/install/br2_gazebo_worlds/share/br2_gazebo_worlds/models/aws_robomaker_residential_RoomWall_01/meshes/aws_RoomWall_01_collision.DAE
-- Symlinking: /home/edmund-munene/Documents/Programming-language-basics/Linux/Robotics/AConciseIntroductiontoRobotProgrammingwithROS2/bookros2_ws/install/br2_gazebo_worlds/share/br2_gazebo_worlds/models/aws_robomaker_residential_RoomWall_01/meshes/aws_RoomWall_01_visual.DAE
-- Symlinking: /home/edmund-munene/Documents/Programming-language-basics/Linux/Robotics/AConciseIntroductiontoRobotProgrammingwithROS2/bookros2_ws/install/br2_gazebo_worlds/share/br2_gazebo_worlds/models/aws_robomaker_residential_RoomWall_01/model.config
-- Symlinking: /home/edmund-munene/Documents/Programming-language-basics/Linux/Robotics/AConciseIntroductiontoRobotProgrammingwithROS2/bookros2_ws/install/br2_gazebo_worlds/share/br2_gazebo_worlds/models/aws_robomaker_residential_RoomWall_01/model.sdf
-- Symlinking: /home/edmund-munene/Documents/Programming-language-basics/Linux/Robotics/AConciseIntroductiontoRobotProgrammingwithROS2/bookros2_ws/install/br2_gazebo_worlds/share/br2_gazebo_worlds/models/aws_robomaker_residential_RoomWindow_01/materials/textures/aws_RoomWindow_01.png
-- Symlinking: /home/edmund-munene/Documents/Programming-language-basics/Linux/Robotics/AConciseIntroductiontoRobotProgrammingwithROS2/bookros2_ws/install/br2_gazebo_worlds/share/br2_gazebo_worlds/models/aws_robomaker_residential_RoomWindow_01/meshes/aws_RoomWindow_01_collision.DAE
-- Symlinking: /home/edmund-munene/Documents/Programming-language-basics/Linux/Robotics/AConciseIntroductiontoRobotProgrammingwithROS2/bookros2_ws/install/br2_gazebo_worlds/share/br2_gazebo_worlds/models/aws_robomaker_residential_RoomWindow_01/meshes/aws_RoomWindow_01_visual.DAE
-- Symlinking: /home/edmund-munene/Documents/Programming-language-basics/Linux/Robotics/AConciseIntroductiontoRobotProgrammingwithROS2/bookros2_ws/install/br2_gazebo_worlds/share/br2_gazebo_worlds/models/aws_robomaker_residential_RoomWindow_01/model.config
-- Symlinking: /home/edmund-munene/Documents/Programming-language-basics/Linux/Robotics/AConciseIntroductiontoRobotProgrammingwithROS2/bookros2_ws/install/br2_gazebo_worlds/share/br2_gazebo_worlds/models/aws_robomaker_residential_RoomWindow_01/model.sdf
-- Symlinking: /home/edmund-munene/Documents/Programming-language-basics/Linux/Robotics/AConciseIntroductiontoRobotProgrammingwithROS2/bookros2_ws/install/br2_gazebo_worlds/share/br2_gazebo_worlds/models/aws_robomaker_residential_SeasoningBox_01/materials/textures/aws_SeasoningBox_01.png
-- Symlinking: /home/edmund-munene/Documents/Programming-language-basics/Linux/Robotics/AConciseIntroductiontoRobotProgrammingwithROS2/bookros2_ws/install/br2_gazebo_worlds/share/br2_gazebo_worlds/models/aws_robomaker_residential_SeasoningBox_01/meshes/aws_SeasoningBox_01_collision.DAE
-- Symlinking: /home/edmund-munene/Documents/Programming-language-basics/Linux/Robotics/AConciseIntroductiontoRobotProgrammingwithROS2/bookros2_ws/install/br2_gazebo_worlds/share/br2_gazebo_worlds/models/aws_robomaker_residential_SeasoningBox_01/meshes/aws_SeasoningBox_01_visual.DAE
-- Symlinking: /home/edmund-munene/Documents/Programming-language-basics/Linux/Robotics/AConciseIntroductiontoRobotProgrammingwithROS2/bookros2_ws/install/br2_gazebo_worlds/share/br2_gazebo_worlds/models/aws_robomaker_residential_SeasoningBox_01/model.config
-- Symlinking: /home/edmund-munene/Documents/Programming-language-basics/Linux/Robotics/AConciseIntroductiontoRobotProgrammingwithROS2/bookros2_ws/install/br2_gazebo_worlds/share/br2_gazebo_worlds/models/aws_robomaker_residential_SeasoningBox_01/model.sdf
-- Symlinking: /home/edmund-munene/Documents/Programming-language-basics/Linux/Robotics/AConciseIntroductiontoRobotProgrammingwithROS2/bookros2_ws/install/br2_gazebo_worlds/share/br2_gazebo_worlds/models/aws_robomaker_residential_SecurityCamera_01/materials/textures/aws_SecurityCamera_01.png
-- Symlinking: /home/edmund-munene/Documents/Programming-language-basics/Linux/Robotics/AConciseIntroductiontoRobotProgrammingwithROS2/bookros2_ws/install/br2_gazebo_worlds/share/br2_gazebo_worlds/models/aws_robomaker_residential_SecurityCamera_01/meshes/aws_SecurityCamera_01_collision.DAE
-- Symlinking: /home/edmund-munene/Documents/Programming-language-basics/Linux/Robotics/AConciseIntroductiontoRobotProgrammingwithROS2/bookros2_ws/install/br2_gazebo_worlds/share/br2_gazebo_worlds/models/aws_robomaker_residential_SecurityCamera_01/meshes/aws_SecurityCamera_01_visual.DAE
-- Symlinking: /home/edmund-munene/Documents/Programming-language-basics/Linux/Robotics/AConciseIntroductiontoRobotProgrammingwithROS2/bookros2_ws/install/br2_gazebo_worlds/share/br2_gazebo_worlds/models/aws_robomaker_residential_SecurityCamera_01/model.config
-- Symlinking: /home/edmund-munene/Documents/Programming-language-basics/Linux/Robotics/AConciseIntroductiontoRobotProgrammingwithROS2/bookros2_ws/install/br2_gazebo_worlds/share/br2_gazebo_worlds/models/aws_robomaker_residential_SecurityCamera_01/model.sdf
-- Symlinking: /home/edmund-munene/Documents/Programming-language-basics/Linux/Robotics/AConciseIntroductiontoRobotProgrammingwithROS2/bookros2_ws/install/br2_gazebo_worlds/share/br2_gazebo_worlds/models/aws_robomaker_residential_ShoeRack_01/materials/textures/aws_ShoeRack_01.png
-- Symlinking: /home/edmund-munene/Documents/Programming-language-basics/Linux/Robotics/AConciseIntroductiontoRobotProgrammingwithROS2/bookros2_ws/install/br2_gazebo_worlds/share/br2_gazebo_worlds/models/aws_robomaker_residential_ShoeRack_01/meshes/aws_ShoeRack_01_collision.DAE
-- Symlinking: /home/edmund-munene/Documents/Programming-language-basics/Linux/Robotics/AConciseIntroductiontoRobotProgrammingwithROS2/bookros2_ws/install/br2_gazebo_worlds/share/br2_gazebo_worlds/models/aws_robomaker_residential_ShoeRack_01/meshes/aws_ShoeRack_01_visual.DAE
-- Symlinking: /home/edmund-munene/Documents/Programming-language-basics/Linux/Robotics/AConciseIntroductiontoRobotProgrammingwithROS2/bookros2_ws/install/br2_gazebo_worlds/share/br2_gazebo_worlds/models/aws_robomaker_residential_ShoeRack_01/model.config
-- Symlinking: /home/edmund-munene/Documents/Programming-language-basics/Linux/Robotics/AConciseIntroductiontoRobotProgrammingwithROS2/bookros2_ws/install/br2_gazebo_worlds/share/br2_gazebo_worlds/models/aws_robomaker_residential_ShoeRack_01/model.sdf
-- Symlinking: /home/edmund-munene/Documents/Programming-language-basics/Linux/Robotics/AConciseIntroductiontoRobotProgrammingwithROS2/bookros2_ws/install/br2_gazebo_worlds/share/br2_gazebo_worlds/models/aws_robomaker_residential_SofaB_01/materials/textures/aws_SofaB_01.png
-- Symlinking: /home/edmund-munene/Documents/Programming-language-basics/Linux/Robotics/AConciseIntroductiontoRobotProgrammingwithROS2/bookros2_ws/install/br2_gazebo_worlds/share/br2_gazebo_worlds/models/aws_robomaker_residential_SofaB_01/meshes/aws_SofaB_01_collision.DAE
-- Symlinking: /home/edmund-munene/Documents/Programming-language-basics/Linux/Robotics/AConciseIntroductiontoRobotProgrammingwithROS2/bookros2_ws/install/br2_gazebo_worlds/share/br2_gazebo_worlds/models/aws_robomaker_residential_SofaB_01/meshes/aws_SofaB_01_visual.DAE
-- Symlinking: /home/edmund-munene/Documents/Programming-language-basics/Linux/Robotics/AConciseIntroductiontoRobotProgrammingwithROS2/bookros2_ws/install/br2_gazebo_worlds/share/br2_gazebo_worlds/models/aws_robomaker_residential_SofaB_01/model.config
-- Symlinking: /home/edmund-munene/Documents/Programming-language-basics/Linux/Robotics/AConciseIntroductiontoRobotProgrammingwithROS2/bookros2_ws/install/br2_gazebo_worlds/share/br2_gazebo_worlds/models/aws_robomaker_residential_SofaB_01/model.sdf
-- Symlinking: /home/edmund-munene/Documents/Programming-language-basics/Linux/Robotics/AConciseIntroductiontoRobotProgrammingwithROS2/bookros2_ws/install/br2_gazebo_worlds/share/br2_gazebo_worlds/models/aws_robomaker_residential_SofaC_01/materials/textures/aws_SofaC_01.png
-- Symlinking: /home/edmund-munene/Documents/Programming-language-basics/Linux/Robotics/AConciseIntroductiontoRobotProgrammingwithROS2/bookros2_ws/install/br2_gazebo_worlds/share/br2_gazebo_worlds/models/aws_robomaker_residential_SofaC_01/meshes/aws_SofaC_01_collision.DAE
-- Symlinking: /home/edmund-munene/Documents/Programming-language-basics/Linux/Robotics/AConciseIntroductiontoRobotProgrammingwithROS2/bookros2_ws/install/br2_gazebo_worlds/share/br2_gazebo_worlds/models/aws_robomaker_residential_SofaC_01/meshes/aws_SofaC_01_visual.DAE
-- Symlinking: /home/edmund-munene/Documents/Programming-language-basics/Linux/Robotics/AConciseIntroductiontoRobotProgrammingwithROS2/bookros2_ws/install/br2_gazebo_worlds/share/br2_gazebo_worlds/models/aws_robomaker_residential_SofaC_01/model.config
-- Symlinking: /home/edmund-munene/Documents/Programming-language-basics/Linux/Robotics/AConciseIntroductiontoRobotProgrammingwithROS2/bookros2_ws/install/br2_gazebo_worlds/share/br2_gazebo_worlds/models/aws_robomaker_residential_SofaC_01/model.sdf
-- Symlinking: /home/edmund-munene/Documents/Programming-language-basics/Linux/Robotics/AConciseIntroductiontoRobotProgrammingwithROS2/bookros2_ws/install/br2_gazebo_worlds/share/br2_gazebo_worlds/models/aws_robomaker_residential_Sofa_01/materials/textures/aws_Sofa_01.png
-- Symlinking: /home/edmund-munene/Documents/Programming-language-basics/Linux/Robotics/AConciseIntroductiontoRobotProgrammingwithROS2/bookros2_ws/install/br2_gazebo_worlds/share/br2_gazebo_worlds/models/aws_robomaker_residential_Sofa_01/meshes/aws_Sofa_01.DAE
-- Symlinking: /home/edmund-munene/Documents/Programming-language-basics/Linux/Robotics/AConciseIntroductiontoRobotProgrammingwithROS2/bookros2_ws/install/br2_gazebo_worlds/share/br2_gazebo_worlds/models/aws_robomaker_residential_Sofa_01/meshes/aws_Sofa_01_collision.DAE
-- Symlinking: /home/edmund-munene/Documents/Programming-language-basics/Linux/Robotics/AConciseIntroductiontoRobotProgrammingwithROS2/bookros2_ws/install/br2_gazebo_worlds/share/br2_gazebo_worlds/models/aws_robomaker_residential_Sofa_01/meshes/aws_Sofa_01_visual.DAE
-- Symlinking: /home/edmund-munene/Documents/Programming-language-basics/Linux/Robotics/AConciseIntroductiontoRobotProgrammingwithROS2/bookros2_ws/install/br2_gazebo_worlds/share/br2_gazebo_worlds/models/aws_robomaker_residential_Sofa_01/model.config
-- Symlinking: /home/edmund-munene/Documents/Programming-language-basics/Linux/Robotics/AConciseIntroductiontoRobotProgrammingwithROS2/bookros2_ws/install/br2_gazebo_worlds/share/br2_gazebo_worlds/models/aws_robomaker_residential_Sofa_01/model.sdf
-- Symlinking: /home/edmund-munene/Documents/Programming-language-basics/Linux/Robotics/AConciseIntroductiontoRobotProgrammingwithROS2/bookros2_ws/install/br2_gazebo_worlds/share/br2_gazebo_worlds/models/aws_robomaker_residential_TVCabinet_01/materials/textures/aws_TVCabinet_01.png
-- Symlinking: /home/edmund-munene/Documents/Programming-language-basics/Linux/Robotics/AConciseIntroductiontoRobotProgrammingwithROS2/bookros2_ws/install/br2_gazebo_worlds/share/br2_gazebo_worlds/models/aws_robomaker_residential_TVCabinet_01/meshes/aws_TVCabinet_01_collision.DAE
-- Symlinking: /home/edmund-munene/Documents/Programming-language-basics/Linux/Robotics/AConciseIntroductiontoRobotProgrammingwithROS2/bookros2_ws/install/br2_gazebo_worlds/share/br2_gazebo_worlds/models/aws_robomaker_residential_TVCabinet_01/meshes/aws_TVCabinet_01_visual.DAE
-- Symlinking: /home/edmund-munene/Documents/Programming-language-basics/Linux/Robotics/AConciseIntroductiontoRobotProgrammingwithROS2/bookros2_ws/install/br2_gazebo_worlds/share/br2_gazebo_worlds/models/aws_robomaker_residential_TVCabinet_01/model.config
-- Symlinking: /home/edmund-munene/Documents/Programming-language-basics/Linux/Robotics/AConciseIntroductiontoRobotProgrammingwithROS2/bookros2_ws/install/br2_gazebo_worlds/share/br2_gazebo_worlds/models/aws_robomaker_residential_TVCabinet_01/model.sdf
-- Symlinking: /home/edmund-munene/Documents/Programming-language-basics/Linux/Robotics/AConciseIntroductiontoRobotProgrammingwithROS2/bookros2_ws/install/br2_gazebo_worlds/share/br2_gazebo_worlds/models/aws_robomaker_residential_TV_01/materials/textures/aws_TV_01.png
-- Symlinking: /home/edmund-munene/Documents/Programming-language-basics/Linux/Robotics/AConciseIntroductiontoRobotProgrammingwithROS2/bookros2_ws/install/br2_gazebo_worlds/share/br2_gazebo_worlds/models/aws_robomaker_residential_TV_01/meshes/aws_TV_01_collision.DAE
-- Symlinking: /home/edmund-munene/Documents/Programming-language-basics/Linux/Robotics/AConciseIntroductiontoRobotProgrammingwithROS2/bookros2_ws/install/br2_gazebo_worlds/share/br2_gazebo_worlds/models/aws_robomaker_residential_TV_01/meshes/aws_TV_01_visual.DAE
-- Symlinking: /home/edmund-munene/Documents/Programming-language-basics/Linux/Robotics/AConciseIntroductiontoRobotProgrammingwithROS2/bookros2_ws/install/br2_gazebo_worlds/share/br2_gazebo_worlds/models/aws_robomaker_residential_TV_01/model.config
-- Symlinking: /home/edmund-munene/Documents/Programming-language-basics/Linux/Robotics/AConciseIntroductiontoRobotProgrammingwithROS2/bookros2_ws/install/br2_gazebo_worlds/share/br2_gazebo_worlds/models/aws_robomaker_residential_TV_01/model.sdf
-- Symlinking: /home/edmund-munene/Documents/Programming-language-basics/Linux/Robotics/AConciseIntroductiontoRobotProgrammingwithROS2/bookros2_ws/install/br2_gazebo_worlds/share/br2_gazebo_worlds/models/aws_robomaker_residential_TV_02/materials/textures/aws_TV_01.png
-- Symlinking: /home/edmund-munene/Documents/Programming-language-basics/Linux/Robotics/AConciseIntroductiontoRobotProgrammingwithROS2/bookros2_ws/install/br2_gazebo_worlds/share/br2_gazebo_worlds/models/aws_robomaker_residential_TV_02/meshes/aws_TV_01_collision.DAE
-- Symlinking: /home/edmund-munene/Documents/Programming-language-basics/Linux/Robotics/AConciseIntroductiontoRobotProgrammingwithROS2/bookros2_ws/install/br2_gazebo_worlds/share/br2_gazebo_worlds/models/aws_robomaker_residential_TV_02/meshes/aws_TV_01_visual.DAE
-- Symlinking: /home/edmund-munene/Documents/Programming-language-basics/Linux/Robotics/AConciseIntroductiontoRobotProgrammingwithROS2/bookros2_ws/install/br2_gazebo_worlds/share/br2_gazebo_worlds/models/aws_robomaker_residential_TV_02/model.config
-- Symlinking: /home/edmund-munene/Documents/Programming-language-basics/Linux/Robotics/AConciseIntroductiontoRobotProgrammingwithROS2/bookros2_ws/install/br2_gazebo_worlds/share/br2_gazebo_worlds/models/aws_robomaker_residential_TV_02/model.sdf
-- Symlinking: /home/edmund-munene/Documents/Programming-language-basics/Linux/Robotics/AConciseIntroductiontoRobotProgrammingwithROS2/bookros2_ws/install/br2_gazebo_worlds/share/br2_gazebo_worlds/models/aws_robomaker_residential_Tablet_01/.DS_Store
-- Symlinking: /home/edmund-munene/Documents/Programming-language-basics/Linux/Robotics/AConciseIntroductiontoRobotProgrammingwithROS2/bookros2_ws/install/br2_gazebo_worlds/share/br2_gazebo_worlds/models/aws_robomaker_residential_Tablet_01/materials/.DS_Store
-- Symlinking: /home/edmund-munene/Documents/Programming-language-basics/Linux/Robotics/AConciseIntroductiontoRobotProgrammingwithROS2/bookros2_ws/install/br2_gazebo_worlds/share/br2_gazebo_worlds/models/aws_robomaker_residential_Tablet_01/materials/textures/aws_Tablet_01_nologo.png
-- Symlinking: /home/edmund-munene/Documents/Programming-language-basics/Linux/Robotics/AConciseIntroductiontoRobotProgrammingwithROS2/bookros2_ws/install/br2_gazebo_worlds/share/br2_gazebo_worlds/models/aws_robomaker_residential_Tablet_01/meshes/aws_Tablet_01_collision.DAE
-- Symlinking: /home/edmund-munene/Documents/Programming-language-basics/Linux/Robotics/AConciseIntroductiontoRobotProgrammingwithROS2/bookros2_ws/install/br2_gazebo_worlds/share/br2_gazebo_worlds/models/aws_robomaker_residential_Tablet_01/meshes/aws_Tablet_01_visual.DAE
-- Symlinking: /home/edmund-munene/Documents/Programming-language-basics/Linux/Robotics/AConciseIntroductiontoRobotProgrammingwithROS2/bookros2_ws/install/br2_gazebo_worlds/share/br2_gazebo_worlds/models/aws_robomaker_residential_Tablet_01/model.config
-- Symlinking: /home/edmund-munene/Documents/Programming-language-basics/Linux/Robotics/AConciseIntroductiontoRobotProgrammingwithROS2/bookros2_ws/install/br2_gazebo_worlds/share/br2_gazebo_worlds/models/aws_robomaker_residential_Tablet_01/model.sdf
-- Symlinking: /home/edmund-munene/Documents/Programming-language-basics/Linux/Robotics/AConciseIntroductiontoRobotProgrammingwithROS2/bookros2_ws/install/br2_gazebo_worlds/share/br2_gazebo_worlds/models/aws_robomaker_residential_Tableware_01/materials/textures/aws_Tableware_01.png
-- Symlinking: /home/edmund-munene/Documents/Programming-language-basics/Linux/Robotics/AConciseIntroductiontoRobotProgrammingwithROS2/bookros2_ws/install/br2_gazebo_worlds/share/br2_gazebo_worlds/models/aws_robomaker_residential_Tableware_01/meshes/aws_Tableware_01_collision.DAE
-- Symlinking: /home/edmund-munene/Documents/Programming-language-basics/Linux/Robotics/AConciseIntroductiontoRobotProgrammingwithROS2/bookros2_ws/install/br2_gazebo_worlds/share/br2_gazebo_worlds/models/aws_robomaker_residential_Tableware_01/meshes/aws_Tableware_01_visual.DAE
-- Symlinking: /home/edmund-munene/Documents/Programming-language-basics/Linux/Robotics/AConciseIntroductiontoRobotProgrammingwithROS2/bookros2_ws/install/br2_gazebo_worlds/share/br2_gazebo_worlds/models/aws_robomaker_residential_Tableware_01/model.config
-- Symlinking: /home/edmund-munene/Documents/Programming-language-basics/Linux/Robotics/AConciseIntroductiontoRobotProgrammingwithROS2/bookros2_ws/install/br2_gazebo_worlds/share/br2_gazebo_worlds/models/aws_robomaker_residential_Tableware_01/model.sdf
-- Symlinking: /home/edmund-munene/Documents/Programming-language-basics/Linux/Robotics/AConciseIntroductiontoRobotProgrammingwithROS2/bookros2_ws/install/br2_gazebo_worlds/share/br2_gazebo_worlds/models/aws_robomaker_residential_Trash_01/materials/textures/aws_Trash_01.png
-- Symlinking: /home/edmund-munene/Documents/Programming-language-basics/Linux/Robotics/AConciseIntroductiontoRobotProgrammingwithROS2/bookros2_ws/install/br2_gazebo_worlds/share/br2_gazebo_worlds/models/aws_robomaker_residential_Trash_01/meshes/aws_Trash_01_collision.DAE
-- Symlinking: /home/edmund-munene/Documents/Programming-language-basics/Linux/Robotics/AConciseIntroductiontoRobotProgrammingwithROS2/bookros2_ws/install/br2_gazebo_worlds/share/br2_gazebo_worlds/models/aws_robomaker_residential_Trash_01/meshes/aws_Trash_01_visual.DAE
-- Symlinking: /home/edmund-munene/Documents/Programming-language-basics/Linux/Robotics/AConciseIntroductiontoRobotProgrammingwithROS2/bookros2_ws/install/br2_gazebo_worlds/share/br2_gazebo_worlds/models/aws_robomaker_residential_Trash_01/model.config
-- Symlinking: /home/edmund-munene/Documents/Programming-language-basics/Linux/Robotics/AConciseIntroductiontoRobotProgrammingwithROS2/bookros2_ws/install/br2_gazebo_worlds/share/br2_gazebo_worlds/models/aws_robomaker_residential_Trash_01/model.sdf
-- Symlinking: /home/edmund-munene/Documents/Programming-language-basics/Linux/Robotics/AConciseIntroductiontoRobotProgrammingwithROS2/bookros2_ws/install/br2_gazebo_worlds/share/br2_gazebo_worlds/models/aws_robomaker_residential_Vase_01/materials/textures/aws_Vase_01.png
-- Symlinking: /home/edmund-munene/Documents/Programming-language-basics/Linux/Robotics/AConciseIntroductiontoRobotProgrammingwithROS2/bookros2_ws/install/br2_gazebo_worlds/share/br2_gazebo_worlds/models/aws_robomaker_residential_Vase_01/meshes/aws_Vase_01_collision.DAE
-- Symlinking: /home/edmund-munene/Documents/Programming-language-basics/Linux/Robotics/AConciseIntroductiontoRobotProgrammingwithROS2/bookros2_ws/install/br2_gazebo_worlds/share/br2_gazebo_worlds/models/aws_robomaker_residential_Vase_01/meshes/aws_Vase_01_visual.DAE
-- Symlinking: /home/edmund-munene/Documents/Programming-language-basics/Linux/Robotics/AConciseIntroductiontoRobotProgrammingwithROS2/bookros2_ws/install/br2_gazebo_worlds/share/br2_gazebo_worlds/models/aws_robomaker_residential_Vase_01/model.config
-- Symlinking: /home/edmund-munene/Documents/Programming-language-basics/Linux/Robotics/AConciseIntroductiontoRobotProgrammingwithROS2/bookros2_ws/install/br2_gazebo_worlds/share/br2_gazebo_worlds/models/aws_robomaker_residential_Vase_01/model.sdf
-- Symlinking: /home/edmund-munene/Documents/Programming-language-basics/Linux/Robotics/AConciseIntroductiontoRobotProgrammingwithROS2/bookros2_ws/install/br2_gazebo_worlds/share/br2_gazebo_worlds/models/aws_robomaker_residential_Wardrobe_01/materials/textures/aws_Wardrobe_01.png
-- Symlinking: /home/edmund-munene/Documents/Programming-language-basics/Linux/Robotics/AConciseIntroductiontoRobotProgrammingwithROS2/bookros2_ws/install/br2_gazebo_worlds/share/br2_gazebo_worlds/models/aws_robomaker_residential_Wardrobe_01/meshes/aws_Wardrobe_01_collision.DAE
-- Symlinking: /home/edmund-munene/Documents/Programming-language-basics/Linux/Robotics/AConciseIntroductiontoRobotProgrammingwithROS2/bookros2_ws/install/br2_gazebo_worlds/share/br2_gazebo_worlds/models/aws_robomaker_residential_Wardrobe_01/meshes/aws_Wardrobe_01_visual.DAE
-- Symlinking: /home/edmund-munene/Documents/Programming-language-basics/Linux/Robotics/AConciseIntroductiontoRobotProgrammingwithROS2/bookros2_ws/install/br2_gazebo_worlds/share/br2_gazebo_worlds/models/aws_robomaker_residential_Wardrobe_01/model.config
-- Symlinking: /home/edmund-munene/Documents/Programming-language-basics/Linux/Robotics/AConciseIntroductiontoRobotProgrammingwithROS2/bookros2_ws/install/br2_gazebo_worlds/share/br2_gazebo_worlds/models/aws_robomaker_residential_Wardrobe_01/model.sdf
-- Symlinking: /home/edmund-munene/Documents/Programming-language-basics/Linux/Robotics/AConciseIntroductiontoRobotProgrammingwithROS2/bookros2_ws/install/br2_gazebo_worlds/share/br2_gazebo_worlds/models/aws_robomaker_warehouse_Bucket_01/.DS_Store
-- Symlinking: /home/edmund-munene/Documents/Programming-language-basics/Linux/Robotics/AConciseIntroductiontoRobotProgrammingwithROS2/bookros2_ws/install/br2_gazebo_worlds/share/br2_gazebo_worlds/models/aws_robomaker_warehouse_Bucket_01/materials/.DS_Store
-- Symlinking: /home/edmund-munene/Documents/Programming-language-basics/Linux/Robotics/AConciseIntroductiontoRobotProgrammingwithROS2/bookros2_ws/install/br2_gazebo_worlds/share/br2_gazebo_worlds/models/aws_robomaker_warehouse_Bucket_01/materials/textures/aws_robomaker_warehouse_Bucket_01.png
-- Symlinking: /home/edmund-munene/Documents/Programming-language-basics/Linux/Robotics/AConciseIntroductiontoRobotProgrammingwithROS2/bookros2_ws/install/br2_gazebo_worlds/share/br2_gazebo_worlds/models/aws_robomaker_warehouse_Bucket_01/meshes/aws_robomaker_warehouse_Bucket_01_collision.DAE
-- Symlinking: /home/edmund-munene/Documents/Programming-language-basics/Linux/Robotics/AConciseIntroductiontoRobotProgrammingwithROS2/bookros2_ws/install/br2_gazebo_worlds/share/br2_gazebo_worlds/models/aws_robomaker_warehouse_Bucket_01/meshes/aws_robomaker_warehouse_Bucket_01_visual.DAE
-- Symlinking: /home/edmund-munene/Documents/Programming-language-basics/Linux/Robotics/AConciseIntroductiontoRobotProgrammingwithROS2/bookros2_ws/install/br2_gazebo_worlds/share/br2_gazebo_worlds/models/aws_robomaker_warehouse_Bucket_01/model.config
-- Symlinking: /home/edmund-munene/Documents/Programming-language-basics/Linux/Robotics/AConciseIntroductiontoRobotProgrammingwithROS2/bookros2_ws/install/br2_gazebo_worlds/share/br2_gazebo_worlds/models/aws_robomaker_warehouse_Bucket_01/model.sdf
-- Symlinking: /home/edmund-munene/Documents/Programming-language-basics/Linux/Robotics/AConciseIntroductiontoRobotProgrammingwithROS2/bookros2_ws/install/br2_gazebo_worlds/share/br2_gazebo_worlds/models/aws_robomaker_warehouse_ClutteringA_01/.DS_Store
-- Symlinking: /home/edmund-munene/Documents/Programming-language-basics/Linux/Robotics/AConciseIntroductiontoRobotProgrammingwithROS2/bookros2_ws/install/br2_gazebo_worlds/share/br2_gazebo_worlds/models/aws_robomaker_warehouse_ClutteringA_01/materials/.DS_Store
-- Symlinking: /home/edmund-munene/Documents/Programming-language-basics/Linux/Robotics/AConciseIntroductiontoRobotProgrammingwithROS2/bookros2_ws/install/br2_gazebo_worlds/share/br2_gazebo_worlds/models/aws_robomaker_warehouse_ClutteringA_01/materials/textures/.DS_Store
-- Symlinking: /home/edmund-munene/Documents/Programming-language-basics/Linux/Robotics/AConciseIntroductiontoRobotProgrammingwithROS2/bookros2_ws/install/br2_gazebo_worlds/share/br2_gazebo_worlds/models/aws_robomaker_warehouse_ClutteringA_01/materials/textures/aws_robomaker_warehouse_ClutteringA_01.png
-- Symlinking: /home/edmund-munene/Documents/Programming-language-basics/Linux/Robotics/AConciseIntroductiontoRobotProgrammingwithROS2/bookros2_ws/install/br2_gazebo_worlds/share/br2_gazebo_worlds/models/aws_robomaker_warehouse_ClutteringA_01/materials/textures/aws_robomaker_warehouse_ClutteringA_02.png
-- Symlinking: /home/edmund-munene/Documents/Programming-language-basics/Linux/Robotics/AConciseIntroductiontoRobotProgrammingwithROS2/bookros2_ws/install/br2_gazebo_worlds/share/br2_gazebo_worlds/models/aws_robomaker_warehouse_ClutteringA_01/materials/textures/aws_robomaker_warehouse_ClutteringA_03.png
-- Symlinking: /home/edmund-munene/Documents/Programming-language-basics/Linux/Robotics/AConciseIntroductiontoRobotProgrammingwithROS2/bookros2_ws/install/br2_gazebo_worlds/share/br2_gazebo_worlds/models/aws_robomaker_warehouse_ClutteringA_01/meshes/aws_robomaker_warehouse_ClutteringA_01_collision.DAE
-- Symlinking: /home/edmund-munene/Documents/Programming-language-basics/Linux/Robotics/AConciseIntroductiontoRobotProgrammingwithROS2/bookros2_ws/install/br2_gazebo_worlds/share/br2_gazebo_worlds/models/aws_robomaker_warehouse_ClutteringA_01/meshes/aws_robomaker_warehouse_ClutteringA_01_visual.DAE
-- Symlinking: /home/edmund-munene/Documents/Programming-language-basics/Linux/Robotics/AConciseIntroductiontoRobotProgrammingwithROS2/bookros2_ws/install/br2_gazebo_worlds/share/br2_gazebo_worlds/models/aws_robomaker_warehouse_ClutteringA_01/model.config
-- Symlinking: /home/edmund-munene/Documents/Programming-language-basics/Linux/Robotics/AConciseIntroductiontoRobotProgrammingwithROS2/bookros2_ws/install/br2_gazebo_worlds/share/br2_gazebo_worlds/models/aws_robomaker_warehouse_ClutteringA_01/model.sdf
-- Symlinking: /home/edmund-munene/Documents/Programming-language-basics/Linux/Robotics/AConciseIntroductiontoRobotProgrammingwithROS2/bookros2_ws/install/br2_gazebo_worlds/share/br2_gazebo_worlds/models/aws_robomaker_warehouse_ClutteringC_01/materials/textures/aws_robomaker_warehouse_ClutteringC_01.png
-- Symlinking: /home/edmund-munene/Documents/Programming-language-basics/Linux/Robotics/AConciseIntroductiontoRobotProgrammingwithROS2/bookros2_ws/install/br2_gazebo_worlds/share/br2_gazebo_worlds/models/aws_robomaker_warehouse_ClutteringC_01/materials/textures/aws_robomaker_warehouse_ClutteringC_02.png
-- Symlinking: /home/edmund-munene/Documents/Programming-language-basics/Linux/Robotics/AConciseIntroductiontoRobotProgrammingwithROS2/bookros2_ws/install/br2_gazebo_worlds/share/br2_gazebo_worlds/models/aws_robomaker_warehouse_ClutteringC_01/meshes/aws_robomaker_warehouse_ClutteringC_01_collision.DAE
-- Symlinking: /home/edmund-munene/Documents/Programming-language-basics/Linux/Robotics/AConciseIntroductiontoRobotProgrammingwithROS2/bookros2_ws/install/br2_gazebo_worlds/share/br2_gazebo_worlds/models/aws_robomaker_warehouse_ClutteringC_01/meshes/aws_robomaker_warehouse_ClutteringC_01_visual.DAE
-- Symlinking: /home/edmund-munene/Documents/Programming-language-basics/Linux/Robotics/AConciseIntroductiontoRobotProgrammingwithROS2/bookros2_ws/install/br2_gazebo_worlds/share/br2_gazebo_worlds/models/aws_robomaker_warehouse_ClutteringC_01/model.config
-- Symlinking: /home/edmund-munene/Documents/Programming-language-basics/Linux/Robotics/AConciseIntroductiontoRobotProgrammingwithROS2/bookros2_ws/install/br2_gazebo_worlds/share/br2_gazebo_worlds/models/aws_robomaker_warehouse_ClutteringC_01/model.sdf
-- Symlinking: /home/edmund-munene/Documents/Programming-language-basics/Linux/Robotics/AConciseIntroductiontoRobotProgrammingwithROS2/bookros2_ws/install/br2_gazebo_worlds/share/br2_gazebo_worlds/models/aws_robomaker_warehouse_ClutteringD_01/materials/textures/aws_robomaker_warehouse_ClutteringD_01.png
-- Symlinking: /home/edmund-munene/Documents/Programming-language-basics/Linux/Robotics/AConciseIntroductiontoRobotProgrammingwithROS2/bookros2_ws/install/br2_gazebo_worlds/share/br2_gazebo_worlds/models/aws_robomaker_warehouse_ClutteringD_01/materials/textures/aws_robomaker_warehouse_ClutteringD_02.png
-- Symlinking: /home/edmund-munene/Documents/Programming-language-basics/Linux/Robotics/AConciseIntroductiontoRobotProgrammingwithROS2/bookros2_ws/install/br2_gazebo_worlds/share/br2_gazebo_worlds/models/aws_robomaker_warehouse_ClutteringD_01/meshes/aws_robomaker_warehouse_ClutteringD_01_collision.DAE
-- Symlinking: /home/edmund-munene/Documents/Programming-language-basics/Linux/Robotics/AConciseIntroductiontoRobotProgrammingwithROS2/bookros2_ws/install/br2_gazebo_worlds/share/br2_gazebo_worlds/models/aws_robomaker_warehouse_ClutteringD_01/meshes/aws_robomaker_warehouse_ClutteringD_01_visual.DAE
-- Symlinking: /home/edmund-munene/Documents/Programming-language-basics/Linux/Robotics/AConciseIntroductiontoRobotProgrammingwithROS2/bookros2_ws/install/br2_gazebo_worlds/share/br2_gazebo_worlds/models/aws_robomaker_warehouse_ClutteringD_01/model.config
-- Symlinking: /home/edmund-munene/Documents/Programming-language-basics/Linux/Robotics/AConciseIntroductiontoRobotProgrammingwithROS2/bookros2_ws/install/br2_gazebo_worlds/share/br2_gazebo_worlds/models/aws_robomaker_warehouse_ClutteringD_01/model.sdf
-- Symlinking: /home/edmund-munene/Documents/Programming-language-basics/Linux/Robotics/AConciseIntroductiontoRobotProgrammingwithROS2/bookros2_ws/install/br2_gazebo_worlds/share/br2_gazebo_worlds/models/aws_robomaker_warehouse_DeskC_01/materials/.DS_Store
-- Symlinking: /home/edmund-munene/Documents/Programming-language-basics/Linux/Robotics/AConciseIntroductiontoRobotProgrammingwithROS2/bookros2_ws/install/br2_gazebo_worlds/share/br2_gazebo_worlds/models/aws_robomaker_warehouse_DeskC_01/materials/textures/aws_robomaker_warehouse_DeskC_01.png
-- Symlinking: /home/edmund-munene/Documents/Programming-language-basics/Linux/Robotics/AConciseIntroductiontoRobotProgrammingwithROS2/bookros2_ws/install/br2_gazebo_worlds/share/br2_gazebo_worlds/models/aws_robomaker_warehouse_DeskC_01/materials/textures/aws_robomaker_warehouse_DeskC_02.png
-- Symlinking: /home/edmund-munene/Documents/Programming-language-basics/Linux/Robotics/AConciseIntroductiontoRobotProgrammingwithROS2/bookros2_ws/install/br2_gazebo_worlds/share/br2_gazebo_worlds/models/aws_robomaker_warehouse_DeskC_01/materials/textures/aws_robomaker_warehouse_DeskC_03.png
-- Symlinking: /home/edmund-munene/Documents/Programming-language-basics/Linux/Robotics/AConciseIntroductiontoRobotProgrammingwithROS2/bookros2_ws/install/br2_gazebo_worlds/share/br2_gazebo_worlds/models/aws_robomaker_warehouse_DeskC_01/materials/textures/aws_robomaker_warehouse_DeskC_03.psd
-- Symlinking: /home/edmund-munene/Documents/Programming-language-basics/Linux/Robotics/AConciseIntroductiontoRobotProgrammingwithROS2/bookros2_ws/install/br2_gazebo_worlds/share/br2_gazebo_worlds/models/aws_robomaker_warehouse_DeskC_01/materials/textures/aws_robomaker_warehouse_DeskC_04.png
-- Symlinking: /home/edmund-munene/Documents/Programming-language-basics/Linux/Robotics/AConciseIntroductiontoRobotProgrammingwithROS2/bookros2_ws/install/br2_gazebo_worlds/share/br2_gazebo_worlds/models/aws_robomaker_warehouse_DeskC_01/meshes/aws_robomaker_warehouse_DeskC_01_collision.DAE
-- Symlinking: /home/edmund-munene/Documents/Programming-language-basics/Linux/Robotics/AConciseIntroductiontoRobotProgrammingwithROS2/bookros2_ws/install/br2_gazebo_worlds/share/br2_gazebo_worlds/models/aws_robomaker_warehouse_DeskC_01/meshes/aws_robomaker_warehouse_DeskC_01_visual.DAE
-- Symlinking: /home/edmund-munene/Documents/Programming-language-basics/Linux/Robotics/AConciseIntroductiontoRobotProgrammingwithROS2/bookros2_ws/install/br2_gazebo_worlds/share/br2_gazebo_worlds/models/aws_robomaker_warehouse_DeskC_01/model.config
-- Symlinking: /home/edmund-munene/Documents/Programming-language-basics/Linux/Robotics/AConciseIntroductiontoRobotProgrammingwithROS2/bookros2_ws/install/br2_gazebo_worlds/share/br2_gazebo_worlds/models/aws_robomaker_warehouse_DeskC_01/model.sdf
-- Symlinking: /home/edmund-munene/Documents/Programming-language-basics/Linux/Robotics/AConciseIntroductiontoRobotProgrammingwithROS2/bookros2_ws/install/br2_gazebo_worlds/share/br2_gazebo_worlds/models/aws_robomaker_warehouse_GroundB_01/materials/textures/aws_robomaker_warehouse_GroundB_01.png
-- Symlinking: /home/edmund-munene/Documents/Programming-language-basics/Linux/Robotics/AConciseIntroductiontoRobotProgrammingwithROS2/bookros2_ws/install/br2_gazebo_worlds/share/br2_gazebo_worlds/models/aws_robomaker_warehouse_GroundB_01/materials/textures/aws_robomaker_warehouse_GroundB_02.png
-- Symlinking: /home/edmund-munene/Documents/Programming-language-basics/Linux/Robotics/AConciseIntroductiontoRobotProgrammingwithROS2/bookros2_ws/install/br2_gazebo_worlds/share/br2_gazebo_worlds/models/aws_robomaker_warehouse_GroundB_01/meshes/aws_robomaker_warehouse_GroundB_01_collision.DAE
-- Symlinking: /home/edmund-munene/Documents/Programming-language-basics/Linux/Robotics/AConciseIntroductiontoRobotProgrammingwithROS2/bookros2_ws/install/br2_gazebo_worlds/share/br2_gazebo_worlds/models/aws_robomaker_warehouse_GroundB_01/meshes/aws_robomaker_warehouse_GroundB_01_visual.DAE
-- Symlinking: /home/edmund-munene/Documents/Programming-language-basics/Linux/Robotics/AConciseIntroductiontoRobotProgrammingwithROS2/bookros2_ws/install/br2_gazebo_worlds/share/br2_gazebo_worlds/models/aws_robomaker_warehouse_GroundB_01/model.config
-- Symlinking: /home/edmund-munene/Documents/Programming-language-basics/Linux/Robotics/AConciseIntroductiontoRobotProgrammingwithROS2/bookros2_ws/install/br2_gazebo_worlds/share/br2_gazebo_worlds/models/aws_robomaker_warehouse_GroundB_01/model.sdf
-- Symlinking: /home/edmund-munene/Documents/Programming-language-basics/Linux/Robotics/AConciseIntroductiontoRobotProgrammingwithROS2/bookros2_ws/install/br2_gazebo_worlds/share/br2_gazebo_worlds/models/aws_robomaker_warehouse_Lamp_01/materials/textures/aws_robomaker_warehouse_Lamp_01.png
-- Symlinking: /home/edmund-munene/Documents/Programming-language-basics/Linux/Robotics/AConciseIntroductiontoRobotProgrammingwithROS2/bookros2_ws/install/br2_gazebo_worlds/share/br2_gazebo_worlds/models/aws_robomaker_warehouse_Lamp_01/meshes/aws_robomaker_warehouse_Lamp_01_collision.DAE
-- Symlinking: /home/edmund-munene/Documents/Programming-language-basics/Linux/Robotics/AConciseIntroductiontoRobotProgrammingwithROS2/bookros2_ws/install/br2_gazebo_worlds/share/br2_gazebo_worlds/models/aws_robomaker_warehouse_Lamp_01/meshes/aws_robomaker_warehouse_Lamp_01_visual.DAE
-- Symlinking: /home/edmund-munene/Documents/Programming-language-basics/Linux/Robotics/AConciseIntroductiontoRobotProgrammingwithROS2/bookros2_ws/install/br2_gazebo_worlds/share/br2_gazebo_worlds/models/aws_robomaker_warehouse_Lamp_01/model.config
-- Symlinking: /home/edmund-munene/Documents/Programming-language-basics/Linux/Robotics/AConciseIntroductiontoRobotProgrammingwithROS2/bookros2_ws/install/br2_gazebo_worlds/share/br2_gazebo_worlds/models/aws_robomaker_warehouse_Lamp_01/model.sdf
-- Symlinking: /home/edmund-munene/Documents/Programming-language-basics/Linux/Robotics/AConciseIntroductiontoRobotProgrammingwithROS2/bookros2_ws/install/br2_gazebo_worlds/share/br2_gazebo_worlds/models/aws_robomaker_warehouse_PalletJackB_01/.DS_Store
-- Symlinking: /home/edmund-munene/Documents/Programming-language-basics/Linux/Robotics/AConciseIntroductiontoRobotProgrammingwithROS2/bookros2_ws/install/br2_gazebo_worlds/share/br2_gazebo_worlds/models/aws_robomaker_warehouse_PalletJackB_01/materials/.DS_Store
-- Symlinking: /home/edmund-munene/Documents/Programming-language-basics/Linux/Robotics/AConciseIntroductiontoRobotProgrammingwithROS2/bookros2_ws/install/br2_gazebo_worlds/share/br2_gazebo_worlds/models/aws_robomaker_warehouse_PalletJackB_01/materials/textures/aws_robomaker_warehouse_PalletJackB_01.png
-- Symlinking: /home/edmund-munene/Documents/Programming-language-basics/Linux/Robotics/AConciseIntroductiontoRobotProgrammingwithROS2/bookros2_ws/install/br2_gazebo_worlds/share/br2_gazebo_worlds/models/aws_robomaker_warehouse_PalletJackB_01/materials/textures/aws_robomaker_warehouse_PalletJackB_02.png
-- Symlinking: /home/edmund-munene/Documents/Programming-language-basics/Linux/Robotics/AConciseIntroductiontoRobotProgrammingwithROS2/bookros2_ws/install/br2_gazebo_worlds/share/br2_gazebo_worlds/models/aws_robomaker_warehouse_PalletJackB_01/meshes/aws_robomaker_warehouse_PalletJackB_01_collision.DAE
-- Symlinking: /home/edmund-munene/Documents/Programming-language-basics/Linux/Robotics/AConciseIntroductiontoRobotProgrammingwithROS2/bookros2_ws/install/br2_gazebo_worlds/share/br2_gazebo_worlds/models/aws_robomaker_warehouse_PalletJackB_01/meshes/aws_robomaker_warehouse_PalletJackB_01_visual.DAE
-- Symlinking: /home/edmund-munene/Documents/Programming-language-basics/Linux/Robotics/AConciseIntroductiontoRobotProgrammingwithROS2/bookros2_ws/install/br2_gazebo_worlds/share/br2_gazebo_worlds/models/aws_robomaker_warehouse_PalletJackB_01/model.config
-- Symlinking: /home/edmund-munene/Documents/Programming-language-basics/Linux/Robotics/AConciseIntroductiontoRobotProgrammingwithROS2/bookros2_ws/install/br2_gazebo_worlds/share/br2_gazebo_worlds/models/aws_robomaker_warehouse_PalletJackB_01/model.sdf
-- Symlinking: /home/edmund-munene/Documents/Programming-language-basics/Linux/Robotics/AConciseIntroductiontoRobotProgrammingwithROS2/bookros2_ws/install/br2_gazebo_worlds/share/br2_gazebo_worlds/models/aws_robomaker_warehouse_RoofB_01/materials/textures/aws_robomaker_warehouse_RoofB_01.png
-- Symlinking: /home/edmund-munene/Documents/Programming-language-basics/Linux/Robotics/AConciseIntroductiontoRobotProgrammingwithROS2/bookros2_ws/install/br2_gazebo_worlds/share/br2_gazebo_worlds/models/aws_robomaker_warehouse_RoofB_01/meshes/aws_robomaker_warehouse_RoofB_01_collision.DAE
-- Symlinking: /home/edmund-munene/Documents/Programming-language-basics/Linux/Robotics/AConciseIntroductiontoRobotProgrammingwithROS2/bookros2_ws/install/br2_gazebo_worlds/share/br2_gazebo_worlds/models/aws_robomaker_warehouse_RoofB_01/meshes/aws_robomaker_warehouse_RoofB_01_visual.DAE
-- Symlinking: /home/edmund-munene/Documents/Programming-language-basics/Linux/Robotics/AConciseIntroductiontoRobotProgrammingwithROS2/bookros2_ws/install/br2_gazebo_worlds/share/br2_gazebo_worlds/models/aws_robomaker_warehouse_RoofB_01/model.config
-- Symlinking: /home/edmund-munene/Documents/Programming-language-basics/Linux/Robotics/AConciseIntroductiontoRobotProgrammingwithROS2/bookros2_ws/install/br2_gazebo_worlds/share/br2_gazebo_worlds/models/aws_robomaker_warehouse_RoofB_01/model.sdf
-- Symlinking: /home/edmund-munene/Documents/Programming-language-basics/Linux/Robotics/AConciseIntroductiontoRobotProgrammingwithROS2/bookros2_ws/install/br2_gazebo_worlds/share/br2_gazebo_worlds/models/aws_robomaker_warehouse_ShelfD_01/materials/textures/aws_robomaker_warehouse_ShelfD_01.png
-- Symlinking: /home/edmund-munene/Documents/Programming-language-basics/Linux/Robotics/AConciseIntroductiontoRobotProgrammingwithROS2/bookros2_ws/install/br2_gazebo_worlds/share/br2_gazebo_worlds/models/aws_robomaker_warehouse_ShelfD_01/materials/textures/aws_robomaker_warehouse_ShelfD_02.png
-- Symlinking: /home/edmund-munene/Documents/Programming-language-basics/Linux/Robotics/AConciseIntroductiontoRobotProgrammingwithROS2/bookros2_ws/install/br2_gazebo_worlds/share/br2_gazebo_worlds/models/aws_robomaker_warehouse_ShelfD_01/materials/textures/aws_robomaker_warehouse_ShelfD_03.png
-- Symlinking: /home/edmund-munene/Documents/Programming-language-basics/Linux/Robotics/AConciseIntroductiontoRobotProgrammingwithROS2/bookros2_ws/install/br2_gazebo_worlds/share/br2_gazebo_worlds/models/aws_robomaker_warehouse_ShelfD_01/materials/textures/aws_robomaker_warehouse_ShelfD_04.png
-- Symlinking: /home/edmund-munene/Documents/Programming-language-basics/Linux/Robotics/AConciseIntroductiontoRobotProgrammingwithROS2/bookros2_ws/install/br2_gazebo_worlds/share/br2_gazebo_worlds/models/aws_robomaker_warehouse_ShelfD_01/meshes/aws_robomaker_warehouse_ShelfD_01_collision.DAE
-- Symlinking: /home/edmund-munene/Documents/Programming-language-basics/Linux/Robotics/AConciseIntroductiontoRobotProgrammingwithROS2/bookros2_ws/install/br2_gazebo_worlds/share/br2_gazebo_worlds/models/aws_robomaker_warehouse_ShelfD_01/meshes/aws_robomaker_warehouse_ShelfD_01_visual.DAE
-- Symlinking: /home/edmund-munene/Documents/Programming-language-basics/Linux/Robotics/AConciseIntroductiontoRobotProgrammingwithROS2/bookros2_ws/install/br2_gazebo_worlds/share/br2_gazebo_worlds/models/aws_robomaker_warehouse_ShelfD_01/model.config
-- Symlinking: /home/edmund-munene/Documents/Programming-language-basics/Linux/Robotics/AConciseIntroductiontoRobotProgrammingwithROS2/bookros2_ws/install/br2_gazebo_worlds/share/br2_gazebo_worlds/models/aws_robomaker_warehouse_ShelfD_01/model.sdf
-- Symlinking: /home/edmund-munene/Documents/Programming-language-basics/Linux/Robotics/AConciseIntroductiontoRobotProgrammingwithROS2/bookros2_ws/install/br2_gazebo_worlds/share/br2_gazebo_worlds/models/aws_robomaker_warehouse_ShelfE_01/.DS_Store
-- Symlinking: /home/edmund-munene/Documents/Programming-language-basics/Linux/Robotics/AConciseIntroductiontoRobotProgrammingwithROS2/bookros2_ws/install/br2_gazebo_worlds/share/br2_gazebo_worlds/models/aws_robomaker_warehouse_ShelfE_01/materials/.DS_Store
-- Symlinking: /home/edmund-munene/Documents/Programming-language-basics/Linux/Robotics/AConciseIntroductiontoRobotProgrammingwithROS2/bookros2_ws/install/br2_gazebo_worlds/share/br2_gazebo_worlds/models/aws_robomaker_warehouse_ShelfE_01/materials/textures/aws_robomaker_warehouse_ShelfE_01.png
-- Symlinking: /home/edmund-munene/Documents/Programming-language-basics/Linux/Robotics/AConciseIntroductiontoRobotProgrammingwithROS2/bookros2_ws/install/br2_gazebo_worlds/share/br2_gazebo_worlds/models/aws_robomaker_warehouse_ShelfE_01/materials/textures/aws_robomaker_warehouse_ShelfE_02.png
-- Symlinking: /home/edmund-munene/Documents/Programming-language-basics/Linux/Robotics/AConciseIntroductiontoRobotProgrammingwithROS2/bookros2_ws/install/br2_gazebo_worlds/share/br2_gazebo_worlds/models/aws_robomaker_warehouse_ShelfE_01/materials/textures/aws_robomaker_warehouse_ShelfE_03.png
-- Symlinking: /home/edmund-munene/Documents/Programming-language-basics/Linux/Robotics/AConciseIntroductiontoRobotProgrammingwithROS2/bookros2_ws/install/br2_gazebo_worlds/share/br2_gazebo_worlds/models/aws_robomaker_warehouse_ShelfE_01/materials/textures/aws_robomaker_warehouse_ShelfE_04.png
-- Symlinking: /home/edmund-munene/Documents/Programming-language-basics/Linux/Robotics/AConciseIntroductiontoRobotProgrammingwithROS2/bookros2_ws/install/br2_gazebo_worlds/share/br2_gazebo_worlds/models/aws_robomaker_warehouse_ShelfE_01/meshes/aws_robomaker_warehouse_ShelfE_01_collision.DAE
-- Symlinking: /home/edmund-munene/Documents/Programming-language-basics/Linux/Robotics/AConciseIntroductiontoRobotProgrammingwithROS2/bookros2_ws/install/br2_gazebo_worlds/share/br2_gazebo_worlds/models/aws_robomaker_warehouse_ShelfE_01/meshes/aws_robomaker_warehouse_ShelfE_01_visual.DAE
-- Symlinking: /home/edmund-munene/Documents/Programming-language-basics/Linux/Robotics/AConciseIntroductiontoRobotProgrammingwithROS2/bookros2_ws/install/br2_gazebo_worlds/share/br2_gazebo_worlds/models/aws_robomaker_warehouse_ShelfE_01/model.config
-- Symlinking: /home/edmund-munene/Documents/Programming-language-basics/Linux/Robotics/AConciseIntroductiontoRobotProgrammingwithROS2/bookros2_ws/install/br2_gazebo_worlds/share/br2_gazebo_worlds/models/aws_robomaker_warehouse_ShelfE_01/model.sdf
-- Symlinking: /home/edmund-munene/Documents/Programming-language-basics/Linux/Robotics/AConciseIntroductiontoRobotProgrammingwithROS2/bookros2_ws/install/br2_gazebo_worlds/share/br2_gazebo_worlds/models/aws_robomaker_warehouse_ShelfF_01/materials/textures/aws_robomaker_warehouse_ShelfF_01.png
-- Symlinking: /home/edmund-munene/Documents/Programming-language-basics/Linux/Robotics/AConciseIntroductiontoRobotProgrammingwithROS2/bookros2_ws/install/br2_gazebo_worlds/share/br2_gazebo_worlds/models/aws_robomaker_warehouse_ShelfF_01/materials/textures/aws_robomaker_warehouse_ShelfF_02.png
-- Symlinking: /home/edmund-munene/Documents/Programming-language-basics/Linux/Robotics/AConciseIntroductiontoRobotProgrammingwithROS2/bookros2_ws/install/br2_gazebo_worlds/share/br2_gazebo_worlds/models/aws_robomaker_warehouse_ShelfF_01/materials/textures/aws_robomaker_warehouse_ShelfF_03.png
-- Symlinking: /home/edmund-munene/Documents/Programming-language-basics/Linux/Robotics/AConciseIntroductiontoRobotProgrammingwithROS2/bookros2_ws/install/br2_gazebo_worlds/share/br2_gazebo_worlds/models/aws_robomaker_warehouse_ShelfF_01/meshes/aws_robomaker_warehouse_ShelfF_01_collision.DAE
-- Symlinking: /home/edmund-munene/Documents/Programming-language-basics/Linux/Robotics/AConciseIntroductiontoRobotProgrammingwithROS2/bookros2_ws/install/br2_gazebo_worlds/share/br2_gazebo_worlds/models/aws_robomaker_warehouse_ShelfF_01/meshes/aws_robomaker_warehouse_ShelfF_01_visual.DAE
-- Symlinking: /home/edmund-munene/Documents/Programming-language-basics/Linux/Robotics/AConciseIntroductiontoRobotProgrammingwithROS2/bookros2_ws/install/br2_gazebo_worlds/share/br2_gazebo_worlds/models/aws_robomaker_warehouse_ShelfF_01/model.config
-- Symlinking: /home/edmund-munene/Documents/Programming-language-basics/Linux/Robotics/AConciseIntroductiontoRobotProgrammingwithROS2/bookros2_ws/install/br2_gazebo_worlds/share/br2_gazebo_worlds/models/aws_robomaker_warehouse_ShelfF_01/model.sdf
-- Symlinking: /home/edmund-munene/Documents/Programming-language-basics/Linux/Robotics/AConciseIntroductiontoRobotProgrammingwithROS2/bookros2_ws/install/br2_gazebo_worlds/share/br2_gazebo_worlds/models/aws_robomaker_warehouse_TrashCanC_01/materials/textures/aws_robomaker_warehouse_TrashCanC_01.png
-- Symlinking: /home/edmund-munene/Documents/Programming-language-basics/Linux/Robotics/AConciseIntroductiontoRobotProgrammingwithROS2/bookros2_ws/install/br2_gazebo_worlds/share/br2_gazebo_worlds/models/aws_robomaker_warehouse_TrashCanC_01/meshes/aws_robomaker_warehouse_TrashCanC_01_collision.DAE
-- Symlinking: /home/edmund-munene/Documents/Programming-language-basics/Linux/Robotics/AConciseIntroductiontoRobotProgrammingwithROS2/bookros2_ws/install/br2_gazebo_worlds/share/br2_gazebo_worlds/models/aws_robomaker_warehouse_TrashCanC_01/meshes/aws_robomaker_warehouse_TrashCanC_01_visual.DAE
-- Symlinking: /home/edmund-munene/Documents/Programming-language-basics/Linux/Robotics/AConciseIntroductiontoRobotProgrammingwithROS2/bookros2_ws/install/br2_gazebo_worlds/share/br2_gazebo_worlds/models/aws_robomaker_warehouse_TrashCanC_01/model.config
-- Symlinking: /home/edmund-munene/Documents/Programming-language-basics/Linux/Robotics/AConciseIntroductiontoRobotProgrammingwithROS2/bookros2_ws/install/br2_gazebo_worlds/share/br2_gazebo_worlds/models/aws_robomaker_warehouse_TrashCanC_01/model.sdf
-- Symlinking: /home/edmund-munene/Documents/Programming-language-basics/Linux/Robotics/AConciseIntroductiontoRobotProgrammingwithROS2/bookros2_ws/install/br2_gazebo_worlds/share/br2_gazebo_worlds/models/aws_robomaker_warehouse_WallB_01/materials/textures/aws_robomaker_warehouse_WallB_01.png
-- Symlinking: /home/edmund-munene/Documents/Programming-language-basics/Linux/Robotics/AConciseIntroductiontoRobotProgrammingwithROS2/bookros2_ws/install/br2_gazebo_worlds/share/br2_gazebo_worlds/models/aws_robomaker_warehouse_WallB_01/meshes/aws_robomaker_warehouse_WallB_01_collision.DAE
-- Symlinking: /home/edmund-munene/Documents/Programming-language-basics/Linux/Robotics/AConciseIntroductiontoRobotProgrammingwithROS2/bookros2_ws/install/br2_gazebo_worlds/share/br2_gazebo_worlds/models/aws_robomaker_warehouse_WallB_01/meshes/aws_robomaker_warehouse_WallB_01_visual.DAE
-- Symlinking: /home/edmund-munene/Documents/Programming-language-basics/Linux/Robotics/AConciseIntroductiontoRobotProgrammingwithROS2/bookros2_ws/install/br2_gazebo_worlds/share/br2_gazebo_worlds/models/aws_robomaker_warehouse_WallB_01/model.config
-- Symlinking: /home/edmund-munene/Documents/Programming-language-basics/Linux/Robotics/AConciseIntroductiontoRobotProgrammingwithROS2/bookros2_ws/install/br2_gazebo_worlds/share/br2_gazebo_worlds/models/aws_robomaker_warehouse_WallB_01/model.sdf
-- Symlinking: /home/edmund-munene/Documents/Programming-language-basics/Linux/Robotics/AConciseIntroductiontoRobotProgrammingwithROS2/bookros2_ws/install/br2_gazebo_worlds/share/br2_gazebo_worlds/models/cube_1/materials/textures/number1.png
-- Symlinking: /home/edmund-munene/Documents/Programming-language-basics/Linux/Robotics/AConciseIntroductiontoRobotProgrammingwithROS2/bookros2_ws/install/br2_gazebo_worlds/share/br2_gazebo_worlds/models/cube_1/meshes/cube_1.mtl
-- Symlinking: /home/edmund-munene/Documents/Programming-language-basics/Linux/Robotics/AConciseIntroductiontoRobotProgrammingwithROS2/bookros2_ws/install/br2_gazebo_worlds/share/br2_gazebo_worlds/models/cube_1/meshes/cube_1.obj
-- Symlinking: /home/edmund-munene/Documents/Programming-language-basics/Linux/Robotics/AConciseIntroductiontoRobotProgrammingwithROS2/bookros2_ws/install/br2_gazebo_worlds/share/br2_gazebo_worlds/models/cube_1/model.config
-- Symlinking: /home/edmund-munene/Documents/Programming-language-basics/Linux/Robotics/AConciseIntroductiontoRobotProgrammingwithROS2/bookros2_ws/install/br2_gazebo_worlds/share/br2_gazebo_worlds/models/cube_1/model.sdf
-- Symlinking: /home/edmund-munene/Documents/Programming-language-basics/Linux/Robotics/AConciseIntroductiontoRobotProgrammingwithROS2/bookros2_ws/install/br2_gazebo_worlds/share/br2_gazebo_worlds/models/cube_2/materials/textures/number2.png
-- Symlinking: /home/edmund-munene/Documents/Programming-language-basics/Linux/Robotics/AConciseIntroductiontoRobotProgrammingwithROS2/bookros2_ws/install/br2_gazebo_worlds/share/br2_gazebo_worlds/models/cube_2/meshes/cube_2.mtl
-- Symlinking: /home/edmund-munene/Documents/Programming-language-basics/Linux/Robotics/AConciseIntroductiontoRobotProgrammingwithROS2/bookros2_ws/install/br2_gazebo_worlds/share/br2_gazebo_worlds/models/cube_2/meshes/cube_2.obj
-- Symlinking: /home/edmund-munene/Documents/Programming-language-basics/Linux/Robotics/AConciseIntroductiontoRobotProgrammingwithROS2/bookros2_ws/install/br2_gazebo_worlds/share/br2_gazebo_worlds/models/cube_2/model.config
-- Symlinking: /home/edmund-munene/Documents/Programming-language-basics/Linux/Robotics/AConciseIntroductiontoRobotProgrammingwithROS2/bookros2_ws/install/br2_gazebo_worlds/share/br2_gazebo_worlds/models/cube_2/model.sdf
-- Symlinking: /home/edmund-munene/Documents/Programming-language-basics/Linux/Robotics/AConciseIntroductiontoRobotProgrammingwithROS2/bookros2_ws/install/br2_gazebo_worlds/share/br2_gazebo_worlds/models/follow_line/meshes/jarama.dae
-- Symlinking: /home/edmund-munene/Documents/Programming-language-basics/Linux/Robotics/AConciseIntroductiontoRobotProgrammingwithROS2/bookros2_ws/install/br2_gazebo_worlds/share/br2_gazebo_worlds/models/follow_line/meshes/jarama.jpeg
-- Symlinking: /home/edmund-munene/Documents/Programming-language-basics/Linux/Robotics/AConciseIntroductiontoRobotProgrammingwithROS2/bookros2_ws/install/br2_gazebo_worlds/share/br2_gazebo_worlds/models/follow_line/model.config
-- Symlinking: /home/edmund-munene/Documents/Programming-language-basics/Linux/Robotics/AConciseIntroductiontoRobotProgrammingwithROS2/bookros2_ws/install/br2_gazebo_worlds/share/br2_gazebo_worlds/models/follow_line/model.sdf
-- Symlinking: /home/edmund-munene/Documents/Programming-language-basics/Linux/Robotics/AConciseIntroductiontoRobotProgrammingwithROS2/bookros2_ws/install/br2_gazebo_worlds/share/br2_gazebo_worlds/models/ground_plane/model-1_2.sdf
-- Symlinking: /home/edmund-munene/Documents/Programming-language-basics/Linux/Robotics/AConciseIntroductiontoRobotProgrammingwithROS2/bookros2_ws/install/br2_gazebo_worlds/share/br2_gazebo_worlds/models/ground_plane/model-1_3.sdf
-- Symlinking: /home/edmund-munene/Documents/Programming-language-basics/Linux/Robotics/AConciseIntroductiontoRobotProgrammingwithROS2/bookros2_ws/install/br2_gazebo_worlds/share/br2_gazebo_worlds/models/ground_plane/model-1_4.sdf
-- Symlinking: /home/edmund-munene/Documents/Programming-language-basics/Linux/Robotics/AConciseIntroductiontoRobotProgrammingwithROS2/bookros2_ws/install/br2_gazebo_worlds/share/br2_gazebo_worlds/models/ground_plane/model.config
-- Symlinking: /home/edmund-munene/Documents/Programming-language-basics/Linux/Robotics/AConciseIntroductiontoRobotProgrammingwithROS2/bookros2_ws/install/br2_gazebo_worlds/share/br2_gazebo_worlds/models/ground_plane/model.sdf
-- Symlinking: /home/edmund-munene/Documents/Programming-language-basics/Linux/Robotics/AConciseIntroductiontoRobotProgrammingwithROS2/bookros2_ws/install/br2_gazebo_worlds/share/br2_gazebo_worlds/models/movable_coke_can/meshes/coke_can.mtl
-- Symlinking: /home/edmund-munene/Documents/Programming-language-basics/Linux/Robotics/AConciseIntroductiontoRobotProgrammingwithROS2/bookros2_ws/install/br2_gazebo_worlds/share/br2_gazebo_worlds/models/movable_coke_can/meshes/coke_can.obj
-- Symlinking: /home/edmund-munene/Documents/Programming-language-basics/Linux/Robotics/AConciseIntroductiontoRobotProgrammingwithROS2/bookros2_ws/install/br2_gazebo_worlds/share/br2_gazebo_worlds/models/movable_coke_can/meshes/coke_can.png
-- Symlinking: /home/edmund-munene/Documents/Programming-language-basics/Linux/Robotics/AConciseIntroductiontoRobotProgrammingwithROS2/bookros2_ws/install/br2_gazebo_worlds/share/br2_gazebo_worlds/models/movable_coke_can/model.config
-- Symlinking: /home/edmund-munene/Documents/Programming-language-basics/Linux/Robotics/AConciseIntroductiontoRobotProgrammingwithROS2/bookros2_ws/install/br2_gazebo_worlds/share/br2_gazebo_worlds/models/movable_coke_can/model.sdf
-- Symlinking: /home/edmund-munene/Documents/Programming-language-basics/Linux/Robotics/AConciseIntroductiontoRobotProgrammingwithROS2/bookros2_ws/install/br2_gazebo_worlds/share/br2_gazebo_worlds/models/movable_coke_can/thumbnails/1.png
-- Symlinking: /home/edmund-munene/Documents/Programming-language-basics/Linux/Robotics/AConciseIntroductiontoRobotProgrammingwithROS2/bookros2_ws/install/br2_gazebo_worlds/share/br2_gazebo_worlds/models/movable_coke_can/thumbnails/2.png
-- Symlinking: /home/edmund-munene/Documents/Programming-language-basics/Linux/Robotics/AConciseIntroductiontoRobotProgrammingwithROS2/bookros2_ws/install/br2_gazebo_worlds/share/br2_gazebo_worlds/models/movable_coke_can_green/meshes/coke_can.obj
-- Symlinking: /home/edmund-munene/Documents/Programming-language-basics/Linux/Robotics/AConciseIntroductiontoRobotProgrammingwithROS2/bookros2_ws/install/br2_gazebo_worlds/share/br2_gazebo_worlds/models/movable_coke_can_green/meshes/coke_can_green.mtl
-- Symlinking: /home/edmund-munene/Documents/Programming-language-basics/Linux/Robotics/AConciseIntroductiontoRobotProgrammingwithROS2/bookros2_ws/install/br2_gazebo_worlds/share/br2_gazebo_worlds/models/movable_coke_can_green/meshes/coke_can_green.png
-- Symlinking: /home/edmund-munene/Documents/Programming-language-basics/Linux/Robotics/AConciseIntroductiontoRobotProgrammingwithROS2/bookros2_ws/install/br2_gazebo_worlds/share/br2_gazebo_worlds/models/movable_coke_can_green/model.config
-- Symlinking: /home/edmund-munene/Documents/Programming-language-basics/Linux/Robotics/AConciseIntroductiontoRobotProgrammingwithROS2/bookros2_ws/install/br2_gazebo_worlds/share/br2_gazebo_worlds/models/movable_coke_can_green/model.sdf
-- Symlinking: /home/edmund-munene/Documents/Programming-language-basics/Linux/Robotics/AConciseIntroductiontoRobotProgrammingwithROS2/bookros2_ws/install/br2_gazebo_worlds/share/br2_gazebo_worlds/models/shelf_aruco/meshes/Box_paper_04_1_Base_Color31.png
-- Symlinking: /home/edmund-munene/Documents/Programming-language-basics/Linux/Robotics/AConciseIntroductiontoRobotProgrammingwithROS2/bookros2_ws/install/br2_gazebo_worlds/share/br2_gazebo_worlds/models/shelf_aruco/meshes/Box_paper_04_1_Base_Color32.png
-- Symlinking: /home/edmund-munene/Documents/Programming-language-basics/Linux/Robotics/AConciseIntroductiontoRobotProgrammingwithROS2/bookros2_ws/install/br2_gazebo_worlds/share/br2_gazebo_worlds/models/shelf_aruco/meshes/shelf_big_movai.dae
-- Symlinking: /home/edmund-munene/Documents/Programming-language-basics/Linux/Robotics/AConciseIntroductiontoRobotProgrammingwithROS2/bookros2_ws/install/br2_gazebo_worlds/share/br2_gazebo_worlds/models/shelf_aruco/model.config
-- Symlinking: /home/edmund-munene/Documents/Programming-language-basics/Linux/Robotics/AConciseIntroductiontoRobotProgrammingwithROS2/bookros2_ws/install/br2_gazebo_worlds/share/br2_gazebo_worlds/models/shelf_aruco/model.sdf
-- Symlinking: /home/edmund-munene/Documents/Programming-language-basics/Linux/Robotics/AConciseIntroductiontoRobotProgrammingwithROS2/bookros2_ws/install/br2_gazebo_worlds/share/br2_gazebo_worlds/models/shelf_aruco/thumbnails/1.png
-- Symlinking: /home/edmund-munene/Documents/Programming-language-basics/Linux/Robotics/AConciseIntroductiontoRobotProgrammingwithROS2/bookros2_ws/install/br2_gazebo_worlds/share/br2_gazebo_worlds/models/simple_ground_house/model.config
-- Symlinking: /home/edmund-munene/Documents/Programming-language-basics/Linux/Robotics/AConciseIntroductiontoRobotProgrammingwithROS2/bookros2_ws/install/br2_gazebo_worlds/share/br2_gazebo_worlds/models/simple_ground_house/model.sdf
-- Symlinking: /home/edmund-munene/Documents/Programming-language-basics/Linux/Robotics/AConciseIntroductiontoRobotProgrammingwithROS2/bookros2_ws/install/br2_gazebo_worlds/share/br2_gazebo_worlds/models/sun/model-1_2.sdf
-- Symlinking: /home/edmund-munene/Documents/Programming-language-basics/Linux/Robotics/AConciseIntroductiontoRobotProgrammingwithROS2/bookros2_ws/install/br2_gazebo_worlds/share/br2_gazebo_worlds/models/sun/model-1_3.sdf
-- Symlinking: /home/edmund-munene/Documents/Programming-language-basics/Linux/Robotics/AConciseIntroductiontoRobotProgrammingwithROS2/bookros2_ws/install/br2_gazebo_worlds/share/br2_gazebo_worlds/models/sun/model-1_4.sdf
-- Symlinking: /home/edmund-munene/Documents/Programming-language-basics/Linux/Robotics/AConciseIntroductiontoRobotProgrammingwithROS2/bookros2_ws/install/br2_gazebo_worlds/share/br2_gazebo_worlds/models/sun/model.config
-- Symlinking: /home/edmund-munene/Documents/Programming-language-basics/Linux/Robotics/AConciseIntroductiontoRobotProgrammingwithROS2/bookros2_ws/install/br2_gazebo_worlds/share/br2_gazebo_worlds/models/sun/model.sdf
-- Symlinking: /home/edmund-munene/Documents/Programming-language-basics/Linux/Robotics/AConciseIntroductiontoRobotProgrammingwithROS2/bookros2_ws/install/br2_gazebo_worlds/share/br2_gazebo_worlds/worlds/empty.world
-- Symlinking: /home/edmund-munene/Documents/Programming-language-basics/Linux/Robotics/AConciseIntroductiontoRobotProgrammingwithROS2/bookros2_ws/install/br2_gazebo_worlds/share/br2_gazebo_worlds/worlds/follow_line.world
-- Symlinking: /home/edmund-munene/Documents/Programming-language-basics/Linux/Robotics/AConciseIntroductiontoRobotProgrammingwithROS2/bookros2_ws/install/br2_gazebo_worlds/share/br2_gazebo_worlds/worlds/house.world
-- Symlinking: /home/edmund-munene/Documents/Programming-language-basics/Linux/Robotics/AConciseIntroductiontoRobotProgrammingwithROS2/bookros2_ws/install/br2_gazebo_worlds/share/br2_gazebo_worlds/worlds/house_pick_and_place.world
-- Symlinking: /home/edmund-munene/Documents/Programming-language-basics/Linux/Robotics/AConciseIntroductiontoRobotProgrammingwithROS2/bookros2_ws/install/br2_gazebo_worlds/share/br2_gazebo_worlds/worlds/pick_and_place.world
-- Symlinking: /home/edmund-munene/Documents/Programming-language-basics/Linux/Robotics/AConciseIntroductiontoRobotProgrammingwithROS2/bookros2_ws/install/br2_gazebo_worlds/share/ament_index/resource_index/package_run_dependencies/br2_gazebo_worlds
-- Symlinking: /home/edmund-munene/Documents/Programming-language-basics/Linux/Robotics/AConciseIntroductiontoRobotProgrammingwithROS2/bookros2_ws/install/br2_gazebo_worlds/share/ament_index/resource_index/parent_prefix_path/br2_gazebo_worlds
-- Symlinking: /home/edmund-munene/Documents/Programming-language-basics/Linux/Robotics/AConciseIntroductiontoRobotProgrammingwithROS2/bookros2_ws/install/br2_gazebo_worlds/share/br2_gazebo_worlds/environment/ament_prefix_path.sh
-- Symlinking: /home/edmund-munene/Documents/Programming-language-basics/Linux/Robotics/AConciseIntroductiontoRobotProgrammingwithROS2/bookros2_ws/install/br2_gazebo_worlds/share/br2_gazebo_worlds/environment/ament_prefix_path.dsv
-- Symlinking: /home/edmund-munene/Documents/Programming-language-basics/Linux/Robotics/AConciseIntroductiontoRobotProgrammingwithROS2/bookros2_ws/install/br2_gazebo_worlds/share/br2_gazebo_worlds/environment/path.sh
-- Symlinking: /home/edmund-munene/Documents/Programming-language-basics/Linux/Robotics/AConciseIntroductiontoRobotProgrammingwithROS2/bookros2_ws/install/br2_gazebo_worlds/share/br2_gazebo_worlds/environment/path.dsv
-- Symlinking: /home/edmund-munene/Documents/Programming-language-basics/Linux/Robotics/AConciseIntroductiontoRobotProgrammingwithROS2/bookros2_ws/install/br2_gazebo_worlds/share/br2_gazebo_worlds/local_setup.bash
-- Symlinking: /home/edmund-munene/Documents/Programming-language-basics/Linux/Robotics/AConciseIntroductiontoRobotProgrammingwithROS2/bookros2_ws/install/br2_gazebo_worlds/share/br2_gazebo_worlds/local_setup.sh
-- Symlinking: /home/edmund-munene/Documents/Programming-language-basics/Linux/Robotics/AConciseIntroductiontoRobotProgrammingwithROS2/bookros2_ws/install/br2_gazebo_worlds/share/br2_gazebo_worlds/local_setup.zsh
-- Symlinking: /home/edmund-munene/Documents/Programming-language-basics/Linux/Robotics/AConciseIntroductiontoRobotProgrammingwithROS2/bookros2_ws/install/br2_gazebo_worlds/share/br2_gazebo_worlds/local_setup.dsv
-- Symlinking: /home/edmund-munene/Documents/Programming-language-basics/Linux/Robotics/AConciseIntroductiontoRobotProgrammingwithROS2/bookros2_ws/install/br2_gazebo_worlds/share/br2_gazebo_worlds/package.dsv
-- Symlinking: /home/edmund-munene/Documents/Programming-language-basics/Linux/Robotics/AConciseIntroductiontoRobotProgrammingwithROS2/bookros2_ws/install/br2_gazebo_worlds/share/ament_index/resource_index/packages/br2_gazebo_worlds
-- Symlinking: /home/edmund-munene/Documents/Programming-language-basics/Linux/Robotics/AConciseIntroductiontoRobotProgrammingwithROS2/bookros2_ws/install/br2_gazebo_worlds/share/br2_gazebo_worlds/cmake/br2_gazebo_worldsConfig.cmake
-- Symlinking: /home/edmund-munene/Documents/Programming-language-basics/Linux/Robotics/AConciseIntroductiontoRobotProgrammingwithROS2/bookros2_ws/install/br2_gazebo_worlds/share/br2_gazebo_worlds/cmake/br2_gazebo_worldsConfig-version.cmake
-- Symlinking: /home/edmund-munene/Documents/Programming-language-basics/Linux/Robotics/AConciseIntroductiontoRobotProgrammingwithROS2/bookros2_ws/install/br2_gazebo_worlds/share/br2_gazebo_worlds/package.xml
