[0.075s] Invoking command in '/home/edmund-munene/Documents/Programming-language-basics/Linux/Robotics/AConciseIntroductiontoRobotProgrammingwithROS2/bookros2_ws/build/br2_gazebo_worlds': CMAKE_PREFIX_PATH=${CMAKE_PREFIX_PATH}:/opt/ros/jazzy DEBUGINFOD_URLS=https://debuginfod.ubuntu.com /usr/bin/cmake /home/edmund-munene/Documents/Programming-language-basics/Linux/Robotics/AConciseIntroductiontoRobotProgrammingwithROS2/bookros2_ws/src/ThirdParty/br2_gazebo_worlds -DAMENT_CMAKE_SYMLINK_INSTALL=1 -DCMAKE_INSTALL_PREFIX=/home/edmund-munene/Documents/Programming-language-basics/Linux/Robotics/AConciseIntroductiontoRobotProgrammingwithROS2/bookros2_ws/install/br2_gazebo_worlds
[3.826s] -- The C compiler identification is GNU 13.3.0
[3.826s] -- The CXX compiler identification is GNU 13.3.0
[3.826s] -- Detecting C compiler ABI info
[3.826s] -- Detecting C compiler ABI info - done
[3.827s] -- Check for working C compiler: /usr/bin/cc - skipped
[3.827s] -- Detecting C compile features
[3.827s] -- Detecting C compile features - done
[3.827s] -- Detecting CXX compiler ABI info
[3.827s] -- Detecting CXX compiler ABI info - done
[3.827s] -- Check for working CXX compiler: /usr/bin/c++ - skipped
[3.828s] -- Detecting CXX compile features
[3.828s] -- Detecting CXX compile features - done
[3.828s] -- Found ament_cmake_auto: 2.5.6 (/opt/ros/jazzy/share/ament_cmake_auto/cmake)
[3.833s] [0mCMake Deprecation Warning at CMakeLists.txt:1 (cmake_minimum_required):
[3.833s]   Compatibility with CMake < 3.5 will be removed from a future version of
[3.833s]   CMake.
[3.833s] 
[3.834s]   Update the VERSION argument <min> value or use a ...<max> suffix to tell
[3.834s]   CMake that the project does not need compatibility with older versions.
[3.834s] 
[3.836s] [0m
[4.139s] -- Found Python3: /usr/bin/python3 (found version "3.12.3") found components: Interpreter 
[4.938s] -- Override CMake install command with custom implementation using symlinks instead of copying resources
[5.417s] -- Found ament_lint_auto: 0.17.5 (/opt/ros/jazzy/share/ament_lint_auto/cmake)
[6.338s] -- Added test 'copyright' to check source files copyright and LICENSE
[7.452s] -- Added test 'flake8' to check Python code syntax and style conventions
[7.452s] -- Configured 'flake8' exclude dirs and/or files: 
[7.601s] -- Added test 'lint_cmake' to check CMake code style
[7.687s] -- Added test 'pep257' to check Python code against some of the docstring style conventions in PEP 257
[8.320s] -- Added test 'xmllint' to check XML markup files
[8.352s] -- Configuring done (8.2s)
[8.378s] -- Generating done (0.0s)
[8.398s] -- Build files have been written to: /home/edmund-munene/Documents/Programming-language-basics/Linux/Robotics/AConciseIntroductiontoRobotProgrammingwithROS2/bookros2_ws/build/br2_gazebo_worlds
[8.439s] Invoked command in '/home/edmund-munene/Documents/Programming-language-basics/Linux/Robotics/AConciseIntroductiontoRobotProgrammingwithROS2/bookros2_ws/build/br2_gazebo_worlds' returned '0': CMAKE_PREFIX_PATH=${CMAKE_PREFIX_PATH}:/opt/ros/jazzy DEBUGINFOD_URLS=https://debuginfod.ubuntu.com /usr/bin/cmake /home/edmund-munene/Documents/Programming-language-basics/Linux/Robotics/AConciseIntroductiontoRobotProgrammingwithROS2/bookros2_ws/src/ThirdParty/br2_gazebo_worlds -DAMENT_CMAKE_SYMLINK_INSTALL=1 -DCMAKE_INSTALL_PREFIX=/home/edmund-munene/Documents/Programming-language-basics/Linux/Robotics/AConciseIntroductiontoRobotProgrammingwithROS2/bookros2_ws/install/br2_gazebo_worlds
[8.440s] Invoking command in '/home/edmund-munene/Documents/Programming-language-basics/Linux/Robotics/AConciseIntroductiontoRobotProgrammingwithROS2/bookros2_ws/build/br2_gazebo_worlds': CMAKE_PREFIX_PATH=${CMAKE_PREFIX_PATH}:/opt/ros/jazzy DEBUGINFOD_URLS=https://debuginfod.ubuntu.com /usr/bin/cmake --build /home/edmund-munene/Documents/Programming-language-basics/Linux/Robotics/AConciseIntroductiontoRobotProgrammingwithROS2/bookros2_ws/build/br2_gazebo_worlds -- -j12 -l12
[12.694s] Invoked command in '/home/edmund-munene/Documents/Programming-language-basics/Linux/Robotics/AConciseIntroductiontoRobotProgrammingwithROS2/bookros2_ws/build/br2_gazebo_worlds' returned '0': CMAKE_PREFIX_PATH=${CMAKE_PREFIX_PATH}:/opt/ros/jazzy DEBUGINFOD_URLS=https://debuginfod.ubuntu.com /usr/bin/cmake --build /home/edmund-munene/Documents/Programming-language-basics/Linux/Robotics/AConciseIntroductiontoRobotProgrammingwithROS2/bookros2_ws/build/br2_gazebo_worlds -- -j12 -l12
[12.694s] Invoking command in '/home/edmund-munene/Documents/Programming-language-basics/Linux/Robotics/AConciseIntroductiontoRobotProgrammingwithROS2/bookros2_ws/build/br2_gazebo_worlds': CMAKE_PREFIX_PATH=${CMAKE_PREFIX_PATH}:/opt/ros/jazzy DEBUGINFOD_URLS=https://debuginfod.ubuntu.com /usr/bin/cmake --install /home/edmund-munene/Documents/Programming-language-basics/Linux/Robotics/AConciseIntroductiontoRobotProgrammingwithROS2/bookros2_ws/build/br2_gazebo_worlds
[15.286s] -- Install configuration: ""
[15.286s] -- Execute custom install script
[15.286s] -- Symlinking: /home/edmund-munene/Documents/Programming-language-basics/Linux/Robotics/AConciseIntroductiontoRobotProgrammingwithROS2/bookros2_ws/install/br2_gazebo_worlds/share/br2_gazebo_worlds/config/gazebo_params.yaml
[15.286s] -- Symlinking: /home/edmund-munene/Documents/Programming-language-basics/Linux/Robotics/AConciseIntroductiontoRobotProgrammingwithROS2/bookros2_ws/install/br2_gazebo_worlds/share/br2_gazebo_worlds/launch/br2_gazebo.launch.py
[15.286s] -- Symlinking: /home/edmund-munene/Documents/Programming-language-basics/Linux/Robotics/AConciseIntroductiontoRobotProgrammingwithROS2/bookros2_ws/install/br2_gazebo_worlds/share/br2_gazebo_worlds/models/TrashBin/meshes/TrashBin.mtl
[15.286s] -- Symlinking: /home/edmund-munene/Documents/Programming-language-basics/Linux/Robotics/AConciseIntroductiontoRobotProgrammingwithROS2/bookros2_ws/install/br2_gazebo_worlds/share/br2_gazebo_worlds/models/TrashBin/meshes/TrashBin.obj
[15.286s] -- Symlinking: /home/edmund-munene/Documents/Programming-language-basics/Linux/Robotics/AConciseIntroductiontoRobotProgrammingwithROS2/bookros2_ws/install/br2_gazebo_worlds/share/br2_gazebo_worlds/models/TrashBin/meshes/TrashBin_Diffuse.png
[15.287s] -- Symlinking: /home/edmund-munene/Documents/Programming-language-basics/Linux/Robotics/AConciseIntroductiontoRobotProgrammingwithROS2/bookros2_ws/install/br2_gazebo_worlds/share/br2_gazebo_worlds/models/TrashBin/model.config
[15.287s] -- Symlinking: /home/edmund-munene/Documents/Programming-language-basics/Linux/Robotics/AConciseIntroductiontoRobotProgrammingwithROS2/bookros2_ws/install/br2_gazebo_worlds/share/br2_gazebo_worlds/models/TrashBin/model.sdf
[15.287s] -- Symlinking: /home/edmund-munene/Documents/Programming-language-basics/Linux/Robotics/AConciseIntroductiontoRobotProgrammingwithROS2/bookros2_ws/install/br2_gazebo_worlds/share/br2_gazebo_worlds/models/TrashBin/thumbnails/1.png
[15.287s] -- Symlinking: /home/edmund-munene/Documents/Programming-language-basics/Linux/Robotics/AConciseIntroductiontoRobotProgrammingwithROS2/bookros2_ws/install/br2_gazebo_worlds/share/br2_gazebo_worlds/models/TrashBin/thumbnails/2.png
[15.287s] -- Symlinking: /home/edmund-munene/Documents/Programming-language-basics/Linux/Robotics/AConciseIntroductiontoRobotProgrammingwithROS2/bookros2_ws/install/br2_gazebo_worlds/share/br2_gazebo_worlds/models/TrashBin/thumbnails/3.png
[15.287s] -- Symlinking: /home/edmund-munene/Documents/Programming-language-basics/Linux/Robotics/AConciseIntroductiontoRobotProgrammingwithROS2/bookros2_ws/install/br2_gazebo_worlds/share/br2_gazebo_worlds/models/TrashBin/thumbnails/4.png
[15.287s] -- Symlinking: /home/edmund-munene/Documents/Programming-language-basics/Linux/Robotics/AConciseIntroductiontoRobotProgrammingwithROS2/bookros2_ws/install/br2_gazebo_worlds/share/br2_gazebo_worlds/models/TrashBin/thumbnails/5.png
[15.287s] -- Symlinking: /home/edmund-munene/Documents/Programming-language-basics/Linux/Robotics/AConciseIntroductiontoRobotProgrammingwithROS2/bookros2_ws/install/br2_gazebo_worlds/share/br2_gazebo_worlds/models/aruco_cube_60/materials/textures/60.jpg
[15.287s] -- Symlinking: /home/edmund-munene/Documents/Programming-language-basics/Linux/Robotics/AConciseIntroductiontoRobotProgrammingwithROS2/bookros2_ws/install/br2_gazebo_worlds/share/br2_gazebo_worlds/models/aruco_cube_60/meshes/aruco_cube_60.mtl
[15.288s] -- Symlinking: /home/edmund-munene/Documents/Programming-language-basics/Linux/Robotics/AConciseIntroductiontoRobotProgrammingwithROS2/bookros2_ws/install/br2_gazebo_worlds/share/br2_gazebo_worlds/models/aruco_cube_60/meshes/aruco_cube_60.obj
[15.288s] -- Symlinking: /home/edmund-munene/Documents/Programming-language-basics/Linux/Robotics/AConciseIntroductiontoRobotProgrammingwithROS2/bookros2_ws/install/br2_gazebo_worlds/share/br2_gazebo_worlds/models/aruco_cube_60/model.config
[15.288s] -- Symlinking: /home/edmund-munene/Documents/Programming-language-basics/Linux/Robotics/AConciseIntroductiontoRobotProgrammingwithROS2/bookros2_ws/install/br2_gazebo_worlds/share/br2_gazebo_worlds/models/aruco_cube_60/model.sdf
[15.295s] -- Symlinking: /home/edmund-munene/Documents/Programming-language-basics/Linux/Robotics/AConciseIntroductiontoRobotProgrammingwithROS2/bookros2_ws/install/br2_gazebo_worlds/share/br2_gazebo_worlds/models/aruco_cube_60/thumbnails/1.png
[15.296s] -- Symlinking: /home/edmund-munene/Documents/Programming-language-basics/Linux/Robotics/AConciseIntroductiontoRobotProgrammingwithROS2/bookros2_ws/install/br2_gazebo_worlds/share/br2_gazebo_worlds/models/aruco_cube_80/materials/textures/80.jpg
[15.296s] -- Symlinking: /home/edmund-munene/Documents/Programming-language-basics/Linux/Robotics/AConciseIntroductiontoRobotProgrammingwithROS2/bookros2_ws/install/br2_gazebo_worlds/share/br2_gazebo_worlds/models/aruco_cube_80/meshes/aruco_cube_80.mtl
[15.296s] -- Symlinking: /home/edmund-munene/Documents/Programming-language-basics/Linux/Robotics/AConciseIntroductiontoRobotProgrammingwithROS2/bookros2_ws/install/br2_gazebo_worlds/share/br2_gazebo_worlds/models/aruco_cube_80/meshes/aruco_cube_80.obj
[15.296s] -- Symlinking: /home/edmund-munene/Documents/Programming-language-basics/Linux/Robotics/AConciseIntroductiontoRobotProgrammingwithROS2/bookros2_ws/install/br2_gazebo_worlds/share/br2_gazebo_worlds/models/aruco_cube_80/model.config
[15.296s] -- Symlinking: /home/edmund-munene/Documents/Programming-language-basics/Linux/Robotics/AConciseIntroductiontoRobotProgrammingwithROS2/bookros2_ws/install/br2_gazebo_worlds/share/br2_gazebo_worlds/models/aruco_cube_80/model.sdf
[15.296s] -- Symlinking: /home/edmund-munene/Documents/Programming-language-basics/Linux/Robotics/AConciseIntroductiontoRobotProgrammingwithROS2/bookros2_ws/install/br2_gazebo_worlds/share/br2_gazebo_worlds/models/aruco_cube_80/thumbnails/1.png
[15.296s] -- Symlinking: /home/edmund-munene/Documents/Programming-language-basics/Linux/Robotics/AConciseIntroductiontoRobotProgrammingwithROS2/bookros2_ws/install/br2_gazebo_worlds/share/br2_gazebo_worlds/models/aruco_tag_100/materials/textures/100.jpg
[15.296s] -- Symlinking: /home/edmund-munene/Documents/Programming-language-basics/Linux/Robotics/AConciseIntroductiontoRobotProgrammingwithROS2/bookros2_ws/install/br2_gazebo_worlds/share/br2_gazebo_worlds/models/aruco_tag_100/meshes/aruco_tag_100.mtl
[15.297s] -- Symlinking: /home/edmund-munene/Documents/Programming-language-basics/Linux/Robotics/AConciseIntroductiontoRobotProgrammingwithROS2/bookros2_ws/install/br2_gazebo_worlds/share/br2_gazebo_worlds/models/aruco_tag_100/meshes/aruco_tag_100.obj
[15.297s] -- Symlinking: /home/edmund-munene/Documents/Programming-language-basics/Linux/Robotics/AConciseIntroductiontoRobotProgrammingwithROS2/bookros2_ws/install/br2_gazebo_worlds/share/br2_gazebo_worlds/models/aruco_tag_100/model.config
[15.297s] -- Symlinking: /home/edmund-munene/Documents/Programming-language-basics/Linux/Robotics/AConciseIntroductiontoRobotProgrammingwithROS2/bookros2_ws/install/br2_gazebo_worlds/share/br2_gazebo_worlds/models/aruco_tag_100/model.sdf
[15.297s] -- Symlinking: /home/edmund-munene/Documents/Programming-language-basics/Linux/Robotics/AConciseIntroductiontoRobotProgrammingwithROS2/bookros2_ws/install/br2_gazebo_worlds/share/br2_gazebo_worlds/models/aruco_tag_110/materials/textures/110.jpg
[15.297s] -- Symlinking: /home/edmund-munene/Documents/Programming-language-basics/Linux/Robotics/AConciseIntroductiontoRobotProgrammingwithROS2/bookros2_ws/install/br2_gazebo_worlds/share/br2_gazebo_worlds/models/aruco_tag_110/meshes/aruco_tag_110.mtl
[15.297s] -- Symlinking: /home/edmund-munene/Documents/Programming-language-basics/Linux/Robotics/AConciseIntroductiontoRobotProgrammingwithROS2/bookros2_ws/install/br2_gazebo_worlds/share/br2_gazebo_worlds/models/aruco_tag_110/meshes/aruco_tag_110.obj
[15.297s] -- Symlinking: /home/edmund-munene/Documents/Programming-language-basics/Linux/Robotics/AConciseIntroductiontoRobotProgrammingwithROS2/bookros2_ws/install/br2_gazebo_worlds/share/br2_gazebo_worlds/models/aruco_tag_110/model.config
[15.301s] -- Symlinking: /home/edmund-munene/Documents/Programming-language-basics/Linux/Robotics/AConciseIntroductiontoRobotProgrammingwithROS2/bookros2_ws/install/br2_gazebo_worlds/share/br2_gazebo_worlds/models/aruco_tag_110/model.sdf
[15.301s] -- Symlinking: /home/edmund-munene/Documents/Programming-language-basics/Linux/Robotics/AConciseIntroductiontoRobotProgrammingwithROS2/bookros2_ws/install/br2_gazebo_worlds/share/br2_gazebo_worlds/models/aruco_tag_124/materials/textures/124.jpg
[15.301s] -- Symlinking: /home/edmund-munene/Documents/Programming-language-basics/Linux/Robotics/AConciseIntroductiontoRobotProgrammingwithROS2/bookros2_ws/install/br2_gazebo_worlds/share/br2_gazebo_worlds/models/aruco_tag_124/meshes/aruco_tag_124.mtl
[15.302s] -- Symlinking: /home/edmund-munene/Documents/Programming-language-basics/Linux/Robotics/AConciseIntroductiontoRobotProgrammingwithROS2/bookros2_ws/install/br2_gazebo_worlds/share/br2_gazebo_worlds/models/aruco_tag_124/meshes/aruco_tag_124.obj
[15.302s] -- Symlinking: /home/edmund-munene/Documents/Programming-language-basics/Linux/Robotics/AConciseIntroductiontoRobotProgrammingwithROS2/bookros2_ws/install/br2_gazebo_worlds/share/br2_gazebo_worlds/models/aruco_tag_124/model.config
[15.302s] -- Symlinking: /home/edmund-munene/Documents/Programming-language-basics/Linux/Robotics/AConciseIntroductiontoRobotProgrammingwithROS2/bookros2_ws/install/br2_gazebo_worlds/share/br2_gazebo_worlds/models/aruco_tag_124/model.sdf
[15.302s] -- Symlinking: /home/edmund-munene/Documents/Programming-language-basics/Linux/Robotics/AConciseIntroductiontoRobotProgrammingwithROS2/bookros2_ws/install/br2_gazebo_worlds/share/br2_gazebo_worlds/models/aruco_tag_30/materials/textures/30.jpg
[15.302s] -- Symlinking: /home/edmund-munene/Documents/Programming-language-basics/Linux/Robotics/AConciseIntroductiontoRobotProgrammingwithROS2/bookros2_ws/install/br2_gazebo_worlds/share/br2_gazebo_worlds/models/aruco_tag_30/meshes/aruco_tag_30.mtl
[15.302s] -- Symlinking: /home/edmund-munene/Documents/Programming-language-basics/Linux/Robotics/AConciseIntroductiontoRobotProgrammingwithROS2/bookros2_ws/install/br2_gazebo_worlds/share/br2_gazebo_worlds/models/aruco_tag_30/meshes/aruco_tag_30.obj
[15.302s] -- Symlinking: /home/edmund-munene/Documents/Programming-language-basics/Linux/Robotics/AConciseIntroductiontoRobotProgrammingwithROS2/bookros2_ws/install/br2_gazebo_worlds/share/br2_gazebo_worlds/models/aruco_tag_30/model.config
[15.302s] -- Symlinking: /home/edmund-munene/Documents/Programming-language-basics/Linux/Robotics/AConciseIntroductiontoRobotProgrammingwithROS2/bookros2_ws/install/br2_gazebo_worlds/share/br2_gazebo_worlds/models/aruco_tag_30/model.sdf
[15.303s] -- Symlinking: /home/edmund-munene/Documents/Programming-language-basics/Linux/Robotics/AConciseIntroductiontoRobotProgrammingwithROS2/bookros2_ws/install/br2_gazebo_worlds/share/br2_gazebo_worlds/models/aruco_tag_40/materials/textures/40.jpg
[15.303s] -- Symlinking: /home/edmund-munene/Documents/Programming-language-basics/Linux/Robotics/AConciseIntroductiontoRobotProgrammingwithROS2/bookros2_ws/install/br2_gazebo_worlds/share/br2_gazebo_worlds/models/aruco_tag_40/meshes/aruco_tag_40.mtl
[15.303s] -- Symlinking: /home/edmund-munene/Documents/Programming-language-basics/Linux/Robotics/AConciseIntroductiontoRobotProgrammingwithROS2/bookros2_ws/install/br2_gazebo_worlds/share/br2_gazebo_worlds/models/aruco_tag_40/meshes/aruco_tag_40.obj
[15.303s] -- Symlinking: /home/edmund-munene/Documents/Programming-language-basics/Linux/Robotics/AConciseIntroductiontoRobotProgrammingwithROS2/bookros2_ws/install/br2_gazebo_worlds/share/br2_gazebo_worlds/models/aruco_tag_40/model.config
[15.305s] -- Symlinking: /home/edmund-munene/Documents/Programming-language-basics/Linux/Robotics/AConciseIntroductiontoRobotProgrammingwithROS2/bookros2_ws/install/br2_gazebo_worlds/share/br2_gazebo_worlds/models/aruco_tag_40/model.sdf
[15.306s] -- Symlinking: /home/edmund-munene/Documents/Programming-language-basics/Linux/Robotics/AConciseIntroductiontoRobotProgrammingwithROS2/bookros2_ws/install/br2_gazebo_worlds/share/br2_gazebo_worlds/models/aruco_tag_50/materials/textures/50.jpg
[15.306s] -- Symlinking: /home/edmund-munene/Documents/Programming-language-basics/Linux/Robotics/AConciseIntroductiontoRobotProgrammingwithROS2/bookros2_ws/install/br2_gazebo_worlds/share/br2_gazebo_worlds/models/aruco_tag_50/meshes/aruco_tag_50.mtl
[15.306s] -- Symlinking: /home/edmund-munene/Documents/Programming-language-basics/Linux/Robotics/AConciseIntroductiontoRobotProgrammingwithROS2/bookros2_ws/install/br2_gazebo_worlds/share/br2_gazebo_worlds/models/aruco_tag_50/meshes/aruco_tag_50.obj
[15.306s] -- Symlinking: /home/edmund-munene/Documents/Programming-language-basics/Linux/Robotics/AConciseIntroductiontoRobotProgrammingwithROS2/bookros2_ws/install/br2_gazebo_worlds/share/br2_gazebo_worlds/models/aruco_tag_50/model.config
[15.306s] -- Symlinking: /home/edmund-munene/Documents/Programming-language-basics/Linux/Robotics/AConciseIntroductiontoRobotProgrammingwithROS2/bookros2_ws/install/br2_gazebo_worlds/share/br2_gazebo_worlds/models/aruco_tag_50/model.sdf
[15.306s] -- Symlinking: /home/edmund-munene/Documents/Programming-language-basics/Linux/Robotics/AConciseIntroductiontoRobotProgrammingwithROS2/bookros2_ws/install/br2_gazebo_worlds/share/br2_gazebo_worlds/models/aruco_tag_60/materials/textures/60.jpg
[15.307s] -- Symlinking: /home/edmund-munene/Documents/Programming-language-basics/Linux/Robotics/AConciseIntroductiontoRobotProgrammingwithROS2/bookros2_ws/install/br2_gazebo_worlds/share/br2_gazebo_worlds/models/aruco_tag_60/meshes/aruco_tag_60.mtl
[15.327s] -- Symlinking: /home/edmund-munene/Documents/Programming-language-basics/Linux/Robotics/AConciseIntroductiontoRobotProgrammingwithROS2/bookros2_ws/install/br2_gazebo_worlds/share/br2_gazebo_worlds/models/aruco_tag_60/meshes/aruco_tag_60.obj
[15.352s] -- Symlinking: /home/edmund-munene/Documents/Programming-language-basics/Linux/Robotics/AConciseIntroductiontoRobotProgrammingwithROS2/bookros2_ws/install/br2_gazebo_worlds/share/br2_gazebo_worlds/models/aruco_tag_60/model.config
[15.387s] -- Symlinking: /home/edmund-munene/Documents/Programming-language-basics/Linux/Robotics/AConciseIntroductiontoRobotProgrammingwithROS2/bookros2_ws/install/br2_gazebo_worlds/share/br2_gazebo_worlds/models/aruco_tag_60/model.sdf
[15.412s] -- Symlinking: /home/edmund-munene/Documents/Programming-language-basics/Linux/Robotics/AConciseIntroductiontoRobotProgrammingwithROS2/bookros2_ws/install/br2_gazebo_worlds/share/br2_gazebo_worlds/models/aruco_tag_70/materials/textures/70.jpg
[15.457s] -- Symlinking: /home/edmund-munene/Documents/Programming-language-basics/Linux/Robotics/AConciseIntroductiontoRobotProgrammingwithROS2/bookros2_ws/install/br2_gazebo_worlds/share/br2_gazebo_worlds/models/aruco_tag_70/meshes/aruco_tag_70.mtl
[15.500s] -- Symlinking: /home/edmund-munene/Documents/Programming-language-basics/Linux/Robotics/AConciseIntroductiontoRobotProgrammingwithROS2/bookros2_ws/install/br2_gazebo_worlds/share/br2_gazebo_worlds/models/aruco_tag_70/meshes/aruco_tag_70.obj
[15.544s] -- Symlinking: /home/edmund-munene/Documents/Programming-language-basics/Linux/Robotics/AConciseIntroductiontoRobotProgrammingwithROS2/bookros2_ws/install/br2_gazebo_worlds/share/br2_gazebo_worlds/models/aruco_tag_70/model.config
[15.573s] -- Symlinking: /home/edmund-munene/Documents/Programming-language-basics/Linux/Robotics/AConciseIntroductiontoRobotProgrammingwithROS2/bookros2_ws/install/br2_gazebo_worlds/share/br2_gazebo_worlds/models/aruco_tag_70/model.sdf
[15.616s] -- Symlinking: /home/edmund-munene/Documents/Programming-language-basics/Linux/Robotics/AConciseIntroductiontoRobotProgrammingwithROS2/bookros2_ws/install/br2_gazebo_worlds/share/br2_gazebo_worlds/models/aruco_tag_80/materials/textures/80.jpg
[15.669s] -- Symlinking: /home/edmund-munene/Documents/Programming-language-basics/Linux/Robotics/AConciseIntroductiontoRobotProgrammingwithROS2/bookros2_ws/install/br2_gazebo_worlds/share/br2_gazebo_worlds/models/aruco_tag_80/meshes/aruco_tag_80.mtl
[15.710s] -- Symlinking: /home/edmund-munene/Documents/Programming-language-basics/Linux/Robotics/AConciseIntroductiontoRobotProgrammingwithROS2/bookros2_ws/install/br2_gazebo_worlds/share/br2_gazebo_worlds/models/aruco_tag_80/meshes/aruco_tag_80.obj
[15.761s] -- Symlinking: /home/edmund-munene/Documents/Programming-language-basics/Linux/Robotics/AConciseIntroductiontoRobotProgrammingwithROS2/bookros2_ws/install/br2_gazebo_worlds/share/br2_gazebo_worlds/models/aruco_tag_80/model.config
[15.828s] -- Symlinking: /home/edmund-munene/Documents/Programming-language-basics/Linux/Robotics/AConciseIntroductiontoRobotProgrammingwithROS2/bookros2_ws/install/br2_gazebo_worlds/share/br2_gazebo_worlds/models/aruco_tag_80/model.sdf
[15.853s] -- Symlinking: /home/edmund-munene/Documents/Programming-language-basics/Linux/Robotics/AConciseIntroductiontoRobotProgrammingwithROS2/bookros2_ws/install/br2_gazebo_worlds/share/br2_gazebo_worlds/models/aruco_tag_90/materials/textures/90.jpg
[15.894s] -- Symlinking: /home/edmund-munene/Documents/Programming-language-basics/Linux/Robotics/AConciseIntroductiontoRobotProgrammingwithROS2/bookros2_ws/install/br2_gazebo_worlds/share/br2_gazebo_worlds/models/aruco_tag_90/meshes/aruco_tag_90.mtl
[15.917s] -- Symlinking: /home/edmund-munene/Documents/Programming-language-basics/Linux/Robotics/AConciseIntroductiontoRobotProgrammingwithROS2/bookros2_ws/install/br2_gazebo_worlds/share/br2_gazebo_worlds/models/aruco_tag_90/meshes/aruco_tag_90.obj
[15.946s] -- Symlinking: /home/edmund-munene/Documents/Programming-language-basics/Linux/Robotics/AConciseIntroductiontoRobotProgrammingwithROS2/bookros2_ws/install/br2_gazebo_worlds/share/br2_gazebo_worlds/models/aruco_tag_90/model.config
[15.969s] -- Symlinking: /home/edmund-munene/Documents/Programming-language-basics/Linux/Robotics/AConciseIntroductiontoRobotProgrammingwithROS2/bookros2_ws/install/br2_gazebo_worlds/share/br2_gazebo_worlds/models/aruco_tag_90/model.sdf
[16.003s] -- Symlinking: /home/edmund-munene/Documents/Programming-language-basics/Linux/Robotics/AConciseIntroductiontoRobotProgrammingwithROS2/bookros2_ws/install/br2_gazebo_worlds/share/br2_gazebo_worlds/models/aws_robomaker_residential_AirconditionerA_01/materials/textures/aws_AirconditionerA_01.png
[16.041s] -- Symlinking: /home/edmund-munene/Documents/Programming-language-basics/Linux/Robotics/AConciseIntroductiontoRobotProgrammingwithROS2/bookros2_ws/install/br2_gazebo_worlds/share/br2_gazebo_worlds/models/aws_robomaker_residential_AirconditionerA_01/meshes/aws_AirconditionerA_01_collision.DAE
[16.083s] -- Symlinking: /home/edmund-munene/Documents/Programming-language-basics/Linux/Robotics/AConciseIntroductiontoRobotProgrammingwithROS2/bookros2_ws/install/br2_gazebo_worlds/share/br2_gazebo_worlds/models/aws_robomaker_residential_AirconditionerA_01/meshes/aws_AirconditionerA_01_visual.DAE
[16.117s] -- Symlinking: /home/edmund-munene/Documents/Programming-language-basics/Linux/Robotics/AConciseIntroductiontoRobotProgrammingwithROS2/bookros2_ws/install/br2_gazebo_worlds/share/br2_gazebo_worlds/models/aws_robomaker_residential_AirconditionerA_01/model.config
[16.155s] -- Symlinking: /home/edmund-munene/Documents/Programming-language-basics/Linux/Robotics/AConciseIntroductiontoRobotProgrammingwithROS2/bookros2_ws/install/br2_gazebo_worlds/share/br2_gazebo_worlds/models/aws_robomaker_residential_AirconditionerA_01/model.sdf
[16.197s] -- Symlinking: /home/edmund-munene/Documents/Programming-language-basics/Linux/Robotics/AConciseIntroductiontoRobotProgrammingwithROS2/bookros2_ws/install/br2_gazebo_worlds/share/br2_gazebo_worlds/models/aws_robomaker_residential_AirconditionerB_01/materials/textures/aws_AirconditionerB_01.png
[16.226s] -- Symlinking: /home/edmund-munene/Documents/Programming-language-basics/Linux/Robotics/AConciseIntroductiontoRobotProgrammingwithROS2/bookros2_ws/install/br2_gazebo_worlds/share/br2_gazebo_worlds/models/aws_robomaker_residential_AirconditionerB_01/meshes/aws_AirconditionerB_01_collision.DAE
[16.293s] -- Symlinking: /home/edmund-munene/Documents/Programming-language-basics/Linux/Robotics/AConciseIntroductiontoRobotProgrammingwithROS2/bookros2_ws/install/br2_gazebo_worlds/share/br2_gazebo_worlds/models/aws_robomaker_residential_AirconditionerB_01/meshes/aws_AirconditionerB_01_visual.DAE
[16.326s] -- Symlinking: /home/edmund-munene/Documents/Programming-language-basics/Linux/Robotics/AConciseIntroductiontoRobotProgrammingwithROS2/bookros2_ws/install/br2_gazebo_worlds/share/br2_gazebo_worlds/models/aws_robomaker_residential_AirconditionerB_01/model.config
[16.371s] -- Symlinking: /home/edmund-munene/Documents/Programming-language-basics/Linux/Robotics/AConciseIntroductiontoRobotProgrammingwithROS2/bookros2_ws/install/br2_gazebo_worlds/share/br2_gazebo_worlds/models/aws_robomaker_residential_AirconditionerB_01/model.sdf
[16.408s] -- Symlinking: /home/edmund-munene/Documents/Programming-language-basics/Linux/Robotics/AConciseIntroductiontoRobotProgrammingwithROS2/bookros2_ws/install/br2_gazebo_worlds/share/br2_gazebo_worlds/models/aws_robomaker_residential_BalconyTable_01/materials/textures/aws_BalconyTable_01.png
[16.475s] -- Symlinking: /home/edmund-munene/Documents/Programming-language-basics/Linux/Robotics/AConciseIntroductiontoRobotProgrammingwithROS2/bookros2_ws/install/br2_gazebo_worlds/share/br2_gazebo_worlds/models/aws_robomaker_residential_BalconyTable_01/meshes/aws_BalconyTable_01_collision.DAE
[16.536s] -- Symlinking: /home/edmund-munene/Documents/Programming-language-basics/Linux/Robotics/AConciseIntroductiontoRobotProgrammingwithROS2/bookros2_ws/install/br2_gazebo_worlds/share/br2_gazebo_worlds/models/aws_robomaker_residential_BalconyTable_01/meshes/aws_BalconyTable_01_visual.DAE
[16.578s] -- Symlinking: /home/edmund-munene/Documents/Programming-language-basics/Linux/Robotics/AConciseIntroductiontoRobotProgrammingwithROS2/bookros2_ws/install/br2_gazebo_worlds/share/br2_gazebo_worlds/models/aws_robomaker_residential_BalconyTable_01/model.config
[16.627s] -- Symlinking: /home/edmund-munene/Documents/Programming-language-basics/Linux/Robotics/AConciseIntroductiontoRobotProgrammingwithROS2/bookros2_ws/install/br2_gazebo_worlds/share/br2_gazebo_worlds/models/aws_robomaker_residential_BalconyTable_01/model.sdf
[16.662s] -- Symlinking: /home/edmund-munene/Documents/Programming-language-basics/Linux/Robotics/AConciseIntroductiontoRobotProgrammingwithROS2/bookros2_ws/install/br2_gazebo_worlds/share/br2_gazebo_worlds/models/aws_robomaker_residential_Ball_01/materials/textures/aws_Ball_01.png
[16.694s] -- Symlinking: /home/edmund-munene/Documents/Programming-language-basics/Linux/Robotics/AConciseIntroductiontoRobotProgrammingwithROS2/bookros2_ws/install/br2_gazebo_worlds/share/br2_gazebo_worlds/models/aws_robomaker_residential_Ball_01/meshes/aws_Ball_01_collision.DAE
[16.737s] -- Symlinking: /home/edmund-munene/Documents/Programming-language-basics/Linux/Robotics/AConciseIntroductiontoRobotProgrammingwithROS2/bookros2_ws/install/br2_gazebo_worlds/share/br2_gazebo_worlds/models/aws_robomaker_residential_Ball_01/meshes/aws_Ball_01_visual.DAE
[16.780s] -- Symlinking: /home/edmund-munene/Documents/Programming-language-basics/Linux/Robotics/AConciseIntroductiontoRobotProgrammingwithROS2/bookros2_ws/install/br2_gazebo_worlds/share/br2_gazebo_worlds/models/aws_robomaker_residential_Ball_01/model.config
[16.818s] -- Symlinking: /home/edmund-munene/Documents/Programming-language-basics/Linux/Robotics/AConciseIntroductiontoRobotProgrammingwithROS2/bookros2_ws/install/br2_gazebo_worlds/share/br2_gazebo_worlds/models/aws_robomaker_residential_Ball_01/model.sdf
[16.858s] -- Symlinking: /home/edmund-munene/Documents/Programming-language-basics/Linux/Robotics/AConciseIntroductiontoRobotProgrammingwithROS2/bookros2_ws/install/br2_gazebo_worlds/share/br2_gazebo_worlds/models/aws_robomaker_residential_Bed_01/materials/textures/aws_BedA_01.png
[16.905s] -- Symlinking: /home/edmund-munene/Documents/Programming-language-basics/Linux/Robotics/AConciseIntroductiontoRobotProgrammingwithROS2/bookros2_ws/install/br2_gazebo_worlds/share/br2_gazebo_worlds/models/aws_robomaker_residential_Bed_01/materials/textures/aws_BedB_01.png
[16.948s] -- Symlinking: /home/edmund-munene/Documents/Programming-language-basics/Linux/Robotics/AConciseIntroductiontoRobotProgrammingwithROS2/bookros2_ws/install/br2_gazebo_worlds/share/br2_gazebo_worlds/models/aws_robomaker_residential_Bed_01/materials/textures/aws_BedC_01.png
[16.978s] -- Symlinking: /home/edmund-munene/Documents/Programming-language-basics/Linux/Robotics/AConciseIntroductiontoRobotProgrammingwithROS2/bookros2_ws/install/br2_gazebo_worlds/share/br2_gazebo_worlds/models/aws_robomaker_residential_Bed_01/materials/textures/aws_Bed_01.png
[17.014s] -- Symlinking: /home/edmund-munene/Documents/Programming-language-basics/Linux/Robotics/AConciseIntroductiontoRobotProgrammingwithROS2/bookros2_ws/install/br2_gazebo_worlds/share/br2_gazebo_worlds/models/aws_robomaker_residential_Bed_01/meshes/aws_Bed_01_collision.DAE
[17.035s] -- Symlinking: /home/edmund-munene/Documents/Programming-language-basics/Linux/Robotics/AConciseIntroductiontoRobotProgrammingwithROS2/bookros2_ws/install/br2_gazebo_worlds/share/br2_gazebo_worlds/models/aws_robomaker_residential_Bed_01/meshes/aws_Bed_01_visual.DAE
[17.051s] -- Symlinking: /home/edmund-munene/Documents/Programming-language-basics/Linux/Robotics/AConciseIntroductiontoRobotProgrammingwithROS2/bookros2_ws/install/br2_gazebo_worlds/share/br2_gazebo_worlds/models/aws_robomaker_residential_Bed_01/model.config
[17.084s] -- Symlinking: /home/edmund-munene/Documents/Programming-language-basics/Linux/Robotics/AConciseIntroductiontoRobotProgrammingwithROS2/bookros2_ws/install/br2_gazebo_worlds/share/br2_gazebo_worlds/models/aws_robomaker_residential_Bed_01/model.sdf
[17.120s] -- Symlinking: /home/edmund-munene/Documents/Programming-language-basics/Linux/Robotics/AConciseIntroductiontoRobotProgrammingwithROS2/bookros2_ws/install/br2_gazebo_worlds/share/br2_gazebo_worlds/models/aws_robomaker_residential_Board_01/materials/textures/aws_Board_01.png
[17.160s] -- Symlinking: /home/edmund-munene/Documents/Programming-language-basics/Linux/Robotics/AConciseIntroductiontoRobotProgrammingwithROS2/bookros2_ws/install/br2_gazebo_worlds/share/br2_gazebo_worlds/models/aws_robomaker_residential_Board_01/meshes/aws_Board_01_collision.DAE
[17.187s] -- Symlinking: /home/edmund-munene/Documents/Programming-language-basics/Linux/Robotics/AConciseIntroductiontoRobotProgrammingwithROS2/bookros2_ws/install/br2_gazebo_worlds/share/br2_gazebo_worlds/models/aws_robomaker_residential_Board_01/meshes/aws_Board_01_visual.DAE
[17.206s] -- Symlinking: /home/edmund-munene/Documents/Programming-language-basics/Linux/Robotics/AConciseIntroductiontoRobotProgrammingwithROS2/bookros2_ws/install/br2_gazebo_worlds/share/br2_gazebo_worlds/models/aws_robomaker_residential_Board_01/model.config
[17.224s] -- Symlinking: /home/edmund-munene/Documents/Programming-language-basics/Linux/Robotics/AConciseIntroductiontoRobotProgrammingwithROS2/bookros2_ws/install/br2_gazebo_worlds/share/br2_gazebo_worlds/models/aws_robomaker_residential_Board_01/model.sdf
[17.249s] -- Symlinking: /home/edmund-munene/Documents/Programming-language-basics/Linux/Robotics/AConciseIntroductiontoRobotProgrammingwithROS2/bookros2_ws/install/br2_gazebo_worlds/share/br2_gazebo_worlds/models/aws_robomaker_residential_Carpet_01/materials/textures/aws_Carpet_01.png
[17.267s] -- Symlinking: /home/edmund-munene/Documents/Programming-language-basics/Linux/Robotics/AConciseIntroductiontoRobotProgrammingwithROS2/bookros2_ws/install/br2_gazebo_worlds/share/br2_gazebo_worlds/models/aws_robomaker_residential_Carpet_01/meshes/aws_Carpet_01_collision.DAE
[17.289s] -- Symlinking: /home/edmund-munene/Documents/Programming-language-basics/Linux/Robotics/AConciseIntroductiontoRobotProgrammingwithROS2/bookros2_ws/install/br2_gazebo_worlds/share/br2_gazebo_worlds/models/aws_robomaker_residential_Carpet_01/meshes/aws_Carpet_01_visual.DAE
[17.316s] -- Symlinking: /home/edmund-munene/Documents/Programming-language-basics/Linux/Robotics/AConciseIntroductiontoRobotProgrammingwithROS2/bookros2_ws/install/br2_gazebo_worlds/share/br2_gazebo_worlds/models/aws_robomaker_residential_Carpet_01/model.config
[17.339s] -- Symlinking: /home/edmund-munene/Documents/Programming-language-basics/Linux/Robotics/AConciseIntroductiontoRobotProgrammingwithROS2/bookros2_ws/install/br2_gazebo_worlds/share/br2_gazebo_worlds/models/aws_robomaker_residential_Carpet_01/model.sdf
[17.377s] -- Symlinking: /home/edmund-munene/Documents/Programming-language-basics/Linux/Robotics/AConciseIntroductiontoRobotProgrammingwithROS2/bookros2_ws/install/br2_gazebo_worlds/share/br2_gazebo_worlds/models/aws_robomaker_residential_ChairA_01/materials/textures/aws_ChairA_01.png
[17.418s] -- Symlinking: /home/edmund-munene/Documents/Programming-language-basics/Linux/Robotics/AConciseIntroductiontoRobotProgrammingwithROS2/bookros2_ws/install/br2_gazebo_worlds/share/br2_gazebo_worlds/models/aws_robomaker_residential_ChairA_01/meshes/aws_ChairA_01_collision.DAE
[17.445s] -- Symlinking: /home/edmund-munene/Documents/Programming-language-basics/Linux/Robotics/AConciseIntroductiontoRobotProgrammingwithROS2/bookros2_ws/install/br2_gazebo_worlds/share/br2_gazebo_worlds/models/aws_robomaker_residential_ChairA_01/meshes/aws_ChairA_01_visual.DAE
[17.476s] -- Symlinking: /home/edmund-munene/Documents/Programming-language-basics/Linux/Robotics/AConciseIntroductiontoRobotProgrammingwithROS2/bookros2_ws/install/br2_gazebo_worlds/share/br2_gazebo_worlds/models/aws_robomaker_residential_ChairA_01/model.config
[17.514s] -- Symlinking: /home/edmund-munene/Documents/Programming-language-basics/Linux/Robotics/AConciseIntroductiontoRobotProgrammingwithROS2/bookros2_ws/install/br2_gazebo_worlds/share/br2_gazebo_worlds/models/aws_robomaker_residential_ChairA_01/model.sdf
[17.559s] -- Symlinking: /home/edmund-munene/Documents/Programming-language-basics/Linux/Robotics/AConciseIntroductiontoRobotProgrammingwithROS2/bookros2_ws/install/br2_gazebo_worlds/share/br2_gazebo_worlds/models/aws_robomaker_residential_ChairD_01/materials/textures/aws_ChairD_01.png
[17.604s] -- Symlinking: /home/edmund-munene/Documents/Programming-language-basics/Linux/Robotics/AConciseIntroductiontoRobotProgrammingwithROS2/bookros2_ws/install/br2_gazebo_worlds/share/br2_gazebo_worlds/models/aws_robomaker_residential_ChairD_01/meshes/aws_ChairD_01_collision.DAE
[17.641s] -- Symlinking: /home/edmund-munene/Documents/Programming-language-basics/Linux/Robotics/AConciseIntroductiontoRobotProgrammingwithROS2/bookros2_ws/install/br2_gazebo_worlds/share/br2_gazebo_worlds/models/aws_robomaker_residential_ChairD_01/meshes/aws_ChairD_01_visual.DAE
[17.674s] -- Symlinking: /home/edmund-munene/Documents/Programming-language-basics/Linux/Robotics/AConciseIntroductiontoRobotProgrammingwithROS2/bookros2_ws/install/br2_gazebo_worlds/share/br2_gazebo_worlds/models/aws_robomaker_residential_ChairD_01/model.config
[17.705s] -- Symlinking: /home/edmund-munene/Documents/Programming-language-basics/Linux/Robotics/AConciseIntroductiontoRobotProgrammingwithROS2/bookros2_ws/install/br2_gazebo_worlds/share/br2_gazebo_worlds/models/aws_robomaker_residential_ChairD_01/model.sdf
[17.723s] -- Symlinking: /home/edmund-munene/Documents/Programming-language-basics/Linux/Robotics/AConciseIntroductiontoRobotProgrammingwithROS2/bookros2_ws/install/br2_gazebo_worlds/share/br2_gazebo_worlds/models/aws_robomaker_residential_Chandelier_01/materials/textures/aws_Chandelier_01.png
[17.761s] -- Symlinking: /home/edmund-munene/Documents/Programming-language-basics/Linux/Robotics/AConciseIntroductiontoRobotProgrammingwithROS2/bookros2_ws/install/br2_gazebo_worlds/share/br2_gazebo_worlds/models/aws_robomaker_residential_Chandelier_01/meshes/aws_Chandelier_01.DAE
[17.806s] -- Symlinking: /home/edmund-munene/Documents/Programming-language-basics/Linux/Robotics/AConciseIntroductiontoRobotProgrammingwithROS2/bookros2_ws/install/br2_gazebo_worlds/share/br2_gazebo_worlds/models/aws_robomaker_residential_Chandelier_01/meshes/aws_Chandelier_01_collision.DAE
[17.849s] -- Symlinking: /home/edmund-munene/Documents/Programming-language-basics/Linux/Robotics/AConciseIntroductiontoRobotProgrammingwithROS2/bookros2_ws/install/br2_gazebo_worlds/share/br2_gazebo_worlds/models/aws_robomaker_residential_Chandelier_01/meshes/aws_Chandelier_01_visual.DAE
[17.909s] -- Symlinking: /home/edmund-munene/Documents/Programming-language-basics/Linux/Robotics/AConciseIntroductiontoRobotProgrammingwithROS2/bookros2_ws/install/br2_gazebo_worlds/share/br2_gazebo_worlds/models/aws_robomaker_residential_Chandelier_01/model.config
[17.957s] -- Symlinking: /home/edmund-munene/Documents/Programming-language-basics/Linux/Robotics/AConciseIntroductiontoRobotProgrammingwithROS2/bookros2_ws/install/br2_gazebo_worlds/share/br2_gazebo_worlds/models/aws_robomaker_residential_Chandelier_01/model.sdf
[18.012s] -- Symlinking: /home/edmund-munene/Documents/Programming-language-basics/Linux/Robotics/AConciseIntroductiontoRobotProgrammingwithROS2/bookros2_ws/install/br2_gazebo_worlds/share/br2_gazebo_worlds/models/aws_robomaker_residential_CoffeeTable_01/materials/textures/aws_CoffeeTable_01.png
[18.048s] -- Symlinking: /home/edmund-munene/Documents/Programming-language-basics/Linux/Robotics/AConciseIntroductiontoRobotProgrammingwithROS2/bookros2_ws/install/br2_gazebo_worlds/share/br2_gazebo_worlds/models/aws_robomaker_residential_CoffeeTable_01/meshes/aws_CoffeeTable_01_collision.DAE
[18.071s] -- Symlinking: /home/edmund-munene/Documents/Programming-language-basics/Linux/Robotics/AConciseIntroductiontoRobotProgrammingwithROS2/bookros2_ws/install/br2_gazebo_worlds/share/br2_gazebo_worlds/models/aws_robomaker_residential_CoffeeTable_01/meshes/aws_CoffeeTable_01_visual.DAE
[18.116s] -- Symlinking: /home/edmund-munene/Documents/Programming-language-basics/Linux/Robotics/AConciseIntroductiontoRobotProgrammingwithROS2/bookros2_ws/install/br2_gazebo_worlds/share/br2_gazebo_worlds/models/aws_robomaker_residential_CoffeeTable_01/model.config
[18.154s] -- Symlinking: /home/edmund-munene/Documents/Programming-language-basics/Linux/Robotics/AConciseIntroductiontoRobotProgrammingwithROS2/bookros2_ws/install/br2_gazebo_worlds/share/br2_gazebo_worlds/models/aws_robomaker_residential_CoffeeTable_01/model.sdf
[18.216s] -- Symlinking: /home/edmund-munene/Documents/Programming-language-basics/Linux/Robotics/AConciseIntroductiontoRobotProgrammingwithROS2/bookros2_ws/install/br2_gazebo_worlds/share/br2_gazebo_worlds/models/aws_robomaker_residential_CookingBench_01/materials/textures/aws_CookingBench_01.png
[18.254s] -- Symlinking: /home/edmund-munene/Documents/Programming-language-basics/Linux/Robotics/AConciseIntroductiontoRobotProgrammingwithROS2/bookros2_ws/install/br2_gazebo_worlds/share/br2_gazebo_worlds/models/aws_robomaker_residential_CookingBench_01/meshes/aws_CookingBench_01.DAE
[18.295s] -- Symlinking: /home/edmund-munene/Documents/Programming-language-basics/Linux/Robotics/AConciseIntroductiontoRobotProgrammingwithROS2/bookros2_ws/install/br2_gazebo_worlds/share/br2_gazebo_worlds/models/aws_robomaker_residential_CookingBench_01/meshes/aws_CookingBench_01_collision.DAE
[18.343s] -- Symlinking: /home/edmund-munene/Documents/Programming-language-basics/Linux/Robotics/AConciseIntroductiontoRobotProgrammingwithROS2/bookros2_ws/install/br2_gazebo_worlds/share/br2_gazebo_worlds/models/aws_robomaker_residential_CookingBench_01/meshes/aws_CookingBench_01_visual.DAE
[18.365s] -- Symlinking: /home/edmund-munene/Documents/Programming-language-basics/Linux/Robotics/AConciseIntroductiontoRobotProgrammingwithROS2/bookros2_ws/install/br2_gazebo_worlds/share/br2_gazebo_worlds/models/aws_robomaker_residential_CookingBench_01/model.config
[18.371s] -- Symlinking: /home/edmund-munene/Documents/Programming-language-basics/Linux/Robotics/AConciseIntroductiontoRobotProgrammingwithROS2/bookros2_ws/install/br2_gazebo_worlds/share/br2_gazebo_worlds/models/aws_robomaker_residential_CookingBench_01/model.sdf
[18.403s] -- Symlinking: /home/edmund-munene/Documents/Programming-language-basics/Linux/Robotics/AConciseIntroductiontoRobotProgrammingwithROS2/bookros2_ws/install/br2_gazebo_worlds/share/br2_gazebo_worlds/models/aws_robomaker_residential_Curtain_01/materials/textures/aws_Curtain_01.png
[18.479s] -- Symlinking: /home/edmund-munene/Documents/Programming-language-basics/Linux/Robotics/AConciseIntroductiontoRobotProgrammingwithROS2/bookros2_ws/install/br2_gazebo_worlds/share/br2_gazebo_worlds/models/aws_robomaker_residential_Curtain_01/meshes/aws_Curtain_01_collision.DAE
[18.497s] -- Symlinking: /home/edmund-munene/Documents/Programming-language-basics/Linux/Robotics/AConciseIntroductiontoRobotProgrammingwithROS2/bookros2_ws/install/br2_gazebo_worlds/share/br2_gazebo_worlds/models/aws_robomaker_residential_Curtain_01/meshes/aws_Curtain_01_visual.DAE
[18.521s] -- Symlinking: /home/edmund-munene/Documents/Programming-language-basics/Linux/Robotics/AConciseIntroductiontoRobotProgrammingwithROS2/bookros2_ws/install/br2_gazebo_worlds/share/br2_gazebo_worlds/models/aws_robomaker_residential_Curtain_01/model.config
[18.553s] -- Symlinking: /home/edmund-munene/Documents/Programming-language-basics/Linux/Robotics/AConciseIntroductiontoRobotProgrammingwithROS2/bookros2_ws/install/br2_gazebo_worlds/share/br2_gazebo_worlds/models/aws_robomaker_residential_Curtain_01/model.sdf
[18.588s] -- Symlinking: /home/edmund-munene/Documents/Programming-language-basics/Linux/Robotics/AConciseIntroductiontoRobotProgrammingwithROS2/bookros2_ws/install/br2_gazebo_worlds/share/br2_gazebo_worlds/models/aws_robomaker_residential_DeskPortraitA_01/materials/textures/DeskPortraitA_01.jpg
[18.607s] -- Symlinking: /home/edmund-munene/Documents/Programming-language-basics/Linux/Robotics/AConciseIntroductiontoRobotProgrammingwithROS2/bookros2_ws/install/br2_gazebo_worlds/share/br2_gazebo_worlds/models/aws_robomaker_residential_DeskPortraitA_01/materials/textures/aws_DeskPortraitA_01.png
[18.626s] -- Symlinking: /home/edmund-munene/Documents/Programming-language-basics/Linux/Robotics/AConciseIntroductiontoRobotProgrammingwithROS2/bookros2_ws/install/br2_gazebo_worlds/share/br2_gazebo_worlds/models/aws_robomaker_residential_DeskPortraitA_01/materials/textures/aws_DeskPortraitA_02.png
[18.644s] -- Symlinking: /home/edmund-munene/Documents/Programming-language-basics/Linux/Robotics/AConciseIntroductiontoRobotProgrammingwithROS2/bookros2_ws/install/br2_gazebo_worlds/share/br2_gazebo_worlds/models/aws_robomaker_residential_DeskPortraitA_01/meshes/aws_DeskPortraitA_01_collision.DAE
[18.663s] -- Symlinking: /home/edmund-munene/Documents/Programming-language-basics/Linux/Robotics/AConciseIntroductiontoRobotProgrammingwithROS2/bookros2_ws/install/br2_gazebo_worlds/share/br2_gazebo_worlds/models/aws_robomaker_residential_DeskPortraitA_01/meshes/aws_DeskPortraitA_01_visual.DAE
[18.682s] -- Symlinking: /home/edmund-munene/Documents/Programming-language-basics/Linux/Robotics/AConciseIntroductiontoRobotProgrammingwithROS2/bookros2_ws/install/br2_gazebo_worlds/share/br2_gazebo_worlds/models/aws_robomaker_residential_DeskPortraitA_01/model.config
[18.720s] -- Symlinking: /home/edmund-munene/Documents/Programming-language-basics/Linux/Robotics/AConciseIntroductiontoRobotProgrammingwithROS2/bookros2_ws/install/br2_gazebo_worlds/share/br2_gazebo_worlds/models/aws_robomaker_residential_DeskPortraitA_01/model.sdf
[18.763s] -- Symlinking: /home/edmund-munene/Documents/Programming-language-basics/Linux/Robotics/AConciseIntroductiontoRobotProgrammingwithROS2/bookros2_ws/install/br2_gazebo_worlds/share/br2_gazebo_worlds/models/aws_robomaker_residential_DeskPortraitA_02/materials/textures/DeskPortraitA_02.jpg
[18.804s] -- Symlinking: /home/edmund-munene/Documents/Programming-language-basics/Linux/Robotics/AConciseIntroductiontoRobotProgrammingwithROS2/bookros2_ws/install/br2_gazebo_worlds/share/br2_gazebo_worlds/models/aws_robomaker_residential_DeskPortraitA_02/materials/textures/aws_DeskPortraitA_01.png
[18.838s] -- Symlinking: /home/edmund-munene/Documents/Programming-language-basics/Linux/Robotics/AConciseIntroductiontoRobotProgrammingwithROS2/bookros2_ws/install/br2_gazebo_worlds/share/br2_gazebo_worlds/models/aws_robomaker_residential_DeskPortraitA_02/materials/textures/aws_DeskPortraitA_02.png
[18.883s] -- Symlinking: /home/edmund-munene/Documents/Programming-language-basics/Linux/Robotics/AConciseIntroductiontoRobotProgrammingwithROS2/bookros2_ws/install/br2_gazebo_worlds/share/br2_gazebo_worlds/models/aws_robomaker_residential_DeskPortraitA_02/meshes/aws_DeskPortraitA_01_collision.DAE
[18.917s] -- Symlinking: /home/edmund-munene/Documents/Programming-language-basics/Linux/Robotics/AConciseIntroductiontoRobotProgrammingwithROS2/bookros2_ws/install/br2_gazebo_worlds/share/br2_gazebo_worlds/models/aws_robomaker_residential_DeskPortraitA_02/meshes/aws_DeskPortraitA_01_visual.DAE
[18.968s] -- Symlinking: /home/edmund-munene/Documents/Programming-language-basics/Linux/Robotics/AConciseIntroductiontoRobotProgrammingwithROS2/bookros2_ws/install/br2_gazebo_worlds/share/br2_gazebo_worlds/models/aws_robomaker_residential_DeskPortraitA_02/model.config
[19.015s] -- Symlinking: /home/edmund-munene/Documents/Programming-language-basics/Linux/Robotics/AConciseIntroductiontoRobotProgrammingwithROS2/bookros2_ws/install/br2_gazebo_worlds/share/br2_gazebo_worlds/models/aws_robomaker_residential_DeskPortraitA_02/model.sdf
[19.043s] -- Symlinking: /home/edmund-munene/Documents/Programming-language-basics/Linux/Robotics/AConciseIntroductiontoRobotProgrammingwithROS2/bookros2_ws/install/br2_gazebo_worlds/share/br2_gazebo_worlds/models/aws_robomaker_residential_DeskPortraitB_01/materials/textures/DeskPortraitB_01.jpg
[19.067s] -- Symlinking: /home/edmund-munene/Documents/Programming-language-basics/Linux/Robotics/AConciseIntroductiontoRobotProgrammingwithROS2/bookros2_ws/install/br2_gazebo_worlds/share/br2_gazebo_worlds/models/aws_robomaker_residential_DeskPortraitB_01/materials/textures/aws_DeskPortraitB_01.png
[19.107s] -- Symlinking: /home/edmund-munene/Documents/Programming-language-basics/Linux/Robotics/AConciseIntroductiontoRobotProgrammingwithROS2/bookros2_ws/install/br2_gazebo_worlds/share/br2_gazebo_worlds/models/aws_robomaker_residential_DeskPortraitB_01/materials/textures/aws_DeskPortraitB_02.png
[19.154s] -- Symlinking: /home/edmund-munene/Documents/Programming-language-basics/Linux/Robotics/AConciseIntroductiontoRobotProgrammingwithROS2/bookros2_ws/install/br2_gazebo_worlds/share/br2_gazebo_worlds/models/aws_robomaker_residential_DeskPortraitB_01/meshes/aws_DeskPortraitB_01_collision.DAE
[19.173s] -- Symlinking: /home/edmund-munene/Documents/Programming-language-basics/Linux/Robotics/AConciseIntroductiontoRobotProgrammingwithROS2/bookros2_ws/install/br2_gazebo_worlds/share/br2_gazebo_worlds/models/aws_robomaker_residential_DeskPortraitB_01/meshes/aws_DeskPortraitB_01_visual.DAE
[19.213s] -- Symlinking: /home/edmund-munene/Documents/Programming-language-basics/Linux/Robotics/AConciseIntroductiontoRobotProgrammingwithROS2/bookros2_ws/install/br2_gazebo_worlds/share/br2_gazebo_worlds/models/aws_robomaker_residential_DeskPortraitB_01/model.config
[19.264s] -- Symlinking: /home/edmund-munene/Documents/Programming-language-basics/Linux/Robotics/AConciseIntroductiontoRobotProgrammingwithROS2/bookros2_ws/install/br2_gazebo_worlds/share/br2_gazebo_worlds/models/aws_robomaker_residential_DeskPortraitB_01/model.sdf
[19.318s] -- Symlinking: /home/edmund-munene/Documents/Programming-language-basics/Linux/Robotics/AConciseIntroductiontoRobotProgrammingwithROS2/bookros2_ws/install/br2_gazebo_worlds/share/br2_gazebo_worlds/models/aws_robomaker_residential_DeskPortraitB_02/materials/textures/DeskPortraitB_02.jpg
[19.337s] -- Symlinking: /home/edmund-munene/Documents/Programming-language-basics/Linux/Robotics/AConciseIntroductiontoRobotProgrammingwithROS2/bookros2_ws/install/br2_gazebo_worlds/share/br2_gazebo_worlds/models/aws_robomaker_residential_DeskPortraitB_02/materials/textures/aws_DeskPortraitB_01.png
[19.373s] -- Symlinking: /home/edmund-munene/Documents/Programming-language-basics/Linux/Robotics/AConciseIntroductiontoRobotProgrammingwithROS2/bookros2_ws/install/br2_gazebo_worlds/share/br2_gazebo_worlds/models/aws_robomaker_residential_DeskPortraitB_02/materials/textures/aws_DeskPortraitB_02.png
[19.405s] -- Symlinking: /home/edmund-munene/Documents/Programming-language-basics/Linux/Robotics/AConciseIntroductiontoRobotProgrammingwithROS2/bookros2_ws/install/br2_gazebo_worlds/share/br2_gazebo_worlds/models/aws_robomaker_residential_DeskPortraitB_02/meshes/aws_DeskPortraitB_01_collision.DAE
[19.441s] -- Symlinking: /home/edmund-munene/Documents/Programming-language-basics/Linux/Robotics/AConciseIntroductiontoRobotProgrammingwithROS2/bookros2_ws/install/br2_gazebo_worlds/share/br2_gazebo_worlds/models/aws_robomaker_residential_DeskPortraitB_02/meshes/aws_DeskPortraitB_01_visual.DAE
[19.472s] -- Symlinking: /home/edmund-munene/Documents/Programming-language-basics/Linux/Robotics/AConciseIntroductiontoRobotProgrammingwithROS2/bookros2_ws/install/br2_gazebo_worlds/share/br2_gazebo_worlds/models/aws_robomaker_residential_DeskPortraitB_02/model.config
[19.519s] -- Symlinking: /home/edmund-munene/Documents/Programming-language-basics/Linux/Robotics/AConciseIntroductiontoRobotProgrammingwithROS2/bookros2_ws/install/br2_gazebo_worlds/share/br2_gazebo_worlds/models/aws_robomaker_residential_DeskPortraitB_02/model.sdf
[19.571s] -- Symlinking: /home/edmund-munene/Documents/Programming-language-basics/Linux/Robotics/AConciseIntroductiontoRobotProgrammingwithROS2/bookros2_ws/install/br2_gazebo_worlds/share/br2_gazebo_worlds/models/aws_robomaker_residential_DeskPortraitC_01/materials/textures/DeskPortraitC_01.jpg
[19.604s] -- Symlinking: /home/edmund-munene/Documents/Programming-language-basics/Linux/Robotics/AConciseIntroductiontoRobotProgrammingwithROS2/bookros2_ws/install/br2_gazebo_worlds/share/br2_gazebo_worlds/models/aws_robomaker_residential_DeskPortraitC_01/materials/textures/aws_DeskPortraitC_01.png
[19.642s] -- Symlinking: /home/edmund-munene/Documents/Programming-language-basics/Linux/Robotics/AConciseIntroductiontoRobotProgrammingwithROS2/bookros2_ws/install/br2_gazebo_worlds/share/br2_gazebo_worlds/models/aws_robomaker_residential_DeskPortraitC_01/materials/textures/aws_DeskPortraitC_02.png
[19.678s] -- Symlinking: /home/edmund-munene/Documents/Programming-language-basics/Linux/Robotics/AConciseIntroductiontoRobotProgrammingwithROS2/bookros2_ws/install/br2_gazebo_worlds/share/br2_gazebo_worlds/models/aws_robomaker_residential_DeskPortraitC_01/meshes/aws_DeskPortraitC_01_collision.DAE
[19.712s] -- Symlinking: /home/edmund-munene/Documents/Programming-language-basics/Linux/Robotics/AConciseIntroductiontoRobotProgrammingwithROS2/bookros2_ws/install/br2_gazebo_worlds/share/br2_gazebo_worlds/models/aws_robomaker_residential_DeskPortraitC_01/meshes/aws_DeskPortraitC_01_visual.DAE
[19.754s] -- Symlinking: /home/edmund-munene/Documents/Programming-language-basics/Linux/Robotics/AConciseIntroductiontoRobotProgrammingwithROS2/bookros2_ws/install/br2_gazebo_worlds/share/br2_gazebo_worlds/models/aws_robomaker_residential_DeskPortraitC_01/model.config
[19.797s] -- Symlinking: /home/edmund-munene/Documents/Programming-language-basics/Linux/Robotics/AConciseIntroductiontoRobotProgrammingwithROS2/bookros2_ws/install/br2_gazebo_worlds/share/br2_gazebo_worlds/models/aws_robomaker_residential_DeskPortraitC_01/model.sdf
[19.841s] -- Symlinking: /home/edmund-munene/Documents/Programming-language-basics/Linux/Robotics/AConciseIntroductiontoRobotProgrammingwithROS2/bookros2_ws/install/br2_gazebo_worlds/share/br2_gazebo_worlds/models/aws_robomaker_residential_DeskPortraitC_02/materials/textures/DeskPortraitC_02.jpg
[19.885s] -- Symlinking: /home/edmund-munene/Documents/Programming-language-basics/Linux/Robotics/AConciseIntroductiontoRobotProgrammingwithROS2/bookros2_ws/install/br2_gazebo_worlds/share/br2_gazebo_worlds/models/aws_robomaker_residential_DeskPortraitC_02/materials/textures/aws_DeskPortraitC_01.png
[19.948s] -- Symlinking: /home/edmund-munene/Documents/Programming-language-basics/Linux/Robotics/AConciseIntroductiontoRobotProgrammingwithROS2/bookros2_ws/install/br2_gazebo_worlds/share/br2_gazebo_worlds/models/aws_robomaker_residential_DeskPortraitC_02/materials/textures/aws_DeskPortraitC_02.png
[20.000s] -- Symlinking: /home/edmund-munene/Documents/Programming-language-basics/Linux/Robotics/AConciseIntroductiontoRobotProgrammingwithROS2/bookros2_ws/install/br2_gazebo_worlds/share/br2_gazebo_worlds/models/aws_robomaker_residential_DeskPortraitC_02/meshes/aws_DeskPortraitC_01_collision.DAE
[20.048s] -- Symlinking: /home/edmund-munene/Documents/Programming-language-basics/Linux/Robotics/AConciseIntroductiontoRobotProgrammingwithROS2/bookros2_ws/install/br2_gazebo_worlds/share/br2_gazebo_worlds/models/aws_robomaker_residential_DeskPortraitC_02/meshes/aws_DeskPortraitC_01_visual.DAE
[20.076s] -- Symlinking: /home/edmund-munene/Documents/Programming-language-basics/Linux/Robotics/AConciseIntroductiontoRobotProgrammingwithROS2/bookros2_ws/install/br2_gazebo_worlds/share/br2_gazebo_worlds/models/aws_robomaker_residential_DeskPortraitC_02/model.config
[20.104s] -- Symlinking: /home/edmund-munene/Documents/Programming-language-basics/Linux/Robotics/AConciseIntroductiontoRobotProgrammingwithROS2/bookros2_ws/install/br2_gazebo_worlds/share/br2_gazebo_worlds/models/aws_robomaker_residential_DeskPortraitC_02/model.sdf
[20.162s] -- Symlinking: /home/edmund-munene/Documents/Programming-language-basics/Linux/Robotics/AConciseIntroductiontoRobotProgrammingwithROS2/bookros2_ws/install/br2_gazebo_worlds/share/br2_gazebo_worlds/models/aws_robomaker_residential_DeskPortraitD_01/materials/textures/DeskPortraitD_01.jpg
[20.213s] -- Symlinking: /home/edmund-munene/Documents/Programming-language-basics/Linux/Robotics/AConciseIntroductiontoRobotProgrammingwithROS2/bookros2_ws/install/br2_gazebo_worlds/share/br2_gazebo_worlds/models/aws_robomaker_residential_DeskPortraitD_01/materials/textures/aws_DeskPortraitD_01.png
[20.250s] -- Symlinking: /home/edmund-munene/Documents/Programming-language-basics/Linux/Robotics/AConciseIntroductiontoRobotProgrammingwithROS2/bookros2_ws/install/br2_gazebo_worlds/share/br2_gazebo_worlds/models/aws_robomaker_residential_DeskPortraitD_01/materials/textures/aws_DeskPortraitD_02.png
[20.284s] -- Symlinking: /home/edmund-munene/Documents/Programming-language-basics/Linux/Robotics/AConciseIntroductiontoRobotProgrammingwithROS2/bookros2_ws/install/br2_gazebo_worlds/share/br2_gazebo_worlds/models/aws_robomaker_residential_DeskPortraitD_01/meshes/aws_DeskPortraitD_01_collision.DAE
[20.320s] -- Symlinking: /home/edmund-munene/Documents/Programming-language-basics/Linux/Robotics/AConciseIntroductiontoRobotProgrammingwithROS2/bookros2_ws/install/br2_gazebo_worlds/share/br2_gazebo_worlds/models/aws_robomaker_residential_DeskPortraitD_01/meshes/aws_DeskPortraitD_01_visual.DAE
[20.357s] -- Symlinking: /home/edmund-munene/Documents/Programming-language-basics/Linux/Robotics/AConciseIntroductiontoRobotProgrammingwithROS2/bookros2_ws/install/br2_gazebo_worlds/share/br2_gazebo_worlds/models/aws_robomaker_residential_DeskPortraitD_01/model.config
[20.391s] -- Symlinking: /home/edmund-munene/Documents/Programming-language-basics/Linux/Robotics/AConciseIntroductiontoRobotProgrammingwithROS2/bookros2_ws/install/br2_gazebo_worlds/share/br2_gazebo_worlds/models/aws_robomaker_residential_DeskPortraitD_01/model.sdf
[20.415s] -- Symlinking: /home/edmund-munene/Documents/Programming-language-basics/Linux/Robotics/AConciseIntroductiontoRobotProgrammingwithROS2/bookros2_ws/install/br2_gazebo_worlds/share/br2_gazebo_worlds/models/aws_robomaker_residential_DeskPortraitD_02/materials/textures/DeskPortraitD_02.jpg
[20.440s] -- Symlinking: /home/edmund-munene/Documents/Programming-language-basics/Linux/Robotics/AConciseIntroductiontoRobotProgrammingwithROS2/bookros2_ws/install/br2_gazebo_worlds/share/br2_gazebo_worlds/models/aws_robomaker_residential_DeskPortraitD_02/materials/textures/aws_DeskPortraitD_01.png
[20.487s] -- Symlinking: /home/edmund-munene/Documents/Programming-language-basics/Linux/Robotics/AConciseIntroductiontoRobotProgrammingwithROS2/bookros2_ws/install/br2_gazebo_worlds/share/br2_gazebo_worlds/models/aws_robomaker_residential_DeskPortraitD_02/materials/textures/aws_DeskPortraitD_02.png
[20.531s] -- Symlinking: /home/edmund-munene/Documents/Programming-language-basics/Linux/Robotics/AConciseIntroductiontoRobotProgrammingwithROS2/bookros2_ws/install/br2_gazebo_worlds/share/br2_gazebo_worlds/models/aws_robomaker_residential_DeskPortraitD_02/meshes/aws_DeskPortraitD_01_collision.DAE
[20.572s] -- Symlinking: /home/edmund-munene/Documents/Programming-language-basics/Linux/Robotics/AConciseIntroductiontoRobotProgrammingwithROS2/bookros2_ws/install/br2_gazebo_worlds/share/br2_gazebo_worlds/models/aws_robomaker_residential_DeskPortraitD_02/meshes/aws_DeskPortraitD_01_visual.DAE
[20.631s] -- Symlinking: /home/edmund-munene/Documents/Programming-language-basics/Linux/Robotics/AConciseIntroductiontoRobotProgrammingwithROS2/bookros2_ws/install/br2_gazebo_worlds/share/br2_gazebo_worlds/models/aws_robomaker_residential_DeskPortraitD_02/model.config
[20.686s] -- Symlinking: /home/edmund-munene/Documents/Programming-language-basics/Linux/Robotics/AConciseIntroductiontoRobotProgrammingwithROS2/bookros2_ws/install/br2_gazebo_worlds/share/br2_gazebo_worlds/models/aws_robomaker_residential_DeskPortraitD_02/model.sdf
[20.730s] -- Symlinking: /home/edmund-munene/Documents/Programming-language-basics/Linux/Robotics/AConciseIntroductiontoRobotProgrammingwithROS2/bookros2_ws/install/br2_gazebo_worlds/share/br2_gazebo_worlds/models/aws_robomaker_residential_DeskPortraitD_03/materials/textures/DeskPortraitD_03.jpg
[20.779s] -- Symlinking: /home/edmund-munene/Documents/Programming-language-basics/Linux/Robotics/AConciseIntroductiontoRobotProgrammingwithROS2/bookros2_ws/install/br2_gazebo_worlds/share/br2_gazebo_worlds/models/aws_robomaker_residential_DeskPortraitD_03/materials/textures/aws_DeskPortraitD_01.png
[20.824s] -- Symlinking: /home/edmund-munene/Documents/Programming-language-basics/Linux/Robotics/AConciseIntroductiontoRobotProgrammingwithROS2/bookros2_ws/install/br2_gazebo_worlds/share/br2_gazebo_worlds/models/aws_robomaker_residential_DeskPortraitD_03/materials/textures/aws_DeskPortraitD_02.png
[20.865s] -- Symlinking: /home/edmund-munene/Documents/Programming-language-basics/Linux/Robotics/AConciseIntroductiontoRobotProgrammingwithROS2/bookros2_ws/install/br2_gazebo_worlds/share/br2_gazebo_worlds/models/aws_robomaker_residential_DeskPortraitD_03/meshes/aws_DeskPortraitD_01_collision.DAE
[20.911s] -- Symlinking: /home/edmund-munene/Documents/Programming-language-basics/Linux/Robotics/AConciseIntroductiontoRobotProgrammingwithROS2/bookros2_ws/install/br2_gazebo_worlds/share/br2_gazebo_worlds/models/aws_robomaker_residential_DeskPortraitD_03/meshes/aws_DeskPortraitD_01_visual.DAE
[20.968s] -- Symlinking: /home/edmund-munene/Documents/Programming-language-basics/Linux/Robotics/AConciseIntroductiontoRobotProgrammingwithROS2/bookros2_ws/install/br2_gazebo_worlds/share/br2_gazebo_worlds/models/aws_robomaker_residential_DeskPortraitD_03/model.config
[20.995s] -- Symlinking: /home/edmund-munene/Documents/Programming-language-basics/Linux/Robotics/AConciseIntroductiontoRobotProgrammingwithROS2/bookros2_ws/install/br2_gazebo_worlds/share/br2_gazebo_worlds/models/aws_robomaker_residential_DeskPortraitD_03/model.sdf
[21.029s] -- Symlinking: /home/edmund-munene/Documents/Programming-language-basics/Linux/Robotics/AConciseIntroductiontoRobotProgrammingwithROS2/bookros2_ws/install/br2_gazebo_worlds/share/br2_gazebo_worlds/models/aws_robomaker_residential_DeskPortraitD_04/materials/textures/DeskPortraitD_04.jpg
[21.068s] -- Symlinking: /home/edmund-munene/Documents/Programming-language-basics/Linux/Robotics/AConciseIntroductiontoRobotProgrammingwithROS2/bookros2_ws/install/br2_gazebo_worlds/share/br2_gazebo_worlds/models/aws_robomaker_residential_DeskPortraitD_04/materials/textures/aws_DeskPortraitD_01.png
[21.100s] -- Symlinking: /home/edmund-munene/Documents/Programming-language-basics/Linux/Robotics/AConciseIntroductiontoRobotProgrammingwithROS2/bookros2_ws/install/br2_gazebo_worlds/share/br2_gazebo_worlds/models/aws_robomaker_residential_DeskPortraitD_04/materials/textures/aws_DeskPortraitD_02.png
[21.134s] -- Symlinking: /home/edmund-munene/Documents/Programming-language-basics/Linux/Robotics/AConciseIntroductiontoRobotProgrammingwithROS2/bookros2_ws/install/br2_gazebo_worlds/share/br2_gazebo_worlds/models/aws_robomaker_residential_DeskPortraitD_04/meshes/aws_DeskPortraitD_01_collision.DAE
[21.169s] -- Symlinking: /home/edmund-munene/Documents/Programming-language-basics/Linux/Robotics/AConciseIntroductiontoRobotProgrammingwithROS2/bookros2_ws/install/br2_gazebo_worlds/share/br2_gazebo_worlds/models/aws_robomaker_residential_DeskPortraitD_04/meshes/aws_DeskPortraitD_01_visual.DAE
[21.204s] -- Symlinking: /home/edmund-munene/Documents/Programming-language-basics/Linux/Robotics/AConciseIntroductiontoRobotProgrammingwithROS2/bookros2_ws/install/br2_gazebo_worlds/share/br2_gazebo_worlds/models/aws_robomaker_residential_DeskPortraitD_04/model.config
[21.236s] -- Symlinking: /home/edmund-munene/Documents/Programming-language-basics/Linux/Robotics/AConciseIntroductiontoRobotProgrammingwithROS2/bookros2_ws/install/br2_gazebo_worlds/share/br2_gazebo_worlds/models/aws_robomaker_residential_DeskPortraitD_04/model.sdf
[21.268s] -- Symlinking: /home/edmund-munene/Documents/Programming-language-basics/Linux/Robotics/AConciseIntroductiontoRobotProgrammingwithROS2/bookros2_ws/install/br2_gazebo_worlds/share/br2_gazebo_worlds/models/aws_robomaker_residential_Door_01/materials/textures/aws_Door_01.png
[21.297s] -- Symlinking: /home/edmund-munene/Documents/Programming-language-basics/Linux/Robotics/AConciseIntroductiontoRobotProgrammingwithROS2/bookros2_ws/install/br2_gazebo_worlds/share/br2_gazebo_worlds/models/aws_robomaker_residential_Door_01/meshes/aws_Door_01_collision.DAE
[21.333s] -- Symlinking: /home/edmund-munene/Documents/Programming-language-basics/Linux/Robotics/AConciseIntroductiontoRobotProgrammingwithROS2/bookros2_ws/install/br2_gazebo_worlds/share/br2_gazebo_worlds/models/aws_robomaker_residential_Door_01/meshes/aws_Door_01_visual.DAE
[21.355s] -- Symlinking: /home/edmund-munene/Documents/Programming-language-basics/Linux/Robotics/AConciseIntroductiontoRobotProgrammingwithROS2/bookros2_ws/install/br2_gazebo_worlds/share/br2_gazebo_worlds/models/aws_robomaker_residential_Door_01/model.config
[21.387s] -- Symlinking: /home/edmund-munene/Documents/Programming-language-basics/Linux/Robotics/AConciseIntroductiontoRobotProgrammingwithROS2/bookros2_ws/install/br2_gazebo_worlds/share/br2_gazebo_worlds/models/aws_robomaker_residential_Door_01/model.sdf
[21.411s] -- Symlinking: /home/edmund-munene/Documents/Programming-language-basics/Linux/Robotics/AConciseIntroductiontoRobotProgrammingwithROS2/bookros2_ws/install/br2_gazebo_worlds/share/br2_gazebo_worlds/models/aws_robomaker_residential_Dumbbell_01/materials/textures/aws_Dumbbell_01.png
[21.433s] -- Symlinking: /home/edmund-munene/Documents/Programming-language-basics/Linux/Robotics/AConciseIntroductiontoRobotProgrammingwithROS2/bookros2_ws/install/br2_gazebo_worlds/share/br2_gazebo_worlds/models/aws_robomaker_residential_Dumbbell_01/meshes/aws_Dumbbell_01_collision.DAE
[21.515s] -- Symlinking: /home/edmund-munene/Documents/Programming-language-basics/Linux/Robotics/AConciseIntroductiontoRobotProgrammingwithROS2/bookros2_ws/install/br2_gazebo_worlds/share/br2_gazebo_worlds/models/aws_robomaker_residential_Dumbbell_01/meshes/aws_Dumbbell_01_visual.DAE
[21.531s] -- Symlinking: /home/edmund-munene/Documents/Programming-language-basics/Linux/Robotics/AConciseIntroductiontoRobotProgrammingwithROS2/bookros2_ws/install/br2_gazebo_worlds/share/br2_gazebo_worlds/models/aws_robomaker_residential_Dumbbell_01/model.config
[21.553s] -- Symlinking: /home/edmund-munene/Documents/Programming-language-basics/Linux/Robotics/AConciseIntroductiontoRobotProgrammingwithROS2/bookros2_ws/install/br2_gazebo_worlds/share/br2_gazebo_worlds/models/aws_robomaker_residential_Dumbbell_01/model.sdf
[21.593s] -- Symlinking: /home/edmund-munene/Documents/Programming-language-basics/Linux/Robotics/AConciseIntroductiontoRobotProgrammingwithROS2/bookros2_ws/install/br2_gazebo_worlds/share/br2_gazebo_worlds/models/aws_robomaker_residential_FitnessEquipment_01/materials/textures/aws_FitnessEquipment_01.png
[21.644s] -- Symlinking: /home/edmund-munene/Documents/Programming-language-basics/Linux/Robotics/AConciseIntroductiontoRobotProgrammingwithROS2/bookros2_ws/install/br2_gazebo_worlds/share/br2_gazebo_worlds/models/aws_robomaker_residential_FitnessEquipment_01/meshes/aws_FitnessEquipment_01_collision.DAE
[21.692s] -- Symlinking: /home/edmund-munene/Documents/Programming-language-basics/Linux/Robotics/AConciseIntroductiontoRobotProgrammingwithROS2/bookros2_ws/install/br2_gazebo_worlds/share/br2_gazebo_worlds/models/aws_robomaker_residential_FitnessEquipment_01/meshes/aws_FitnessEquipment_01_visual.DAE
[21.714s] -- Symlinking: /home/edmund-munene/Documents/Programming-language-basics/Linux/Robotics/AConciseIntroductiontoRobotProgrammingwithROS2/bookros2_ws/install/br2_gazebo_worlds/share/br2_gazebo_worlds/models/aws_robomaker_residential_FitnessEquipment_01/model.config
[21.752s] -- Symlinking: /home/edmund-munene/Documents/Programming-language-basics/Linux/Robotics/AConciseIntroductiontoRobotProgrammingwithROS2/bookros2_ws/install/br2_gazebo_worlds/share/br2_gazebo_worlds/models/aws_robomaker_residential_FitnessEquipment_01/model.sdf
[21.764s] -- Symlinking: /home/edmund-munene/Documents/Programming-language-basics/Linux/Robotics/AConciseIntroductiontoRobotProgrammingwithROS2/bookros2_ws/install/br2_gazebo_worlds/share/br2_gazebo_worlds/models/aws_robomaker_residential_FloorB_01/materials/textures/aws_FloorB_01.png
[21.800s] -- Symlinking: /home/edmund-munene/Documents/Programming-language-basics/Linux/Robotics/AConciseIntroductiontoRobotProgrammingwithROS2/bookros2_ws/install/br2_gazebo_worlds/share/br2_gazebo_worlds/models/aws_robomaker_residential_FloorB_01/meshes/aws_FloorB_01_collision.DAE
[21.854s] -- Symlinking: /home/edmund-munene/Documents/Programming-language-basics/Linux/Robotics/AConciseIntroductiontoRobotProgrammingwithROS2/bookros2_ws/install/br2_gazebo_worlds/share/br2_gazebo_worlds/models/aws_robomaker_residential_FloorB_01/meshes/aws_FloorB_01_visual.DAE
[21.870s] -- Symlinking: /home/edmund-munene/Documents/Programming-language-basics/Linux/Robotics/AConciseIntroductiontoRobotProgrammingwithROS2/bookros2_ws/install/br2_gazebo_worlds/share/br2_gazebo_worlds/models/aws_robomaker_residential_FloorB_01/model.config
[21.907s] -- Symlinking: /home/edmund-munene/Documents/Programming-language-basics/Linux/Robotics/AConciseIntroductiontoRobotProgrammingwithROS2/bookros2_ws/install/br2_gazebo_worlds/share/br2_gazebo_worlds/models/aws_robomaker_residential_FloorB_01/model.sdf
[21.947s] -- Symlinking: /home/edmund-munene/Documents/Programming-language-basics/Linux/Robotics/AConciseIntroductiontoRobotProgrammingwithROS2/bookros2_ws/install/br2_gazebo_worlds/share/br2_gazebo_worlds/models/aws_robomaker_residential_FoldingDoor_01/materials/textures/aws_FoldingDoor_01.png
[21.965s] -- Symlinking: /home/edmund-munene/Documents/Programming-language-basics/Linux/Robotics/AConciseIntroductiontoRobotProgrammingwithROS2/bookros2_ws/install/br2_gazebo_worlds/share/br2_gazebo_worlds/models/aws_robomaker_residential_FoldingDoor_01/meshes/aws_FoldingDoor_01_collision.DAE
[21.983s] -- Symlinking: /home/edmund-munene/Documents/Programming-language-basics/Linux/Robotics/AConciseIntroductiontoRobotProgrammingwithROS2/bookros2_ws/install/br2_gazebo_worlds/share/br2_gazebo_worlds/models/aws_robomaker_residential_FoldingDoor_01/meshes/aws_FoldingDoor_01_visual.DAE
[22.003s] -- Symlinking: /home/edmund-munene/Documents/Programming-language-basics/Linux/Robotics/AConciseIntroductiontoRobotProgrammingwithROS2/bookros2_ws/install/br2_gazebo_worlds/share/br2_gazebo_worlds/models/aws_robomaker_residential_FoldingDoor_01/model.config
[22.022s] -- Symlinking: /home/edmund-munene/Documents/Programming-language-basics/Linux/Robotics/AConciseIntroductiontoRobotProgrammingwithROS2/bookros2_ws/install/br2_gazebo_worlds/share/br2_gazebo_worlds/models/aws_robomaker_residential_FoldingDoor_01/model.sdf
[22.044s] -- Symlinking: /home/edmund-munene/Documents/Programming-language-basics/Linux/Robotics/AConciseIntroductiontoRobotProgrammingwithROS2/bookros2_ws/install/br2_gazebo_worlds/share/br2_gazebo_worlds/models/aws_robomaker_residential_FoldingDoor_02/materials/textures/aws_FoldingDoor_02.png
[22.086s] -- Symlinking: /home/edmund-munene/Documents/Programming-language-basics/Linux/Robotics/AConciseIntroductiontoRobotProgrammingwithROS2/bookros2_ws/install/br2_gazebo_worlds/share/br2_gazebo_worlds/models/aws_robomaker_residential_FoldingDoor_02/meshes/aws_FoldingDoor_02_collision.DAE
[22.111s] -- Symlinking: /home/edmund-munene/Documents/Programming-language-basics/Linux/Robotics/AConciseIntroductiontoRobotProgrammingwithROS2/bookros2_ws/install/br2_gazebo_worlds/share/br2_gazebo_worlds/models/aws_robomaker_residential_FoldingDoor_02/meshes/aws_FoldingDoor_02_visual.DAE
[22.140s] -- Symlinking: /home/edmund-munene/Documents/Programming-language-basics/Linux/Robotics/AConciseIntroductiontoRobotProgrammingwithROS2/bookros2_ws/install/br2_gazebo_worlds/share/br2_gazebo_worlds/models/aws_robomaker_residential_FoldingDoor_02/model.config
[22.165s] -- Symlinking: /home/edmund-munene/Documents/Programming-language-basics/Linux/Robotics/AConciseIntroductiontoRobotProgrammingwithROS2/bookros2_ws/install/br2_gazebo_worlds/share/br2_gazebo_worlds/models/aws_robomaker_residential_FoldingDoor_02/model.sdf
[22.196s] -- Symlinking: /home/edmund-munene/Documents/Programming-language-basics/Linux/Robotics/AConciseIntroductiontoRobotProgrammingwithROS2/bookros2_ws/install/br2_gazebo_worlds/share/br2_gazebo_worlds/models/aws_robomaker_residential_Handle_01/materials/textures/aws_Handle_01.png
[22.218s] -- Symlinking: /home/edmund-munene/Documents/Programming-language-basics/Linux/Robotics/AConciseIntroductiontoRobotProgrammingwithROS2/bookros2_ws/install/br2_gazebo_worlds/share/br2_gazebo_worlds/models/aws_robomaker_residential_Handle_01/meshes/aws_Handle_01_collision.DAE
[22.237s] -- Symlinking: /home/edmund-munene/Documents/Programming-language-basics/Linux/Robotics/AConciseIntroductiontoRobotProgrammingwithROS2/bookros2_ws/install/br2_gazebo_worlds/share/br2_gazebo_worlds/models/aws_robomaker_residential_Handle_01/meshes/aws_Handle_01_visual.DAE
[22.254s] -- Symlinking: /home/edmund-munene/Documents/Programming-language-basics/Linux/Robotics/AConciseIntroductiontoRobotProgrammingwithROS2/bookros2_ws/install/br2_gazebo_worlds/share/br2_gazebo_worlds/models/aws_robomaker_residential_Handle_01/model.config
[22.272s] -- Symlinking: /home/edmund-munene/Documents/Programming-language-basics/Linux/Robotics/AConciseIntroductiontoRobotProgrammingwithROS2/bookros2_ws/install/br2_gazebo_worlds/share/br2_gazebo_worlds/models/aws_robomaker_residential_Handle_01/model.sdf
[22.300s] -- Symlinking: /home/edmund-munene/Documents/Programming-language-basics/Linux/Robotics/AConciseIntroductiontoRobotProgrammingwithROS2/bookros2_ws/install/br2_gazebo_worlds/share/br2_gazebo_worlds/models/aws_robomaker_residential_HouseWallB_01/materials/textures/aws_HouseWallB_01.png
[22.310s] -- Symlinking: /home/edmund-munene/Documents/Programming-language-basics/Linux/Robotics/AConciseIntroductiontoRobotProgrammingwithROS2/bookros2_ws/install/br2_gazebo_worlds/share/br2_gazebo_worlds/models/aws_robomaker_residential_HouseWallB_01/meshes/aws_HouseWallB_01_collision.DAE
[22.345s] -- Symlinking: /home/edmund-munene/Documents/Programming-language-basics/Linux/Robotics/AConciseIntroductiontoRobotProgrammingwithROS2/bookros2_ws/install/br2_gazebo_worlds/share/br2_gazebo_worlds/models/aws_robomaker_residential_HouseWallB_01/meshes/aws_HouseWallB_01_visual.DAE
[22.384s] -- Symlinking: /home/edmund-munene/Documents/Programming-language-basics/Linux/Robotics/AConciseIntroductiontoRobotProgrammingwithROS2/bookros2_ws/install/br2_gazebo_worlds/share/br2_gazebo_worlds/models/aws_robomaker_residential_HouseWallB_01/model.config
[22.409s] -- Symlinking: /home/edmund-munene/Documents/Programming-language-basics/Linux/Robotics/AConciseIntroductiontoRobotProgrammingwithROS2/bookros2_ws/install/br2_gazebo_worlds/share/br2_gazebo_worlds/models/aws_robomaker_residential_HouseWallB_01/model.sdf
[22.427s] -- Symlinking: /home/edmund-munene/Documents/Programming-language-basics/Linux/Robotics/AConciseIntroductiontoRobotProgrammingwithROS2/bookros2_ws/install/br2_gazebo_worlds/share/br2_gazebo_worlds/models/aws_robomaker_residential_KitchenCabinet_01/materials/textures/aws_KitchenCabinet_01.png
[22.448s] -- Symlinking: /home/edmund-munene/Documents/Programming-language-basics/Linux/Robotics/AConciseIntroductiontoRobotProgrammingwithROS2/bookros2_ws/install/br2_gazebo_worlds/share/br2_gazebo_worlds/models/aws_robomaker_residential_KitchenCabinet_01/meshes/aws_KitchenCabinet_01_collision.DAE
[22.509s] -- Symlinking: /home/edmund-munene/Documents/Programming-language-basics/Linux/Robotics/AConciseIntroductiontoRobotProgrammingwithROS2/bookros2_ws/install/br2_gazebo_worlds/share/br2_gazebo_worlds/models/aws_robomaker_residential_KitchenCabinet_01/meshes/aws_KitchenCabinet_01_visual.DAE
[22.534s] -- Symlinking: /home/edmund-munene/Documents/Programming-language-basics/Linux/Robotics/AConciseIntroductiontoRobotProgrammingwithROS2/bookros2_ws/install/br2_gazebo_worlds/share/br2_gazebo_worlds/models/aws_robomaker_residential_KitchenCabinet_01/model.config
[22.571s] -- Symlinking: /home/edmund-munene/Documents/Programming-language-basics/Linux/Robotics/AConciseIntroductiontoRobotProgrammingwithROS2/bookros2_ws/install/br2_gazebo_worlds/share/br2_gazebo_worlds/models/aws_robomaker_residential_KitchenCabinet_01/model.sdf
[22.621s] -- Symlinking: /home/edmund-munene/Documents/Programming-language-basics/Linux/Robotics/AConciseIntroductiontoRobotProgrammingwithROS2/bookros2_ws/install/br2_gazebo_worlds/share/br2_gazebo_worlds/models/aws_robomaker_residential_KitchenTable_01/materials/textures/aws_KitchenTable_01.png
[22.648s] -- Symlinking: /home/edmund-munene/Documents/Programming-language-basics/Linux/Robotics/AConciseIntroductiontoRobotProgrammingwithROS2/bookros2_ws/install/br2_gazebo_worlds/share/br2_gazebo_worlds/models/aws_robomaker_residential_KitchenTable_01/meshes/aws_KitchenTable_01_collision.DAE
[22.714s] -- Symlinking: /home/edmund-munene/Documents/Programming-language-basics/Linux/Robotics/AConciseIntroductiontoRobotProgrammingwithROS2/bookros2_ws/install/br2_gazebo_worlds/share/br2_gazebo_worlds/models/aws_robomaker_residential_KitchenTable_01/meshes/aws_KitchenTable_01_visual.DAE
[22.745s] -- Symlinking: /home/edmund-munene/Documents/Programming-language-basics/Linux/Robotics/AConciseIntroductiontoRobotProgrammingwithROS2/bookros2_ws/install/br2_gazebo_worlds/share/br2_gazebo_worlds/models/aws_robomaker_residential_KitchenTable_01/model.config
[22.783s] -- Symlinking: /home/edmund-munene/Documents/Programming-language-basics/Linux/Robotics/AConciseIntroductiontoRobotProgrammingwithROS2/bookros2_ws/install/br2_gazebo_worlds/share/br2_gazebo_worlds/models/aws_robomaker_residential_KitchenTable_01/model.sdf
[22.808s] -- Symlinking: /home/edmund-munene/Documents/Programming-language-basics/Linux/Robotics/AConciseIntroductiontoRobotProgrammingwithROS2/bookros2_ws/install/br2_gazebo_worlds/share/br2_gazebo_worlds/models/aws_robomaker_residential_KitchenUtensils_01/materials/textures/aws_KitchenUtensils_01.png
[22.840s] -- Symlinking: /home/edmund-munene/Documents/Programming-language-basics/Linux/Robotics/AConciseIntroductiontoRobotProgrammingwithROS2/bookros2_ws/install/br2_gazebo_worlds/share/br2_gazebo_worlds/models/aws_robomaker_residential_KitchenUtensils_01/meshes/aws_KitchenUtensils_01_collision.DAE
[22.894s] -- Symlinking: /home/edmund-munene/Documents/Programming-language-basics/Linux/Robotics/AConciseIntroductiontoRobotProgrammingwithROS2/bookros2_ws/install/br2_gazebo_worlds/share/br2_gazebo_worlds/models/aws_robomaker_residential_KitchenUtensils_01/meshes/aws_KitchenUtensils_01_visual.DAE
[22.910s] -- Symlinking: /home/edmund-munene/Documents/Programming-language-basics/Linux/Robotics/AConciseIntroductiontoRobotProgrammingwithROS2/bookros2_ws/install/br2_gazebo_worlds/share/br2_gazebo_worlds/models/aws_robomaker_residential_KitchenUtensils_01/model.config
[22.928s] -- Symlinking: /home/edmund-munene/Documents/Programming-language-basics/Linux/Robotics/AConciseIntroductiontoRobotProgrammingwithROS2/bookros2_ws/install/br2_gazebo_worlds/share/br2_gazebo_worlds/models/aws_robomaker_residential_KitchenUtensils_01/model.sdf
[22.947s] -- Symlinking: /home/edmund-munene/Documents/Programming-language-basics/Linux/Robotics/AConciseIntroductiontoRobotProgrammingwithROS2/bookros2_ws/install/br2_gazebo_worlds/share/br2_gazebo_worlds/models/aws_robomaker_residential_LightC_01/materials/textures/aws_LightC_01.png
[22.977s] -- Symlinking: /home/edmund-munene/Documents/Programming-language-basics/Linux/Robotics/AConciseIntroductiontoRobotProgrammingwithROS2/bookros2_ws/install/br2_gazebo_worlds/share/br2_gazebo_worlds/models/aws_robomaker_residential_LightC_01/meshes/aws_LightC_01_collision.DAE
[23.011s] -- Symlinking: /home/edmund-munene/Documents/Programming-language-basics/Linux/Robotics/AConciseIntroductiontoRobotProgrammingwithROS2/bookros2_ws/install/br2_gazebo_worlds/share/br2_gazebo_worlds/models/aws_robomaker_residential_LightC_01/meshes/aws_LightC_01_visual.DAE
[23.029s] -- Symlinking: /home/edmund-munene/Documents/Programming-language-basics/Linux/Robotics/AConciseIntroductiontoRobotProgrammingwithROS2/bookros2_ws/install/br2_gazebo_worlds/share/br2_gazebo_worlds/models/aws_robomaker_residential_LightC_01/model.config
[23.047s] -- Symlinking: /home/edmund-munene/Documents/Programming-language-basics/Linux/Robotics/AConciseIntroductiontoRobotProgrammingwithROS2/bookros2_ws/install/br2_gazebo_worlds/share/br2_gazebo_worlds/models/aws_robomaker_residential_LightC_01/model.sdf
[23.081s] -- Symlinking: /home/edmund-munene/Documents/Programming-language-basics/Linux/Robotics/AConciseIntroductiontoRobotProgrammingwithROS2/bookros2_ws/install/br2_gazebo_worlds/share/br2_gazebo_worlds/models/aws_robomaker_residential_NightStand_01/materials/textures/aws_NightStand_01.png
[23.110s] -- Symlinking: /home/edmund-munene/Documents/Programming-language-basics/Linux/Robotics/AConciseIntroductiontoRobotProgrammingwithROS2/bookros2_ws/install/br2_gazebo_worlds/share/br2_gazebo_worlds/models/aws_robomaker_residential_NightStand_01/meshes/aws_NightStand_01_collision.DAE
[23.155s] -- Symlinking: /home/edmund-munene/Documents/Programming-language-basics/Linux/Robotics/AConciseIntroductiontoRobotProgrammingwithROS2/bookros2_ws/install/br2_gazebo_worlds/share/br2_gazebo_worlds/models/aws_robomaker_residential_NightStand_01/meshes/aws_NightStand_01_visual.DAE
[23.173s] -- Symlinking: /home/edmund-munene/Documents/Programming-language-basics/Linux/Robotics/AConciseIntroductiontoRobotProgrammingwithROS2/bookros2_ws/install/br2_gazebo_worlds/share/br2_gazebo_worlds/models/aws_robomaker_residential_NightStand_01/model.config
[23.197s] -- Symlinking: /home/edmund-munene/Documents/Programming-language-basics/Linux/Robotics/AConciseIntroductiontoRobotProgrammingwithROS2/bookros2_ws/install/br2_gazebo_worlds/share/br2_gazebo_worlds/models/aws_robomaker_residential_NightStand_01/model.sdf
[23.215s] -- Symlinking: /home/edmund-munene/Documents/Programming-language-basics/Linux/Robotics/AConciseIntroductiontoRobotProgrammingwithROS2/bookros2_ws/install/br2_gazebo_worlds/share/br2_gazebo_worlds/models/aws_robomaker_residential_Pillow_01/materials/textures/aws_Pillow_01.png
[23.232s] -- Symlinking: /home/edmund-munene/Documents/Programming-language-basics/Linux/Robotics/AConciseIntroductiontoRobotProgrammingwithROS2/bookros2_ws/install/br2_gazebo_worlds/share/br2_gazebo_worlds/models/aws_robomaker_residential_Pillow_01/meshes/aws_Pillow_01_collision.DAE
[23.250s] -- Symlinking: /home/edmund-munene/Documents/Programming-language-basics/Linux/Robotics/AConciseIntroductiontoRobotProgrammingwithROS2/bookros2_ws/install/br2_gazebo_worlds/share/br2_gazebo_worlds/models/aws_robomaker_residential_Pillow_01/meshes/aws_Pillow_01_visual.DAE
[23.269s] -- Symlinking: /home/edmund-munene/Documents/Programming-language-basics/Linux/Robotics/AConciseIntroductiontoRobotProgrammingwithROS2/bookros2_ws/install/br2_gazebo_worlds/share/br2_gazebo_worlds/models/aws_robomaker_residential_Pillow_01/model.config
[23.288s] -- Symlinking: /home/edmund-munene/Documents/Programming-language-basics/Linux/Robotics/AConciseIntroductiontoRobotProgrammingwithROS2/bookros2_ws/install/br2_gazebo_worlds/share/br2_gazebo_worlds/models/aws_robomaker_residential_Pillow_01/model.sdf
[23.309s] -- Symlinking: /home/edmund-munene/Documents/Programming-language-basics/Linux/Robotics/AConciseIntroductiontoRobotProgrammingwithROS2/bookros2_ws/install/br2_gazebo_worlds/share/br2_gazebo_worlds/models/aws_robomaker_residential_PortraitA_01/materials/textures/PortraitA_01.jpg
[23.325s] -- Symlinking: /home/edmund-munene/Documents/Programming-language-basics/Linux/Robotics/AConciseIntroductiontoRobotProgrammingwithROS2/bookros2_ws/install/br2_gazebo_worlds/share/br2_gazebo_worlds/models/aws_robomaker_residential_PortraitA_01/materials/textures/aws_PortraitA_01.png
[23.341s] -- Symlinking: /home/edmund-munene/Documents/Programming-language-basics/Linux/Robotics/AConciseIntroductiontoRobotProgrammingwithROS2/bookros2_ws/install/br2_gazebo_worlds/share/br2_gazebo_worlds/models/aws_robomaker_residential_PortraitA_01/materials/textures/aws_PortraitA_02.png
[23.364s] -- Symlinking: /home/edmund-munene/Documents/Programming-language-basics/Linux/Robotics/AConciseIntroductiontoRobotProgrammingwithROS2/bookros2_ws/install/br2_gazebo_worlds/share/br2_gazebo_worlds/models/aws_robomaker_residential_PortraitA_01/meshes/aws_PortraitA_01_collision.DAE
[23.397s] -- Symlinking: /home/edmund-munene/Documents/Programming-language-basics/Linux/Robotics/AConciseIntroductiontoRobotProgrammingwithROS2/bookros2_ws/install/br2_gazebo_worlds/share/br2_gazebo_worlds/models/aws_robomaker_residential_PortraitA_01/meshes/aws_PortraitA_01_visual.DAE
[23.422s] -- Symlinking: /home/edmund-munene/Documents/Programming-language-basics/Linux/Robotics/AConciseIntroductiontoRobotProgrammingwithROS2/bookros2_ws/install/br2_gazebo_worlds/share/br2_gazebo_worlds/models/aws_robomaker_residential_PortraitA_01/model.config
[23.440s] -- Symlinking: /home/edmund-munene/Documents/Programming-language-basics/Linux/Robotics/AConciseIntroductiontoRobotProgrammingwithROS2/bookros2_ws/install/br2_gazebo_worlds/share/br2_gazebo_worlds/models/aws_robomaker_residential_PortraitA_01/model.sdf
[23.459s] -- Symlinking: /home/edmund-munene/Documents/Programming-language-basics/Linux/Robotics/AConciseIntroductiontoRobotProgrammingwithROS2/bookros2_ws/install/br2_gazebo_worlds/share/br2_gazebo_worlds/models/aws_robomaker_residential_PortraitA_02/materials/textures/PortraitA_02.jpg
[23.497s] -- Symlinking: /home/edmund-munene/Documents/Programming-language-basics/Linux/Robotics/AConciseIntroductiontoRobotProgrammingwithROS2/bookros2_ws/install/br2_gazebo_worlds/share/br2_gazebo_worlds/models/aws_robomaker_residential_PortraitA_02/materials/textures/aws_PortraitA_01.png
[23.522s] -- Symlinking: /home/edmund-munene/Documents/Programming-language-basics/Linux/Robotics/AConciseIntroductiontoRobotProgrammingwithROS2/bookros2_ws/install/br2_gazebo_worlds/share/br2_gazebo_worlds/models/aws_robomaker_residential_PortraitA_02/materials/textures/aws_PortraitA_02.png
[23.550s] -- Symlinking: /home/edmund-munene/Documents/Programming-language-basics/Linux/Robotics/AConciseIntroductiontoRobotProgrammingwithROS2/bookros2_ws/install/br2_gazebo_worlds/share/br2_gazebo_worlds/models/aws_robomaker_residential_PortraitA_02/meshes/aws_PortraitA_01_collision.DAE
[23.584s] -- Symlinking: /home/edmund-munene/Documents/Programming-language-basics/Linux/Robotics/AConciseIntroductiontoRobotProgrammingwithROS2/bookros2_ws/install/br2_gazebo_worlds/share/br2_gazebo_worlds/models/aws_robomaker_residential_PortraitA_02/meshes/aws_PortraitA_01_visual.DAE
[23.609s] -- Symlinking: /home/edmund-munene/Documents/Programming-language-basics/Linux/Robotics/AConciseIntroductiontoRobotProgrammingwithROS2/bookros2_ws/install/br2_gazebo_worlds/share/br2_gazebo_worlds/models/aws_robomaker_residential_PortraitA_02/model.config
[23.627s] -- Symlinking: /home/edmund-munene/Documents/Programming-language-basics/Linux/Robotics/AConciseIntroductiontoRobotProgrammingwithROS2/bookros2_ws/install/br2_gazebo_worlds/share/br2_gazebo_worlds/models/aws_robomaker_residential_PortraitA_02/model.sdf
[23.648s] -- Symlinking: /home/edmund-munene/Documents/Programming-language-basics/Linux/Robotics/AConciseIntroductiontoRobotProgrammingwithROS2/bookros2_ws/install/br2_gazebo_worlds/share/br2_gazebo_worlds/models/aws_robomaker_residential_PortraitB_01/materials/textures/PortraitB_01.jpg
[23.668s] -- Symlinking: /home/edmund-munene/Documents/Programming-language-basics/Linux/Robotics/AConciseIntroductiontoRobotProgrammingwithROS2/bookros2_ws/install/br2_gazebo_worlds/share/br2_gazebo_worlds/models/aws_robomaker_residential_PortraitB_01/materials/textures/aws_PortraitB_01.png
[23.683s] -- Symlinking: /home/edmund-munene/Documents/Programming-language-basics/Linux/Robotics/AConciseIntroductiontoRobotProgrammingwithROS2/bookros2_ws/install/br2_gazebo_worlds/share/br2_gazebo_worlds/models/aws_robomaker_residential_PortraitB_01/materials/textures/aws_PortraitB_02.png
[23.720s] -- Symlinking: /home/edmund-munene/Documents/Programming-language-basics/Linux/Robotics/AConciseIntroductiontoRobotProgrammingwithROS2/bookros2_ws/install/br2_gazebo_worlds/share/br2_gazebo_worlds/models/aws_robomaker_residential_PortraitB_01/meshes/aws_PortraitB_01_collision.DAE
[23.758s] -- Symlinking: /home/edmund-munene/Documents/Programming-language-basics/Linux/Robotics/AConciseIntroductiontoRobotProgrammingwithROS2/bookros2_ws/install/br2_gazebo_worlds/share/br2_gazebo_worlds/models/aws_robomaker_residential_PortraitB_01/meshes/aws_PortraitB_01_visual.DAE
[23.778s] -- Symlinking: /home/edmund-munene/Documents/Programming-language-basics/Linux/Robotics/AConciseIntroductiontoRobotProgrammingwithROS2/bookros2_ws/install/br2_gazebo_worlds/share/br2_gazebo_worlds/models/aws_robomaker_residential_PortraitB_01/model.config
[23.798s] -- Symlinking: /home/edmund-munene/Documents/Programming-language-basics/Linux/Robotics/AConciseIntroductiontoRobotProgrammingwithROS2/bookros2_ws/install/br2_gazebo_worlds/share/br2_gazebo_worlds/models/aws_robomaker_residential_PortraitB_01/model.sdf
[23.819s] -- Symlinking: /home/edmund-munene/Documents/Programming-language-basics/Linux/Robotics/AConciseIntroductiontoRobotProgrammingwithROS2/bookros2_ws/install/br2_gazebo_worlds/share/br2_gazebo_worlds/models/aws_robomaker_residential_PortraitB_02/materials/textures/PortraitB_02.jpg
[23.839s] -- Symlinking: /home/edmund-munene/Documents/Programming-language-basics/Linux/Robotics/AConciseIntroductiontoRobotProgrammingwithROS2/bookros2_ws/install/br2_gazebo_worlds/share/br2_gazebo_worlds/models/aws_robomaker_residential_PortraitB_02/materials/textures/aws_PortraitB_01.png
[23.857s] -- Symlinking: /home/edmund-munene/Documents/Programming-language-basics/Linux/Robotics/AConciseIntroductiontoRobotProgrammingwithROS2/bookros2_ws/install/br2_gazebo_worlds/share/br2_gazebo_worlds/models/aws_robomaker_residential_PortraitB_02/materials/textures/aws_PortraitB_02.png
[23.880s] -- Symlinking: /home/edmund-munene/Documents/Programming-language-basics/Linux/Robotics/AConciseIntroductiontoRobotProgrammingwithROS2/bookros2_ws/install/br2_gazebo_worlds/share/br2_gazebo_worlds/models/aws_robomaker_residential_PortraitB_02/meshes/aws_PortraitB_01_collision.DAE
[23.903s] -- Symlinking: /home/edmund-munene/Documents/Programming-language-basics/Linux/Robotics/AConciseIntroductiontoRobotProgrammingwithROS2/bookros2_ws/install/br2_gazebo_worlds/share/br2_gazebo_worlds/models/aws_robomaker_residential_PortraitB_02/meshes/aws_PortraitB_01_visual.DAE
[23.936s] -- Symlinking: /home/edmund-munene/Documents/Programming-language-basics/Linux/Robotics/AConciseIntroductiontoRobotProgrammingwithROS2/bookros2_ws/install/br2_gazebo_worlds/share/br2_gazebo_worlds/models/aws_robomaker_residential_PortraitB_02/model.config
[23.974s] -- Symlinking: /home/edmund-munene/Documents/Programming-language-basics/Linux/Robotics/AConciseIntroductiontoRobotProgrammingwithROS2/bookros2_ws/install/br2_gazebo_worlds/share/br2_gazebo_worlds/models/aws_robomaker_residential_PortraitB_02/model.sdf
[24.007s] -- Symlinking: /home/edmund-munene/Documents/Programming-language-basics/Linux/Robotics/AConciseIntroductiontoRobotProgrammingwithROS2/bookros2_ws/install/br2_gazebo_worlds/share/br2_gazebo_worlds/models/aws_robomaker_residential_PortraitB_03/materials/textures/PortraitB_03.jpg
[24.046s] -- Symlinking: /home/edmund-munene/Documents/Programming-language-basics/Linux/Robotics/AConciseIntroductiontoRobotProgrammingwithROS2/bookros2_ws/install/br2_gazebo_worlds/share/br2_gazebo_worlds/models/aws_robomaker_residential_PortraitB_03/materials/textures/aws_PortraitB_01.png
[24.062s] -- Symlinking: /home/edmund-munene/Documents/Programming-language-basics/Linux/Robotics/AConciseIntroductiontoRobotProgrammingwithROS2/bookros2_ws/install/br2_gazebo_worlds/share/br2_gazebo_worlds/models/aws_robomaker_residential_PortraitB_03/materials/textures/aws_PortraitB_02.png
[24.084s] -- Symlinking: /home/edmund-munene/Documents/Programming-language-basics/Linux/Robotics/AConciseIntroductiontoRobotProgrammingwithROS2/bookros2_ws/install/br2_gazebo_worlds/share/br2_gazebo_worlds/models/aws_robomaker_residential_PortraitB_03/meshes/aws_PortraitB_01_collision.DAE
[24.121s] -- Symlinking: /home/edmund-munene/Documents/Programming-language-basics/Linux/Robotics/AConciseIntroductiontoRobotProgrammingwithROS2/bookros2_ws/install/br2_gazebo_worlds/share/br2_gazebo_worlds/models/aws_robomaker_residential_PortraitB_03/meshes/aws_PortraitB_01_visual.DAE
[24.142s] -- Symlinking: /home/edmund-munene/Documents/Programming-language-basics/Linux/Robotics/AConciseIntroductiontoRobotProgrammingwithROS2/bookros2_ws/install/br2_gazebo_worlds/share/br2_gazebo_worlds/models/aws_robomaker_residential_PortraitB_03/model.config
[24.162s] -- Symlinking: /home/edmund-munene/Documents/Programming-language-basics/Linux/Robotics/AConciseIntroductiontoRobotProgrammingwithROS2/bookros2_ws/install/br2_gazebo_worlds/share/br2_gazebo_worlds/models/aws_robomaker_residential_PortraitB_03/model.sdf
[24.180s] -- Symlinking: /home/edmund-munene/Documents/Programming-language-basics/Linux/Robotics/AConciseIntroductiontoRobotProgrammingwithROS2/bookros2_ws/install/br2_gazebo_worlds/share/br2_gazebo_worlds/models/aws_robomaker_residential_PortraitC_01/materials/textures/PortraitC_01.jpg
[24.197s] -- Symlinking: /home/edmund-munene/Documents/Programming-language-basics/Linux/Robotics/AConciseIntroductiontoRobotProgrammingwithROS2/bookros2_ws/install/br2_gazebo_worlds/share/br2_gazebo_worlds/models/aws_robomaker_residential_PortraitC_01/materials/textures/aws_PortraitC_01.png
[24.223s] -- Symlinking: /home/edmund-munene/Documents/Programming-language-basics/Linux/Robotics/AConciseIntroductiontoRobotProgrammingwithROS2/bookros2_ws/install/br2_gazebo_worlds/share/br2_gazebo_worlds/models/aws_robomaker_residential_PortraitC_01/materials/textures/aws_PortraitC_02.png
[24.240s] -- Symlinking: /home/edmund-munene/Documents/Programming-language-basics/Linux/Robotics/AConciseIntroductiontoRobotProgrammingwithROS2/bookros2_ws/install/br2_gazebo_worlds/share/br2_gazebo_worlds/models/aws_robomaker_residential_PortraitC_01/meshes/aws_PortraitC_01_collision.DAE
[24.256s] -- Symlinking: /home/edmund-munene/Documents/Programming-language-basics/Linux/Robotics/AConciseIntroductiontoRobotProgrammingwithROS2/bookros2_ws/install/br2_gazebo_worlds/share/br2_gazebo_worlds/models/aws_robomaker_residential_PortraitC_01/meshes/aws_PortraitC_01_visual.DAE
[24.276s] -- Symlinking: /home/edmund-munene/Documents/Programming-language-basics/Linux/Robotics/AConciseIntroductiontoRobotProgrammingwithROS2/bookros2_ws/install/br2_gazebo_worlds/share/br2_gazebo_worlds/models/aws_robomaker_residential_PortraitC_01/model.config
[24.295s] -- Symlinking: /home/edmund-munene/Documents/Programming-language-basics/Linux/Robotics/AConciseIntroductiontoRobotProgrammingwithROS2/bookros2_ws/install/br2_gazebo_worlds/share/br2_gazebo_worlds/models/aws_robomaker_residential_PortraitC_01/model.sdf
[24.330s] -- Symlinking: /home/edmund-munene/Documents/Programming-language-basics/Linux/Robotics/AConciseIntroductiontoRobotProgrammingwithROS2/bookros2_ws/install/br2_gazebo_worlds/share/br2_gazebo_worlds/models/aws_robomaker_residential_PortraitD_01/materials/textures/PortraitD_01.jpg
[24.358s] -- Symlinking: /home/edmund-munene/Documents/Programming-language-basics/Linux/Robotics/AConciseIntroductiontoRobotProgrammingwithROS2/bookros2_ws/install/br2_gazebo_worlds/share/br2_gazebo_worlds/models/aws_robomaker_residential_PortraitD_01/materials/textures/aws_PortraitD_01.png
[24.378s] -- Symlinking: /home/edmund-munene/Documents/Programming-language-basics/Linux/Robotics/AConciseIntroductiontoRobotProgrammingwithROS2/bookros2_ws/install/br2_gazebo_worlds/share/br2_gazebo_worlds/models/aws_robomaker_residential_PortraitD_01/materials/textures/aws_PortraitD_02.png
[24.392s] -- Symlinking: /home/edmund-munene/Documents/Programming-language-basics/Linux/Robotics/AConciseIntroductiontoRobotProgrammingwithROS2/bookros2_ws/install/br2_gazebo_worlds/share/br2_gazebo_worlds/models/aws_robomaker_residential_PortraitD_01/meshes/aws_PortraitD_01_collision.DAE
[24.413s] -- Symlinking: /home/edmund-munene/Documents/Programming-language-basics/Linux/Robotics/AConciseIntroductiontoRobotProgrammingwithROS2/bookros2_ws/install/br2_gazebo_worlds/share/br2_gazebo_worlds/models/aws_robomaker_residential_PortraitD_01/meshes/aws_PortraitD_01_visual.DAE
[24.430s] -- Symlinking: /home/edmund-munene/Documents/Programming-language-basics/Linux/Robotics/AConciseIntroductiontoRobotProgrammingwithROS2/bookros2_ws/install/br2_gazebo_worlds/share/br2_gazebo_worlds/models/aws_robomaker_residential_PortraitD_01/model.config
[24.448s] -- Symlinking: /home/edmund-munene/Documents/Programming-language-basics/Linux/Robotics/AConciseIntroductiontoRobotProgrammingwithROS2/bookros2_ws/install/br2_gazebo_worlds/share/br2_gazebo_worlds/models/aws_robomaker_residential_PortraitD_01/model.sdf
[24.474s] -- Symlinking: /home/edmund-munene/Documents/Programming-language-basics/Linux/Robotics/AConciseIntroductiontoRobotProgrammingwithROS2/bookros2_ws/install/br2_gazebo_worlds/share/br2_gazebo_worlds/models/aws_robomaker_residential_PortraitD_02/materials/textures/PortraitD_02.jpg
[24.490s] -- Symlinking: /home/edmund-munene/Documents/Programming-language-basics/Linux/Robotics/AConciseIntroductiontoRobotProgrammingwithROS2/bookros2_ws/install/br2_gazebo_worlds/share/br2_gazebo_worlds/models/aws_robomaker_residential_PortraitD_02/materials/textures/aws_PortraitD_01.png
[24.508s] -- Symlinking: /home/edmund-munene/Documents/Programming-language-basics/Linux/Robotics/AConciseIntroductiontoRobotProgrammingwithROS2/bookros2_ws/install/br2_gazebo_worlds/share/br2_gazebo_worlds/models/aws_robomaker_residential_PortraitD_02/materials/textures/aws_PortraitD_02.png
[24.528s] -- Symlinking: /home/edmund-munene/Documents/Programming-language-basics/Linux/Robotics/AConciseIntroductiontoRobotProgrammingwithROS2/bookros2_ws/install/br2_gazebo_worlds/share/br2_gazebo_worlds/models/aws_robomaker_residential_PortraitD_02/meshes/aws_PortraitD_01_collision.DAE
[24.559s] -- Symlinking: /home/edmund-munene/Documents/Programming-language-basics/Linux/Robotics/AConciseIntroductiontoRobotProgrammingwithROS2/bookros2_ws/install/br2_gazebo_worlds/share/br2_gazebo_worlds/models/aws_robomaker_residential_PortraitD_02/meshes/aws_PortraitD_01_visual.DAE
[24.587s] -- Symlinking: /home/edmund-munene/Documents/Programming-language-basics/Linux/Robotics/AConciseIntroductiontoRobotProgrammingwithROS2/bookros2_ws/install/br2_gazebo_worlds/share/br2_gazebo_worlds/models/aws_robomaker_residential_PortraitD_02/model.config
[24.607s] -- Symlinking: /home/edmund-munene/Documents/Programming-language-basics/Linux/Robotics/AConciseIntroductiontoRobotProgrammingwithROS2/bookros2_ws/install/br2_gazebo_worlds/share/br2_gazebo_worlds/models/aws_robomaker_residential_PortraitD_02/model.sdf
[24.629s] -- Symlinking: /home/edmund-munene/Documents/Programming-language-basics/Linux/Robotics/AConciseIntroductiontoRobotProgrammingwithROS2/bookros2_ws/install/br2_gazebo_worlds/share/br2_gazebo_worlds/models/aws_robomaker_residential_PortraitE_01/materials/textures/PortraitE_01.jpg
[24.649s] -- Symlinking: /home/edmund-munene/Documents/Programming-language-basics/Linux/Robotics/AConciseIntroductiontoRobotProgrammingwithROS2/bookros2_ws/install/br2_gazebo_worlds/share/br2_gazebo_worlds/models/aws_robomaker_residential_PortraitE_01/materials/textures/aws_PortraitE_01.png
[24.697s] -- Symlinking: /home/edmund-munene/Documents/Programming-language-basics/Linux/Robotics/AConciseIntroductiontoRobotProgrammingwithROS2/bookros2_ws/install/br2_gazebo_worlds/share/br2_gazebo_worlds/models/aws_robomaker_residential_PortraitE_01/materials/textures/aws_PortraitE_02.png
[24.720s] -- Symlinking: /home/edmund-munene/Documents/Programming-language-basics/Linux/Robotics/AConciseIntroductiontoRobotProgrammingwithROS2/bookros2_ws/install/br2_gazebo_worlds/share/br2_gazebo_worlds/models/aws_robomaker_residential_PortraitE_01/meshes/aws_PortraitE_01_collision.DAE
[24.736s] -- Symlinking: /home/edmund-munene/Documents/Programming-language-basics/Linux/Robotics/AConciseIntroductiontoRobotProgrammingwithROS2/bookros2_ws/install/br2_gazebo_worlds/share/br2_gazebo_worlds/models/aws_robomaker_residential_PortraitE_01/meshes/aws_PortraitE_01_visual.DAE
[24.759s] -- Symlinking: /home/edmund-munene/Documents/Programming-language-basics/Linux/Robotics/AConciseIntroductiontoRobotProgrammingwithROS2/bookros2_ws/install/br2_gazebo_worlds/share/br2_gazebo_worlds/models/aws_robomaker_residential_PortraitE_01/model.config
[24.780s] -- Symlinking: /home/edmund-munene/Documents/Programming-language-basics/Linux/Robotics/AConciseIntroductiontoRobotProgrammingwithROS2/bookros2_ws/install/br2_gazebo_worlds/share/br2_gazebo_worlds/models/aws_robomaker_residential_PortraitE_01/model.sdf
[24.794s] -- Symlinking: /home/edmund-munene/Documents/Programming-language-basics/Linux/Robotics/AConciseIntroductiontoRobotProgrammingwithROS2/bookros2_ws/install/br2_gazebo_worlds/share/br2_gazebo_worlds/models/aws_robomaker_residential_PortraitE_02/materials/textures/PortraitE_02.jpg
[24.820s] -- Symlinking: /home/edmund-munene/Documents/Programming-language-basics/Linux/Robotics/AConciseIntroductiontoRobotProgrammingwithROS2/bookros2_ws/install/br2_gazebo_worlds/share/br2_gazebo_worlds/models/aws_robomaker_residential_PortraitE_02/materials/textures/aws_PortraitE_01.png
[24.841s] -- Symlinking: /home/edmund-munene/Documents/Programming-language-basics/Linux/Robotics/AConciseIntroductiontoRobotProgrammingwithROS2/bookros2_ws/install/br2_gazebo_worlds/share/br2_gazebo_worlds/models/aws_robomaker_residential_PortraitE_02/materials/textures/aws_PortraitE_02.png
[24.856s] -- Symlinking: /home/edmund-munene/Documents/Programming-language-basics/Linux/Robotics/AConciseIntroductiontoRobotProgrammingwithROS2/bookros2_ws/install/br2_gazebo_worlds/share/br2_gazebo_worlds/models/aws_robomaker_residential_PortraitE_02/meshes/aws_PortraitE_01_collision.DAE
[24.877s] -- Symlinking: /home/edmund-munene/Documents/Programming-language-basics/Linux/Robotics/AConciseIntroductiontoRobotProgrammingwithROS2/bookros2_ws/install/br2_gazebo_worlds/share/br2_gazebo_worlds/models/aws_robomaker_residential_PortraitE_02/meshes/aws_PortraitE_01_visual.DAE
[24.895s] -- Symlinking: /home/edmund-munene/Documents/Programming-language-basics/Linux/Robotics/AConciseIntroductiontoRobotProgrammingwithROS2/bookros2_ws/install/br2_gazebo_worlds/share/br2_gazebo_worlds/models/aws_robomaker_residential_PortraitE_02/model.config
[24.913s] -- Symlinking: /home/edmund-munene/Documents/Programming-language-basics/Linux/Robotics/AConciseIntroductiontoRobotProgrammingwithROS2/bookros2_ws/install/br2_gazebo_worlds/share/br2_gazebo_worlds/models/aws_robomaker_residential_PortraitE_02/model.sdf
[24.934s] -- Symlinking: /home/edmund-munene/Documents/Programming-language-basics/Linux/Robotics/AConciseIntroductiontoRobotProgrammingwithROS2/bookros2_ws/install/br2_gazebo_worlds/share/br2_gazebo_worlds/models/aws_robomaker_residential_Quilt_01/materials/textures/aws_Quilt_01.png
[24.952s] -- Symlinking: /home/edmund-munene/Documents/Programming-language-basics/Linux/Robotics/AConciseIntroductiontoRobotProgrammingwithROS2/bookros2_ws/install/br2_gazebo_worlds/share/br2_gazebo_worlds/models/aws_robomaker_residential_Quilt_01/meshes/aws_Quilt_01_collision.DAE
[24.970s] -- Symlinking: /home/edmund-munene/Documents/Programming-language-basics/Linux/Robotics/AConciseIntroductiontoRobotProgrammingwithROS2/bookros2_ws/install/br2_gazebo_worlds/share/br2_gazebo_worlds/models/aws_robomaker_residential_Quilt_01/meshes/aws_Quilt_01_visual.DAE
[24.995s] -- Symlinking: /home/edmund-munene/Documents/Programming-language-basics/Linux/Robotics/AConciseIntroductiontoRobotProgrammingwithROS2/bookros2_ws/install/br2_gazebo_worlds/share/br2_gazebo_worlds/models/aws_robomaker_residential_Quilt_01/model.config
[25.012s] -- Symlinking: /home/edmund-munene/Documents/Programming-language-basics/Linux/Robotics/AConciseIntroductiontoRobotProgrammingwithROS2/bookros2_ws/install/br2_gazebo_worlds/share/br2_gazebo_worlds/models/aws_robomaker_residential_Quilt_01/model.sdf
[25.033s] -- Symlinking: /home/edmund-munene/Documents/Programming-language-basics/Linux/Robotics/AConciseIntroductiontoRobotProgrammingwithROS2/bookros2_ws/install/br2_gazebo_worlds/share/br2_gazebo_worlds/models/aws_robomaker_residential_Rangehood_01/materials/textures/aws_Rangehood_01.png
[25.062s] -- Symlinking: /home/edmund-munene/Documents/Programming-language-basics/Linux/Robotics/AConciseIntroductiontoRobotProgrammingwithROS2/bookros2_ws/install/br2_gazebo_worlds/share/br2_gazebo_worlds/models/aws_robomaker_residential_Rangehood_01/meshes/aws_Rangehood_01_collision.DAE
[25.097s] -- Symlinking: /home/edmund-munene/Documents/Programming-language-basics/Linux/Robotics/AConciseIntroductiontoRobotProgrammingwithROS2/bookros2_ws/install/br2_gazebo_worlds/share/br2_gazebo_worlds/models/aws_robomaker_residential_Rangehood_01/meshes/aws_Rangehood_01_visual.DAE
[25.115s] -- Symlinking: /home/edmund-munene/Documents/Programming-language-basics/Linux/Robotics/AConciseIntroductiontoRobotProgrammingwithROS2/bookros2_ws/install/br2_gazebo_worlds/share/br2_gazebo_worlds/models/aws_robomaker_residential_Rangehood_01/model.config
[25.143s] -- Symlinking: /home/edmund-munene/Documents/Programming-language-basics/Linux/Robotics/AConciseIntroductiontoRobotProgrammingwithROS2/bookros2_ws/install/br2_gazebo_worlds/share/br2_gazebo_worlds/models/aws_robomaker_residential_Rangehood_01/model.sdf
[25.180s] -- Symlinking: /home/edmund-munene/Documents/Programming-language-basics/Linux/Robotics/AConciseIntroductiontoRobotProgrammingwithROS2/bookros2_ws/install/br2_gazebo_worlds/share/br2_gazebo_worlds/models/aws_robomaker_residential_ReadingDesk_01/materials/textures/aws_ReadingDesk_01.png
[25.197s] -- Symlinking: /home/edmund-munene/Documents/Programming-language-basics/Linux/Robotics/AConciseIntroductiontoRobotProgrammingwithROS2/bookros2_ws/install/br2_gazebo_worlds/share/br2_gazebo_worlds/models/aws_robomaker_residential_ReadingDesk_01/meshes/aws_ReadingDesk_01_collision.DAE
[25.227s] -- Symlinking: /home/edmund-munene/Documents/Programming-language-basics/Linux/Robotics/AConciseIntroductiontoRobotProgrammingwithROS2/bookros2_ws/install/br2_gazebo_worlds/share/br2_gazebo_worlds/models/aws_robomaker_residential_ReadingDesk_01/meshes/aws_ReadingDesk_01_visual.DAE
[25.268s] -- Symlinking: /home/edmund-munene/Documents/Programming-language-basics/Linux/Robotics/AConciseIntroductiontoRobotProgrammingwithROS2/bookros2_ws/install/br2_gazebo_worlds/share/br2_gazebo_worlds/models/aws_robomaker_residential_ReadingDesk_01/model.config
[25.287s] -- Symlinking: /home/edmund-munene/Documents/Programming-language-basics/Linux/Robotics/AConciseIntroductiontoRobotProgrammingwithROS2/bookros2_ws/install/br2_gazebo_worlds/share/br2_gazebo_worlds/models/aws_robomaker_residential_ReadingDesk_01/model.sdf
[25.307s] -- Symlinking: /home/edmund-munene/Documents/Programming-language-basics/Linux/Robotics/AConciseIntroductiontoRobotProgrammingwithROS2/bookros2_ws/install/br2_gazebo_worlds/share/br2_gazebo_worlds/models/aws_robomaker_residential_Refrigerator_01/materials/textures/aws_Refrigerator_01.png
[25.329s] -- Symlinking: /home/edmund-munene/Documents/Programming-language-basics/Linux/Robotics/AConciseIntroductiontoRobotProgrammingwithROS2/bookros2_ws/install/br2_gazebo_worlds/share/br2_gazebo_worlds/models/aws_robomaker_residential_Refrigerator_01/materials/textures/aws_Refrigerator_02.png
[25.350s] -- Symlinking: /home/edmund-munene/Documents/Programming-language-basics/Linux/Robotics/AConciseIntroductiontoRobotProgrammingwithROS2/bookros2_ws/install/br2_gazebo_worlds/share/br2_gazebo_worlds/models/aws_robomaker_residential_Refrigerator_01/meshes/aws_Refrigerator_01.DAE
[25.367s] -- Symlinking: /home/edmund-munene/Documents/Programming-language-basics/Linux/Robotics/AConciseIntroductiontoRobotProgrammingwithROS2/bookros2_ws/install/br2_gazebo_worlds/share/br2_gazebo_worlds/models/aws_robomaker_residential_Refrigerator_01/meshes/aws_Refrigerator_01_collision.DAE
[25.385s] -- Symlinking: /home/edmund-munene/Documents/Programming-language-basics/Linux/Robotics/AConciseIntroductiontoRobotProgrammingwithROS2/bookros2_ws/install/br2_gazebo_worlds/share/br2_gazebo_worlds/models/aws_robomaker_residential_Refrigerator_01/meshes/aws_Refrigerator_01_visual.DAE
[25.409s] -- Symlinking: /home/edmund-munene/Documents/Programming-language-basics/Linux/Robotics/AConciseIntroductiontoRobotProgrammingwithROS2/bookros2_ws/install/br2_gazebo_worlds/share/br2_gazebo_worlds/models/aws_robomaker_residential_Refrigerator_01/model.config
[25.433s] -- Symlinking: /home/edmund-munene/Documents/Programming-language-basics/Linux/Robotics/AConciseIntroductiontoRobotProgrammingwithROS2/bookros2_ws/install/br2_gazebo_worlds/share/br2_gazebo_worlds/models/aws_robomaker_residential_Refrigerator_01/model.sdf
[25.451s] -- Symlinking: /home/edmund-munene/Documents/Programming-language-basics/Linux/Robotics/AConciseIntroductiontoRobotProgrammingwithROS2/bookros2_ws/install/br2_gazebo_worlds/share/br2_gazebo_worlds/models/aws_robomaker_residential_RoomCeiling_01/materials/textures/aws_RoomCeiling_01.png
[25.477s] -- Symlinking: /home/edmund-munene/Documents/Programming-language-basics/Linux/Robotics/AConciseIntroductiontoRobotProgrammingwithROS2/bookros2_ws/install/br2_gazebo_worlds/share/br2_gazebo_worlds/models/aws_robomaker_residential_RoomCeiling_01/meshes/aws_RoomCeiling_01_collision.DAE
[25.495s] -- Symlinking: /home/edmund-munene/Documents/Programming-language-basics/Linux/Robotics/AConciseIntroductiontoRobotProgrammingwithROS2/bookros2_ws/install/br2_gazebo_worlds/share/br2_gazebo_worlds/models/aws_robomaker_residential_RoomCeiling_01/meshes/aws_RoomCeiling_01_visual.DAE
[25.531s] -- Symlinking: /home/edmund-munene/Documents/Programming-language-basics/Linux/Robotics/AConciseIntroductiontoRobotProgrammingwithROS2/bookros2_ws/install/br2_gazebo_worlds/share/br2_gazebo_worlds/models/aws_robomaker_residential_RoomCeiling_01/model.config
[25.550s] -- Symlinking: /home/edmund-munene/Documents/Programming-language-basics/Linux/Robotics/AConciseIntroductiontoRobotProgrammingwithROS2/bookros2_ws/install/br2_gazebo_worlds/share/br2_gazebo_worlds/models/aws_robomaker_residential_RoomCeiling_01/model.sdf
[25.576s] -- Symlinking: /home/edmund-munene/Documents/Programming-language-basics/Linux/Robotics/AConciseIntroductiontoRobotProgrammingwithROS2/bookros2_ws/install/br2_gazebo_worlds/share/br2_gazebo_worlds/models/aws_robomaker_residential_RoomWall_01/materials/textures/aws_RoomWall_01.png
[25.600s] -- Symlinking: /home/edmund-munene/Documents/Programming-language-basics/Linux/Robotics/AConciseIntroductiontoRobotProgrammingwithROS2/bookros2_ws/install/br2_gazebo_worlds/share/br2_gazebo_worlds/models/aws_robomaker_residential_RoomWall_01/meshes/aws_RoomWall_01_collision.DAE
[25.618s] -- Symlinking: /home/edmund-munene/Documents/Programming-language-basics/Linux/Robotics/AConciseIntroductiontoRobotProgrammingwithROS2/bookros2_ws/install/br2_gazebo_worlds/share/br2_gazebo_worlds/models/aws_robomaker_residential_RoomWall_01/meshes/aws_RoomWall_01_visual.DAE
[25.637s] -- Symlinking: /home/edmund-munene/Documents/Programming-language-basics/Linux/Robotics/AConciseIntroductiontoRobotProgrammingwithROS2/bookros2_ws/install/br2_gazebo_worlds/share/br2_gazebo_worlds/models/aws_robomaker_residential_RoomWall_01/model.config
[25.654s] -- Symlinking: /home/edmund-munene/Documents/Programming-language-basics/Linux/Robotics/AConciseIntroductiontoRobotProgrammingwithROS2/bookros2_ws/install/br2_gazebo_worlds/share/br2_gazebo_worlds/models/aws_robomaker_residential_RoomWall_01/model.sdf
[25.674s] -- Symlinking: /home/edmund-munene/Documents/Programming-language-basics/Linux/Robotics/AConciseIntroductiontoRobotProgrammingwithROS2/bookros2_ws/install/br2_gazebo_worlds/share/br2_gazebo_worlds/models/aws_robomaker_residential_RoomWindow_01/materials/textures/aws_RoomWindow_01.png
[25.692s] -- Symlinking: /home/edmund-munene/Documents/Programming-language-basics/Linux/Robotics/AConciseIntroductiontoRobotProgrammingwithROS2/bookros2_ws/install/br2_gazebo_worlds/share/br2_gazebo_worlds/models/aws_robomaker_residential_RoomWindow_01/meshes/aws_RoomWindow_01_collision.DAE
[25.717s] -- Symlinking: /home/edmund-munene/Documents/Programming-language-basics/Linux/Robotics/AConciseIntroductiontoRobotProgrammingwithROS2/bookros2_ws/install/br2_gazebo_worlds/share/br2_gazebo_worlds/models/aws_robomaker_residential_RoomWindow_01/meshes/aws_RoomWindow_01_visual.DAE
[25.736s] -- Symlinking: /home/edmund-munene/Documents/Programming-language-basics/Linux/Robotics/AConciseIntroductiontoRobotProgrammingwithROS2/bookros2_ws/install/br2_gazebo_worlds/share/br2_gazebo_worlds/models/aws_robomaker_residential_RoomWindow_01/model.config
[25.760s] -- Symlinking: /home/edmund-munene/Documents/Programming-language-basics/Linux/Robotics/AConciseIntroductiontoRobotProgrammingwithROS2/bookros2_ws/install/br2_gazebo_worlds/share/br2_gazebo_worlds/models/aws_robomaker_residential_RoomWindow_01/model.sdf
[25.776s] -- Symlinking: /home/edmund-munene/Documents/Programming-language-basics/Linux/Robotics/AConciseIntroductiontoRobotProgrammingwithROS2/bookros2_ws/install/br2_gazebo_worlds/share/br2_gazebo_worlds/models/aws_robomaker_residential_SeasoningBox_01/materials/textures/aws_SeasoningBox_01.png
[25.796s] -- Symlinking: /home/edmund-munene/Documents/Programming-language-basics/Linux/Robotics/AConciseIntroductiontoRobotProgrammingwithROS2/bookros2_ws/install/br2_gazebo_worlds/share/br2_gazebo_worlds/models/aws_robomaker_residential_SeasoningBox_01/meshes/aws_SeasoningBox_01_collision.DAE
[25.819s] -- Symlinking: /home/edmund-munene/Documents/Programming-language-basics/Linux/Robotics/AConciseIntroductiontoRobotProgrammingwithROS2/bookros2_ws/install/br2_gazebo_worlds/share/br2_gazebo_worlds/models/aws_robomaker_residential_SeasoningBox_01/meshes/aws_SeasoningBox_01_visual.DAE
[25.841s] -- Symlinking: /home/edmund-munene/Documents/Programming-language-basics/Linux/Robotics/AConciseIntroductiontoRobotProgrammingwithROS2/bookros2_ws/install/br2_gazebo_worlds/share/br2_gazebo_worlds/models/aws_robomaker_residential_SeasoningBox_01/model.config
[25.864s] -- Symlinking: /home/edmund-munene/Documents/Programming-language-basics/Linux/Robotics/AConciseIntroductiontoRobotProgrammingwithROS2/bookros2_ws/install/br2_gazebo_worlds/share/br2_gazebo_worlds/models/aws_robomaker_residential_SeasoningBox_01/model.sdf
[25.883s] -- Symlinking: /home/edmund-munene/Documents/Programming-language-basics/Linux/Robotics/AConciseIntroductiontoRobotProgrammingwithROS2/bookros2_ws/install/br2_gazebo_worlds/share/br2_gazebo_worlds/models/aws_robomaker_residential_SecurityCamera_01/materials/textures/aws_SecurityCamera_01.png
[25.902s] -- Symlinking: /home/edmund-munene/Documents/Programming-language-basics/Linux/Robotics/AConciseIntroductiontoRobotProgrammingwithROS2/bookros2_ws/install/br2_gazebo_worlds/share/br2_gazebo_worlds/models/aws_robomaker_residential_SecurityCamera_01/meshes/aws_SecurityCamera_01_collision.DAE
[25.923s] -- Symlinking: /home/edmund-munene/Documents/Programming-language-basics/Linux/Robotics/AConciseIntroductiontoRobotProgrammingwithROS2/bookros2_ws/install/br2_gazebo_worlds/share/br2_gazebo_worlds/models/aws_robomaker_residential_SecurityCamera_01/meshes/aws_SecurityCamera_01_visual.DAE
[25.940s] -- Symlinking: /home/edmund-munene/Documents/Programming-language-basics/Linux/Robotics/AConciseIntroductiontoRobotProgrammingwithROS2/bookros2_ws/install/br2_gazebo_worlds/share/br2_gazebo_worlds/models/aws_robomaker_residential_SecurityCamera_01/model.config
[25.957s] -- Symlinking: /home/edmund-munene/Documents/Programming-language-basics/Linux/Robotics/AConciseIntroductiontoRobotProgrammingwithROS2/bookros2_ws/install/br2_gazebo_worlds/share/br2_gazebo_worlds/models/aws_robomaker_residential_SecurityCamera_01/model.sdf
[25.975s] -- Symlinking: /home/edmund-munene/Documents/Programming-language-basics/Linux/Robotics/AConciseIntroductiontoRobotProgrammingwithROS2/bookros2_ws/install/br2_gazebo_worlds/share/br2_gazebo_worlds/models/aws_robomaker_residential_ShoeRack_01/materials/textures/aws_ShoeRack_01.png
[25.997s] -- Symlinking: /home/edmund-munene/Documents/Programming-language-basics/Linux/Robotics/AConciseIntroductiontoRobotProgrammingwithROS2/bookros2_ws/install/br2_gazebo_worlds/share/br2_gazebo_worlds/models/aws_robomaker_residential_ShoeRack_01/meshes/aws_ShoeRack_01_collision.DAE
[26.021s] -- Symlinking: /home/edmund-munene/Documents/Programming-language-basics/Linux/Robotics/AConciseIntroductiontoRobotProgrammingwithROS2/bookros2_ws/install/br2_gazebo_worlds/share/br2_gazebo_worlds/models/aws_robomaker_residential_ShoeRack_01/meshes/aws_ShoeRack_01_visual.DAE
[26.043s] -- Symlinking: /home/edmund-munene/Documents/Programming-language-basics/Linux/Robotics/AConciseIntroductiontoRobotProgrammingwithROS2/bookros2_ws/install/br2_gazebo_worlds/share/br2_gazebo_worlds/models/aws_robomaker_residential_ShoeRack_01/model.config
[26.063s] -- Symlinking: /home/edmund-munene/Documents/Programming-language-basics/Linux/Robotics/AConciseIntroductiontoRobotProgrammingwithROS2/bookros2_ws/install/br2_gazebo_worlds/share/br2_gazebo_worlds/models/aws_robomaker_residential_ShoeRack_01/model.sdf
[26.084s] -- Symlinking: /home/edmund-munene/Documents/Programming-language-basics/Linux/Robotics/AConciseIntroductiontoRobotProgrammingwithROS2/bookros2_ws/install/br2_gazebo_worlds/share/br2_gazebo_worlds/models/aws_robomaker_residential_SofaB_01/materials/textures/aws_SofaB_01.png
[26.106s] -- Symlinking: /home/edmund-munene/Documents/Programming-language-basics/Linux/Robotics/AConciseIntroductiontoRobotProgrammingwithROS2/bookros2_ws/install/br2_gazebo_worlds/share/br2_gazebo_worlds/models/aws_robomaker_residential_SofaB_01/meshes/aws_SofaB_01_collision.DAE
[26.122s] -- Symlinking: /home/edmund-munene/Documents/Programming-language-basics/Linux/Robotics/AConciseIntroductiontoRobotProgrammingwithROS2/bookros2_ws/install/br2_gazebo_worlds/share/br2_gazebo_worlds/models/aws_robomaker_residential_SofaB_01/meshes/aws_SofaB_01_visual.DAE
[26.146s] -- Symlinking: /home/edmund-munene/Documents/Programming-language-basics/Linux/Robotics/AConciseIntroductiontoRobotProgrammingwithROS2/bookros2_ws/install/br2_gazebo_worlds/share/br2_gazebo_worlds/models/aws_robomaker_residential_SofaB_01/model.config
[26.161s] -- Symlinking: /home/edmund-munene/Documents/Programming-language-basics/Linux/Robotics/AConciseIntroductiontoRobotProgrammingwithROS2/bookros2_ws/install/br2_gazebo_worlds/share/br2_gazebo_worlds/models/aws_robomaker_residential_SofaB_01/model.sdf
[26.176s] -- Symlinking: /home/edmund-munene/Documents/Programming-language-basics/Linux/Robotics/AConciseIntroductiontoRobotProgrammingwithROS2/bookros2_ws/install/br2_gazebo_worlds/share/br2_gazebo_worlds/models/aws_robomaker_residential_SofaC_01/materials/textures/aws_SofaC_01.png
[26.191s] -- Symlinking: /home/edmund-munene/Documents/Programming-language-basics/Linux/Robotics/AConciseIntroductiontoRobotProgrammingwithROS2/bookros2_ws/install/br2_gazebo_worlds/share/br2_gazebo_worlds/models/aws_robomaker_residential_SofaC_01/meshes/aws_SofaC_01_collision.DAE
[26.209s] -- Symlinking: /home/edmund-munene/Documents/Programming-language-basics/Linux/Robotics/AConciseIntroductiontoRobotProgrammingwithROS2/bookros2_ws/install/br2_gazebo_worlds/share/br2_gazebo_worlds/models/aws_robomaker_residential_SofaC_01/meshes/aws_SofaC_01_visual.DAE
[26.226s] -- Symlinking: /home/edmund-munene/Documents/Programming-language-basics/Linux/Robotics/AConciseIntroductiontoRobotProgrammingwithROS2/bookros2_ws/install/br2_gazebo_worlds/share/br2_gazebo_worlds/models/aws_robomaker_residential_SofaC_01/model.config
[26.245s] -- Symlinking: /home/edmund-munene/Documents/Programming-language-basics/Linux/Robotics/AConciseIntroductiontoRobotProgrammingwithROS2/bookros2_ws/install/br2_gazebo_worlds/share/br2_gazebo_worlds/models/aws_robomaker_residential_SofaC_01/model.sdf
[26.264s] -- Symlinking: /home/edmund-munene/Documents/Programming-language-basics/Linux/Robotics/AConciseIntroductiontoRobotProgrammingwithROS2/bookros2_ws/install/br2_gazebo_worlds/share/br2_gazebo_worlds/models/aws_robomaker_residential_Sofa_01/materials/textures/aws_Sofa_01.png
[26.280s] -- Symlinking: /home/edmund-munene/Documents/Programming-language-basics/Linux/Robotics/AConciseIntroductiontoRobotProgrammingwithROS2/bookros2_ws/install/br2_gazebo_worlds/share/br2_gazebo_worlds/models/aws_robomaker_residential_Sofa_01/meshes/aws_Sofa_01.DAE
[26.301s] -- Symlinking: /home/edmund-munene/Documents/Programming-language-basics/Linux/Robotics/AConciseIntroductiontoRobotProgrammingwithROS2/bookros2_ws/install/br2_gazebo_worlds/share/br2_gazebo_worlds/models/aws_robomaker_residential_Sofa_01/meshes/aws_Sofa_01_collision.DAE
[26.318s] -- Symlinking: /home/edmund-munene/Documents/Programming-language-basics/Linux/Robotics/AConciseIntroductiontoRobotProgrammingwithROS2/bookros2_ws/install/br2_gazebo_worlds/share/br2_gazebo_worlds/models/aws_robomaker_residential_Sofa_01/meshes/aws_Sofa_01_visual.DAE
[26.346s] -- Symlinking: /home/edmund-munene/Documents/Programming-language-basics/Linux/Robotics/AConciseIntroductiontoRobotProgrammingwithROS2/bookros2_ws/install/br2_gazebo_worlds/share/br2_gazebo_worlds/models/aws_robomaker_residential_Sofa_01/model.config
[26.357s] -- Symlinking: /home/edmund-munene/Documents/Programming-language-basics/Linux/Robotics/AConciseIntroductiontoRobotProgrammingwithROS2/bookros2_ws/install/br2_gazebo_worlds/share/br2_gazebo_worlds/models/aws_robomaker_residential_Sofa_01/model.sdf
[26.391s] -- Symlinking: /home/edmund-munene/Documents/Programming-language-basics/Linux/Robotics/AConciseIntroductiontoRobotProgrammingwithROS2/bookros2_ws/install/br2_gazebo_worlds/share/br2_gazebo_worlds/models/aws_robomaker_residential_TVCabinet_01/materials/textures/aws_TVCabinet_01.png
[26.414s] -- Symlinking: /home/edmund-munene/Documents/Programming-language-basics/Linux/Robotics/AConciseIntroductiontoRobotProgrammingwithROS2/bookros2_ws/install/br2_gazebo_worlds/share/br2_gazebo_worlds/models/aws_robomaker_residential_TVCabinet_01/meshes/aws_TVCabinet_01_collision.DAE
[26.442s] -- Symlinking: /home/edmund-munene/Documents/Programming-language-basics/Linux/Robotics/AConciseIntroductiontoRobotProgrammingwithROS2/bookros2_ws/install/br2_gazebo_worlds/share/br2_gazebo_worlds/models/aws_robomaker_residential_TVCabinet_01/meshes/aws_TVCabinet_01_visual.DAE
[26.465s] -- Symlinking: /home/edmund-munene/Documents/Programming-language-basics/Linux/Robotics/AConciseIntroductiontoRobotProgrammingwithROS2/bookros2_ws/install/br2_gazebo_worlds/share/br2_gazebo_worlds/models/aws_robomaker_residential_TVCabinet_01/model.config
[26.480s] -- Symlinking: /home/edmund-munene/Documents/Programming-language-basics/Linux/Robotics/AConciseIntroductiontoRobotProgrammingwithROS2/bookros2_ws/install/br2_gazebo_worlds/share/br2_gazebo_worlds/models/aws_robomaker_residential_TVCabinet_01/model.sdf
[26.494s] -- Symlinking: /home/edmund-munene/Documents/Programming-language-basics/Linux/Robotics/AConciseIntroductiontoRobotProgrammingwithROS2/bookros2_ws/install/br2_gazebo_worlds/share/br2_gazebo_worlds/models/aws_robomaker_residential_TV_01/materials/textures/aws_TV_01.png
[26.511s] -- Symlinking: /home/edmund-munene/Documents/Programming-language-basics/Linux/Robotics/AConciseIntroductiontoRobotProgrammingwithROS2/bookros2_ws/install/br2_gazebo_worlds/share/br2_gazebo_worlds/models/aws_robomaker_residential_TV_01/meshes/aws_TV_01_collision.DAE
[26.527s] -- Symlinking: /home/edmund-munene/Documents/Programming-language-basics/Linux/Robotics/AConciseIntroductiontoRobotProgrammingwithROS2/bookros2_ws/install/br2_gazebo_worlds/share/br2_gazebo_worlds/models/aws_robomaker_residential_TV_01/meshes/aws_TV_01_visual.DAE
[26.544s] -- Symlinking: /home/edmund-munene/Documents/Programming-language-basics/Linux/Robotics/AConciseIntroductiontoRobotProgrammingwithROS2/bookros2_ws/install/br2_gazebo_worlds/share/br2_gazebo_worlds/models/aws_robomaker_residential_TV_01/model.config
[26.561s] -- Symlinking: /home/edmund-munene/Documents/Programming-language-basics/Linux/Robotics/AConciseIntroductiontoRobotProgrammingwithROS2/bookros2_ws/install/br2_gazebo_worlds/share/br2_gazebo_worlds/models/aws_robomaker_residential_TV_01/model.sdf
[26.583s] -- Symlinking: /home/edmund-munene/Documents/Programming-language-basics/Linux/Robotics/AConciseIntroductiontoRobotProgrammingwithROS2/bookros2_ws/install/br2_gazebo_worlds/share/br2_gazebo_worlds/models/aws_robomaker_residential_TV_02/materials/textures/aws_TV_01.png
[26.602s] -- Symlinking: /home/edmund-munene/Documents/Programming-language-basics/Linux/Robotics/AConciseIntroductiontoRobotProgrammingwithROS2/bookros2_ws/install/br2_gazebo_worlds/share/br2_gazebo_worlds/models/aws_robomaker_residential_TV_02/meshes/aws_TV_01_collision.DAE
[26.619s] -- Symlinking: /home/edmund-munene/Documents/Programming-language-basics/Linux/Robotics/AConciseIntroductiontoRobotProgrammingwithROS2/bookros2_ws/install/br2_gazebo_worlds/share/br2_gazebo_worlds/models/aws_robomaker_residential_TV_02/meshes/aws_TV_01_visual.DAE
[26.641s] -- Symlinking: /home/edmund-munene/Documents/Programming-language-basics/Linux/Robotics/AConciseIntroductiontoRobotProgrammingwithROS2/bookros2_ws/install/br2_gazebo_worlds/share/br2_gazebo_worlds/models/aws_robomaker_residential_TV_02/model.config
[26.657s] -- Symlinking: /home/edmund-munene/Documents/Programming-language-basics/Linux/Robotics/AConciseIntroductiontoRobotProgrammingwithROS2/bookros2_ws/install/br2_gazebo_worlds/share/br2_gazebo_worlds/models/aws_robomaker_residential_TV_02/model.sdf
[26.680s] -- Symlinking: /home/edmund-munene/Documents/Programming-language-basics/Linux/Robotics/AConciseIntroductiontoRobotProgrammingwithROS2/bookros2_ws/install/br2_gazebo_worlds/share/br2_gazebo_worlds/models/aws_robomaker_residential_Tablet_01/.DS_Store
[26.705s] -- Symlinking: /home/edmund-munene/Documents/Programming-language-basics/Linux/Robotics/AConciseIntroductiontoRobotProgrammingwithROS2/bookros2_ws/install/br2_gazebo_worlds/share/br2_gazebo_worlds/models/aws_robomaker_residential_Tablet_01/materials/.DS_Store
[26.751s] -- Symlinking: /home/edmund-munene/Documents/Programming-language-basics/Linux/Robotics/AConciseIntroductiontoRobotProgrammingwithROS2/bookros2_ws/install/br2_gazebo_worlds/share/br2_gazebo_worlds/models/aws_robomaker_residential_Tablet_01/materials/textures/aws_Tablet_01_nologo.png
[26.769s] -- Symlinking: /home/edmund-munene/Documents/Programming-language-basics/Linux/Robotics/AConciseIntroductiontoRobotProgrammingwithROS2/bookros2_ws/install/br2_gazebo_worlds/share/br2_gazebo_worlds/models/aws_robomaker_residential_Tablet_01/meshes/aws_Tablet_01_collision.DAE
[26.790s] -- Symlinking: /home/edmund-munene/Documents/Programming-language-basics/Linux/Robotics/AConciseIntroductiontoRobotProgrammingwithROS2/bookros2_ws/install/br2_gazebo_worlds/share/br2_gazebo_worlds/models/aws_robomaker_residential_Tablet_01/meshes/aws_Tablet_01_visual.DAE
[26.806s] -- Symlinking: /home/edmund-munene/Documents/Programming-language-basics/Linux/Robotics/AConciseIntroductiontoRobotProgrammingwithROS2/bookros2_ws/install/br2_gazebo_worlds/share/br2_gazebo_worlds/models/aws_robomaker_residential_Tablet_01/model.config
[26.824s] -- Symlinking: /home/edmund-munene/Documents/Programming-language-basics/Linux/Robotics/AConciseIntroductiontoRobotProgrammingwithROS2/bookros2_ws/install/br2_gazebo_worlds/share/br2_gazebo_worlds/models/aws_robomaker_residential_Tablet_01/model.sdf
[26.844s] -- Symlinking: /home/edmund-munene/Documents/Programming-language-basics/Linux/Robotics/AConciseIntroductiontoRobotProgrammingwithROS2/bookros2_ws/install/br2_gazebo_worlds/share/br2_gazebo_worlds/models/aws_robomaker_residential_Tableware_01/materials/textures/aws_Tableware_01.png
[26.859s] -- Symlinking: /home/edmund-munene/Documents/Programming-language-basics/Linux/Robotics/AConciseIntroductiontoRobotProgrammingwithROS2/bookros2_ws/install/br2_gazebo_worlds/share/br2_gazebo_worlds/models/aws_robomaker_residential_Tableware_01/meshes/aws_Tableware_01_collision.DAE
[26.875s] -- Symlinking: /home/edmund-munene/Documents/Programming-language-basics/Linux/Robotics/AConciseIntroductiontoRobotProgrammingwithROS2/bookros2_ws/install/br2_gazebo_worlds/share/br2_gazebo_worlds/models/aws_robomaker_residential_Tableware_01/meshes/aws_Tableware_01_visual.DAE
[26.911s] -- Symlinking: /home/edmund-munene/Documents/Programming-language-basics/Linux/Robotics/AConciseIntroductiontoRobotProgrammingwithROS2/bookros2_ws/install/br2_gazebo_worlds/share/br2_gazebo_worlds/models/aws_robomaker_residential_Tableware_01/model.config
[26.940s] -- Symlinking: /home/edmund-munene/Documents/Programming-language-basics/Linux/Robotics/AConciseIntroductiontoRobotProgrammingwithROS2/bookros2_ws/install/br2_gazebo_worlds/share/br2_gazebo_worlds/models/aws_robomaker_residential_Tableware_01/model.sdf
[26.957s] -- Symlinking: /home/edmund-munene/Documents/Programming-language-basics/Linux/Robotics/AConciseIntroductiontoRobotProgrammingwithROS2/bookros2_ws/install/br2_gazebo_worlds/share/br2_gazebo_worlds/models/aws_robomaker_residential_Trash_01/materials/textures/aws_Trash_01.png
[26.969s] -- Symlinking: /home/edmund-munene/Documents/Programming-language-basics/Linux/Robotics/AConciseIntroductiontoRobotProgrammingwithROS2/bookros2_ws/install/br2_gazebo_worlds/share/br2_gazebo_worlds/models/aws_robomaker_residential_Trash_01/meshes/aws_Trash_01_collision.DAE
[26.989s] -- Symlinking: /home/edmund-munene/Documents/Programming-language-basics/Linux/Robotics/AConciseIntroductiontoRobotProgrammingwithROS2/bookros2_ws/install/br2_gazebo_worlds/share/br2_gazebo_worlds/models/aws_robomaker_residential_Trash_01/meshes/aws_Trash_01_visual.DAE
[27.004s] -- Symlinking: /home/edmund-munene/Documents/Programming-language-basics/Linux/Robotics/AConciseIntroductiontoRobotProgrammingwithROS2/bookros2_ws/install/br2_gazebo_worlds/share/br2_gazebo_worlds/models/aws_robomaker_residential_Trash_01/model.config
[27.024s] -- Symlinking: /home/edmund-munene/Documents/Programming-language-basics/Linux/Robotics/AConciseIntroductiontoRobotProgrammingwithROS2/bookros2_ws/install/br2_gazebo_worlds/share/br2_gazebo_worlds/models/aws_robomaker_residential_Trash_01/model.sdf
[27.047s] -- Symlinking: /home/edmund-munene/Documents/Programming-language-basics/Linux/Robotics/AConciseIntroductiontoRobotProgrammingwithROS2/bookros2_ws/install/br2_gazebo_worlds/share/br2_gazebo_worlds/models/aws_robomaker_residential_Vase_01/materials/textures/aws_Vase_01.png
[27.067s] -- Symlinking: /home/edmund-munene/Documents/Programming-language-basics/Linux/Robotics/AConciseIntroductiontoRobotProgrammingwithROS2/bookros2_ws/install/br2_gazebo_worlds/share/br2_gazebo_worlds/models/aws_robomaker_residential_Vase_01/meshes/aws_Vase_01_collision.DAE
[27.084s] -- Symlinking: /home/edmund-munene/Documents/Programming-language-basics/Linux/Robotics/AConciseIntroductiontoRobotProgrammingwithROS2/bookros2_ws/install/br2_gazebo_worlds/share/br2_gazebo_worlds/models/aws_robomaker_residential_Vase_01/meshes/aws_Vase_01_visual.DAE
[27.099s] -- Symlinking: /home/edmund-munene/Documents/Programming-language-basics/Linux/Robotics/AConciseIntroductiontoRobotProgrammingwithROS2/bookros2_ws/install/br2_gazebo_worlds/share/br2_gazebo_worlds/models/aws_robomaker_residential_Vase_01/model.config
[27.114s] -- Symlinking: /home/edmund-munene/Documents/Programming-language-basics/Linux/Robotics/AConciseIntroductiontoRobotProgrammingwithROS2/bookros2_ws/install/br2_gazebo_worlds/share/br2_gazebo_worlds/models/aws_robomaker_residential_Vase_01/model.sdf
[27.142s] -- Symlinking: /home/edmund-munene/Documents/Programming-language-basics/Linux/Robotics/AConciseIntroductiontoRobotProgrammingwithROS2/bookros2_ws/install/br2_gazebo_worlds/share/br2_gazebo_worlds/models/aws_robomaker_residential_Wardrobe_01/materials/textures/aws_Wardrobe_01.png
[27.156s] -- Symlinking: /home/edmund-munene/Documents/Programming-language-basics/Linux/Robotics/AConciseIntroductiontoRobotProgrammingwithROS2/bookros2_ws/install/br2_gazebo_worlds/share/br2_gazebo_worlds/models/aws_robomaker_residential_Wardrobe_01/meshes/aws_Wardrobe_01_collision.DAE
[27.172s] -- Symlinking: /home/edmund-munene/Documents/Programming-language-basics/Linux/Robotics/AConciseIntroductiontoRobotProgrammingwithROS2/bookros2_ws/install/br2_gazebo_worlds/share/br2_gazebo_worlds/models/aws_robomaker_residential_Wardrobe_01/meshes/aws_Wardrobe_01_visual.DAE
[27.188s] -- Symlinking: /home/edmund-munene/Documents/Programming-language-basics/Linux/Robotics/AConciseIntroductiontoRobotProgrammingwithROS2/bookros2_ws/install/br2_gazebo_worlds/share/br2_gazebo_worlds/models/aws_robomaker_residential_Wardrobe_01/model.config
[27.205s] -- Symlinking: /home/edmund-munene/Documents/Programming-language-basics/Linux/Robotics/AConciseIntroductiontoRobotProgrammingwithROS2/bookros2_ws/install/br2_gazebo_worlds/share/br2_gazebo_worlds/models/aws_robomaker_residential_Wardrobe_01/model.sdf
[27.222s] -- Symlinking: /home/edmund-munene/Documents/Programming-language-basics/Linux/Robotics/AConciseIntroductiontoRobotProgrammingwithROS2/bookros2_ws/install/br2_gazebo_worlds/share/br2_gazebo_worlds/models/aws_robomaker_warehouse_Bucket_01/.DS_Store
[27.241s] -- Symlinking: /home/edmund-munene/Documents/Programming-language-basics/Linux/Robotics/AConciseIntroductiontoRobotProgrammingwithROS2/bookros2_ws/install/br2_gazebo_worlds/share/br2_gazebo_worlds/models/aws_robomaker_warehouse_Bucket_01/materials/.DS_Store
[27.256s] -- Symlinking: /home/edmund-munene/Documents/Programming-language-basics/Linux/Robotics/AConciseIntroductiontoRobotProgrammingwithROS2/bookros2_ws/install/br2_gazebo_worlds/share/br2_gazebo_worlds/models/aws_robomaker_warehouse_Bucket_01/materials/textures/aws_robomaker_warehouse_Bucket_01.png
[27.271s] -- Symlinking: /home/edmund-munene/Documents/Programming-language-basics/Linux/Robotics/AConciseIntroductiontoRobotProgrammingwithROS2/bookros2_ws/install/br2_gazebo_worlds/share/br2_gazebo_worlds/models/aws_robomaker_warehouse_Bucket_01/meshes/aws_robomaker_warehouse_Bucket_01_collision.DAE
[27.286s] -- Symlinking: /home/edmund-munene/Documents/Programming-language-basics/Linux/Robotics/AConciseIntroductiontoRobotProgrammingwithROS2/bookros2_ws/install/br2_gazebo_worlds/share/br2_gazebo_worlds/models/aws_robomaker_warehouse_Bucket_01/meshes/aws_robomaker_warehouse_Bucket_01_visual.DAE
[27.304s] -- Symlinking: /home/edmund-munene/Documents/Programming-language-basics/Linux/Robotics/AConciseIntroductiontoRobotProgrammingwithROS2/bookros2_ws/install/br2_gazebo_worlds/share/br2_gazebo_worlds/models/aws_robomaker_warehouse_Bucket_01/model.config
[27.320s] -- Symlinking: /home/edmund-munene/Documents/Programming-language-basics/Linux/Robotics/AConciseIntroductiontoRobotProgrammingwithROS2/bookros2_ws/install/br2_gazebo_worlds/share/br2_gazebo_worlds/models/aws_robomaker_warehouse_Bucket_01/model.sdf
[27.339s] -- Symlinking: /home/edmund-munene/Documents/Programming-language-basics/Linux/Robotics/AConciseIntroductiontoRobotProgrammingwithROS2/bookros2_ws/install/br2_gazebo_worlds/share/br2_gazebo_worlds/models/aws_robomaker_warehouse_ClutteringA_01/.DS_Store
[27.358s] -- Symlinking: /home/edmund-munene/Documents/Programming-language-basics/Linux/Robotics/AConciseIntroductiontoRobotProgrammingwithROS2/bookros2_ws/install/br2_gazebo_worlds/share/br2_gazebo_worlds/models/aws_robomaker_warehouse_ClutteringA_01/materials/.DS_Store
[27.374s] -- Symlinking: /home/edmund-munene/Documents/Programming-language-basics/Linux/Robotics/AConciseIntroductiontoRobotProgrammingwithROS2/bookros2_ws/install/br2_gazebo_worlds/share/br2_gazebo_worlds/models/aws_robomaker_warehouse_ClutteringA_01/materials/textures/.DS_Store
[27.391s] -- Symlinking: /home/edmund-munene/Documents/Programming-language-basics/Linux/Robotics/AConciseIntroductiontoRobotProgrammingwithROS2/bookros2_ws/install/br2_gazebo_worlds/share/br2_gazebo_worlds/models/aws_robomaker_warehouse_ClutteringA_01/materials/textures/aws_robomaker_warehouse_ClutteringA_01.png
[27.405s] -- Symlinking: /home/edmund-munene/Documents/Programming-language-basics/Linux/Robotics/AConciseIntroductiontoRobotProgrammingwithROS2/bookros2_ws/install/br2_gazebo_worlds/share/br2_gazebo_worlds/models/aws_robomaker_warehouse_ClutteringA_01/materials/textures/aws_robomaker_warehouse_ClutteringA_02.png
[27.418s] -- Symlinking: /home/edmund-munene/Documents/Programming-language-basics/Linux/Robotics/AConciseIntroductiontoRobotProgrammingwithROS2/bookros2_ws/install/br2_gazebo_worlds/share/br2_gazebo_worlds/models/aws_robomaker_warehouse_ClutteringA_01/materials/textures/aws_robomaker_warehouse_ClutteringA_03.png
[27.434s] -- Symlinking: /home/edmund-munene/Documents/Programming-language-basics/Linux/Robotics/AConciseIntroductiontoRobotProgrammingwithROS2/bookros2_ws/install/br2_gazebo_worlds/share/br2_gazebo_worlds/models/aws_robomaker_warehouse_ClutteringA_01/meshes/aws_robomaker_warehouse_ClutteringA_01_collision.DAE
[27.449s] -- Symlinking: /home/edmund-munene/Documents/Programming-language-basics/Linux/Robotics/AConciseIntroductiontoRobotProgrammingwithROS2/bookros2_ws/install/br2_gazebo_worlds/share/br2_gazebo_worlds/models/aws_robomaker_warehouse_ClutteringA_01/meshes/aws_robomaker_warehouse_ClutteringA_01_visual.DAE
[27.469s] -- Symlinking: /home/edmund-munene/Documents/Programming-language-basics/Linux/Robotics/AConciseIntroductiontoRobotProgrammingwithROS2/bookros2_ws/install/br2_gazebo_worlds/share/br2_gazebo_worlds/models/aws_robomaker_warehouse_ClutteringA_01/model.config
[27.484s] -- Symlinking: /home/edmund-munene/Documents/Programming-language-basics/Linux/Robotics/AConciseIntroductiontoRobotProgrammingwithROS2/bookros2_ws/install/br2_gazebo_worlds/share/br2_gazebo_worlds/models/aws_robomaker_warehouse_ClutteringA_01/model.sdf
[27.502s] -- Symlinking: /home/edmund-munene/Documents/Programming-language-basics/Linux/Robotics/AConciseIntroductiontoRobotProgrammingwithROS2/bookros2_ws/install/br2_gazebo_worlds/share/br2_gazebo_worlds/models/aws_robomaker_warehouse_ClutteringC_01/materials/textures/aws_robomaker_warehouse_ClutteringC_01.png
[27.524s] -- Symlinking: /home/edmund-munene/Documents/Programming-language-basics/Linux/Robotics/AConciseIntroductiontoRobotProgrammingwithROS2/bookros2_ws/install/br2_gazebo_worlds/share/br2_gazebo_worlds/models/aws_robomaker_warehouse_ClutteringC_01/materials/textures/aws_robomaker_warehouse_ClutteringC_02.png
[27.539s] -- Symlinking: /home/edmund-munene/Documents/Programming-language-basics/Linux/Robotics/AConciseIntroductiontoRobotProgrammingwithROS2/bookros2_ws/install/br2_gazebo_worlds/share/br2_gazebo_worlds/models/aws_robomaker_warehouse_ClutteringC_01/meshes/aws_robomaker_warehouse_ClutteringC_01_collision.DAE
[27.555s] -- Symlinking: /home/edmund-munene/Documents/Programming-language-basics/Linux/Robotics/AConciseIntroductiontoRobotProgrammingwithROS2/bookros2_ws/install/br2_gazebo_worlds/share/br2_gazebo_worlds/models/aws_robomaker_warehouse_ClutteringC_01/meshes/aws_robomaker_warehouse_ClutteringC_01_visual.DAE
[27.572s] -- Symlinking: /home/edmund-munene/Documents/Programming-language-basics/Linux/Robotics/AConciseIntroductiontoRobotProgrammingwithROS2/bookros2_ws/install/br2_gazebo_worlds/share/br2_gazebo_worlds/models/aws_robomaker_warehouse_ClutteringC_01/model.config
[27.585s] -- Symlinking: /home/edmund-munene/Documents/Programming-language-basics/Linux/Robotics/AConciseIntroductiontoRobotProgrammingwithROS2/bookros2_ws/install/br2_gazebo_worlds/share/br2_gazebo_worlds/models/aws_robomaker_warehouse_ClutteringC_01/model.sdf
[27.596s] -- Symlinking: /home/edmund-munene/Documents/Programming-language-basics/Linux/Robotics/AConciseIntroductiontoRobotProgrammingwithROS2/bookros2_ws/install/br2_gazebo_worlds/share/br2_gazebo_worlds/models/aws_robomaker_warehouse_ClutteringD_01/materials/textures/aws_robomaker_warehouse_ClutteringD_01.png
[27.610s] -- Symlinking: /home/edmund-munene/Documents/Programming-language-basics/Linux/Robotics/AConciseIntroductiontoRobotProgrammingwithROS2/bookros2_ws/install/br2_gazebo_worlds/share/br2_gazebo_worlds/models/aws_robomaker_warehouse_ClutteringD_01/materials/textures/aws_robomaker_warehouse_ClutteringD_02.png
[27.624s] -- Symlinking: /home/edmund-munene/Documents/Programming-language-basics/Linux/Robotics/AConciseIntroductiontoRobotProgrammingwithROS2/bookros2_ws/install/br2_gazebo_worlds/share/br2_gazebo_worlds/models/aws_robomaker_warehouse_ClutteringD_01/meshes/aws_robomaker_warehouse_ClutteringD_01_collision.DAE
[27.636s] -- Symlinking: /home/edmund-munene/Documents/Programming-language-basics/Linux/Robotics/AConciseIntroductiontoRobotProgrammingwithROS2/bookros2_ws/install/br2_gazebo_worlds/share/br2_gazebo_worlds/models/aws_robomaker_warehouse_ClutteringD_01/meshes/aws_robomaker_warehouse_ClutteringD_01_visual.DAE
[27.653s] -- Symlinking: /home/edmund-munene/Documents/Programming-language-basics/Linux/Robotics/AConciseIntroductiontoRobotProgrammingwithROS2/bookros2_ws/install/br2_gazebo_worlds/share/br2_gazebo_worlds/models/aws_robomaker_warehouse_ClutteringD_01/model.config
[27.663s] -- Symlinking: /home/edmund-munene/Documents/Programming-language-basics/Linux/Robotics/AConciseIntroductiontoRobotProgrammingwithROS2/bookros2_ws/install/br2_gazebo_worlds/share/br2_gazebo_worlds/models/aws_robomaker_warehouse_ClutteringD_01/model.sdf
[27.674s] -- Symlinking: /home/edmund-munene/Documents/Programming-language-basics/Linux/Robotics/AConciseIntroductiontoRobotProgrammingwithROS2/bookros2_ws/install/br2_gazebo_worlds/share/br2_gazebo_worlds/models/aws_robomaker_warehouse_DeskC_01/materials/.DS_Store
[27.685s] -- Symlinking: /home/edmund-munene/Documents/Programming-language-basics/Linux/Robotics/AConciseIntroductiontoRobotProgrammingwithROS2/bookros2_ws/install/br2_gazebo_worlds/share/br2_gazebo_worlds/models/aws_robomaker_warehouse_DeskC_01/materials/textures/aws_robomaker_warehouse_DeskC_01.png
[27.702s] -- Symlinking: /home/edmund-munene/Documents/Programming-language-basics/Linux/Robotics/AConciseIntroductiontoRobotProgrammingwithROS2/bookros2_ws/install/br2_gazebo_worlds/share/br2_gazebo_worlds/models/aws_robomaker_warehouse_DeskC_01/materials/textures/aws_robomaker_warehouse_DeskC_02.png
[27.715s] -- Symlinking: /home/edmund-munene/Documents/Programming-language-basics/Linux/Robotics/AConciseIntroductiontoRobotProgrammingwithROS2/bookros2_ws/install/br2_gazebo_worlds/share/br2_gazebo_worlds/models/aws_robomaker_warehouse_DeskC_01/materials/textures/aws_robomaker_warehouse_DeskC_03.png
[27.728s] -- Symlinking: /home/edmund-munene/Documents/Programming-language-basics/Linux/Robotics/AConciseIntroductiontoRobotProgrammingwithROS2/bookros2_ws/install/br2_gazebo_worlds/share/br2_gazebo_worlds/models/aws_robomaker_warehouse_DeskC_01/materials/textures/aws_robomaker_warehouse_DeskC_03.psd
[27.739s] -- Symlinking: /home/edmund-munene/Documents/Programming-language-basics/Linux/Robotics/AConciseIntroductiontoRobotProgrammingwithROS2/bookros2_ws/install/br2_gazebo_worlds/share/br2_gazebo_worlds/models/aws_robomaker_warehouse_DeskC_01/materials/textures/aws_robomaker_warehouse_DeskC_04.png
[27.750s] -- Symlinking: /home/edmund-munene/Documents/Programming-language-basics/Linux/Robotics/AConciseIntroductiontoRobotProgrammingwithROS2/bookros2_ws/install/br2_gazebo_worlds/share/br2_gazebo_worlds/models/aws_robomaker_warehouse_DeskC_01/meshes/aws_robomaker_warehouse_DeskC_01_collision.DAE
[27.761s] -- Symlinking: /home/edmund-munene/Documents/Programming-language-basics/Linux/Robotics/AConciseIntroductiontoRobotProgrammingwithROS2/bookros2_ws/install/br2_gazebo_worlds/share/br2_gazebo_worlds/models/aws_robomaker_warehouse_DeskC_01/meshes/aws_robomaker_warehouse_DeskC_01_visual.DAE
[27.771s] -- Symlinking: /home/edmund-munene/Documents/Programming-language-basics/Linux/Robotics/AConciseIntroductiontoRobotProgrammingwithROS2/bookros2_ws/install/br2_gazebo_worlds/share/br2_gazebo_worlds/models/aws_robomaker_warehouse_DeskC_01/model.config
[27.782s] -- Symlinking: /home/edmund-munene/Documents/Programming-language-basics/Linux/Robotics/AConciseIntroductiontoRobotProgrammingwithROS2/bookros2_ws/install/br2_gazebo_worlds/share/br2_gazebo_worlds/models/aws_robomaker_warehouse_DeskC_01/model.sdf
[27.793s] -- Symlinking: /home/edmund-munene/Documents/Programming-language-basics/Linux/Robotics/AConciseIntroductiontoRobotProgrammingwithROS2/bookros2_ws/install/br2_gazebo_worlds/share/br2_gazebo_worlds/models/aws_robomaker_warehouse_GroundB_01/materials/textures/aws_robomaker_warehouse_GroundB_01.png
[27.806s] -- Symlinking: /home/edmund-munene/Documents/Programming-language-basics/Linux/Robotics/AConciseIntroductiontoRobotProgrammingwithROS2/bookros2_ws/install/br2_gazebo_worlds/share/br2_gazebo_worlds/models/aws_robomaker_warehouse_GroundB_01/materials/textures/aws_robomaker_warehouse_GroundB_02.png
[27.821s] -- Symlinking: /home/edmund-munene/Documents/Programming-language-basics/Linux/Robotics/AConciseIntroductiontoRobotProgrammingwithROS2/bookros2_ws/install/br2_gazebo_worlds/share/br2_gazebo_worlds/models/aws_robomaker_warehouse_GroundB_01/meshes/aws_robomaker_warehouse_GroundB_01_collision.DAE
[27.840s] -- Symlinking: /home/edmund-munene/Documents/Programming-language-basics/Linux/Robotics/AConciseIntroductiontoRobotProgrammingwithROS2/bookros2_ws/install/br2_gazebo_worlds/share/br2_gazebo_worlds/models/aws_robomaker_warehouse_GroundB_01/meshes/aws_robomaker_warehouse_GroundB_01_visual.DAE
[27.852s] -- Symlinking: /home/edmund-munene/Documents/Programming-language-basics/Linux/Robotics/AConciseIntroductiontoRobotProgrammingwithROS2/bookros2_ws/install/br2_gazebo_worlds/share/br2_gazebo_worlds/models/aws_robomaker_warehouse_GroundB_01/model.config
[27.863s] -- Symlinking: /home/edmund-munene/Documents/Programming-language-basics/Linux/Robotics/AConciseIntroductiontoRobotProgrammingwithROS2/bookros2_ws/install/br2_gazebo_worlds/share/br2_gazebo_worlds/models/aws_robomaker_warehouse_GroundB_01/model.sdf
[27.873s] -- Symlinking: /home/edmund-munene/Documents/Programming-language-basics/Linux/Robotics/AConciseIntroductiontoRobotProgrammingwithROS2/bookros2_ws/install/br2_gazebo_worlds/share/br2_gazebo_worlds/models/aws_robomaker_warehouse_Lamp_01/materials/textures/aws_robomaker_warehouse_Lamp_01.png
[27.884s] -- Symlinking: /home/edmund-munene/Documents/Programming-language-basics/Linux/Robotics/AConciseIntroductiontoRobotProgrammingwithROS2/bookros2_ws/install/br2_gazebo_worlds/share/br2_gazebo_worlds/models/aws_robomaker_warehouse_Lamp_01/meshes/aws_robomaker_warehouse_Lamp_01_collision.DAE
[27.895s] -- Symlinking: /home/edmund-munene/Documents/Programming-language-basics/Linux/Robotics/AConciseIntroductiontoRobotProgrammingwithROS2/bookros2_ws/install/br2_gazebo_worlds/share/br2_gazebo_worlds/models/aws_robomaker_warehouse_Lamp_01/meshes/aws_robomaker_warehouse_Lamp_01_visual.DAE
[27.911s] -- Symlinking: /home/edmund-munene/Documents/Programming-language-basics/Linux/Robotics/AConciseIntroductiontoRobotProgrammingwithROS2/bookros2_ws/install/br2_gazebo_worlds/share/br2_gazebo_worlds/models/aws_robomaker_warehouse_Lamp_01/model.config
[27.927s] -- Symlinking: /home/edmund-munene/Documents/Programming-language-basics/Linux/Robotics/AConciseIntroductiontoRobotProgrammingwithROS2/bookros2_ws/install/br2_gazebo_worlds/share/br2_gazebo_worlds/models/aws_robomaker_warehouse_Lamp_01/model.sdf
[27.940s] -- Symlinking: /home/edmund-munene/Documents/Programming-language-basics/Linux/Robotics/AConciseIntroductiontoRobotProgrammingwithROS2/bookros2_ws/install/br2_gazebo_worlds/share/br2_gazebo_worlds/models/aws_robomaker_warehouse_PalletJackB_01/.DS_Store
[27.953s] -- Symlinking: /home/edmund-munene/Documents/Programming-language-basics/Linux/Robotics/AConciseIntroductiontoRobotProgrammingwithROS2/bookros2_ws/install/br2_gazebo_worlds/share/br2_gazebo_worlds/models/aws_robomaker_warehouse_PalletJackB_01/materials/.DS_Store
[27.964s] -- Symlinking: /home/edmund-munene/Documents/Programming-language-basics/Linux/Robotics/AConciseIntroductiontoRobotProgrammingwithROS2/bookros2_ws/install/br2_gazebo_worlds/share/br2_gazebo_worlds/models/aws_robomaker_warehouse_PalletJackB_01/materials/textures/aws_robomaker_warehouse_PalletJackB_01.png
[27.975s] -- Symlinking: /home/edmund-munene/Documents/Programming-language-basics/Linux/Robotics/AConciseIntroductiontoRobotProgrammingwithROS2/bookros2_ws/install/br2_gazebo_worlds/share/br2_gazebo_worlds/models/aws_robomaker_warehouse_PalletJackB_01/materials/textures/aws_robomaker_warehouse_PalletJackB_02.png
[27.986s] -- Symlinking: /home/edmund-munene/Documents/Programming-language-basics/Linux/Robotics/AConciseIntroductiontoRobotProgrammingwithROS2/bookros2_ws/install/br2_gazebo_worlds/share/br2_gazebo_worlds/models/aws_robomaker_warehouse_PalletJackB_01/meshes/aws_robomaker_warehouse_PalletJackB_01_collision.DAE
[27.997s] -- Symlinking: /home/edmund-munene/Documents/Programming-language-basics/Linux/Robotics/AConciseIntroductiontoRobotProgrammingwithROS2/bookros2_ws/install/br2_gazebo_worlds/share/br2_gazebo_worlds/models/aws_robomaker_warehouse_PalletJackB_01/meshes/aws_robomaker_warehouse_PalletJackB_01_visual.DAE
[28.012s] -- Symlinking: /home/edmund-munene/Documents/Programming-language-basics/Linux/Robotics/AConciseIntroductiontoRobotProgrammingwithROS2/bookros2_ws/install/br2_gazebo_worlds/share/br2_gazebo_worlds/models/aws_robomaker_warehouse_PalletJackB_01/model.config
[28.027s] -- Symlinking: /home/edmund-munene/Documents/Programming-language-basics/Linux/Robotics/AConciseIntroductiontoRobotProgrammingwithROS2/bookros2_ws/install/br2_gazebo_worlds/share/br2_gazebo_worlds/models/aws_robomaker_warehouse_PalletJackB_01/model.sdf
[28.044s] -- Symlinking: /home/edmund-munene/Documents/Programming-language-basics/Linux/Robotics/AConciseIntroductiontoRobotProgrammingwithROS2/bookros2_ws/install/br2_gazebo_worlds/share/br2_gazebo_worlds/models/aws_robomaker_warehouse_RoofB_01/materials/textures/aws_robomaker_warehouse_RoofB_01.png
[28.059s] -- Symlinking: /home/edmund-munene/Documents/Programming-language-basics/Linux/Robotics/AConciseIntroductiontoRobotProgrammingwithROS2/bookros2_ws/install/br2_gazebo_worlds/share/br2_gazebo_worlds/models/aws_robomaker_warehouse_RoofB_01/meshes/aws_robomaker_warehouse_RoofB_01_collision.DAE
[28.072s] -- Symlinking: /home/edmund-munene/Documents/Programming-language-basics/Linux/Robotics/AConciseIntroductiontoRobotProgrammingwithROS2/bookros2_ws/install/br2_gazebo_worlds/share/br2_gazebo_worlds/models/aws_robomaker_warehouse_RoofB_01/meshes/aws_robomaker_warehouse_RoofB_01_visual.DAE
[28.084s] -- Symlinking: /home/edmund-munene/Documents/Programming-language-basics/Linux/Robotics/AConciseIntroductiontoRobotProgrammingwithROS2/bookros2_ws/install/br2_gazebo_worlds/share/br2_gazebo_worlds/models/aws_robomaker_warehouse_RoofB_01/model.config
[28.098s] -- Symlinking: /home/edmund-munene/Documents/Programming-language-basics/Linux/Robotics/AConciseIntroductiontoRobotProgrammingwithROS2/bookros2_ws/install/br2_gazebo_worlds/share/br2_gazebo_worlds/models/aws_robomaker_warehouse_RoofB_01/model.sdf
[28.118s] -- Symlinking: /home/edmund-munene/Documents/Programming-language-basics/Linux/Robotics/AConciseIntroductiontoRobotProgrammingwithROS2/bookros2_ws/install/br2_gazebo_worlds/share/br2_gazebo_worlds/models/aws_robomaker_warehouse_ShelfD_01/materials/textures/aws_robomaker_warehouse_ShelfD_01.png
[28.132s] -- Symlinking: /home/edmund-munene/Documents/Programming-language-basics/Linux/Robotics/AConciseIntroductiontoRobotProgrammingwithROS2/bookros2_ws/install/br2_gazebo_worlds/share/br2_gazebo_worlds/models/aws_robomaker_warehouse_ShelfD_01/materials/textures/aws_robomaker_warehouse_ShelfD_02.png
[28.144s] -- Symlinking: /home/edmund-munene/Documents/Programming-language-basics/Linux/Robotics/AConciseIntroductiontoRobotProgrammingwithROS2/bookros2_ws/install/br2_gazebo_worlds/share/br2_gazebo_worlds/models/aws_robomaker_warehouse_ShelfD_01/materials/textures/aws_robomaker_warehouse_ShelfD_03.png
[28.155s] -- Symlinking: /home/edmund-munene/Documents/Programming-language-basics/Linux/Robotics/AConciseIntroductiontoRobotProgrammingwithROS2/bookros2_ws/install/br2_gazebo_worlds/share/br2_gazebo_worlds/models/aws_robomaker_warehouse_ShelfD_01/materials/textures/aws_robomaker_warehouse_ShelfD_04.png
[28.165s] -- Symlinking: /home/edmund-munene/Documents/Programming-language-basics/Linux/Robotics/AConciseIntroductiontoRobotProgrammingwithROS2/bookros2_ws/install/br2_gazebo_worlds/share/br2_gazebo_worlds/models/aws_robomaker_warehouse_ShelfD_01/meshes/aws_robomaker_warehouse_ShelfD_01_collision.DAE
[28.176s] -- Symlinking: /home/edmund-munene/Documents/Programming-language-basics/Linux/Robotics/AConciseIntroductiontoRobotProgrammingwithROS2/bookros2_ws/install/br2_gazebo_worlds/share/br2_gazebo_worlds/models/aws_robomaker_warehouse_ShelfD_01/meshes/aws_robomaker_warehouse_ShelfD_01_visual.DAE
[28.187s] -- Symlinking: /home/edmund-munene/Documents/Programming-language-basics/Linux/Robotics/AConciseIntroductiontoRobotProgrammingwithROS2/bookros2_ws/install/br2_gazebo_worlds/share/br2_gazebo_worlds/models/aws_robomaker_warehouse_ShelfD_01/model.config
[28.198s] -- Symlinking: /home/edmund-munene/Documents/Programming-language-basics/Linux/Robotics/AConciseIntroductiontoRobotProgrammingwithROS2/bookros2_ws/install/br2_gazebo_worlds/share/br2_gazebo_worlds/models/aws_robomaker_warehouse_ShelfD_01/model.sdf
[28.212s] -- Symlinking: /home/edmund-munene/Documents/Programming-language-basics/Linux/Robotics/AConciseIntroductiontoRobotProgrammingwithROS2/bookros2_ws/install/br2_gazebo_worlds/share/br2_gazebo_worlds/models/aws_robomaker_warehouse_ShelfE_01/.DS_Store
[28.227s] -- Symlinking: /home/edmund-munene/Documents/Programming-language-basics/Linux/Robotics/AConciseIntroductiontoRobotProgrammingwithROS2/bookros2_ws/install/br2_gazebo_worlds/share/br2_gazebo_worlds/models/aws_robomaker_warehouse_ShelfE_01/materials/.DS_Store
[28.239s] -- Symlinking: /home/edmund-munene/Documents/Programming-language-basics/Linux/Robotics/AConciseIntroductiontoRobotProgrammingwithROS2/bookros2_ws/install/br2_gazebo_worlds/share/br2_gazebo_worlds/models/aws_robomaker_warehouse_ShelfE_01/materials/textures/aws_robomaker_warehouse_ShelfE_01.png
[28.251s] -- Symlinking: /home/edmund-munene/Documents/Programming-language-basics/Linux/Robotics/AConciseIntroductiontoRobotProgrammingwithROS2/bookros2_ws/install/br2_gazebo_worlds/share/br2_gazebo_worlds/models/aws_robomaker_warehouse_ShelfE_01/materials/textures/aws_robomaker_warehouse_ShelfE_02.png
[28.263s] -- Symlinking: /home/edmund-munene/Documents/Programming-language-basics/Linux/Robotics/AConciseIntroductiontoRobotProgrammingwithROS2/bookros2_ws/install/br2_gazebo_worlds/share/br2_gazebo_worlds/models/aws_robomaker_warehouse_ShelfE_01/materials/textures/aws_robomaker_warehouse_ShelfE_03.png
[28.275s] -- Symlinking: /home/edmund-munene/Documents/Programming-language-basics/Linux/Robotics/AConciseIntroductiontoRobotProgrammingwithROS2/bookros2_ws/install/br2_gazebo_worlds/share/br2_gazebo_worlds/models/aws_robomaker_warehouse_ShelfE_01/materials/textures/aws_robomaker_warehouse_ShelfE_04.png
[28.287s] -- Symlinking: /home/edmund-munene/Documents/Programming-language-basics/Linux/Robotics/AConciseIntroductiontoRobotProgrammingwithROS2/bookros2_ws/install/br2_gazebo_worlds/share/br2_gazebo_worlds/models/aws_robomaker_warehouse_ShelfE_01/meshes/aws_robomaker_warehouse_ShelfE_01_collision.DAE
[28.299s] -- Symlinking: /home/edmund-munene/Documents/Programming-language-basics/Linux/Robotics/AConciseIntroductiontoRobotProgrammingwithROS2/bookros2_ws/install/br2_gazebo_worlds/share/br2_gazebo_worlds/models/aws_robomaker_warehouse_ShelfE_01/meshes/aws_robomaker_warehouse_ShelfE_01_visual.DAE
[28.314s] -- Symlinking: /home/edmund-munene/Documents/Programming-language-basics/Linux/Robotics/AConciseIntroductiontoRobotProgrammingwithROS2/bookros2_ws/install/br2_gazebo_worlds/share/br2_gazebo_worlds/models/aws_robomaker_warehouse_ShelfE_01/model.config
[28.330s] -- Symlinking: /home/edmund-munene/Documents/Programming-language-basics/Linux/Robotics/AConciseIntroductiontoRobotProgrammingwithROS2/bookros2_ws/install/br2_gazebo_worlds/share/br2_gazebo_worlds/models/aws_robomaker_warehouse_ShelfE_01/model.sdf
[28.341s] -- Symlinking: /home/edmund-munene/Documents/Programming-language-basics/Linux/Robotics/AConciseIntroductiontoRobotProgrammingwithROS2/bookros2_ws/install/br2_gazebo_worlds/share/br2_gazebo_worlds/models/aws_robomaker_warehouse_ShelfF_01/materials/textures/aws_robomaker_warehouse_ShelfF_01.png
[28.358s] -- Symlinking: /home/edmund-munene/Documents/Programming-language-basics/Linux/Robotics/AConciseIntroductiontoRobotProgrammingwithROS2/bookros2_ws/install/br2_gazebo_worlds/share/br2_gazebo_worlds/models/aws_robomaker_warehouse_ShelfF_01/materials/textures/aws_robomaker_warehouse_ShelfF_02.png
[28.369s] -- Symlinking: /home/edmund-munene/Documents/Programming-language-basics/Linux/Robotics/AConciseIntroductiontoRobotProgrammingwithROS2/bookros2_ws/install/br2_gazebo_worlds/share/br2_gazebo_worlds/models/aws_robomaker_warehouse_ShelfF_01/materials/textures/aws_robomaker_warehouse_ShelfF_03.png
[28.380s] -- Symlinking: /home/edmund-munene/Documents/Programming-language-basics/Linux/Robotics/AConciseIntroductiontoRobotProgrammingwithROS2/bookros2_ws/install/br2_gazebo_worlds/share/br2_gazebo_worlds/models/aws_robomaker_warehouse_ShelfF_01/meshes/aws_robomaker_warehouse_ShelfF_01_collision.DAE
[28.392s] -- Symlinking: /home/edmund-munene/Documents/Programming-language-basics/Linux/Robotics/AConciseIntroductiontoRobotProgrammingwithROS2/bookros2_ws/install/br2_gazebo_worlds/share/br2_gazebo_worlds/models/aws_robomaker_warehouse_ShelfF_01/meshes/aws_robomaker_warehouse_ShelfF_01_visual.DAE
[28.413s] -- Symlinking: /home/edmund-munene/Documents/Programming-language-basics/Linux/Robotics/AConciseIntroductiontoRobotProgrammingwithROS2/bookros2_ws/install/br2_gazebo_worlds/share/br2_gazebo_worlds/models/aws_robomaker_warehouse_ShelfF_01/model.config
[28.428s] -- Symlinking: /home/edmund-munene/Documents/Programming-language-basics/Linux/Robotics/AConciseIntroductiontoRobotProgrammingwithROS2/bookros2_ws/install/br2_gazebo_worlds/share/br2_gazebo_worlds/models/aws_robomaker_warehouse_ShelfF_01/model.sdf
[28.442s] -- Symlinking: /home/edmund-munene/Documents/Programming-language-basics/Linux/Robotics/AConciseIntroductiontoRobotProgrammingwithROS2/bookros2_ws/install/br2_gazebo_worlds/share/br2_gazebo_worlds/models/aws_robomaker_warehouse_TrashCanC_01/materials/textures/aws_robomaker_warehouse_TrashCanC_01.png
[28.453s] -- Symlinking: /home/edmund-munene/Documents/Programming-language-basics/Linux/Robotics/AConciseIntroductiontoRobotProgrammingwithROS2/bookros2_ws/install/br2_gazebo_worlds/share/br2_gazebo_worlds/models/aws_robomaker_warehouse_TrashCanC_01/meshes/aws_robomaker_warehouse_TrashCanC_01_collision.DAE
[28.465s] -- Symlinking: /home/edmund-munene/Documents/Programming-language-basics/Linux/Robotics/AConciseIntroductiontoRobotProgrammingwithROS2/bookros2_ws/install/br2_gazebo_worlds/share/br2_gazebo_worlds/models/aws_robomaker_warehouse_TrashCanC_01/meshes/aws_robomaker_warehouse_TrashCanC_01_visual.DAE
[28.475s] -- Symlinking: /home/edmund-munene/Documents/Programming-language-basics/Linux/Robotics/AConciseIntroductiontoRobotProgrammingwithROS2/bookros2_ws/install/br2_gazebo_worlds/share/br2_gazebo_worlds/models/aws_robomaker_warehouse_TrashCanC_01/model.config
[28.487s] -- Symlinking: /home/edmund-munene/Documents/Programming-language-basics/Linux/Robotics/AConciseIntroductiontoRobotProgrammingwithROS2/bookros2_ws/install/br2_gazebo_worlds/share/br2_gazebo_worlds/models/aws_robomaker_warehouse_TrashCanC_01/model.sdf
[28.516s] -- Symlinking: /home/edmund-munene/Documents/Programming-language-basics/Linux/Robotics/AConciseIntroductiontoRobotProgrammingwithROS2/bookros2_ws/install/br2_gazebo_worlds/share/br2_gazebo_worlds/models/aws_robomaker_warehouse_WallB_01/materials/textures/aws_robomaker_warehouse_WallB_01.png
[28.533s] -- Symlinking: /home/edmund-munene/Documents/Programming-language-basics/Linux/Robotics/AConciseIntroductiontoRobotProgrammingwithROS2/bookros2_ws/install/br2_gazebo_worlds/share/br2_gazebo_worlds/models/aws_robomaker_warehouse_WallB_01/meshes/aws_robomaker_warehouse_WallB_01_collision.DAE
[28.534s] -- Symlinking: /home/edmund-munene/Documents/Programming-language-basics/Linux/Robotics/AConciseIntroductiontoRobotProgrammingwithROS2/bookros2_ws/install/br2_gazebo_worlds/share/br2_gazebo_worlds/models/aws_robomaker_warehouse_WallB_01/meshes/aws_robomaker_warehouse_WallB_01_visual.DAE
[28.554s] -- Symlinking: /home/edmund-munene/Documents/Programming-language-basics/Linux/Robotics/AConciseIntroductiontoRobotProgrammingwithROS2/bookros2_ws/install/br2_gazebo_worlds/share/br2_gazebo_worlds/models/aws_robomaker_warehouse_WallB_01/model.config
[28.571s] -- Symlinking: /home/edmund-munene/Documents/Programming-language-basics/Linux/Robotics/AConciseIntroductiontoRobotProgrammingwithROS2/bookros2_ws/install/br2_gazebo_worlds/share/br2_gazebo_worlds/models/aws_robomaker_warehouse_WallB_01/model.sdf
[28.587s] -- Symlinking: /home/edmund-munene/Documents/Programming-language-basics/Linux/Robotics/AConciseIntroductiontoRobotProgrammingwithROS2/bookros2_ws/install/br2_gazebo_worlds/share/br2_gazebo_worlds/models/cube_1/materials/textures/number1.png
[28.603s] -- Symlinking: /home/edmund-munene/Documents/Programming-language-basics/Linux/Robotics/AConciseIntroductiontoRobotProgrammingwithROS2/bookros2_ws/install/br2_gazebo_worlds/share/br2_gazebo_worlds/models/cube_1/meshes/cube_1.mtl
[28.623s] -- Symlinking: /home/edmund-munene/Documents/Programming-language-basics/Linux/Robotics/AConciseIntroductiontoRobotProgrammingwithROS2/bookros2_ws/install/br2_gazebo_worlds/share/br2_gazebo_worlds/models/cube_1/meshes/cube_1.obj
[28.643s] -- Symlinking: /home/edmund-munene/Documents/Programming-language-basics/Linux/Robotics/AConciseIntroductiontoRobotProgrammingwithROS2/bookros2_ws/install/br2_gazebo_worlds/share/br2_gazebo_worlds/models/cube_1/model.config
[28.661s] -- Symlinking: /home/edmund-munene/Documents/Programming-language-basics/Linux/Robotics/AConciseIntroductiontoRobotProgrammingwithROS2/bookros2_ws/install/br2_gazebo_worlds/share/br2_gazebo_worlds/models/cube_1/model.sdf
[28.680s] -- Symlinking: /home/edmund-munene/Documents/Programming-language-basics/Linux/Robotics/AConciseIntroductiontoRobotProgrammingwithROS2/bookros2_ws/install/br2_gazebo_worlds/share/br2_gazebo_worlds/models/cube_2/materials/textures/number2.png
[28.702s] -- Symlinking: /home/edmund-munene/Documents/Programming-language-basics/Linux/Robotics/AConciseIntroductiontoRobotProgrammingwithROS2/bookros2_ws/install/br2_gazebo_worlds/share/br2_gazebo_worlds/models/cube_2/meshes/cube_2.mtl
[28.717s] -- Symlinking: /home/edmund-munene/Documents/Programming-language-basics/Linux/Robotics/AConciseIntroductiontoRobotProgrammingwithROS2/bookros2_ws/install/br2_gazebo_worlds/share/br2_gazebo_worlds/models/cube_2/meshes/cube_2.obj
[28.736s] -- Symlinking: /home/edmund-munene/Documents/Programming-language-basics/Linux/Robotics/AConciseIntroductiontoRobotProgrammingwithROS2/bookros2_ws/install/br2_gazebo_worlds/share/br2_gazebo_worlds/models/cube_2/model.config
[28.761s] -- Symlinking: /home/edmund-munene/Documents/Programming-language-basics/Linux/Robotics/AConciseIntroductiontoRobotProgrammingwithROS2/bookros2_ws/install/br2_gazebo_worlds/share/br2_gazebo_worlds/models/cube_2/model.sdf
[28.774s] -- Symlinking: /home/edmund-munene/Documents/Programming-language-basics/Linux/Robotics/AConciseIntroductiontoRobotProgrammingwithROS2/bookros2_ws/install/br2_gazebo_worlds/share/br2_gazebo_worlds/models/follow_line/meshes/jarama.dae
[28.790s] -- Symlinking: /home/edmund-munene/Documents/Programming-language-basics/Linux/Robotics/AConciseIntroductiontoRobotProgrammingwithROS2/bookros2_ws/install/br2_gazebo_worlds/share/br2_gazebo_worlds/models/follow_line/meshes/jarama.jpeg
[28.808s] -- Symlinking: /home/edmund-munene/Documents/Programming-language-basics/Linux/Robotics/AConciseIntroductiontoRobotProgrammingwithROS2/bookros2_ws/install/br2_gazebo_worlds/share/br2_gazebo_worlds/models/follow_line/model.config
[28.843s] -- Symlinking: /home/edmund-munene/Documents/Programming-language-basics/Linux/Robotics/AConciseIntroductiontoRobotProgrammingwithROS2/bookros2_ws/install/br2_gazebo_worlds/share/br2_gazebo_worlds/models/follow_line/model.sdf
[28.849s] -- Symlinking: /home/edmund-munene/Documents/Programming-language-basics/Linux/Robotics/AConciseIntroductiontoRobotProgrammingwithROS2/bookros2_ws/install/br2_gazebo_worlds/share/br2_gazebo_worlds/models/ground_plane/model-1_2.sdf
[28.872s] -- Symlinking: /home/edmund-munene/Documents/Programming-language-basics/Linux/Robotics/AConciseIntroductiontoRobotProgrammingwithROS2/bookros2_ws/install/br2_gazebo_worlds/share/br2_gazebo_worlds/models/ground_plane/model-1_3.sdf
[28.891s] -- Symlinking: /home/edmund-munene/Documents/Programming-language-basics/Linux/Robotics/AConciseIntroductiontoRobotProgrammingwithROS2/bookros2_ws/install/br2_gazebo_worlds/share/br2_gazebo_worlds/models/ground_plane/model-1_4.sdf
[28.919s] -- Symlinking: /home/edmund-munene/Documents/Programming-language-basics/Linux/Robotics/AConciseIntroductiontoRobotProgrammingwithROS2/bookros2_ws/install/br2_gazebo_worlds/share/br2_gazebo_worlds/models/ground_plane/model.config
[28.944s] -- Symlinking: /home/edmund-munene/Documents/Programming-language-basics/Linux/Robotics/AConciseIntroductiontoRobotProgrammingwithROS2/bookros2_ws/install/br2_gazebo_worlds/share/br2_gazebo_worlds/models/ground_plane/model.sdf
[28.970s] -- Symlinking: /home/edmund-munene/Documents/Programming-language-basics/Linux/Robotics/AConciseIntroductiontoRobotProgrammingwithROS2/bookros2_ws/install/br2_gazebo_worlds/share/br2_gazebo_worlds/models/movable_coke_can/meshes/coke_can.mtl
[29.002s] -- Symlinking: /home/edmund-munene/Documents/Programming-language-basics/Linux/Robotics/AConciseIntroductiontoRobotProgrammingwithROS2/bookros2_ws/install/br2_gazebo_worlds/share/br2_gazebo_worlds/models/movable_coke_can/meshes/coke_can.obj
[29.030s] -- Symlinking: /home/edmund-munene/Documents/Programming-language-basics/Linux/Robotics/AConciseIntroductiontoRobotProgrammingwithROS2/bookros2_ws/install/br2_gazebo_worlds/share/br2_gazebo_worlds/models/movable_coke_can/meshes/coke_can.png
[29.059s] -- Symlinking: /home/edmund-munene/Documents/Programming-language-basics/Linux/Robotics/AConciseIntroductiontoRobotProgrammingwithROS2/bookros2_ws/install/br2_gazebo_worlds/share/br2_gazebo_worlds/models/movable_coke_can/model.config
[29.094s] -- Symlinking: /home/edmund-munene/Documents/Programming-language-basics/Linux/Robotics/AConciseIntroductiontoRobotProgrammingwithROS2/bookros2_ws/install/br2_gazebo_worlds/share/br2_gazebo_worlds/models/movable_coke_can/model.sdf
[29.112s] -- Symlinking: /home/edmund-munene/Documents/Programming-language-basics/Linux/Robotics/AConciseIntroductiontoRobotProgrammingwithROS2/bookros2_ws/install/br2_gazebo_worlds/share/br2_gazebo_worlds/models/movable_coke_can/thumbnails/1.png
[29.138s] -- Symlinking: /home/edmund-munene/Documents/Programming-language-basics/Linux/Robotics/AConciseIntroductiontoRobotProgrammingwithROS2/bookros2_ws/install/br2_gazebo_worlds/share/br2_gazebo_worlds/models/movable_coke_can/thumbnails/2.png
[29.154s] -- Symlinking: /home/edmund-munene/Documents/Programming-language-basics/Linux/Robotics/AConciseIntroductiontoRobotProgrammingwithROS2/bookros2_ws/install/br2_gazebo_worlds/share/br2_gazebo_worlds/models/movable_coke_can_green/meshes/coke_can.obj
[29.172s] -- Symlinking: /home/edmund-munene/Documents/Programming-language-basics/Linux/Robotics/AConciseIntroductiontoRobotProgrammingwithROS2/bookros2_ws/install/br2_gazebo_worlds/share/br2_gazebo_worlds/models/movable_coke_can_green/meshes/coke_can_green.mtl
[29.193s] -- Symlinking: /home/edmund-munene/Documents/Programming-language-basics/Linux/Robotics/AConciseIntroductiontoRobotProgrammingwithROS2/bookros2_ws/install/br2_gazebo_worlds/share/br2_gazebo_worlds/models/movable_coke_can_green/meshes/coke_can_green.png
[29.236s] -- Symlinking: /home/edmund-munene/Documents/Programming-language-basics/Linux/Robotics/AConciseIntroductiontoRobotProgrammingwithROS2/bookros2_ws/install/br2_gazebo_worlds/share/br2_gazebo_worlds/models/movable_coke_can_green/model.config
[29.275s] -- Symlinking: /home/edmund-munene/Documents/Programming-language-basics/Linux/Robotics/AConciseIntroductiontoRobotProgrammingwithROS2/bookros2_ws/install/br2_gazebo_worlds/share/br2_gazebo_worlds/models/movable_coke_can_green/model.sdf
[29.311s] -- Symlinking: /home/edmund-munene/Documents/Programming-language-basics/Linux/Robotics/AConciseIntroductiontoRobotProgrammingwithROS2/bookros2_ws/install/br2_gazebo_worlds/share/br2_gazebo_worlds/models/shelf_aruco/meshes/Box_paper_04_1_Base_Color31.png
[29.332s] -- Symlinking: /home/edmund-munene/Documents/Programming-language-basics/Linux/Robotics/AConciseIntroductiontoRobotProgrammingwithROS2/bookros2_ws/install/br2_gazebo_worlds/share/br2_gazebo_worlds/models/shelf_aruco/meshes/Box_paper_04_1_Base_Color32.png
[29.351s] -- Symlinking: /home/edmund-munene/Documents/Programming-language-basics/Linux/Robotics/AConciseIntroductiontoRobotProgrammingwithROS2/bookros2_ws/install/br2_gazebo_worlds/share/br2_gazebo_worlds/models/shelf_aruco/meshes/shelf_big_movai.dae
[29.370s] -- Symlinking: /home/edmund-munene/Documents/Programming-language-basics/Linux/Robotics/AConciseIntroductiontoRobotProgrammingwithROS2/bookros2_ws/install/br2_gazebo_worlds/share/br2_gazebo_worlds/models/shelf_aruco/model.config
[29.393s] -- Symlinking: /home/edmund-munene/Documents/Programming-language-basics/Linux/Robotics/AConciseIntroductiontoRobotProgrammingwithROS2/bookros2_ws/install/br2_gazebo_worlds/share/br2_gazebo_worlds/models/shelf_aruco/model.sdf
[29.418s] -- Symlinking: /home/edmund-munene/Documents/Programming-language-basics/Linux/Robotics/AConciseIntroductiontoRobotProgrammingwithROS2/bookros2_ws/install/br2_gazebo_worlds/share/br2_gazebo_worlds/models/shelf_aruco/thumbnails/1.png
[29.442s] -- Symlinking: /home/edmund-munene/Documents/Programming-language-basics/Linux/Robotics/AConciseIntroductiontoRobotProgrammingwithROS2/bookros2_ws/install/br2_gazebo_worlds/share/br2_gazebo_worlds/models/simple_ground_house/model.config
[29.466s] -- Symlinking: /home/edmund-munene/Documents/Programming-language-basics/Linux/Robotics/AConciseIntroductiontoRobotProgrammingwithROS2/bookros2_ws/install/br2_gazebo_worlds/share/br2_gazebo_worlds/models/simple_ground_house/model.sdf
[29.483s] -- Symlinking: /home/edmund-munene/Documents/Programming-language-basics/Linux/Robotics/AConciseIntroductiontoRobotProgrammingwithROS2/bookros2_ws/install/br2_gazebo_worlds/share/br2_gazebo_worlds/models/sun/model-1_2.sdf
[29.499s] -- Symlinking: /home/edmund-munene/Documents/Programming-language-basics/Linux/Robotics/AConciseIntroductiontoRobotProgrammingwithROS2/bookros2_ws/install/br2_gazebo_worlds/share/br2_gazebo_worlds/models/sun/model-1_3.sdf
[29.523s] -- Symlinking: /home/edmund-munene/Documents/Programming-language-basics/Linux/Robotics/AConciseIntroductiontoRobotProgrammingwithROS2/bookros2_ws/install/br2_gazebo_worlds/share/br2_gazebo_worlds/models/sun/model-1_4.sdf
[29.537s] -- Symlinking: /home/edmund-munene/Documents/Programming-language-basics/Linux/Robotics/AConciseIntroductiontoRobotProgrammingwithROS2/bookros2_ws/install/br2_gazebo_worlds/share/br2_gazebo_worlds/models/sun/model.config
[29.554s] -- Symlinking: /home/edmund-munene/Documents/Programming-language-basics/Linux/Robotics/AConciseIntroductiontoRobotProgrammingwithROS2/bookros2_ws/install/br2_gazebo_worlds/share/br2_gazebo_worlds/models/sun/model.sdf
[29.578s] -- Symlinking: /home/edmund-munene/Documents/Programming-language-basics/Linux/Robotics/AConciseIntroductiontoRobotProgrammingwithROS2/bookros2_ws/install/br2_gazebo_worlds/share/br2_gazebo_worlds/worlds/empty.world
[29.596s] -- Symlinking: /home/edmund-munene/Documents/Programming-language-basics/Linux/Robotics/AConciseIntroductiontoRobotProgrammingwithROS2/bookros2_ws/install/br2_gazebo_worlds/share/br2_gazebo_worlds/worlds/follow_line.world
[29.618s] -- Symlinking: /home/edmund-munene/Documents/Programming-language-basics/Linux/Robotics/AConciseIntroductiontoRobotProgrammingwithROS2/bookros2_ws/install/br2_gazebo_worlds/share/br2_gazebo_worlds/worlds/house.world
[29.654s] -- Symlinking: /home/edmund-munene/Documents/Programming-language-basics/Linux/Robotics/AConciseIntroductiontoRobotProgrammingwithROS2/bookros2_ws/install/br2_gazebo_worlds/share/br2_gazebo_worlds/worlds/house_pick_and_place.world
[29.684s] -- Symlinking: /home/edmund-munene/Documents/Programming-language-basics/Linux/Robotics/AConciseIntroductiontoRobotProgrammingwithROS2/bookros2_ws/install/br2_gazebo_worlds/share/br2_gazebo_worlds/worlds/pick_and_place.world
[29.701s] -- Symlinking: /home/edmund-munene/Documents/Programming-language-basics/Linux/Robotics/AConciseIntroductiontoRobotProgrammingwithROS2/bookros2_ws/install/br2_gazebo_worlds/share/ament_index/resource_index/package_run_dependencies/br2_gazebo_worlds
[29.722s] -- Symlinking: /home/edmund-munene/Documents/Programming-language-basics/Linux/Robotics/AConciseIntroductiontoRobotProgrammingwithROS2/bookros2_ws/install/br2_gazebo_worlds/share/ament_index/resource_index/parent_prefix_path/br2_gazebo_worlds
[29.740s] -- Symlinking: /home/edmund-munene/Documents/Programming-language-basics/Linux/Robotics/AConciseIntroductiontoRobotProgrammingwithROS2/bookros2_ws/install/br2_gazebo_worlds/share/br2_gazebo_worlds/environment/ament_prefix_path.sh
[29.780s] -- Symlinking: /home/edmund-munene/Documents/Programming-language-basics/Linux/Robotics/AConciseIntroductiontoRobotProgrammingwithROS2/bookros2_ws/install/br2_gazebo_worlds/share/br2_gazebo_worlds/environment/ament_prefix_path.dsv
[29.819s] -- Symlinking: /home/edmund-munene/Documents/Programming-language-basics/Linux/Robotics/AConciseIntroductiontoRobotProgrammingwithROS2/bookros2_ws/install/br2_gazebo_worlds/share/br2_gazebo_worlds/environment/path.sh
[29.869s] -- Symlinking: /home/edmund-munene/Documents/Programming-language-basics/Linux/Robotics/AConciseIntroductiontoRobotProgrammingwithROS2/bookros2_ws/install/br2_gazebo_worlds/share/br2_gazebo_worlds/environment/path.dsv
[29.890s] -- Symlinking: /home/edmund-munene/Documents/Programming-language-basics/Linux/Robotics/AConciseIntroductiontoRobotProgrammingwithROS2/bookros2_ws/install/br2_gazebo_worlds/share/br2_gazebo_worlds/local_setup.bash
[29.911s] -- Symlinking: /home/edmund-munene/Documents/Programming-language-basics/Linux/Robotics/AConciseIntroductiontoRobotProgrammingwithROS2/bookros2_ws/install/br2_gazebo_worlds/share/br2_gazebo_worlds/local_setup.sh
[29.936s] -- Symlinking: /home/edmund-munene/Documents/Programming-language-basics/Linux/Robotics/AConciseIntroductiontoRobotProgrammingwithROS2/bookros2_ws/install/br2_gazebo_worlds/share/br2_gazebo_worlds/local_setup.zsh
[29.960s] -- Symlinking: /home/edmund-munene/Documents/Programming-language-basics/Linux/Robotics/AConciseIntroductiontoRobotProgrammingwithROS2/bookros2_ws/install/br2_gazebo_worlds/share/br2_gazebo_worlds/local_setup.dsv
[29.980s] -- Symlinking: /home/edmund-munene/Documents/Programming-language-basics/Linux/Robotics/AConciseIntroductiontoRobotProgrammingwithROS2/bookros2_ws/install/br2_gazebo_worlds/share/br2_gazebo_worlds/package.dsv
[30.002s] -- Symlinking: /home/edmund-munene/Documents/Programming-language-basics/Linux/Robotics/AConciseIntroductiontoRobotProgrammingwithROS2/bookros2_ws/install/br2_gazebo_worlds/share/ament_index/resource_index/packages/br2_gazebo_worlds
[30.023s] -- Symlinking: /home/edmund-munene/Documents/Programming-language-basics/Linux/Robotics/AConciseIntroductiontoRobotProgrammingwithROS2/bookros2_ws/install/br2_gazebo_worlds/share/br2_gazebo_worlds/cmake/br2_gazebo_worldsConfig.cmake
[30.043s] -- Symlinking: /home/edmund-munene/Documents/Programming-language-basics/Linux/Robotics/AConciseIntroductiontoRobotProgrammingwithROS2/bookros2_ws/install/br2_gazebo_worlds/share/br2_gazebo_worlds/cmake/br2_gazebo_worldsConfig-version.cmake
[30.060s] -- Symlinking: /home/edmund-munene/Documents/Programming-language-basics/Linux/Robotics/AConciseIntroductiontoRobotProgrammingwithROS2/bookros2_ws/install/br2_gazebo_worlds/share/br2_gazebo_worlds/package.xml
[30.087s] Invoked command in '/home/edmund-munene/Documents/Programming-language-basics/Linux/Robotics/AConciseIntroductiontoRobotProgrammingwithROS2/bookros2_ws/build/br2_gazebo_worlds' returned '0': CMAKE_PREFIX_PATH=${CMAKE_PREFIX_PATH}:/opt/ros/jazzy DEBUGINFOD_URLS=https://debuginfod.ubuntu.com /usr/bin/cmake --install /home/edmund-munene/Documents/Programming-language-basics/Linux/Robotics/AConciseIntroductiontoRobotProgrammingwithROS2/bookros2_ws/build/br2_gazebo_worlds
