[0.635s] Invoking command in '/home/edmund-munene/Documents/Programming-language-basics/Linux/Robotics/AConciseIntroductiontoRobotProgrammingwithROS2/bookros2_ws/build/br2_gazebo_worlds': CMAKE_PREFIX_PATH=${CMAKE_PREFIX_PATH}:/home/edmund-munene/Documents/Programming-language-basics/Linux/Robotics/AConciseIntroductiontoRobotProgrammingwithROS2/bookros2_ws/install/launch_pal:/home/edmund-munene/Documents/Programming-language-basics/Linux/Robotics/AConciseIntroductiontoRobotProgrammingwithROS2/bookros2_ws/install/br2_fsm_bumpgo_py:/opt/ros/jazzy DEBUGINFOD_URLS=https://debuginfod.ubuntu.com /usr/bin/cmake --build /home/edmund-munene/Documents/Programming-language-basics/Linux/Robotics/AConciseIntroductiontoRobotProgrammingwithROS2/bookros2_ws/build/br2_gazebo_worlds -- -j12 -l12
[0.951s] Invoked command in '/home/edmund-munene/Documents/Programming-language-basics/Linux/Robotics/AConciseIntroductiontoRobotProgrammingwithROS2/bookros2_ws/build/br2_gazebo_worlds' returned '0': CMAKE_PREFIX_PATH=${CMAKE_PREFIX_PATH}:/home/edmund-munene/Documents/Programming-language-basics/Linux/Robotics/AConciseIntroductiontoRobotProgrammingwithROS2/bookros2_ws/install/launch_pal:/home/edmund-munene/Documents/Programming-language-basics/Linux/Robotics/AConciseIntroductiontoRobotProgrammingwithROS2/bookros2_ws/install/br2_fsm_bumpgo_py:/opt/ros/jazzy DEBUGINFOD_URLS=https://debuginfod.ubuntu.com /usr/bin/cmake --build /home/edmund-munene/Documents/Programming-language-basics/Linux/Robotics/AConciseIntroductiontoRobotProgrammingwithROS2/bookros2_ws/build/br2_gazebo_worlds -- -j12 -l12
[0.953s] Invoking command in '/home/edmund-munene/Documents/Programming-language-basics/Linux/Robotics/AConciseIntroductiontoRobotProgrammingwithROS2/bookros2_ws/build/br2_gazebo_worlds': CMAKE_PREFIX_PATH=${CMAKE_PREFIX_PATH}:/home/edmund-munene/Documents/Programming-language-basics/Linux/Robotics/AConciseIntroductiontoRobotProgrammingwithROS2/bookros2_ws/install/launch_pal:/home/edmund-munene/Documents/Programming-language-basics/Linux/Robotics/AConciseIntroductiontoRobotProgrammingwithROS2/bookros2_ws/install/br2_fsm_bumpgo_py:/opt/ros/jazzy DEBUGINFOD_URLS=https://debuginfod.ubuntu.com /usr/bin/cmake --install /home/edmund-munene/Documents/Programming-language-basics/Linux/Robotics/AConciseIntroductiontoRobotProgrammingwithROS2/bookros2_ws/build/br2_gazebo_worlds
[1.022s] -- Install configuration: ""
[1.022s] -- Execute custom install script
[1.023s] -- Up-to-date symlink: /home/edmund-munene/Documents/Programming-language-basics/Linux/Robotics/AConciseIntroductiontoRobotProgrammingwithROS2/bookros2_ws/install/br2_gazebo_worlds/share/br2_gazebo_worlds/config/gazebo_params.yaml
[1.026s] -- Up-to-date symlink: /home/edmund-munene/Documents/Programming-language-basics/Linux/Robotics/AConciseIntroductiontoRobotProgrammingwithROS2/bookros2_ws/install/br2_gazebo_worlds/share/br2_gazebo_worlds/launch/br2_gazebo.launch.py
[1.026s] -- Up-to-date symlink: /home/edmund-munene/Documents/Programming-language-basics/Linux/Robotics/AConciseIntroductiontoRobotProgrammingwithROS2/bookros2_ws/install/br2_gazebo_worlds/share/br2_gazebo_worlds/models/TrashBin/meshes/TrashBin.mtl
[1.026s] -- Up-to-date symlink: /home/edmund-munene/Documents/Programming-language-basics/Linux/Robotics/AConciseIntroductiontoRobotProgrammingwithROS2/bookros2_ws/install/br2_gazebo_worlds/share/br2_gazebo_worlds/models/TrashBin/meshes/TrashBin.obj
[1.026s] -- Up-to-date symlink: /home/edmund-munene/Documents/Programming-language-basics/Linux/Robotics/AConciseIntroductiontoRobotProgrammingwithROS2/bookros2_ws/install/br2_gazebo_worlds/share/br2_gazebo_worlds/models/TrashBin/meshes/TrashBin_Diffuse.png
[1.026s] -- Up-to-date symlink: /home/edmund-munene/Documents/Programming-language-basics/Linux/Robotics/AConciseIntroductiontoRobotProgrammingwithROS2/bookros2_ws/install/br2_gazebo_worlds/share/br2_gazebo_worlds/models/TrashBin/model.config
[1.026s] -- Up-to-date symlink: /home/edmund-munene/Documents/Programming-language-basics/Linux/Robotics/AConciseIntroductiontoRobotProgrammingwithROS2/bookros2_ws/install/br2_gazebo_worlds/share/br2_gazebo_worlds/models/TrashBin/model.sdf
[1.026s] -- Up-to-date symlink: /home/edmund-munene/Documents/Programming-language-basics/Linux/Robotics/AConciseIntroductiontoRobotProgrammingwithROS2/bookros2_ws/install/br2_gazebo_worlds/share/br2_gazebo_worlds/models/TrashBin/thumbnails/1.png
[1.027s] -- Up-to-date symlink: /home/edmund-munene/Documents/Programming-language-basics/Linux/Robotics/AConciseIntroductiontoRobotProgrammingwithROS2/bookros2_ws/install/br2_gazebo_worlds/share/br2_gazebo_worlds/models/TrashBin/thumbnails/2.png
[1.027s] -- Up-to-date symlink: /home/edmund-munene/Documents/Programming-language-basics/Linux/Robotics/AConciseIntroductiontoRobotProgrammingwithROS2/bookros2_ws/install/br2_gazebo_worlds/share/br2_gazebo_worlds/models/TrashBin/thumbnails/3.png
[1.028s] -- Up-to-date symlink: /home/edmund-munene/Documents/Programming-language-basics/Linux/Robotics/AConciseIntroductiontoRobotProgrammingwithROS2/bookros2_ws/install/br2_gazebo_worlds/share/br2_gazebo_worlds/models/TrashBin/thumbnails/4.png
[1.029s] -- Up-to-date symlink: /home/edmund-munene/Documents/Programming-language-basics/Linux/Robotics/AConciseIntroductiontoRobotProgrammingwithROS2/bookros2_ws/install/br2_gazebo_worlds/share/br2_gazebo_worlds/models/TrashBin/thumbnails/5.png
[1.029s] -- Up-to-date symlink: /home/edmund-munene/Documents/Programming-language-basics/Linux/Robotics/AConciseIntroductiontoRobotProgrammingwithROS2/bookros2_ws/install/br2_gazebo_worlds/share/br2_gazebo_worlds/models/aruco_cube_60/materials/textures/60.jpg
[1.029s] -- Up-to-date symlink: /home/edmund-munene/Documents/Programming-language-basics/Linux/Robotics/AConciseIntroductiontoRobotProgrammingwithROS2/bookros2_ws/install/br2_gazebo_worlds/share/br2_gazebo_worlds/models/aruco_cube_60/meshes/aruco_cube_60.mtl
[1.029s] -- Up-to-date symlink: /home/edmund-munene/Documents/Programming-language-basics/Linux/Robotics/AConciseIntroductiontoRobotProgrammingwithROS2/bookros2_ws/install/br2_gazebo_worlds/share/br2_gazebo_worlds/models/aruco_cube_60/meshes/aruco_cube_60.obj
[1.029s] -- Up-to-date symlink: /home/edmund-munene/Documents/Programming-language-basics/Linux/Robotics/AConciseIntroductiontoRobotProgrammingwithROS2/bookros2_ws/install/br2_gazebo_worlds/share/br2_gazebo_worlds/models/aruco_cube_60/model.config
[1.031s] -- Up-to-date symlink: /home/edmund-munene/Documents/Programming-language-basics/Linux/Robotics/AConciseIntroductiontoRobotProgrammingwithROS2/bookros2_ws/install/br2_gazebo_worlds/share/br2_gazebo_worlds/models/aruco_cube_60/model.sdf
[1.031s] -- Up-to-date symlink: /home/edmund-munene/Documents/Programming-language-basics/Linux/Robotics/AConciseIntroductiontoRobotProgrammingwithROS2/bookros2_ws/install/br2_gazebo_worlds/share/br2_gazebo_worlds/models/aruco_cube_60/thumbnails/1.png
[1.031s] -- Up-to-date symlink: /home/edmund-munene/Documents/Programming-language-basics/Linux/Robotics/AConciseIntroductiontoRobotProgrammingwithROS2/bookros2_ws/install/br2_gazebo_worlds/share/br2_gazebo_worlds/models/aruco_cube_80/materials/textures/80.jpg
[1.031s] -- Up-to-date symlink: /home/edmund-munene/Documents/Programming-language-basics/Linux/Robotics/AConciseIntroductiontoRobotProgrammingwithROS2/bookros2_ws/install/br2_gazebo_worlds/share/br2_gazebo_worlds/models/aruco_cube_80/meshes/aruco_cube_80.mtl
[1.032s] -- Up-to-date symlink: /home/edmund-munene/Documents/Programming-language-basics/Linux/Robotics/AConciseIntroductiontoRobotProgrammingwithROS2/bookros2_ws/install/br2_gazebo_worlds/share/br2_gazebo_worlds/models/aruco_cube_80/meshes/aruco_cube_80.obj
[1.035s] -- Up-to-date symlink: /home/edmund-munene/Documents/Programming-language-basics/Linux/Robotics/AConciseIntroductiontoRobotProgrammingwithROS2/bookros2_ws/install/br2_gazebo_worlds/share/br2_gazebo_worlds/models/aruco_cube_80/model.config
[1.035s] -- Up-to-date symlink: /home/edmund-munene/Documents/Programming-language-basics/Linux/Robotics/AConciseIntroductiontoRobotProgrammingwithROS2/bookros2_ws/install/br2_gazebo_worlds/share/br2_gazebo_worlds/models/aruco_cube_80/model.sdf
[1.036s] -- Up-to-date symlink: /home/edmund-munene/Documents/Programming-language-basics/Linux/Robotics/AConciseIntroductiontoRobotProgrammingwithROS2/bookros2_ws/install/br2_gazebo_worlds/share/br2_gazebo_worlds/models/aruco_cube_80/thumbnails/1.png
[1.036s] -- Up-to-date symlink: /home/edmund-munene/Documents/Programming-language-basics/Linux/Robotics/AConciseIntroductiontoRobotProgrammingwithROS2/bookros2_ws/install/br2_gazebo_worlds/share/br2_gazebo_worlds/models/aruco_tag_100/materials/textures/100.jpg
[1.036s] -- Up-to-date symlink: /home/edmund-munene/Documents/Programming-language-basics/Linux/Robotics/AConciseIntroductiontoRobotProgrammingwithROS2/bookros2_ws/install/br2_gazebo_worlds/share/br2_gazebo_worlds/models/aruco_tag_100/meshes/aruco_tag_100.mtl
[1.038s] -- Up-to-date symlink: /home/edmund-munene/Documents/Programming-language-basics/Linux/Robotics/AConciseIntroductiontoRobotProgrammingwithROS2/bookros2_ws/install/br2_gazebo_worlds/share/br2_gazebo_worlds/models/aruco_tag_100/meshes/aruco_tag_100.obj
[1.041s] -- Up-to-date symlink: /home/edmund-munene/Documents/Programming-language-basics/Linux/Robotics/AConciseIntroductiontoRobotProgrammingwithROS2/bookros2_ws/install/br2_gazebo_worlds/share/br2_gazebo_worlds/models/aruco_tag_100/model.config
[1.042s] -- Up-to-date symlink: /home/edmund-munene/Documents/Programming-language-basics/Linux/Robotics/AConciseIntroductiontoRobotProgrammingwithROS2/bookros2_ws/install/br2_gazebo_worlds/share/br2_gazebo_worlds/models/aruco_tag_100/model.sdf
[1.042s] -- Up-to-date symlink: /home/edmund-munene/Documents/Programming-language-basics/Linux/Robotics/AConciseIntroductiontoRobotProgrammingwithROS2/bookros2_ws/install/br2_gazebo_worlds/share/br2_gazebo_worlds/models/aruco_tag_110/materials/textures/110.jpg
[1.042s] -- Up-to-date symlink: /home/edmund-munene/Documents/Programming-language-basics/Linux/Robotics/AConciseIntroductiontoRobotProgrammingwithROS2/bookros2_ws/install/br2_gazebo_worlds/share/br2_gazebo_worlds/models/aruco_tag_110/meshes/aruco_tag_110.mtl
[1.042s] -- Up-to-date symlink: /home/edmund-munene/Documents/Programming-language-basics/Linux/Robotics/AConciseIntroductiontoRobotProgrammingwithROS2/bookros2_ws/install/br2_gazebo_worlds/share/br2_gazebo_worlds/models/aruco_tag_110/meshes/aruco_tag_110.obj
[1.042s] -- Up-to-date symlink: /home/edmund-munene/Documents/Programming-language-basics/Linux/Robotics/AConciseIntroductiontoRobotProgrammingwithROS2/bookros2_ws/install/br2_gazebo_worlds/share/br2_gazebo_worlds/models/aruco_tag_110/model.config
[1.042s] -- Up-to-date symlink: /home/edmund-munene/Documents/Programming-language-basics/Linux/Robotics/AConciseIntroductiontoRobotProgrammingwithROS2/bookros2_ws/install/br2_gazebo_worlds/share/br2_gazebo_worlds/models/aruco_tag_110/model.sdf
[1.042s] -- Up-to-date symlink: /home/edmund-munene/Documents/Programming-language-basics/Linux/Robotics/AConciseIntroductiontoRobotProgrammingwithROS2/bookros2_ws/install/br2_gazebo_worlds/share/br2_gazebo_worlds/models/aruco_tag_124/materials/textures/124.jpg
[1.043s] -- Up-to-date symlink: /home/edmund-munene/Documents/Programming-language-basics/Linux/Robotics/AConciseIntroductiontoRobotProgrammingwithROS2/bookros2_ws/install/br2_gazebo_worlds/share/br2_gazebo_worlds/models/aruco_tag_124/meshes/aruco_tag_124.mtl
[1.043s] -- Up-to-date symlink: /home/edmund-munene/Documents/Programming-language-basics/Linux/Robotics/AConciseIntroductiontoRobotProgrammingwithROS2/bookros2_ws/install/br2_gazebo_worlds/share/br2_gazebo_worlds/models/aruco_tag_124/meshes/aruco_tag_124.obj
[1.043s] -- Up-to-date symlink: /home/edmund-munene/Documents/Programming-language-basics/Linux/Robotics/AConciseIntroductiontoRobotProgrammingwithROS2/bookros2_ws/install/br2_gazebo_worlds/share/br2_gazebo_worlds/models/aruco_tag_124/model.config
[1.043s] -- Up-to-date symlink: /home/edmund-munene/Documents/Programming-language-basics/Linux/Robotics/AConciseIntroductiontoRobotProgrammingwithROS2/bookros2_ws/install/br2_gazebo_worlds/share/br2_gazebo_worlds/models/aruco_tag_124/model.sdf
[1.043s] -- Up-to-date symlink: /home/edmund-munene/Documents/Programming-language-basics/Linux/Robotics/AConciseIntroductiontoRobotProgrammingwithROS2/bookros2_ws/install/br2_gazebo_worlds/share/br2_gazebo_worlds/models/aruco_tag_30/materials/textures/30.jpg
[1.043s] -- Up-to-date symlink: /home/edmund-munene/Documents/Programming-language-basics/Linux/Robotics/AConciseIntroductiontoRobotProgrammingwithROS2/bookros2_ws/install/br2_gazebo_worlds/share/br2_gazebo_worlds/models/aruco_tag_30/meshes/aruco_tag_30.mtl
[1.043s] -- Up-to-date symlink: /home/edmund-munene/Documents/Programming-language-basics/Linux/Robotics/AConciseIntroductiontoRobotProgrammingwithROS2/bookros2_ws/install/br2_gazebo_worlds/share/br2_gazebo_worlds/models/aruco_tag_30/meshes/aruco_tag_30.obj
[1.044s] -- Up-to-date symlink: /home/edmund-munene/Documents/Programming-language-basics/Linux/Robotics/AConciseIntroductiontoRobotProgrammingwithROS2/bookros2_ws/install/br2_gazebo_worlds/share/br2_gazebo_worlds/models/aruco_tag_30/model.config
[1.044s] -- Up-to-date symlink: /home/edmund-munene/Documents/Programming-language-basics/Linux/Robotics/AConciseIntroductiontoRobotProgrammingwithROS2/bookros2_ws/install/br2_gazebo_worlds/share/br2_gazebo_worlds/models/aruco_tag_30/model.sdf
[1.044s] -- Up-to-date symlink: /home/edmund-munene/Documents/Programming-language-basics/Linux/Robotics/AConciseIntroductiontoRobotProgrammingwithROS2/bookros2_ws/install/br2_gazebo_worlds/share/br2_gazebo_worlds/models/aruco_tag_40/materials/textures/40.jpg
[1.044s] -- Up-to-date symlink: /home/edmund-munene/Documents/Programming-language-basics/Linux/Robotics/AConciseIntroductiontoRobotProgrammingwithROS2/bookros2_ws/install/br2_gazebo_worlds/share/br2_gazebo_worlds/models/aruco_tag_40/meshes/aruco_tag_40.mtl
[1.044s] -- Up-to-date symlink: /home/edmund-munene/Documents/Programming-language-basics/Linux/Robotics/AConciseIntroductiontoRobotProgrammingwithROS2/bookros2_ws/install/br2_gazebo_worlds/share/br2_gazebo_worlds/models/aruco_tag_40/meshes/aruco_tag_40.obj
[1.044s] -- Up-to-date symlink: /home/edmund-munene/Documents/Programming-language-basics/Linux/Robotics/AConciseIntroductiontoRobotProgrammingwithROS2/bookros2_ws/install/br2_gazebo_worlds/share/br2_gazebo_worlds/models/aruco_tag_40/model.config
[1.044s] -- Up-to-date symlink: /home/edmund-munene/Documents/Programming-language-basics/Linux/Robotics/AConciseIntroductiontoRobotProgrammingwithROS2/bookros2_ws/install/br2_gazebo_worlds/share/br2_gazebo_worlds/models/aruco_tag_40/model.sdf
[1.045s] -- Up-to-date symlink: /home/edmund-munene/Documents/Programming-language-basics/Linux/Robotics/AConciseIntroductiontoRobotProgrammingwithROS2/bookros2_ws/install/br2_gazebo_worlds/share/br2_gazebo_worlds/models/aruco_tag_50/materials/textures/50.jpg
[1.045s] -- Up-to-date symlink: /home/edmund-munene/Documents/Programming-language-basics/Linux/Robotics/AConciseIntroductiontoRobotProgrammingwithROS2/bookros2_ws/install/br2_gazebo_worlds/share/br2_gazebo_worlds/models/aruco_tag_50/meshes/aruco_tag_50.mtl
[1.049s] -- Up-to-date symlink: /home/edmund-munene/Documents/Programming-language-basics/Linux/Robotics/AConciseIntroductiontoRobotProgrammingwithROS2/bookros2_ws/install/br2_gazebo_worlds/share/br2_gazebo_worlds/models/aruco_tag_50/meshes/aruco_tag_50.obj
[1.050s] -- Up-to-date symlink: /home/edmund-munene/Documents/Programming-language-basics/Linux/Robotics/AConciseIntroductiontoRobotProgrammingwithROS2/bookros2_ws/install/br2_gazebo_worlds/share/br2_gazebo_worlds/models/aruco_tag_50/model.config
[1.050s] -- Up-to-date symlink: /home/edmund-munene/Documents/Programming-language-basics/Linux/Robotics/AConciseIntroductiontoRobotProgrammingwithROS2/bookros2_ws/install/br2_gazebo_worlds/share/br2_gazebo_worlds/models/aruco_tag_50/model.sdf
[1.051s] -- Up-to-date symlink: /home/edmund-munene/Documents/Programming-language-basics/Linux/Robotics/AConciseIntroductiontoRobotProgrammingwithROS2/bookros2_ws/install/br2_gazebo_worlds/share/br2_gazebo_worlds/models/aruco_tag_60/materials/textures/60.jpg
[1.052s] -- Up-to-date symlink: /home/edmund-munene/Documents/Programming-language-basics/Linux/Robotics/AConciseIntroductiontoRobotProgrammingwithROS2/bookros2_ws/install/br2_gazebo_worlds/share/br2_gazebo_worlds/models/aruco_tag_60/meshes/aruco_tag_60.mtl
[1.053s] -- Up-to-date symlink: /home/edmund-munene/Documents/Programming-language-basics/Linux/Robotics/AConciseIntroductiontoRobotProgrammingwithROS2/bookros2_ws/install/br2_gazebo_worlds/share/br2_gazebo_worlds/models/aruco_tag_60/meshes/aruco_tag_60.obj
[1.053s] -- Up-to-date symlink: /home/edmund-munene/Documents/Programming-language-basics/Linux/Robotics/AConciseIntroductiontoRobotProgrammingwithROS2/bookros2_ws/install/br2_gazebo_worlds/share/br2_gazebo_worlds/models/aruco_tag_60/model.config
[1.054s] -- Up-to-date symlink: /home/edmund-munene/Documents/Programming-language-basics/Linux/Robotics/AConciseIntroductiontoRobotProgrammingwithROS2/bookros2_ws/install/br2_gazebo_worlds/share/br2_gazebo_worlds/models/aruco_tag_60/model.sdf
[1.054s] -- Up-to-date symlink: /home/edmund-munene/Documents/Programming-language-basics/Linux/Robotics/AConciseIntroductiontoRobotProgrammingwithROS2/bookros2_ws/install/br2_gazebo_worlds/share/br2_gazebo_worlds/models/aruco_tag_70/materials/textures/70.jpg
[1.055s] -- Up-to-date symlink: /home/edmund-munene/Documents/Programming-language-basics/Linux/Robotics/AConciseIntroductiontoRobotProgrammingwithROS2/bookros2_ws/install/br2_gazebo_worlds/share/br2_gazebo_worlds/models/aruco_tag_70/meshes/aruco_tag_70.mtl
[1.055s] -- Up-to-date symlink: /home/edmund-munene/Documents/Programming-language-basics/Linux/Robotics/AConciseIntroductiontoRobotProgrammingwithROS2/bookros2_ws/install/br2_gazebo_worlds/share/br2_gazebo_worlds/models/aruco_tag_70/meshes/aruco_tag_70.obj
[1.056s] -- Up-to-date symlink: /home/edmund-munene/Documents/Programming-language-basics/Linux/Robotics/AConciseIntroductiontoRobotProgrammingwithROS2/bookros2_ws/install/br2_gazebo_worlds/share/br2_gazebo_worlds/models/aruco_tag_70/model.config
[1.056s] -- Up-to-date symlink: /home/edmund-munene/Documents/Programming-language-basics/Linux/Robotics/AConciseIntroductiontoRobotProgrammingwithROS2/bookros2_ws/install/br2_gazebo_worlds/share/br2_gazebo_worlds/models/aruco_tag_70/model.sdf
[1.056s] -- Up-to-date symlink: /home/edmund-munene/Documents/Programming-language-basics/Linux/Robotics/AConciseIntroductiontoRobotProgrammingwithROS2/bookros2_ws/install/br2_gazebo_worlds/share/br2_gazebo_worlds/models/aruco_tag_80/materials/textures/80.jpg
[1.057s] -- Up-to-date symlink: /home/edmund-munene/Documents/Programming-language-basics/Linux/Robotics/AConciseIntroductiontoRobotProgrammingwithROS2/bookros2_ws/install/br2_gazebo_worlds/share/br2_gazebo_worlds/models/aruco_tag_80/meshes/aruco_tag_80.mtl
[1.057s] -- Up-to-date symlink: /home/edmund-munene/Documents/Programming-language-basics/Linux/Robotics/AConciseIntroductiontoRobotProgrammingwithROS2/bookros2_ws/install/br2_gazebo_worlds/share/br2_gazebo_worlds/models/aruco_tag_80/meshes/aruco_tag_80.obj
[1.058s] -- Up-to-date symlink: /home/edmund-munene/Documents/Programming-language-basics/Linux/Robotics/AConciseIntroductiontoRobotProgrammingwithROS2/bookros2_ws/install/br2_gazebo_worlds/share/br2_gazebo_worlds/models/aruco_tag_80/model.config
[1.058s] -- Up-to-date symlink: /home/edmund-munene/Documents/Programming-language-basics/Linux/Robotics/AConciseIntroductiontoRobotProgrammingwithROS2/bookros2_ws/install/br2_gazebo_worlds/share/br2_gazebo_worlds/models/aruco_tag_80/model.sdf
[1.059s] -- Up-to-date symlink: /home/edmund-munene/Documents/Programming-language-basics/Linux/Robotics/AConciseIntroductiontoRobotProgrammingwithROS2/bookros2_ws/install/br2_gazebo_worlds/share/br2_gazebo_worlds/models/aruco_tag_90/materials/textures/90.jpg
[1.060s] -- Up-to-date symlink: /home/edmund-munene/Documents/Programming-language-basics/Linux/Robotics/AConciseIntroductiontoRobotProgrammingwithROS2/bookros2_ws/install/br2_gazebo_worlds/share/br2_gazebo_worlds/models/aruco_tag_90/meshes/aruco_tag_90.mtl
[1.070s] -- Up-to-date symlink: /home/edmund-munene/Documents/Programming-language-basics/Linux/Robotics/AConciseIntroductiontoRobotProgrammingwithROS2/bookros2_ws/install/br2_gazebo_worlds/share/br2_gazebo_worlds/models/aruco_tag_90/meshes/aruco_tag_90.obj
[1.070s] -- Up-to-date symlink: /home/edmund-munene/Documents/Programming-language-basics/Linux/Robotics/AConciseIntroductiontoRobotProgrammingwithROS2/bookros2_ws/install/br2_gazebo_worlds/share/br2_gazebo_worlds/models/aruco_tag_90/model.config
[1.070s] -- Up-to-date symlink: /home/edmund-munene/Documents/Programming-language-basics/Linux/Robotics/AConciseIntroductiontoRobotProgrammingwithROS2/bookros2_ws/install/br2_gazebo_worlds/share/br2_gazebo_worlds/models/aruco_tag_90/model.sdf
[1.071s] -- Up-to-date symlink: /home/edmund-munene/Documents/Programming-language-basics/Linux/Robotics/AConciseIntroductiontoRobotProgrammingwithROS2/bookros2_ws/install/br2_gazebo_worlds/share/br2_gazebo_worlds/models/aws_robomaker_residential_AirconditionerA_01/materials/textures/aws_AirconditionerA_01.png
[1.071s] -- Up-to-date symlink: /home/edmund-munene/Documents/Programming-language-basics/Linux/Robotics/AConciseIntroductiontoRobotProgrammingwithROS2/bookros2_ws/install/br2_gazebo_worlds/share/br2_gazebo_worlds/models/aws_robomaker_residential_AirconditionerA_01/meshes/aws_AirconditionerA_01_collision.DAE
[1.071s] -- Up-to-date symlink: /home/edmund-munene/Documents/Programming-language-basics/Linux/Robotics/AConciseIntroductiontoRobotProgrammingwithROS2/bookros2_ws/install/br2_gazebo_worlds/share/br2_gazebo_worlds/models/aws_robomaker_residential_AirconditionerA_01/meshes/aws_AirconditionerA_01_visual.DAE
[1.071s] -- Up-to-date symlink: /home/edmund-munene/Documents/Programming-language-basics/Linux/Robotics/AConciseIntroductiontoRobotProgrammingwithROS2/bookros2_ws/install/br2_gazebo_worlds/share/br2_gazebo_worlds/models/aws_robomaker_residential_AirconditionerA_01/model.config
[1.072s] -- Up-to-date symlink: /home/edmund-munene/Documents/Programming-language-basics/Linux/Robotics/AConciseIntroductiontoRobotProgrammingwithROS2/bookros2_ws/install/br2_gazebo_worlds/share/br2_gazebo_worlds/models/aws_robomaker_residential_AirconditionerA_01/model.sdf
[1.072s] -- Up-to-date symlink: /home/edmund-munene/Documents/Programming-language-basics/Linux/Robotics/AConciseIntroductiontoRobotProgrammingwithROS2/bookros2_ws/install/br2_gazebo_worlds/share/br2_gazebo_worlds/models/aws_robomaker_residential_AirconditionerB_01/materials/textures/aws_AirconditionerB_01.png
[1.072s] -- Up-to-date symlink: /home/edmund-munene/Documents/Programming-language-basics/Linux/Robotics/AConciseIntroductiontoRobotProgrammingwithROS2/bookros2_ws/install/br2_gazebo_worlds/share/br2_gazebo_worlds/models/aws_robomaker_residential_AirconditionerB_01/meshes/aws_AirconditionerB_01_collision.DAE
[1.072s] -- Up-to-date symlink: /home/edmund-munene/Documents/Programming-language-basics/Linux/Robotics/AConciseIntroductiontoRobotProgrammingwithROS2/bookros2_ws/install/br2_gazebo_worlds/share/br2_gazebo_worlds/models/aws_robomaker_residential_AirconditionerB_01/meshes/aws_AirconditionerB_01_visual.DAE
[1.073s] -- Up-to-date symlink: /home/edmund-munene/Documents/Programming-language-basics/Linux/Robotics/AConciseIntroductiontoRobotProgrammingwithROS2/bookros2_ws/install/br2_gazebo_worlds/share/br2_gazebo_worlds/models/aws_robomaker_residential_AirconditionerB_01/model.config
[1.077s] -- Up-to-date symlink: /home/edmund-munene/Documents/Programming-language-basics/Linux/Robotics/AConciseIntroductiontoRobotProgrammingwithROS2/bookros2_ws/install/br2_gazebo_worlds/share/br2_gazebo_worlds/models/aws_robomaker_residential_AirconditionerB_01/model.sdf
[1.077s] -- Up-to-date symlink: /home/edmund-munene/Documents/Programming-language-basics/Linux/Robotics/AConciseIntroductiontoRobotProgrammingwithROS2/bookros2_ws/install/br2_gazebo_worlds/share/br2_gazebo_worlds/models/aws_robomaker_residential_BalconyTable_01/materials/textures/aws_BalconyTable_01.png
[1.077s] -- Up-to-date symlink: /home/edmund-munene/Documents/Programming-language-basics/Linux/Robotics/AConciseIntroductiontoRobotProgrammingwithROS2/bookros2_ws/install/br2_gazebo_worlds/share/br2_gazebo_worlds/models/aws_robomaker_residential_BalconyTable_01/meshes/aws_BalconyTable_01_collision.DAE
[1.077s] -- Up-to-date symlink: /home/edmund-munene/Documents/Programming-language-basics/Linux/Robotics/AConciseIntroductiontoRobotProgrammingwithROS2/bookros2_ws/install/br2_gazebo_worlds/share/br2_gazebo_worlds/models/aws_robomaker_residential_BalconyTable_01/meshes/aws_BalconyTable_01_visual.DAE
[1.077s] -- Up-to-date symlink: /home/edmund-munene/Documents/Programming-language-basics/Linux/Robotics/AConciseIntroductiontoRobotProgrammingwithROS2/bookros2_ws/install/br2_gazebo_worlds/share/br2_gazebo_worlds/models/aws_robomaker_residential_BalconyTable_01/model.config
[1.077s] -- Up-to-date symlink: /home/edmund-munene/Documents/Programming-language-basics/Linux/Robotics/AConciseIntroductiontoRobotProgrammingwithROS2/bookros2_ws/install/br2_gazebo_worlds/share/br2_gazebo_worlds/models/aws_robomaker_residential_BalconyTable_01/model.sdf
[1.078s] -- Up-to-date symlink: /home/edmund-munene/Documents/Programming-language-basics/Linux/Robotics/AConciseIntroductiontoRobotProgrammingwithROS2/bookros2_ws/install/br2_gazebo_worlds/share/br2_gazebo_worlds/models/aws_robomaker_residential_Ball_01/materials/textures/aws_Ball_01.png
[1.078s] -- Up-to-date symlink: /home/edmund-munene/Documents/Programming-language-basics/Linux/Robotics/AConciseIntroductiontoRobotProgrammingwithROS2/bookros2_ws/install/br2_gazebo_worlds/share/br2_gazebo_worlds/models/aws_robomaker_residential_Ball_01/meshes/aws_Ball_01_collision.DAE
[1.078s] -- Up-to-date symlink: /home/edmund-munene/Documents/Programming-language-basics/Linux/Robotics/AConciseIntroductiontoRobotProgrammingwithROS2/bookros2_ws/install/br2_gazebo_worlds/share/br2_gazebo_worlds/models/aws_robomaker_residential_Ball_01/meshes/aws_Ball_01_visual.DAE
[1.078s] -- Up-to-date symlink: /home/edmund-munene/Documents/Programming-language-basics/Linux/Robotics/AConciseIntroductiontoRobotProgrammingwithROS2/bookros2_ws/install/br2_gazebo_worlds/share/br2_gazebo_worlds/models/aws_robomaker_residential_Ball_01/model.config
[1.078s] -- Up-to-date symlink: /home/edmund-munene/Documents/Programming-language-basics/Linux/Robotics/AConciseIntroductiontoRobotProgrammingwithROS2/bookros2_ws/install/br2_gazebo_worlds/share/br2_gazebo_worlds/models/aws_robomaker_residential_Ball_01/model.sdf
[1.078s] -- Up-to-date symlink: /home/edmund-munene/Documents/Programming-language-basics/Linux/Robotics/AConciseIntroductiontoRobotProgrammingwithROS2/bookros2_ws/install/br2_gazebo_worlds/share/br2_gazebo_worlds/models/aws_robomaker_residential_Bed_01/materials/textures/aws_BedA_01.png
[1.078s] -- Up-to-date symlink: /home/edmund-munene/Documents/Programming-language-basics/Linux/Robotics/AConciseIntroductiontoRobotProgrammingwithROS2/bookros2_ws/install/br2_gazebo_worlds/share/br2_gazebo_worlds/models/aws_robomaker_residential_Bed_01/materials/textures/aws_BedB_01.png
[1.078s] -- Up-to-date symlink: /home/edmund-munene/Documents/Programming-language-basics/Linux/Robotics/AConciseIntroductiontoRobotProgrammingwithROS2/bookros2_ws/install/br2_gazebo_worlds/share/br2_gazebo_worlds/models/aws_robomaker_residential_Bed_01/materials/textures/aws_BedC_01.png
[1.078s] -- Up-to-date symlink: /home/edmund-munene/Documents/Programming-language-basics/Linux/Robotics/AConciseIntroductiontoRobotProgrammingwithROS2/bookros2_ws/install/br2_gazebo_worlds/share/br2_gazebo_worlds/models/aws_robomaker_residential_Bed_01/materials/textures/aws_Bed_01.png
[1.078s] -- Up-to-date symlink: /home/edmund-munene/Documents/Programming-language-basics/Linux/Robotics/AConciseIntroductiontoRobotProgrammingwithROS2/bookros2_ws/install/br2_gazebo_worlds/share/br2_gazebo_worlds/models/aws_robomaker_residential_Bed_01/meshes/aws_Bed_01_collision.DAE
[1.079s] -- Up-to-date symlink: /home/edmund-munene/Documents/Programming-language-basics/Linux/Robotics/AConciseIntroductiontoRobotProgrammingwithROS2/bookros2_ws/install/br2_gazebo_worlds/share/br2_gazebo_worlds/models/aws_robomaker_residential_Bed_01/meshes/aws_Bed_01_visual.DAE
[1.079s] -- Up-to-date symlink: /home/edmund-munene/Documents/Programming-language-basics/Linux/Robotics/AConciseIntroductiontoRobotProgrammingwithROS2/bookros2_ws/install/br2_gazebo_worlds/share/br2_gazebo_worlds/models/aws_robomaker_residential_Bed_01/model.config
[1.079s] -- Up-to-date symlink: /home/edmund-munene/Documents/Programming-language-basics/Linux/Robotics/AConciseIntroductiontoRobotProgrammingwithROS2/bookros2_ws/install/br2_gazebo_worlds/share/br2_gazebo_worlds/models/aws_robomaker_residential_Bed_01/model.sdf
[1.079s] -- Up-to-date symlink: /home/edmund-munene/Documents/Programming-language-basics/Linux/Robotics/AConciseIntroductiontoRobotProgrammingwithROS2/bookros2_ws/install/br2_gazebo_worlds/share/br2_gazebo_worlds/models/aws_robomaker_residential_Board_01/materials/textures/aws_Board_01.png
[1.079s] -- Up-to-date symlink: /home/edmund-munene/Documents/Programming-language-basics/Linux/Robotics/AConciseIntroductiontoRobotProgrammingwithROS2/bookros2_ws/install/br2_gazebo_worlds/share/br2_gazebo_worlds/models/aws_robomaker_residential_Board_01/meshes/aws_Board_01_collision.DAE
[1.079s] -- Up-to-date symlink: /home/edmund-munene/Documents/Programming-language-basics/Linux/Robotics/AConciseIntroductiontoRobotProgrammingwithROS2/bookros2_ws/install/br2_gazebo_worlds/share/br2_gazebo_worlds/models/aws_robomaker_residential_Board_01/meshes/aws_Board_01_visual.DAE
[1.079s] -- Up-to-date symlink: /home/edmund-munene/Documents/Programming-language-basics/Linux/Robotics/AConciseIntroductiontoRobotProgrammingwithROS2/bookros2_ws/install/br2_gazebo_worlds/share/br2_gazebo_worlds/models/aws_robomaker_residential_Board_01/model.config
[1.079s] -- Up-to-date symlink: /home/edmund-munene/Documents/Programming-language-basics/Linux/Robotics/AConciseIntroductiontoRobotProgrammingwithROS2/bookros2_ws/install/br2_gazebo_worlds/share/br2_gazebo_worlds/models/aws_robomaker_residential_Board_01/model.sdf
[1.079s] -- Up-to-date symlink: /home/edmund-munene/Documents/Programming-language-basics/Linux/Robotics/AConciseIntroductiontoRobotProgrammingwithROS2/bookros2_ws/install/br2_gazebo_worlds/share/br2_gazebo_worlds/models/aws_robomaker_residential_Carpet_01/materials/textures/aws_Carpet_01.png
[1.080s] -- Up-to-date symlink: /home/edmund-munene/Documents/Programming-language-basics/Linux/Robotics/AConciseIntroductiontoRobotProgrammingwithROS2/bookros2_ws/install/br2_gazebo_worlds/share/br2_gazebo_worlds/models/aws_robomaker_residential_Carpet_01/meshes/aws_Carpet_01_collision.DAE
[1.080s] -- Up-to-date symlink: /home/edmund-munene/Documents/Programming-language-basics/Linux/Robotics/AConciseIntroductiontoRobotProgrammingwithROS2/bookros2_ws/install/br2_gazebo_worlds/share/br2_gazebo_worlds/models/aws_robomaker_residential_Carpet_01/meshes/aws_Carpet_01_visual.DAE
[1.080s] -- Up-to-date symlink: /home/edmund-munene/Documents/Programming-language-basics/Linux/Robotics/AConciseIntroductiontoRobotProgrammingwithROS2/bookros2_ws/install/br2_gazebo_worlds/share/br2_gazebo_worlds/models/aws_robomaker_residential_Carpet_01/model.config
[1.081s] -- Up-to-date symlink: /home/edmund-munene/Documents/Programming-language-basics/Linux/Robotics/AConciseIntroductiontoRobotProgrammingwithROS2/bookros2_ws/install/br2_gazebo_worlds/share/br2_gazebo_worlds/models/aws_robomaker_residential_Carpet_01/model.sdf
[1.081s] -- Up-to-date symlink: /home/edmund-munene/Documents/Programming-language-basics/Linux/Robotics/AConciseIntroductiontoRobotProgrammingwithROS2/bookros2_ws/install/br2_gazebo_worlds/share/br2_gazebo_worlds/models/aws_robomaker_residential_ChairA_01/materials/textures/aws_ChairA_01.png
[1.081s] -- Up-to-date symlink: /home/edmund-munene/Documents/Programming-language-basics/Linux/Robotics/AConciseIntroductiontoRobotProgrammingwithROS2/bookros2_ws/install/br2_gazebo_worlds/share/br2_gazebo_worlds/models/aws_robomaker_residential_ChairA_01/meshes/aws_ChairA_01_collision.DAE
[1.081s] -- Up-to-date symlink: /home/edmund-munene/Documents/Programming-language-basics/Linux/Robotics/AConciseIntroductiontoRobotProgrammingwithROS2/bookros2_ws/install/br2_gazebo_worlds/share/br2_gazebo_worlds/models/aws_robomaker_residential_ChairA_01/meshes/aws_ChairA_01_visual.DAE
[1.082s] -- Up-to-date symlink: /home/edmund-munene/Documents/Programming-language-basics/Linux/Robotics/AConciseIntroductiontoRobotProgrammingwithROS2/bookros2_ws/install/br2_gazebo_worlds/share/br2_gazebo_worlds/models/aws_robomaker_residential_ChairA_01/model.config
[1.082s] -- Up-to-date symlink: /home/edmund-munene/Documents/Programming-language-basics/Linux/Robotics/AConciseIntroductiontoRobotProgrammingwithROS2/bookros2_ws/install/br2_gazebo_worlds/share/br2_gazebo_worlds/models/aws_robomaker_residential_ChairA_01/model.sdf
[1.082s] -- Up-to-date symlink: /home/edmund-munene/Documents/Programming-language-basics/Linux/Robotics/AConciseIntroductiontoRobotProgrammingwithROS2/bookros2_ws/install/br2_gazebo_worlds/share/br2_gazebo_worlds/models/aws_robomaker_residential_ChairD_01/materials/textures/aws_ChairD_01.png
[1.082s] -- Up-to-date symlink: /home/edmund-munene/Documents/Programming-language-basics/Linux/Robotics/AConciseIntroductiontoRobotProgrammingwithROS2/bookros2_ws/install/br2_gazebo_worlds/share/br2_gazebo_worlds/models/aws_robomaker_residential_ChairD_01/meshes/aws_ChairD_01_collision.DAE
[1.082s] -- Up-to-date symlink: /home/edmund-munene/Documents/Programming-language-basics/Linux/Robotics/AConciseIntroductiontoRobotProgrammingwithROS2/bookros2_ws/install/br2_gazebo_worlds/share/br2_gazebo_worlds/models/aws_robomaker_residential_ChairD_01/meshes/aws_ChairD_01_visual.DAE
[1.082s] -- Up-to-date symlink: /home/edmund-munene/Documents/Programming-language-basics/Linux/Robotics/AConciseIntroductiontoRobotProgrammingwithROS2/bookros2_ws/install/br2_gazebo_worlds/share/br2_gazebo_worlds/models/aws_robomaker_residential_ChairD_01/model.config
[1.082s] -- Up-to-date symlink: /home/edmund-munene/Documents/Programming-language-basics/Linux/Robotics/AConciseIntroductiontoRobotProgrammingwithROS2/bookros2_ws/install/br2_gazebo_worlds/share/br2_gazebo_worlds/models/aws_robomaker_residential_ChairD_01/model.sdf
[1.082s] -- Up-to-date symlink: /home/edmund-munene/Documents/Programming-language-basics/Linux/Robotics/AConciseIntroductiontoRobotProgrammingwithROS2/bookros2_ws/install/br2_gazebo_worlds/share/br2_gazebo_worlds/models/aws_robomaker_residential_Chandelier_01/materials/textures/aws_Chandelier_01.png
[1.082s] -- Up-to-date symlink: /home/edmund-munene/Documents/Programming-language-basics/Linux/Robotics/AConciseIntroductiontoRobotProgrammingwithROS2/bookros2_ws/install/br2_gazebo_worlds/share/br2_gazebo_worlds/models/aws_robomaker_residential_Chandelier_01/meshes/aws_Chandelier_01.DAE
[1.082s] -- Up-to-date symlink: /home/edmund-munene/Documents/Programming-language-basics/Linux/Robotics/AConciseIntroductiontoRobotProgrammingwithROS2/bookros2_ws/install/br2_gazebo_worlds/share/br2_gazebo_worlds/models/aws_robomaker_residential_Chandelier_01/meshes/aws_Chandelier_01_collision.DAE
[1.083s] -- Up-to-date symlink: /home/edmund-munene/Documents/Programming-language-basics/Linux/Robotics/AConciseIntroductiontoRobotProgrammingwithROS2/bookros2_ws/install/br2_gazebo_worlds/share/br2_gazebo_worlds/models/aws_robomaker_residential_Chandelier_01/meshes/aws_Chandelier_01_visual.DAE
[1.083s] -- Up-to-date symlink: /home/edmund-munene/Documents/Programming-language-basics/Linux/Robotics/AConciseIntroductiontoRobotProgrammingwithROS2/bookros2_ws/install/br2_gazebo_worlds/share/br2_gazebo_worlds/models/aws_robomaker_residential_Chandelier_01/model.config
[1.083s] -- Up-to-date symlink: /home/edmund-munene/Documents/Programming-language-basics/Linux/Robotics/AConciseIntroductiontoRobotProgrammingwithROS2/bookros2_ws/install/br2_gazebo_worlds/share/br2_gazebo_worlds/models/aws_robomaker_residential_Chandelier_01/model.sdf
[1.083s] -- Up-to-date symlink: /home/edmund-munene/Documents/Programming-language-basics/Linux/Robotics/AConciseIntroductiontoRobotProgrammingwithROS2/bookros2_ws/install/br2_gazebo_worlds/share/br2_gazebo_worlds/models/aws_robomaker_residential_CoffeeTable_01/materials/textures/aws_CoffeeTable_01.png
[1.083s] -- Up-to-date symlink: /home/edmund-munene/Documents/Programming-language-basics/Linux/Robotics/AConciseIntroductiontoRobotProgrammingwithROS2/bookros2_ws/install/br2_gazebo_worlds/share/br2_gazebo_worlds/models/aws_robomaker_residential_CoffeeTable_01/meshes/aws_CoffeeTable_01_collision.DAE
[1.083s] -- Up-to-date symlink: /home/edmund-munene/Documents/Programming-language-basics/Linux/Robotics/AConciseIntroductiontoRobotProgrammingwithROS2/bookros2_ws/install/br2_gazebo_worlds/share/br2_gazebo_worlds/models/aws_robomaker_residential_CoffeeTable_01/meshes/aws_CoffeeTable_01_visual.DAE
[1.083s] -- Up-to-date symlink: /home/edmund-munene/Documents/Programming-language-basics/Linux/Robotics/AConciseIntroductiontoRobotProgrammingwithROS2/bookros2_ws/install/br2_gazebo_worlds/share/br2_gazebo_worlds/models/aws_robomaker_residential_CoffeeTable_01/model.config
[1.083s] -- Up-to-date symlink: /home/edmund-munene/Documents/Programming-language-basics/Linux/Robotics/AConciseIntroductiontoRobotProgrammingwithROS2/bookros2_ws/install/br2_gazebo_worlds/share/br2_gazebo_worlds/models/aws_robomaker_residential_CoffeeTable_01/model.sdf
[1.084s] -- Up-to-date symlink: /home/edmund-munene/Documents/Programming-language-basics/Linux/Robotics/AConciseIntroductiontoRobotProgrammingwithROS2/bookros2_ws/install/br2_gazebo_worlds/share/br2_gazebo_worlds/models/aws_robomaker_residential_CookingBench_01/materials/textures/aws_CookingBench_01.png
[1.084s] -- Up-to-date symlink: /home/edmund-munene/Documents/Programming-language-basics/Linux/Robotics/AConciseIntroductiontoRobotProgrammingwithROS2/bookros2_ws/install/br2_gazebo_worlds/share/br2_gazebo_worlds/models/aws_robomaker_residential_CookingBench_01/meshes/aws_CookingBench_01.DAE
[1.084s] -- Up-to-date symlink: /home/edmund-munene/Documents/Programming-language-basics/Linux/Robotics/AConciseIntroductiontoRobotProgrammingwithROS2/bookros2_ws/install/br2_gazebo_worlds/share/br2_gazebo_worlds/models/aws_robomaker_residential_CookingBench_01/meshes/aws_CookingBench_01_collision.DAE
[1.086s] -- Up-to-date symlink: /home/edmund-munene/Documents/Programming-language-basics/Linux/Robotics/AConciseIntroductiontoRobotProgrammingwithROS2/bookros2_ws/install/br2_gazebo_worlds/share/br2_gazebo_worlds/models/aws_robomaker_residential_CookingBench_01/meshes/aws_CookingBench_01_visual.DAE
[1.087s] -- Up-to-date symlink: /home/edmund-munene/Documents/Programming-language-basics/Linux/Robotics/AConciseIntroductiontoRobotProgrammingwithROS2/bookros2_ws/install/br2_gazebo_worlds/share/br2_gazebo_worlds/models/aws_robomaker_residential_CookingBench_01/model.config
[1.090s] -- Up-to-date symlink: /home/edmund-munene/Documents/Programming-language-basics/Linux/Robotics/AConciseIntroductiontoRobotProgrammingwithROS2/bookros2_ws/install/br2_gazebo_worlds/share/br2_gazebo_worlds/models/aws_robomaker_residential_CookingBench_01/model.sdf
[1.091s] -- Up-to-date symlink: /home/edmund-munene/Documents/Programming-language-basics/Linux/Robotics/AConciseIntroductiontoRobotProgrammingwithROS2/bookros2_ws/install/br2_gazebo_worlds/share/br2_gazebo_worlds/models/aws_robomaker_residential_Curtain_01/materials/textures/aws_Curtain_01.png
[1.092s] -- Up-to-date symlink: /home/edmund-munene/Documents/Programming-language-basics/Linux/Robotics/AConciseIntroductiontoRobotProgrammingwithROS2/bookros2_ws/install/br2_gazebo_worlds/share/br2_gazebo_worlds/models/aws_robomaker_residential_Curtain_01/meshes/aws_Curtain_01_collision.DAE
[1.092s] -- Up-to-date symlink: /home/edmund-munene/Documents/Programming-language-basics/Linux/Robotics/AConciseIntroductiontoRobotProgrammingwithROS2/bookros2_ws/install/br2_gazebo_worlds/share/br2_gazebo_worlds/models/aws_robomaker_residential_Curtain_01/meshes/aws_Curtain_01_visual.DAE
[1.092s] -- Up-to-date symlink: /home/edmund-munene/Documents/Programming-language-basics/Linux/Robotics/AConciseIntroductiontoRobotProgrammingwithROS2/bookros2_ws/install/br2_gazebo_worlds/share/br2_gazebo_worlds/models/aws_robomaker_residential_Curtain_01/model.config
[1.093s] -- Up-to-date symlink: /home/edmund-munene/Documents/Programming-language-basics/Linux/Robotics/AConciseIntroductiontoRobotProgrammingwithROS2/bookros2_ws/install/br2_gazebo_worlds/share/br2_gazebo_worlds/models/aws_robomaker_residential_Curtain_01/model.sdf
[1.094s] -- Up-to-date symlink: /home/edmund-munene/Documents/Programming-language-basics/Linux/Robotics/AConciseIntroductiontoRobotProgrammingwithROS2/bookros2_ws/install/br2_gazebo_worlds/share/br2_gazebo_worlds/models/aws_robomaker_residential_DeskPortraitA_01/materials/textures/DeskPortraitA_01.jpg
[1.094s] -- Up-to-date symlink: /home/edmund-munene/Documents/Programming-language-basics/Linux/Robotics/AConciseIntroductiontoRobotProgrammingwithROS2/bookros2_ws/install/br2_gazebo_worlds/share/br2_gazebo_worlds/models/aws_robomaker_residential_DeskPortraitA_01/materials/textures/aws_DeskPortraitA_01.png
[1.094s] -- Up-to-date symlink: /home/edmund-munene/Documents/Programming-language-basics/Linux/Robotics/AConciseIntroductiontoRobotProgrammingwithROS2/bookros2_ws/install/br2_gazebo_worlds/share/br2_gazebo_worlds/models/aws_robomaker_residential_DeskPortraitA_01/materials/textures/aws_DeskPortraitA_02.png
[1.094s] -- Up-to-date symlink: /home/edmund-munene/Documents/Programming-language-basics/Linux/Robotics/AConciseIntroductiontoRobotProgrammingwithROS2/bookros2_ws/install/br2_gazebo_worlds/share/br2_gazebo_worlds/models/aws_robomaker_residential_DeskPortraitA_01/meshes/aws_DeskPortraitA_01_collision.DAE
[1.094s] -- Up-to-date symlink: /home/edmund-munene/Documents/Programming-language-basics/Linux/Robotics/AConciseIntroductiontoRobotProgrammingwithROS2/bookros2_ws/install/br2_gazebo_worlds/share/br2_gazebo_worlds/models/aws_robomaker_residential_DeskPortraitA_01/meshes/aws_DeskPortraitA_01_visual.DAE
[1.094s] -- Up-to-date symlink: /home/edmund-munene/Documents/Programming-language-basics/Linux/Robotics/AConciseIntroductiontoRobotProgrammingwithROS2/bookros2_ws/install/br2_gazebo_worlds/share/br2_gazebo_worlds/models/aws_robomaker_residential_DeskPortraitA_01/model.config
[1.095s] -- Up-to-date symlink: /home/edmund-munene/Documents/Programming-language-basics/Linux/Robotics/AConciseIntroductiontoRobotProgrammingwithROS2/bookros2_ws/install/br2_gazebo_worlds/share/br2_gazebo_worlds/models/aws_robomaker_residential_DeskPortraitA_01/model.sdf
[1.095s] -- Up-to-date symlink: /home/edmund-munene/Documents/Programming-language-basics/Linux/Robotics/AConciseIntroductiontoRobotProgrammingwithROS2/bookros2_ws/install/br2_gazebo_worlds/share/br2_gazebo_worlds/models/aws_robomaker_residential_DeskPortraitA_02/materials/textures/DeskPortraitA_02.jpg
[1.095s] -- Up-to-date symlink: /home/edmund-munene/Documents/Programming-language-basics/Linux/Robotics/AConciseIntroductiontoRobotProgrammingwithROS2/bookros2_ws/install/br2_gazebo_worlds/share/br2_gazebo_worlds/models/aws_robomaker_residential_DeskPortraitA_02/materials/textures/aws_DeskPortraitA_01.png
[1.095s] -- Up-to-date symlink: /home/edmund-munene/Documents/Programming-language-basics/Linux/Robotics/AConciseIntroductiontoRobotProgrammingwithROS2/bookros2_ws/install/br2_gazebo_worlds/share/br2_gazebo_worlds/models/aws_robomaker_residential_DeskPortraitA_02/materials/textures/aws_DeskPortraitA_02.png
[1.095s] -- Up-to-date symlink: /home/edmund-munene/Documents/Programming-language-basics/Linux/Robotics/AConciseIntroductiontoRobotProgrammingwithROS2/bookros2_ws/install/br2_gazebo_worlds/share/br2_gazebo_worlds/models/aws_robomaker_residential_DeskPortraitA_02/meshes/aws_DeskPortraitA_01_collision.DAE
[1.095s] -- Up-to-date symlink: /home/edmund-munene/Documents/Programming-language-basics/Linux/Robotics/AConciseIntroductiontoRobotProgrammingwithROS2/bookros2_ws/install/br2_gazebo_worlds/share/br2_gazebo_worlds/models/aws_robomaker_residential_DeskPortraitA_02/meshes/aws_DeskPortraitA_01_visual.DAE
[1.095s] -- Up-to-date symlink: /home/edmund-munene/Documents/Programming-language-basics/Linux/Robotics/AConciseIntroductiontoRobotProgrammingwithROS2/bookros2_ws/install/br2_gazebo_worlds/share/br2_gazebo_worlds/models/aws_robomaker_residential_DeskPortraitA_02/model.config
[1.095s] -- Up-to-date symlink: /home/edmund-munene/Documents/Programming-language-basics/Linux/Robotics/AConciseIntroductiontoRobotProgrammingwithROS2/bookros2_ws/install/br2_gazebo_worlds/share/br2_gazebo_worlds/models/aws_robomaker_residential_DeskPortraitA_02/model.sdf
[1.096s] -- Up-to-date symlink: /home/edmund-munene/Documents/Programming-language-basics/Linux/Robotics/AConciseIntroductiontoRobotProgrammingwithROS2/bookros2_ws/install/br2_gazebo_worlds/share/br2_gazebo_worlds/models/aws_robomaker_residential_DeskPortraitB_01/materials/textures/DeskPortraitB_01.jpg
[1.096s] -- Up-to-date symlink: /home/edmund-munene/Documents/Programming-language-basics/Linux/Robotics/AConciseIntroductiontoRobotProgrammingwithROS2/bookros2_ws/install/br2_gazebo_worlds/share/br2_gazebo_worlds/models/aws_robomaker_residential_DeskPortraitB_01/materials/textures/aws_DeskPortraitB_01.png
[1.096s] -- Up-to-date symlink: /home/edmund-munene/Documents/Programming-language-basics/Linux/Robotics/AConciseIntroductiontoRobotProgrammingwithROS2/bookros2_ws/install/br2_gazebo_worlds/share/br2_gazebo_worlds/models/aws_robomaker_residential_DeskPortraitB_01/materials/textures/aws_DeskPortraitB_02.png
[1.096s] -- Up-to-date symlink: /home/edmund-munene/Documents/Programming-language-basics/Linux/Robotics/AConciseIntroductiontoRobotProgrammingwithROS2/bookros2_ws/install/br2_gazebo_worlds/share/br2_gazebo_worlds/models/aws_robomaker_residential_DeskPortraitB_01/meshes/aws_DeskPortraitB_01_collision.DAE
[1.096s] -- Up-to-date symlink: /home/edmund-munene/Documents/Programming-language-basics/Linux/Robotics/AConciseIntroductiontoRobotProgrammingwithROS2/bookros2_ws/install/br2_gazebo_worlds/share/br2_gazebo_worlds/models/aws_robomaker_residential_DeskPortraitB_01/meshes/aws_DeskPortraitB_01_visual.DAE
[1.096s] -- Up-to-date symlink: /home/edmund-munene/Documents/Programming-language-basics/Linux/Robotics/AConciseIntroductiontoRobotProgrammingwithROS2/bookros2_ws/install/br2_gazebo_worlds/share/br2_gazebo_worlds/models/aws_robomaker_residential_DeskPortraitB_01/model.config
[1.096s] -- Up-to-date symlink: /home/edmund-munene/Documents/Programming-language-basics/Linux/Robotics/AConciseIntroductiontoRobotProgrammingwithROS2/bookros2_ws/install/br2_gazebo_worlds/share/br2_gazebo_worlds/models/aws_robomaker_residential_DeskPortraitB_01/model.sdf
[1.096s] -- Up-to-date symlink: /home/edmund-munene/Documents/Programming-language-basics/Linux/Robotics/AConciseIntroductiontoRobotProgrammingwithROS2/bookros2_ws/install/br2_gazebo_worlds/share/br2_gazebo_worlds/models/aws_robomaker_residential_DeskPortraitB_02/materials/textures/DeskPortraitB_02.jpg
[1.097s] -- Up-to-date symlink: /home/edmund-munene/Documents/Programming-language-basics/Linux/Robotics/AConciseIntroductiontoRobotProgrammingwithROS2/bookros2_ws/install/br2_gazebo_worlds/share/br2_gazebo_worlds/models/aws_robomaker_residential_DeskPortraitB_02/materials/textures/aws_DeskPortraitB_01.png
[1.097s] -- Up-to-date symlink: /home/edmund-munene/Documents/Programming-language-basics/Linux/Robotics/AConciseIntroductiontoRobotProgrammingwithROS2/bookros2_ws/install/br2_gazebo_worlds/share/br2_gazebo_worlds/models/aws_robomaker_residential_DeskPortraitB_02/materials/textures/aws_DeskPortraitB_02.png
[1.097s] -- Up-to-date symlink: /home/edmund-munene/Documents/Programming-language-basics/Linux/Robotics/AConciseIntroductiontoRobotProgrammingwithROS2/bookros2_ws/install/br2_gazebo_worlds/share/br2_gazebo_worlds/models/aws_robomaker_residential_DeskPortraitB_02/meshes/aws_DeskPortraitB_01_collision.DAE
[1.101s] -- Up-to-date symlink: /home/edmund-munene/Documents/Programming-language-basics/Linux/Robotics/AConciseIntroductiontoRobotProgrammingwithROS2/bookros2_ws/install/br2_gazebo_worlds/share/br2_gazebo_worlds/models/aws_robomaker_residential_DeskPortraitB_02/meshes/aws_DeskPortraitB_01_visual.DAE
[1.101s] -- Up-to-date symlink: /home/edmund-munene/Documents/Programming-language-basics/Linux/Robotics/AConciseIntroductiontoRobotProgrammingwithROS2/bookros2_ws/install/br2_gazebo_worlds/share/br2_gazebo_worlds/models/aws_robomaker_residential_DeskPortraitB_02/model.config
[1.101s] -- Up-to-date symlink: /home/edmund-munene/Documents/Programming-language-basics/Linux/Robotics/AConciseIntroductiontoRobotProgrammingwithROS2/bookros2_ws/install/br2_gazebo_worlds/share/br2_gazebo_worlds/models/aws_robomaker_residential_DeskPortraitB_02/model.sdf
[1.102s] -- Up-to-date symlink: /home/edmund-munene/Documents/Programming-language-basics/Linux/Robotics/AConciseIntroductiontoRobotProgrammingwithROS2/bookros2_ws/install/br2_gazebo_worlds/share/br2_gazebo_worlds/models/aws_robomaker_residential_DeskPortraitC_01/materials/textures/DeskPortraitC_01.jpg
[1.102s] -- Up-to-date symlink: /home/edmund-munene/Documents/Programming-language-basics/Linux/Robotics/AConciseIntroductiontoRobotProgrammingwithROS2/bookros2_ws/install/br2_gazebo_worlds/share/br2_gazebo_worlds/models/aws_robomaker_residential_DeskPortraitC_01/materials/textures/aws_DeskPortraitC_01.png
[1.103s] -- Up-to-date symlink: /home/edmund-munene/Documents/Programming-language-basics/Linux/Robotics/AConciseIntroductiontoRobotProgrammingwithROS2/bookros2_ws/install/br2_gazebo_worlds/share/br2_gazebo_worlds/models/aws_robomaker_residential_DeskPortraitC_01/materials/textures/aws_DeskPortraitC_02.png
[1.103s] -- Up-to-date symlink: /home/edmund-munene/Documents/Programming-language-basics/Linux/Robotics/AConciseIntroductiontoRobotProgrammingwithROS2/bookros2_ws/install/br2_gazebo_worlds/share/br2_gazebo_worlds/models/aws_robomaker_residential_DeskPortraitC_01/meshes/aws_DeskPortraitC_01_collision.DAE
[1.103s] -- Up-to-date symlink: /home/edmund-munene/Documents/Programming-language-basics/Linux/Robotics/AConciseIntroductiontoRobotProgrammingwithROS2/bookros2_ws/install/br2_gazebo_worlds/share/br2_gazebo_worlds/models/aws_robomaker_residential_DeskPortraitC_01/meshes/aws_DeskPortraitC_01_visual.DAE
[1.104s] -- Up-to-date symlink: /home/edmund-munene/Documents/Programming-language-basics/Linux/Robotics/AConciseIntroductiontoRobotProgrammingwithROS2/bookros2_ws/install/br2_gazebo_worlds/share/br2_gazebo_worlds/models/aws_robomaker_residential_DeskPortraitC_01/model.config
[1.105s] -- Up-to-date symlink: /home/edmund-munene/Documents/Programming-language-basics/Linux/Robotics/AConciseIntroductiontoRobotProgrammingwithROS2/bookros2_ws/install/br2_gazebo_worlds/share/br2_gazebo_worlds/models/aws_robomaker_residential_DeskPortraitC_01/model.sdf
[1.105s] -- Up-to-date symlink: /home/edmund-munene/Documents/Programming-language-basics/Linux/Robotics/AConciseIntroductiontoRobotProgrammingwithROS2/bookros2_ws/install/br2_gazebo_worlds/share/br2_gazebo_worlds/models/aws_robomaker_residential_DeskPortraitC_02/materials/textures/DeskPortraitC_02.jpg
[1.106s] -- Up-to-date symlink: /home/edmund-munene/Documents/Programming-language-basics/Linux/Robotics/AConciseIntroductiontoRobotProgrammingwithROS2/bookros2_ws/install/br2_gazebo_worlds/share/br2_gazebo_worlds/models/aws_robomaker_residential_DeskPortraitC_02/materials/textures/aws_DeskPortraitC_01.png
[1.106s] -- Up-to-date symlink: /home/edmund-munene/Documents/Programming-language-basics/Linux/Robotics/AConciseIntroductiontoRobotProgrammingwithROS2/bookros2_ws/install/br2_gazebo_worlds/share/br2_gazebo_worlds/models/aws_robomaker_residential_DeskPortraitC_02/materials/textures/aws_DeskPortraitC_02.png
[1.106s] -- Up-to-date symlink: /home/edmund-munene/Documents/Programming-language-basics/Linux/Robotics/AConciseIntroductiontoRobotProgrammingwithROS2/bookros2_ws/install/br2_gazebo_worlds/share/br2_gazebo_worlds/models/aws_robomaker_residential_DeskPortraitC_02/meshes/aws_DeskPortraitC_01_collision.DAE
[1.108s] -- Up-to-date symlink: /home/edmund-munene/Documents/Programming-language-basics/Linux/Robotics/AConciseIntroductiontoRobotProgrammingwithROS2/bookros2_ws/install/br2_gazebo_worlds/share/br2_gazebo_worlds/models/aws_robomaker_residential_DeskPortraitC_02/meshes/aws_DeskPortraitC_01_visual.DAE
[1.108s] -- Up-to-date symlink: /home/edmund-munene/Documents/Programming-language-basics/Linux/Robotics/AConciseIntroductiontoRobotProgrammingwithROS2/bookros2_ws/install/br2_gazebo_worlds/share/br2_gazebo_worlds/models/aws_robomaker_residential_DeskPortraitC_02/model.config
[1.108s] -- Up-to-date symlink: /home/edmund-munene/Documents/Programming-language-basics/Linux/Robotics/AConciseIntroductiontoRobotProgrammingwithROS2/bookros2_ws/install/br2_gazebo_worlds/share/br2_gazebo_worlds/models/aws_robomaker_residential_DeskPortraitC_02/model.sdf
[1.109s] -- Up-to-date symlink: /home/edmund-munene/Documents/Programming-language-basics/Linux/Robotics/AConciseIntroductiontoRobotProgrammingwithROS2/bookros2_ws/install/br2_gazebo_worlds/share/br2_gazebo_worlds/models/aws_robomaker_residential_DeskPortraitD_01/materials/textures/DeskPortraitD_01.jpg
[1.109s] -- Up-to-date symlink: /home/edmund-munene/Documents/Programming-language-basics/Linux/Robotics/AConciseIntroductiontoRobotProgrammingwithROS2/bookros2_ws/install/br2_gazebo_worlds/share/br2_gazebo_worlds/models/aws_robomaker_residential_DeskPortraitD_01/materials/textures/aws_DeskPortraitD_01.png
[1.109s] -- Up-to-date symlink: /home/edmund-munene/Documents/Programming-language-basics/Linux/Robotics/AConciseIntroductiontoRobotProgrammingwithROS2/bookros2_ws/install/br2_gazebo_worlds/share/br2_gazebo_worlds/models/aws_robomaker_residential_DeskPortraitD_01/materials/textures/aws_DeskPortraitD_02.png
[1.109s] -- Up-to-date symlink: /home/edmund-munene/Documents/Programming-language-basics/Linux/Robotics/AConciseIntroductiontoRobotProgrammingwithROS2/bookros2_ws/install/br2_gazebo_worlds/share/br2_gazebo_worlds/models/aws_robomaker_residential_DeskPortraitD_01/meshes/aws_DeskPortraitD_01_collision.DAE
[1.109s] -- Up-to-date symlink: /home/edmund-munene/Documents/Programming-language-basics/Linux/Robotics/AConciseIntroductiontoRobotProgrammingwithROS2/bookros2_ws/install/br2_gazebo_worlds/share/br2_gazebo_worlds/models/aws_robomaker_residential_DeskPortraitD_01/meshes/aws_DeskPortraitD_01_visual.DAE
[1.110s] -- Up-to-date symlink: /home/edmund-munene/Documents/Programming-language-basics/Linux/Robotics/AConciseIntroductiontoRobotProgrammingwithROS2/bookros2_ws/install/br2_gazebo_worlds/share/br2_gazebo_worlds/models/aws_robomaker_residential_DeskPortraitD_01/model.config
[1.110s] -- Up-to-date symlink: /home/edmund-munene/Documents/Programming-language-basics/Linux/Robotics/AConciseIntroductiontoRobotProgrammingwithROS2/bookros2_ws/install/br2_gazebo_worlds/share/br2_gazebo_worlds/models/aws_robomaker_residential_DeskPortraitD_01/model.sdf
[1.110s] -- Up-to-date symlink: /home/edmund-munene/Documents/Programming-language-basics/Linux/Robotics/AConciseIntroductiontoRobotProgrammingwithROS2/bookros2_ws/install/br2_gazebo_worlds/share/br2_gazebo_worlds/models/aws_robomaker_residential_DeskPortraitD_02/materials/textures/DeskPortraitD_02.jpg
[1.110s] -- Up-to-date symlink: /home/edmund-munene/Documents/Programming-language-basics/Linux/Robotics/AConciseIntroductiontoRobotProgrammingwithROS2/bookros2_ws/install/br2_gazebo_worlds/share/br2_gazebo_worlds/models/aws_robomaker_residential_DeskPortraitD_02/materials/textures/aws_DeskPortraitD_01.png
[1.110s] -- Up-to-date symlink: /home/edmund-munene/Documents/Programming-language-basics/Linux/Robotics/AConciseIntroductiontoRobotProgrammingwithROS2/bookros2_ws/install/br2_gazebo_worlds/share/br2_gazebo_worlds/models/aws_robomaker_residential_DeskPortraitD_02/materials/textures/aws_DeskPortraitD_02.png
[1.110s] -- Up-to-date symlink: /home/edmund-munene/Documents/Programming-language-basics/Linux/Robotics/AConciseIntroductiontoRobotProgrammingwithROS2/bookros2_ws/install/br2_gazebo_worlds/share/br2_gazebo_worlds/models/aws_robomaker_residential_DeskPortraitD_02/meshes/aws_DeskPortraitD_01_collision.DAE
[1.111s] -- Up-to-date symlink: /home/edmund-munene/Documents/Programming-language-basics/Linux/Robotics/AConciseIntroductiontoRobotProgrammingwithROS2/bookros2_ws/install/br2_gazebo_worlds/share/br2_gazebo_worlds/models/aws_robomaker_residential_DeskPortraitD_02/meshes/aws_DeskPortraitD_01_visual.DAE
[1.115s] -- Up-to-date symlink: /home/edmund-munene/Documents/Programming-language-basics/Linux/Robotics/AConciseIntroductiontoRobotProgrammingwithROS2/bookros2_ws/install/br2_gazebo_worlds/share/br2_gazebo_worlds/models/aws_robomaker_residential_DeskPortraitD_02/model.config
[1.115s] -- Up-to-date symlink: /home/edmund-munene/Documents/Programming-language-basics/Linux/Robotics/AConciseIntroductiontoRobotProgrammingwithROS2/bookros2_ws/install/br2_gazebo_worlds/share/br2_gazebo_worlds/models/aws_robomaker_residential_DeskPortraitD_02/model.sdf
[1.115s] -- Up-to-date symlink: /home/edmund-munene/Documents/Programming-language-basics/Linux/Robotics/AConciseIntroductiontoRobotProgrammingwithROS2/bookros2_ws/install/br2_gazebo_worlds/share/br2_gazebo_worlds/models/aws_robomaker_residential_DeskPortraitD_03/materials/textures/DeskPortraitD_03.jpg
[1.116s] -- Up-to-date symlink: /home/edmund-munene/Documents/Programming-language-basics/Linux/Robotics/AConciseIntroductiontoRobotProgrammingwithROS2/bookros2_ws/install/br2_gazebo_worlds/share/br2_gazebo_worlds/models/aws_robomaker_residential_DeskPortraitD_03/materials/textures/aws_DeskPortraitD_01.png
[1.116s] -- Up-to-date symlink: /home/edmund-munene/Documents/Programming-language-basics/Linux/Robotics/AConciseIntroductiontoRobotProgrammingwithROS2/bookros2_ws/install/br2_gazebo_worlds/share/br2_gazebo_worlds/models/aws_robomaker_residential_DeskPortraitD_03/materials/textures/aws_DeskPortraitD_02.png
[1.116s] -- Up-to-date symlink: /home/edmund-munene/Documents/Programming-language-basics/Linux/Robotics/AConciseIntroductiontoRobotProgrammingwithROS2/bookros2_ws/install/br2_gazebo_worlds/share/br2_gazebo_worlds/models/aws_robomaker_residential_DeskPortraitD_03/meshes/aws_DeskPortraitD_01_collision.DAE
[1.116s] -- Up-to-date symlink: /home/edmund-munene/Documents/Programming-language-basics/Linux/Robotics/AConciseIntroductiontoRobotProgrammingwithROS2/bookros2_ws/install/br2_gazebo_worlds/share/br2_gazebo_worlds/models/aws_robomaker_residential_DeskPortraitD_03/meshes/aws_DeskPortraitD_01_visual.DAE
[1.116s] -- Up-to-date symlink: /home/edmund-munene/Documents/Programming-language-basics/Linux/Robotics/AConciseIntroductiontoRobotProgrammingwithROS2/bookros2_ws/install/br2_gazebo_worlds/share/br2_gazebo_worlds/models/aws_robomaker_residential_DeskPortraitD_03/model.config
[1.116s] -- Up-to-date symlink: /home/edmund-munene/Documents/Programming-language-basics/Linux/Robotics/AConciseIntroductiontoRobotProgrammingwithROS2/bookros2_ws/install/br2_gazebo_worlds/share/br2_gazebo_worlds/models/aws_robomaker_residential_DeskPortraitD_03/model.sdf
[1.117s] -- Up-to-date symlink: /home/edmund-munene/Documents/Programming-language-basics/Linux/Robotics/AConciseIntroductiontoRobotProgrammingwithROS2/bookros2_ws/install/br2_gazebo_worlds/share/br2_gazebo_worlds/models/aws_robomaker_residential_DeskPortraitD_04/materials/textures/DeskPortraitD_04.jpg
[1.117s] -- Up-to-date symlink: /home/edmund-munene/Documents/Programming-language-basics/Linux/Robotics/AConciseIntroductiontoRobotProgrammingwithROS2/bookros2_ws/install/br2_gazebo_worlds/share/br2_gazebo_worlds/models/aws_robomaker_residential_DeskPortraitD_04/materials/textures/aws_DeskPortraitD_01.png
[1.117s] -- Up-to-date symlink: /home/edmund-munene/Documents/Programming-language-basics/Linux/Robotics/AConciseIntroductiontoRobotProgrammingwithROS2/bookros2_ws/install/br2_gazebo_worlds/share/br2_gazebo_worlds/models/aws_robomaker_residential_DeskPortraitD_04/materials/textures/aws_DeskPortraitD_02.png
[1.117s] -- Up-to-date symlink: /home/edmund-munene/Documents/Programming-language-basics/Linux/Robotics/AConciseIntroductiontoRobotProgrammingwithROS2/bookros2_ws/install/br2_gazebo_worlds/share/br2_gazebo_worlds/models/aws_robomaker_residential_DeskPortraitD_04/meshes/aws_DeskPortraitD_01_collision.DAE
[1.117s] -- Up-to-date symlink: /home/edmund-munene/Documents/Programming-language-basics/Linux/Robotics/AConciseIntroductiontoRobotProgrammingwithROS2/bookros2_ws/install/br2_gazebo_worlds/share/br2_gazebo_worlds/models/aws_robomaker_residential_DeskPortraitD_04/meshes/aws_DeskPortraitD_01_visual.DAE
[1.117s] -- Up-to-date symlink: /home/edmund-munene/Documents/Programming-language-basics/Linux/Robotics/AConciseIntroductiontoRobotProgrammingwithROS2/bookros2_ws/install/br2_gazebo_worlds/share/br2_gazebo_worlds/models/aws_robomaker_residential_DeskPortraitD_04/model.config
[1.120s] -- Up-to-date symlink: /home/edmund-munene/Documents/Programming-language-basics/Linux/Robotics/AConciseIntroductiontoRobotProgrammingwithROS2/bookros2_ws/install/br2_gazebo_worlds/share/br2_gazebo_worlds/models/aws_robomaker_residential_DeskPortraitD_04/model.sdf
[1.120s] -- Up-to-date symlink: /home/edmund-munene/Documents/Programming-language-basics/Linux/Robotics/AConciseIntroductiontoRobotProgrammingwithROS2/bookros2_ws/install/br2_gazebo_worlds/share/br2_gazebo_worlds/models/aws_robomaker_residential_Door_01/materials/textures/aws_Door_01.png
[1.120s] -- Up-to-date symlink: /home/edmund-munene/Documents/Programming-language-basics/Linux/Robotics/AConciseIntroductiontoRobotProgrammingwithROS2/bookros2_ws/install/br2_gazebo_worlds/share/br2_gazebo_worlds/models/aws_robomaker_residential_Door_01/meshes/aws_Door_01_collision.DAE
[1.121s] -- Up-to-date symlink: /home/edmund-munene/Documents/Programming-language-basics/Linux/Robotics/AConciseIntroductiontoRobotProgrammingwithROS2/bookros2_ws/install/br2_gazebo_worlds/share/br2_gazebo_worlds/models/aws_robomaker_residential_Door_01/meshes/aws_Door_01_visual.DAE
[1.121s] -- Up-to-date symlink: /home/edmund-munene/Documents/Programming-language-basics/Linux/Robotics/AConciseIntroductiontoRobotProgrammingwithROS2/bookros2_ws/install/br2_gazebo_worlds/share/br2_gazebo_worlds/models/aws_robomaker_residential_Door_01/model.config
[1.123s] -- Up-to-date symlink: /home/edmund-munene/Documents/Programming-language-basics/Linux/Robotics/AConciseIntroductiontoRobotProgrammingwithROS2/bookros2_ws/install/br2_gazebo_worlds/share/br2_gazebo_worlds/models/aws_robomaker_residential_Door_01/model.sdf
[1.123s] -- Up-to-date symlink: /home/edmund-munene/Documents/Programming-language-basics/Linux/Robotics/AConciseIntroductiontoRobotProgrammingwithROS2/bookros2_ws/install/br2_gazebo_worlds/share/br2_gazebo_worlds/models/aws_robomaker_residential_Dumbbell_01/materials/textures/aws_Dumbbell_01.png
[1.124s] -- Up-to-date symlink: /home/edmund-munene/Documents/Programming-language-basics/Linux/Robotics/AConciseIntroductiontoRobotProgrammingwithROS2/bookros2_ws/install/br2_gazebo_worlds/share/br2_gazebo_worlds/models/aws_robomaker_residential_Dumbbell_01/meshes/aws_Dumbbell_01_collision.DAE
[1.125s] -- Up-to-date symlink: /home/edmund-munene/Documents/Programming-language-basics/Linux/Robotics/AConciseIntroductiontoRobotProgrammingwithROS2/bookros2_ws/install/br2_gazebo_worlds/share/br2_gazebo_worlds/models/aws_robomaker_residential_Dumbbell_01/meshes/aws_Dumbbell_01_visual.DAE
[1.126s] -- Up-to-date symlink: /home/edmund-munene/Documents/Programming-language-basics/Linux/Robotics/AConciseIntroductiontoRobotProgrammingwithROS2/bookros2_ws/install/br2_gazebo_worlds/share/br2_gazebo_worlds/models/aws_robomaker_residential_Dumbbell_01/model.config
[1.126s] -- Up-to-date symlink: /home/edmund-munene/Documents/Programming-language-basics/Linux/Robotics/AConciseIntroductiontoRobotProgrammingwithROS2/bookros2_ws/install/br2_gazebo_worlds/share/br2_gazebo_worlds/models/aws_robomaker_residential_Dumbbell_01/model.sdf
[1.127s] -- Up-to-date symlink: /home/edmund-munene/Documents/Programming-language-basics/Linux/Robotics/AConciseIntroductiontoRobotProgrammingwithROS2/bookros2_ws/install/br2_gazebo_worlds/share/br2_gazebo_worlds/models/aws_robomaker_residential_FitnessEquipment_01/materials/textures/aws_FitnessEquipment_01.png
[1.128s] -- Up-to-date symlink: /home/edmund-munene/Documents/Programming-language-basics/Linux/Robotics/AConciseIntroductiontoRobotProgrammingwithROS2/bookros2_ws/install/br2_gazebo_worlds/share/br2_gazebo_worlds/models/aws_robomaker_residential_FitnessEquipment_01/meshes/aws_FitnessEquipment_01_collision.DAE
[1.128s] -- Up-to-date symlink: /home/edmund-munene/Documents/Programming-language-basics/Linux/Robotics/AConciseIntroductiontoRobotProgrammingwithROS2/bookros2_ws/install/br2_gazebo_worlds/share/br2_gazebo_worlds/models/aws_robomaker_residential_FitnessEquipment_01/meshes/aws_FitnessEquipment_01_visual.DAE
[1.130s] -- Up-to-date symlink: /home/edmund-munene/Documents/Programming-language-basics/Linux/Robotics/AConciseIntroductiontoRobotProgrammingwithROS2/bookros2_ws/install/br2_gazebo_worlds/share/br2_gazebo_worlds/models/aws_robomaker_residential_FitnessEquipment_01/model.config
[1.130s] -- Up-to-date symlink: /home/edmund-munene/Documents/Programming-language-basics/Linux/Robotics/AConciseIntroductiontoRobotProgrammingwithROS2/bookros2_ws/install/br2_gazebo_worlds/share/br2_gazebo_worlds/models/aws_robomaker_residential_FitnessEquipment_01/model.sdf
[1.130s] -- Up-to-date symlink: /home/edmund-munene/Documents/Programming-language-basics/Linux/Robotics/AConciseIntroductiontoRobotProgrammingwithROS2/bookros2_ws/install/br2_gazebo_worlds/share/br2_gazebo_worlds/models/aws_robomaker_residential_FloorB_01/materials/textures/aws_FloorB_01.png
[1.130s] -- Up-to-date symlink: /home/edmund-munene/Documents/Programming-language-basics/Linux/Robotics/AConciseIntroductiontoRobotProgrammingwithROS2/bookros2_ws/install/br2_gazebo_worlds/share/br2_gazebo_worlds/models/aws_robomaker_residential_FloorB_01/meshes/aws_FloorB_01_collision.DAE
[1.131s] -- Up-to-date symlink: /home/edmund-munene/Documents/Programming-language-basics/Linux/Robotics/AConciseIntroductiontoRobotProgrammingwithROS2/bookros2_ws/install/br2_gazebo_worlds/share/br2_gazebo_worlds/models/aws_robomaker_residential_FloorB_01/meshes/aws_FloorB_01_visual.DAE
[1.131s] -- Up-to-date symlink: /home/edmund-munene/Documents/Programming-language-basics/Linux/Robotics/AConciseIntroductiontoRobotProgrammingwithROS2/bookros2_ws/install/br2_gazebo_worlds/share/br2_gazebo_worlds/models/aws_robomaker_residential_FloorB_01/model.config
[1.131s] -- Up-to-date symlink: /home/edmund-munene/Documents/Programming-language-basics/Linux/Robotics/AConciseIntroductiontoRobotProgrammingwithROS2/bookros2_ws/install/br2_gazebo_worlds/share/br2_gazebo_worlds/models/aws_robomaker_residential_FloorB_01/model.sdf
[1.131s] -- Up-to-date symlink: /home/edmund-munene/Documents/Programming-language-basics/Linux/Robotics/AConciseIntroductiontoRobotProgrammingwithROS2/bookros2_ws/install/br2_gazebo_worlds/share/br2_gazebo_worlds/models/aws_robomaker_residential_FoldingDoor_01/materials/textures/aws_FoldingDoor_01.png
[1.131s] -- Up-to-date symlink: /home/edmund-munene/Documents/Programming-language-basics/Linux/Robotics/AConciseIntroductiontoRobotProgrammingwithROS2/bookros2_ws/install/br2_gazebo_worlds/share/br2_gazebo_worlds/models/aws_robomaker_residential_FoldingDoor_01/meshes/aws_FoldingDoor_01_collision.DAE
[1.131s] -- Up-to-date symlink: /home/edmund-munene/Documents/Programming-language-basics/Linux/Robotics/AConciseIntroductiontoRobotProgrammingwithROS2/bookros2_ws/install/br2_gazebo_worlds/share/br2_gazebo_worlds/models/aws_robomaker_residential_FoldingDoor_01/meshes/aws_FoldingDoor_01_visual.DAE
[1.132s] -- Up-to-date symlink: /home/edmund-munene/Documents/Programming-language-basics/Linux/Robotics/AConciseIntroductiontoRobotProgrammingwithROS2/bookros2_ws/install/br2_gazebo_worlds/share/br2_gazebo_worlds/models/aws_robomaker_residential_FoldingDoor_01/model.config
[1.132s] -- Up-to-date symlink: /home/edmund-munene/Documents/Programming-language-basics/Linux/Robotics/AConciseIntroductiontoRobotProgrammingwithROS2/bookros2_ws/install/br2_gazebo_worlds/share/br2_gazebo_worlds/models/aws_robomaker_residential_FoldingDoor_01/model.sdf
[1.132s] -- Up-to-date symlink: /home/edmund-munene/Documents/Programming-language-basics/Linux/Robotics/AConciseIntroductiontoRobotProgrammingwithROS2/bookros2_ws/install/br2_gazebo_worlds/share/br2_gazebo_worlds/models/aws_robomaker_residential_FoldingDoor_02/materials/textures/aws_FoldingDoor_02.png
[1.132s] -- Up-to-date symlink: /home/edmund-munene/Documents/Programming-language-basics/Linux/Robotics/AConciseIntroductiontoRobotProgrammingwithROS2/bookros2_ws/install/br2_gazebo_worlds/share/br2_gazebo_worlds/models/aws_robomaker_residential_FoldingDoor_02/meshes/aws_FoldingDoor_02_collision.DAE
[1.132s] -- Up-to-date symlink: /home/edmund-munene/Documents/Programming-language-basics/Linux/Robotics/AConciseIntroductiontoRobotProgrammingwithROS2/bookros2_ws/install/br2_gazebo_worlds/share/br2_gazebo_worlds/models/aws_robomaker_residential_FoldingDoor_02/meshes/aws_FoldingDoor_02_visual.DAE
[1.132s] -- Up-to-date symlink: /home/edmund-munene/Documents/Programming-language-basics/Linux/Robotics/AConciseIntroductiontoRobotProgrammingwithROS2/bookros2_ws/install/br2_gazebo_worlds/share/br2_gazebo_worlds/models/aws_robomaker_residential_FoldingDoor_02/model.config
[1.133s] -- Up-to-date symlink: /home/edmund-munene/Documents/Programming-language-basics/Linux/Robotics/AConciseIntroductiontoRobotProgrammingwithROS2/bookros2_ws/install/br2_gazebo_worlds/share/br2_gazebo_worlds/models/aws_robomaker_residential_FoldingDoor_02/model.sdf
[1.136s] -- Up-to-date symlink: /home/edmund-munene/Documents/Programming-language-basics/Linux/Robotics/AConciseIntroductiontoRobotProgrammingwithROS2/bookros2_ws/install/br2_gazebo_worlds/share/br2_gazebo_worlds/models/aws_robomaker_residential_Handle_01/materials/textures/aws_Handle_01.png
[1.136s] -- Up-to-date symlink: /home/edmund-munene/Documents/Programming-language-basics/Linux/Robotics/AConciseIntroductiontoRobotProgrammingwithROS2/bookros2_ws/install/br2_gazebo_worlds/share/br2_gazebo_worlds/models/aws_robomaker_residential_Handle_01/meshes/aws_Handle_01_collision.DAE
[1.136s] -- Up-to-date symlink: /home/edmund-munene/Documents/Programming-language-basics/Linux/Robotics/AConciseIntroductiontoRobotProgrammingwithROS2/bookros2_ws/install/br2_gazebo_worlds/share/br2_gazebo_worlds/models/aws_robomaker_residential_Handle_01/meshes/aws_Handle_01_visual.DAE
[1.137s] -- Up-to-date symlink: /home/edmund-munene/Documents/Programming-language-basics/Linux/Robotics/AConciseIntroductiontoRobotProgrammingwithROS2/bookros2_ws/install/br2_gazebo_worlds/share/br2_gazebo_worlds/models/aws_robomaker_residential_Handle_01/model.config
[1.137s] -- Up-to-date symlink: /home/edmund-munene/Documents/Programming-language-basics/Linux/Robotics/AConciseIntroductiontoRobotProgrammingwithROS2/bookros2_ws/install/br2_gazebo_worlds/share/br2_gazebo_worlds/models/aws_robomaker_residential_Handle_01/model.sdf
[1.137s] -- Up-to-date symlink: /home/edmund-munene/Documents/Programming-language-basics/Linux/Robotics/AConciseIntroductiontoRobotProgrammingwithROS2/bookros2_ws/install/br2_gazebo_worlds/share/br2_gazebo_worlds/models/aws_robomaker_residential_HouseWallB_01/materials/textures/aws_HouseWallB_01.png
[1.137s] -- Up-to-date symlink: /home/edmund-munene/Documents/Programming-language-basics/Linux/Robotics/AConciseIntroductiontoRobotProgrammingwithROS2/bookros2_ws/install/br2_gazebo_worlds/share/br2_gazebo_worlds/models/aws_robomaker_residential_HouseWallB_01/meshes/aws_HouseWallB_01_collision.DAE
[1.137s] -- Up-to-date symlink: /home/edmund-munene/Documents/Programming-language-basics/Linux/Robotics/AConciseIntroductiontoRobotProgrammingwithROS2/bookros2_ws/install/br2_gazebo_worlds/share/br2_gazebo_worlds/models/aws_robomaker_residential_HouseWallB_01/meshes/aws_HouseWallB_01_visual.DAE
[1.137s] -- Up-to-date symlink: /home/edmund-munene/Documents/Programming-language-basics/Linux/Robotics/AConciseIntroductiontoRobotProgrammingwithROS2/bookros2_ws/install/br2_gazebo_worlds/share/br2_gazebo_worlds/models/aws_robomaker_residential_HouseWallB_01/model.config
[1.137s] -- Up-to-date symlink: /home/edmund-munene/Documents/Programming-language-basics/Linux/Robotics/AConciseIntroductiontoRobotProgrammingwithROS2/bookros2_ws/install/br2_gazebo_worlds/share/br2_gazebo_worlds/models/aws_robomaker_residential_HouseWallB_01/model.sdf
[1.138s] -- Up-to-date symlink: /home/edmund-munene/Documents/Programming-language-basics/Linux/Robotics/AConciseIntroductiontoRobotProgrammingwithROS2/bookros2_ws/install/br2_gazebo_worlds/share/br2_gazebo_worlds/models/aws_robomaker_residential_KitchenCabinet_01/materials/textures/aws_KitchenCabinet_01.png
[1.138s] -- Up-to-date symlink: /home/edmund-munene/Documents/Programming-language-basics/Linux/Robotics/AConciseIntroductiontoRobotProgrammingwithROS2/bookros2_ws/install/br2_gazebo_worlds/share/br2_gazebo_worlds/models/aws_robomaker_residential_KitchenCabinet_01/meshes/aws_KitchenCabinet_01_collision.DAE
[1.138s] -- Up-to-date symlink: /home/edmund-munene/Documents/Programming-language-basics/Linux/Robotics/AConciseIntroductiontoRobotProgrammingwithROS2/bookros2_ws/install/br2_gazebo_worlds/share/br2_gazebo_worlds/models/aws_robomaker_residential_KitchenCabinet_01/meshes/aws_KitchenCabinet_01_visual.DAE
[1.138s] -- Up-to-date symlink: /home/edmund-munene/Documents/Programming-language-basics/Linux/Robotics/AConciseIntroductiontoRobotProgrammingwithROS2/bookros2_ws/install/br2_gazebo_worlds/share/br2_gazebo_worlds/models/aws_robomaker_residential_KitchenCabinet_01/model.config
[1.138s] -- Up-to-date symlink: /home/edmund-munene/Documents/Programming-language-basics/Linux/Robotics/AConciseIntroductiontoRobotProgrammingwithROS2/bookros2_ws/install/br2_gazebo_worlds/share/br2_gazebo_worlds/models/aws_robomaker_residential_KitchenCabinet_01/model.sdf
[1.138s] -- Up-to-date symlink: /home/edmund-munene/Documents/Programming-language-basics/Linux/Robotics/AConciseIntroductiontoRobotProgrammingwithROS2/bookros2_ws/install/br2_gazebo_worlds/share/br2_gazebo_worlds/models/aws_robomaker_residential_KitchenTable_01/materials/textures/aws_KitchenTable_01.png
[1.139s] -- Up-to-date symlink: /home/edmund-munene/Documents/Programming-language-basics/Linux/Robotics/AConciseIntroductiontoRobotProgrammingwithROS2/bookros2_ws/install/br2_gazebo_worlds/share/br2_gazebo_worlds/models/aws_robomaker_residential_KitchenTable_01/meshes/aws_KitchenTable_01_collision.DAE
[1.139s] -- Up-to-date symlink: /home/edmund-munene/Documents/Programming-language-basics/Linux/Robotics/AConciseIntroductiontoRobotProgrammingwithROS2/bookros2_ws/install/br2_gazebo_worlds/share/br2_gazebo_worlds/models/aws_robomaker_residential_KitchenTable_01/meshes/aws_KitchenTable_01_visual.DAE
[1.139s] -- Up-to-date symlink: /home/edmund-munene/Documents/Programming-language-basics/Linux/Robotics/AConciseIntroductiontoRobotProgrammingwithROS2/bookros2_ws/install/br2_gazebo_worlds/share/br2_gazebo_worlds/models/aws_robomaker_residential_KitchenTable_01/model.config
[1.139s] -- Up-to-date symlink: /home/edmund-munene/Documents/Programming-language-basics/Linux/Robotics/AConciseIntroductiontoRobotProgrammingwithROS2/bookros2_ws/install/br2_gazebo_worlds/share/br2_gazebo_worlds/models/aws_robomaker_residential_KitchenTable_01/model.sdf
[1.139s] -- Up-to-date symlink: /home/edmund-munene/Documents/Programming-language-basics/Linux/Robotics/AConciseIntroductiontoRobotProgrammingwithROS2/bookros2_ws/install/br2_gazebo_worlds/share/br2_gazebo_worlds/models/aws_robomaker_residential_KitchenUtensils_01/materials/textures/aws_KitchenUtensils_01.png
[1.139s] -- Up-to-date symlink: /home/edmund-munene/Documents/Programming-language-basics/Linux/Robotics/AConciseIntroductiontoRobotProgrammingwithROS2/bookros2_ws/install/br2_gazebo_worlds/share/br2_gazebo_worlds/models/aws_robomaker_residential_KitchenUtensils_01/meshes/aws_KitchenUtensils_01_collision.DAE
[1.139s] -- Up-to-date symlink: /home/edmund-munene/Documents/Programming-language-basics/Linux/Robotics/AConciseIntroductiontoRobotProgrammingwithROS2/bookros2_ws/install/br2_gazebo_worlds/share/br2_gazebo_worlds/models/aws_robomaker_residential_KitchenUtensils_01/meshes/aws_KitchenUtensils_01_visual.DAE
[1.139s] -- Up-to-date symlink: /home/edmund-munene/Documents/Programming-language-basics/Linux/Robotics/AConciseIntroductiontoRobotProgrammingwithROS2/bookros2_ws/install/br2_gazebo_worlds/share/br2_gazebo_worlds/models/aws_robomaker_residential_KitchenUtensils_01/model.config
[1.140s] -- Up-to-date symlink: /home/edmund-munene/Documents/Programming-language-basics/Linux/Robotics/AConciseIntroductiontoRobotProgrammingwithROS2/bookros2_ws/install/br2_gazebo_worlds/share/br2_gazebo_worlds/models/aws_robomaker_residential_KitchenUtensils_01/model.sdf
[1.140s] -- Up-to-date symlink: /home/edmund-munene/Documents/Programming-language-basics/Linux/Robotics/AConciseIntroductiontoRobotProgrammingwithROS2/bookros2_ws/install/br2_gazebo_worlds/share/br2_gazebo_worlds/models/aws_robomaker_residential_LightC_01/materials/textures/aws_LightC_01.png
[1.140s] -- Up-to-date symlink: /home/edmund-munene/Documents/Programming-language-basics/Linux/Robotics/AConciseIntroductiontoRobotProgrammingwithROS2/bookros2_ws/install/br2_gazebo_worlds/share/br2_gazebo_worlds/models/aws_robomaker_residential_LightC_01/meshes/aws_LightC_01_collision.DAE
[1.140s] -- Up-to-date symlink: /home/edmund-munene/Documents/Programming-language-basics/Linux/Robotics/AConciseIntroductiontoRobotProgrammingwithROS2/bookros2_ws/install/br2_gazebo_worlds/share/br2_gazebo_worlds/models/aws_robomaker_residential_LightC_01/meshes/aws_LightC_01_visual.DAE
[1.140s] -- Up-to-date symlink: /home/edmund-munene/Documents/Programming-language-basics/Linux/Robotics/AConciseIntroductiontoRobotProgrammingwithROS2/bookros2_ws/install/br2_gazebo_worlds/share/br2_gazebo_worlds/models/aws_robomaker_residential_LightC_01/model.config
[1.140s] -- Up-to-date symlink: /home/edmund-munene/Documents/Programming-language-basics/Linux/Robotics/AConciseIntroductiontoRobotProgrammingwithROS2/bookros2_ws/install/br2_gazebo_worlds/share/br2_gazebo_worlds/models/aws_robomaker_residential_LightC_01/model.sdf
[1.141s] -- Up-to-date symlink: /home/edmund-munene/Documents/Programming-language-basics/Linux/Robotics/AConciseIntroductiontoRobotProgrammingwithROS2/bookros2_ws/install/br2_gazebo_worlds/share/br2_gazebo_worlds/models/aws_robomaker_residential_NightStand_01/materials/textures/aws_NightStand_01.png
[1.141s] -- Up-to-date symlink: /home/edmund-munene/Documents/Programming-language-basics/Linux/Robotics/AConciseIntroductiontoRobotProgrammingwithROS2/bookros2_ws/install/br2_gazebo_worlds/share/br2_gazebo_worlds/models/aws_robomaker_residential_NightStand_01/meshes/aws_NightStand_01_collision.DAE
[1.141s] -- Up-to-date symlink: /home/edmund-munene/Documents/Programming-language-basics/Linux/Robotics/AConciseIntroductiontoRobotProgrammingwithROS2/bookros2_ws/install/br2_gazebo_worlds/share/br2_gazebo_worlds/models/aws_robomaker_residential_NightStand_01/meshes/aws_NightStand_01_visual.DAE
[1.141s] -- Up-to-date symlink: /home/edmund-munene/Documents/Programming-language-basics/Linux/Robotics/AConciseIntroductiontoRobotProgrammingwithROS2/bookros2_ws/install/br2_gazebo_worlds/share/br2_gazebo_worlds/models/aws_robomaker_residential_NightStand_01/model.config
[1.142s] -- Up-to-date symlink: /home/edmund-munene/Documents/Programming-language-basics/Linux/Robotics/AConciseIntroductiontoRobotProgrammingwithROS2/bookros2_ws/install/br2_gazebo_worlds/share/br2_gazebo_worlds/models/aws_robomaker_residential_NightStand_01/model.sdf
[1.142s] -- Up-to-date symlink: /home/edmund-munene/Documents/Programming-language-basics/Linux/Robotics/AConciseIntroductiontoRobotProgrammingwithROS2/bookros2_ws/install/br2_gazebo_worlds/share/br2_gazebo_worlds/models/aws_robomaker_residential_Pillow_01/materials/textures/aws_Pillow_01.png
[1.143s] -- Up-to-date symlink: /home/edmund-munene/Documents/Programming-language-basics/Linux/Robotics/AConciseIntroductiontoRobotProgrammingwithROS2/bookros2_ws/install/br2_gazebo_worlds/share/br2_gazebo_worlds/models/aws_robomaker_residential_Pillow_01/meshes/aws_Pillow_01_collision.DAE
[1.143s] -- Up-to-date symlink: /home/edmund-munene/Documents/Programming-language-basics/Linux/Robotics/AConciseIntroductiontoRobotProgrammingwithROS2/bookros2_ws/install/br2_gazebo_worlds/share/br2_gazebo_worlds/models/aws_robomaker_residential_Pillow_01/meshes/aws_Pillow_01_visual.DAE
[1.143s] -- Up-to-date symlink: /home/edmund-munene/Documents/Programming-language-basics/Linux/Robotics/AConciseIntroductiontoRobotProgrammingwithROS2/bookros2_ws/install/br2_gazebo_worlds/share/br2_gazebo_worlds/models/aws_robomaker_residential_Pillow_01/model.config
[1.143s] -- Up-to-date symlink: /home/edmund-munene/Documents/Programming-language-basics/Linux/Robotics/AConciseIntroductiontoRobotProgrammingwithROS2/bookros2_ws/install/br2_gazebo_worlds/share/br2_gazebo_worlds/models/aws_robomaker_residential_Pillow_01/model.sdf
[1.144s] -- Up-to-date symlink: /home/edmund-munene/Documents/Programming-language-basics/Linux/Robotics/AConciseIntroductiontoRobotProgrammingwithROS2/bookros2_ws/install/br2_gazebo_worlds/share/br2_gazebo_worlds/models/aws_robomaker_residential_PortraitA_01/materials/textures/PortraitA_01.jpg
[1.144s] -- Up-to-date symlink: /home/edmund-munene/Documents/Programming-language-basics/Linux/Robotics/AConciseIntroductiontoRobotProgrammingwithROS2/bookros2_ws/install/br2_gazebo_worlds/share/br2_gazebo_worlds/models/aws_robomaker_residential_PortraitA_01/materials/textures/aws_PortraitA_01.png
[1.144s] -- Up-to-date symlink: /home/edmund-munene/Documents/Programming-language-basics/Linux/Robotics/AConciseIntroductiontoRobotProgrammingwithROS2/bookros2_ws/install/br2_gazebo_worlds/share/br2_gazebo_worlds/models/aws_robomaker_residential_PortraitA_01/materials/textures/aws_PortraitA_02.png
[1.144s] -- Up-to-date symlink: /home/edmund-munene/Documents/Programming-language-basics/Linux/Robotics/AConciseIntroductiontoRobotProgrammingwithROS2/bookros2_ws/install/br2_gazebo_worlds/share/br2_gazebo_worlds/models/aws_robomaker_residential_PortraitA_01/meshes/aws_PortraitA_01_collision.DAE
[1.144s] -- Up-to-date symlink: /home/edmund-munene/Documents/Programming-language-basics/Linux/Robotics/AConciseIntroductiontoRobotProgrammingwithROS2/bookros2_ws/install/br2_gazebo_worlds/share/br2_gazebo_worlds/models/aws_robomaker_residential_PortraitA_01/meshes/aws_PortraitA_01_visual.DAE
[1.144s] -- Up-to-date symlink: /home/edmund-munene/Documents/Programming-language-basics/Linux/Robotics/AConciseIntroductiontoRobotProgrammingwithROS2/bookros2_ws/install/br2_gazebo_worlds/share/br2_gazebo_worlds/models/aws_robomaker_residential_PortraitA_01/model.config
[1.144s] -- Up-to-date symlink: /home/edmund-munene/Documents/Programming-language-basics/Linux/Robotics/AConciseIntroductiontoRobotProgrammingwithROS2/bookros2_ws/install/br2_gazebo_worlds/share/br2_gazebo_worlds/models/aws_robomaker_residential_PortraitA_01/model.sdf
[1.145s] -- Up-to-date symlink: /home/edmund-munene/Documents/Programming-language-basics/Linux/Robotics/AConciseIntroductiontoRobotProgrammingwithROS2/bookros2_ws/install/br2_gazebo_worlds/share/br2_gazebo_worlds/models/aws_robomaker_residential_PortraitA_02/materials/textures/PortraitA_02.jpg
[1.145s] -- Up-to-date symlink: /home/edmund-munene/Documents/Programming-language-basics/Linux/Robotics/AConciseIntroductiontoRobotProgrammingwithROS2/bookros2_ws/install/br2_gazebo_worlds/share/br2_gazebo_worlds/models/aws_robomaker_residential_PortraitA_02/materials/textures/aws_PortraitA_01.png
[1.145s] -- Up-to-date symlink: /home/edmund-munene/Documents/Programming-language-basics/Linux/Robotics/AConciseIntroductiontoRobotProgrammingwithROS2/bookros2_ws/install/br2_gazebo_worlds/share/br2_gazebo_worlds/models/aws_robomaker_residential_PortraitA_02/materials/textures/aws_PortraitA_02.png
[1.145s] -- Up-to-date symlink: /home/edmund-munene/Documents/Programming-language-basics/Linux/Robotics/AConciseIntroductiontoRobotProgrammingwithROS2/bookros2_ws/install/br2_gazebo_worlds/share/br2_gazebo_worlds/models/aws_robomaker_residential_PortraitA_02/meshes/aws_PortraitA_01_collision.DAE
[1.145s] -- Up-to-date symlink: /home/edmund-munene/Documents/Programming-language-basics/Linux/Robotics/AConciseIntroductiontoRobotProgrammingwithROS2/bookros2_ws/install/br2_gazebo_worlds/share/br2_gazebo_worlds/models/aws_robomaker_residential_PortraitA_02/meshes/aws_PortraitA_01_visual.DAE
[1.145s] -- Up-to-date symlink: /home/edmund-munene/Documents/Programming-language-basics/Linux/Robotics/AConciseIntroductiontoRobotProgrammingwithROS2/bookros2_ws/install/br2_gazebo_worlds/share/br2_gazebo_worlds/models/aws_robomaker_residential_PortraitA_02/model.config
[1.146s] -- Up-to-date symlink: /home/edmund-munene/Documents/Programming-language-basics/Linux/Robotics/AConciseIntroductiontoRobotProgrammingwithROS2/bookros2_ws/install/br2_gazebo_worlds/share/br2_gazebo_worlds/models/aws_robomaker_residential_PortraitA_02/model.sdf
[1.146s] -- Up-to-date symlink: /home/edmund-munene/Documents/Programming-language-basics/Linux/Robotics/AConciseIntroductiontoRobotProgrammingwithROS2/bookros2_ws/install/br2_gazebo_worlds/share/br2_gazebo_worlds/models/aws_robomaker_residential_PortraitB_01/materials/textures/PortraitB_01.jpg
[1.146s] -- Up-to-date symlink: /home/edmund-munene/Documents/Programming-language-basics/Linux/Robotics/AConciseIntroductiontoRobotProgrammingwithROS2/bookros2_ws/install/br2_gazebo_worlds/share/br2_gazebo_worlds/models/aws_robomaker_residential_PortraitB_01/materials/textures/aws_PortraitB_01.png
[1.146s] -- Up-to-date symlink: /home/edmund-munene/Documents/Programming-language-basics/Linux/Robotics/AConciseIntroductiontoRobotProgrammingwithROS2/bookros2_ws/install/br2_gazebo_worlds/share/br2_gazebo_worlds/models/aws_robomaker_residential_PortraitB_01/materials/textures/aws_PortraitB_02.png
[1.146s] -- Up-to-date symlink: /home/edmund-munene/Documents/Programming-language-basics/Linux/Robotics/AConciseIntroductiontoRobotProgrammingwithROS2/bookros2_ws/install/br2_gazebo_worlds/share/br2_gazebo_worlds/models/aws_robomaker_residential_PortraitB_01/meshes/aws_PortraitB_01_collision.DAE
[1.146s] -- Up-to-date symlink: /home/edmund-munene/Documents/Programming-language-basics/Linux/Robotics/AConciseIntroductiontoRobotProgrammingwithROS2/bookros2_ws/install/br2_gazebo_worlds/share/br2_gazebo_worlds/models/aws_robomaker_residential_PortraitB_01/meshes/aws_PortraitB_01_visual.DAE
[1.147s] -- Up-to-date symlink: /home/edmund-munene/Documents/Programming-language-basics/Linux/Robotics/AConciseIntroductiontoRobotProgrammingwithROS2/bookros2_ws/install/br2_gazebo_worlds/share/br2_gazebo_worlds/models/aws_robomaker_residential_PortraitB_01/model.config
[1.147s] -- Up-to-date symlink: /home/edmund-munene/Documents/Programming-language-basics/Linux/Robotics/AConciseIntroductiontoRobotProgrammingwithROS2/bookros2_ws/install/br2_gazebo_worlds/share/br2_gazebo_worlds/models/aws_robomaker_residential_PortraitB_01/model.sdf
[1.147s] -- Up-to-date symlink: /home/edmund-munene/Documents/Programming-language-basics/Linux/Robotics/AConciseIntroductiontoRobotProgrammingwithROS2/bookros2_ws/install/br2_gazebo_worlds/share/br2_gazebo_worlds/models/aws_robomaker_residential_PortraitB_02/materials/textures/PortraitB_02.jpg
[1.147s] -- Up-to-date symlink: /home/edmund-munene/Documents/Programming-language-basics/Linux/Robotics/AConciseIntroductiontoRobotProgrammingwithROS2/bookros2_ws/install/br2_gazebo_worlds/share/br2_gazebo_worlds/models/aws_robomaker_residential_PortraitB_02/materials/textures/aws_PortraitB_01.png
[1.147s] -- Up-to-date symlink: /home/edmund-munene/Documents/Programming-language-basics/Linux/Robotics/AConciseIntroductiontoRobotProgrammingwithROS2/bookros2_ws/install/br2_gazebo_worlds/share/br2_gazebo_worlds/models/aws_robomaker_residential_PortraitB_02/materials/textures/aws_PortraitB_02.png
[1.147s] -- Up-to-date symlink: /home/edmund-munene/Documents/Programming-language-basics/Linux/Robotics/AConciseIntroductiontoRobotProgrammingwithROS2/bookros2_ws/install/br2_gazebo_worlds/share/br2_gazebo_worlds/models/aws_robomaker_residential_PortraitB_02/meshes/aws_PortraitB_01_collision.DAE
[1.147s] -- Up-to-date symlink: /home/edmund-munene/Documents/Programming-language-basics/Linux/Robotics/AConciseIntroductiontoRobotProgrammingwithROS2/bookros2_ws/install/br2_gazebo_worlds/share/br2_gazebo_worlds/models/aws_robomaker_residential_PortraitB_02/meshes/aws_PortraitB_01_visual.DAE
[1.148s] -- Up-to-date symlink: /home/edmund-munene/Documents/Programming-language-basics/Linux/Robotics/AConciseIntroductiontoRobotProgrammingwithROS2/bookros2_ws/install/br2_gazebo_worlds/share/br2_gazebo_worlds/models/aws_robomaker_residential_PortraitB_02/model.config
[1.148s] -- Up-to-date symlink: /home/edmund-munene/Documents/Programming-language-basics/Linux/Robotics/AConciseIntroductiontoRobotProgrammingwithROS2/bookros2_ws/install/br2_gazebo_worlds/share/br2_gazebo_worlds/models/aws_robomaker_residential_PortraitB_02/model.sdf
[1.148s] -- Up-to-date symlink: /home/edmund-munene/Documents/Programming-language-basics/Linux/Robotics/AConciseIntroductiontoRobotProgrammingwithROS2/bookros2_ws/install/br2_gazebo_worlds/share/br2_gazebo_worlds/models/aws_robomaker_residential_PortraitB_03/materials/textures/PortraitB_03.jpg
[1.148s] -- Up-to-date symlink: /home/edmund-munene/Documents/Programming-language-basics/Linux/Robotics/AConciseIntroductiontoRobotProgrammingwithROS2/bookros2_ws/install/br2_gazebo_worlds/share/br2_gazebo_worlds/models/aws_robomaker_residential_PortraitB_03/materials/textures/aws_PortraitB_01.png
[1.152s] -- Up-to-date symlink: /home/edmund-munene/Documents/Programming-language-basics/Linux/Robotics/AConciseIntroductiontoRobotProgrammingwithROS2/bookros2_ws/install/br2_gazebo_worlds/share/br2_gazebo_worlds/models/aws_robomaker_residential_PortraitB_03/materials/textures/aws_PortraitB_02.png
[1.152s] -- Up-to-date symlink: /home/edmund-munene/Documents/Programming-language-basics/Linux/Robotics/AConciseIntroductiontoRobotProgrammingwithROS2/bookros2_ws/install/br2_gazebo_worlds/share/br2_gazebo_worlds/models/aws_robomaker_residential_PortraitB_03/meshes/aws_PortraitB_01_collision.DAE
[1.152s] -- Up-to-date symlink: /home/edmund-munene/Documents/Programming-language-basics/Linux/Robotics/AConciseIntroductiontoRobotProgrammingwithROS2/bookros2_ws/install/br2_gazebo_worlds/share/br2_gazebo_worlds/models/aws_robomaker_residential_PortraitB_03/meshes/aws_PortraitB_01_visual.DAE
[1.152s] -- Up-to-date symlink: /home/edmund-munene/Documents/Programming-language-basics/Linux/Robotics/AConciseIntroductiontoRobotProgrammingwithROS2/bookros2_ws/install/br2_gazebo_worlds/share/br2_gazebo_worlds/models/aws_robomaker_residential_PortraitB_03/model.config
[1.153s] -- Up-to-date symlink: /home/edmund-munene/Documents/Programming-language-basics/Linux/Robotics/AConciseIntroductiontoRobotProgrammingwithROS2/bookros2_ws/install/br2_gazebo_worlds/share/br2_gazebo_worlds/models/aws_robomaker_residential_PortraitB_03/model.sdf
[1.153s] -- Up-to-date symlink: /home/edmund-munene/Documents/Programming-language-basics/Linux/Robotics/AConciseIntroductiontoRobotProgrammingwithROS2/bookros2_ws/install/br2_gazebo_worlds/share/br2_gazebo_worlds/models/aws_robomaker_residential_PortraitC_01/materials/textures/PortraitC_01.jpg
[1.153s] -- Up-to-date symlink: /home/edmund-munene/Documents/Programming-language-basics/Linux/Robotics/AConciseIntroductiontoRobotProgrammingwithROS2/bookros2_ws/install/br2_gazebo_worlds/share/br2_gazebo_worlds/models/aws_robomaker_residential_PortraitC_01/materials/textures/aws_PortraitC_01.png
[1.153s] -- Up-to-date symlink: /home/edmund-munene/Documents/Programming-language-basics/Linux/Robotics/AConciseIntroductiontoRobotProgrammingwithROS2/bookros2_ws/install/br2_gazebo_worlds/share/br2_gazebo_worlds/models/aws_robomaker_residential_PortraitC_01/materials/textures/aws_PortraitC_02.png
[1.153s] -- Up-to-date symlink: /home/edmund-munene/Documents/Programming-language-basics/Linux/Robotics/AConciseIntroductiontoRobotProgrammingwithROS2/bookros2_ws/install/br2_gazebo_worlds/share/br2_gazebo_worlds/models/aws_robomaker_residential_PortraitC_01/meshes/aws_PortraitC_01_collision.DAE
[1.154s] -- Up-to-date symlink: /home/edmund-munene/Documents/Programming-language-basics/Linux/Robotics/AConciseIntroductiontoRobotProgrammingwithROS2/bookros2_ws/install/br2_gazebo_worlds/share/br2_gazebo_worlds/models/aws_robomaker_residential_PortraitC_01/meshes/aws_PortraitC_01_visual.DAE
[1.154s] -- Up-to-date symlink: /home/edmund-munene/Documents/Programming-language-basics/Linux/Robotics/AConciseIntroductiontoRobotProgrammingwithROS2/bookros2_ws/install/br2_gazebo_worlds/share/br2_gazebo_worlds/models/aws_robomaker_residential_PortraitC_01/model.config
[1.154s] -- Up-to-date symlink: /home/edmund-munene/Documents/Programming-language-basics/Linux/Robotics/AConciseIntroductiontoRobotProgrammingwithROS2/bookros2_ws/install/br2_gazebo_worlds/share/br2_gazebo_worlds/models/aws_robomaker_residential_PortraitC_01/model.sdf
[1.154s] -- Up-to-date symlink: /home/edmund-munene/Documents/Programming-language-basics/Linux/Robotics/AConciseIntroductiontoRobotProgrammingwithROS2/bookros2_ws/install/br2_gazebo_worlds/share/br2_gazebo_worlds/models/aws_robomaker_residential_PortraitD_01/materials/textures/PortraitD_01.jpg
[1.154s] -- Up-to-date symlink: /home/edmund-munene/Documents/Programming-language-basics/Linux/Robotics/AConciseIntroductiontoRobotProgrammingwithROS2/bookros2_ws/install/br2_gazebo_worlds/share/br2_gazebo_worlds/models/aws_robomaker_residential_PortraitD_01/materials/textures/aws_PortraitD_01.png
[1.158s] -- Up-to-date symlink: /home/edmund-munene/Documents/Programming-language-basics/Linux/Robotics/AConciseIntroductiontoRobotProgrammingwithROS2/bookros2_ws/install/br2_gazebo_worlds/share/br2_gazebo_worlds/models/aws_robomaker_residential_PortraitD_01/materials/textures/aws_PortraitD_02.png
[1.158s] -- Up-to-date symlink: /home/edmund-munene/Documents/Programming-language-basics/Linux/Robotics/AConciseIntroductiontoRobotProgrammingwithROS2/bookros2_ws/install/br2_gazebo_worlds/share/br2_gazebo_worlds/models/aws_robomaker_residential_PortraitD_01/meshes/aws_PortraitD_01_collision.DAE
[1.158s] -- Up-to-date symlink: /home/edmund-munene/Documents/Programming-language-basics/Linux/Robotics/AConciseIntroductiontoRobotProgrammingwithROS2/bookros2_ws/install/br2_gazebo_worlds/share/br2_gazebo_worlds/models/aws_robomaker_residential_PortraitD_01/meshes/aws_PortraitD_01_visual.DAE
[1.159s] -- Up-to-date symlink: /home/edmund-munene/Documents/Programming-language-basics/Linux/Robotics/AConciseIntroductiontoRobotProgrammingwithROS2/bookros2_ws/install/br2_gazebo_worlds/share/br2_gazebo_worlds/models/aws_robomaker_residential_PortraitD_01/model.config
[1.159s] -- Up-to-date symlink: /home/edmund-munene/Documents/Programming-language-basics/Linux/Robotics/AConciseIntroductiontoRobotProgrammingwithROS2/bookros2_ws/install/br2_gazebo_worlds/share/br2_gazebo_worlds/models/aws_robomaker_residential_PortraitD_01/model.sdf
[1.159s] -- Up-to-date symlink: /home/edmund-munene/Documents/Programming-language-basics/Linux/Robotics/AConciseIntroductiontoRobotProgrammingwithROS2/bookros2_ws/install/br2_gazebo_worlds/share/br2_gazebo_worlds/models/aws_robomaker_residential_PortraitD_02/materials/textures/PortraitD_02.jpg
[1.159s] -- Up-to-date symlink: /home/edmund-munene/Documents/Programming-language-basics/Linux/Robotics/AConciseIntroductiontoRobotProgrammingwithROS2/bookros2_ws/install/br2_gazebo_worlds/share/br2_gazebo_worlds/models/aws_robomaker_residential_PortraitD_02/materials/textures/aws_PortraitD_01.png
[1.159s] -- Up-to-date symlink: /home/edmund-munene/Documents/Programming-language-basics/Linux/Robotics/AConciseIntroductiontoRobotProgrammingwithROS2/bookros2_ws/install/br2_gazebo_worlds/share/br2_gazebo_worlds/models/aws_robomaker_residential_PortraitD_02/materials/textures/aws_PortraitD_02.png
[1.160s] -- Up-to-date symlink: /home/edmund-munene/Documents/Programming-language-basics/Linux/Robotics/AConciseIntroductiontoRobotProgrammingwithROS2/bookros2_ws/install/br2_gazebo_worlds/share/br2_gazebo_worlds/models/aws_robomaker_residential_PortraitD_02/meshes/aws_PortraitD_01_collision.DAE
[1.160s] -- Up-to-date symlink: /home/edmund-munene/Documents/Programming-language-basics/Linux/Robotics/AConciseIntroductiontoRobotProgrammingwithROS2/bookros2_ws/install/br2_gazebo_worlds/share/br2_gazebo_worlds/models/aws_robomaker_residential_PortraitD_02/meshes/aws_PortraitD_01_visual.DAE
[1.160s] -- Up-to-date symlink: /home/edmund-munene/Documents/Programming-language-basics/Linux/Robotics/AConciseIntroductiontoRobotProgrammingwithROS2/bookros2_ws/install/br2_gazebo_worlds/share/br2_gazebo_worlds/models/aws_robomaker_residential_PortraitD_02/model.config
[1.160s] -- Up-to-date symlink: /home/edmund-munene/Documents/Programming-language-basics/Linux/Robotics/AConciseIntroductiontoRobotProgrammingwithROS2/bookros2_ws/install/br2_gazebo_worlds/share/br2_gazebo_worlds/models/aws_robomaker_residential_PortraitD_02/model.sdf
[1.164s] -- Up-to-date symlink: /home/edmund-munene/Documents/Programming-language-basics/Linux/Robotics/AConciseIntroductiontoRobotProgrammingwithROS2/bookros2_ws/install/br2_gazebo_worlds/share/br2_gazebo_worlds/models/aws_robomaker_residential_PortraitE_01/materials/textures/PortraitE_01.jpg
[1.164s] -- Up-to-date symlink: /home/edmund-munene/Documents/Programming-language-basics/Linux/Robotics/AConciseIntroductiontoRobotProgrammingwithROS2/bookros2_ws/install/br2_gazebo_worlds/share/br2_gazebo_worlds/models/aws_robomaker_residential_PortraitE_01/materials/textures/aws_PortraitE_01.png
[1.164s] -- Up-to-date symlink: /home/edmund-munene/Documents/Programming-language-basics/Linux/Robotics/AConciseIntroductiontoRobotProgrammingwithROS2/bookros2_ws/install/br2_gazebo_worlds/share/br2_gazebo_worlds/models/aws_robomaker_residential_PortraitE_01/materials/textures/aws_PortraitE_02.png
[1.165s] -- Up-to-date symlink: /home/edmund-munene/Documents/Programming-language-basics/Linux/Robotics/AConciseIntroductiontoRobotProgrammingwithROS2/bookros2_ws/install/br2_gazebo_worlds/share/br2_gazebo_worlds/models/aws_robomaker_residential_PortraitE_01/meshes/aws_PortraitE_01_collision.DAE
[1.165s] -- Up-to-date symlink: /home/edmund-munene/Documents/Programming-language-basics/Linux/Robotics/AConciseIntroductiontoRobotProgrammingwithROS2/bookros2_ws/install/br2_gazebo_worlds/share/br2_gazebo_worlds/models/aws_robomaker_residential_PortraitE_01/meshes/aws_PortraitE_01_visual.DAE
[1.165s] -- Up-to-date symlink: /home/edmund-munene/Documents/Programming-language-basics/Linux/Robotics/AConciseIntroductiontoRobotProgrammingwithROS2/bookros2_ws/install/br2_gazebo_worlds/share/br2_gazebo_worlds/models/aws_robomaker_residential_PortraitE_01/model.config
[1.165s] -- Up-to-date symlink: /home/edmund-munene/Documents/Programming-language-basics/Linux/Robotics/AConciseIntroductiontoRobotProgrammingwithROS2/bookros2_ws/install/br2_gazebo_worlds/share/br2_gazebo_worlds/models/aws_robomaker_residential_PortraitE_01/model.sdf
[1.165s] -- Up-to-date symlink: /home/edmund-munene/Documents/Programming-language-basics/Linux/Robotics/AConciseIntroductiontoRobotProgrammingwithROS2/bookros2_ws/install/br2_gazebo_worlds/share/br2_gazebo_worlds/models/aws_robomaker_residential_PortraitE_02/materials/textures/PortraitE_02.jpg
[1.165s] -- Up-to-date symlink: /home/edmund-munene/Documents/Programming-language-basics/Linux/Robotics/AConciseIntroductiontoRobotProgrammingwithROS2/bookros2_ws/install/br2_gazebo_worlds/share/br2_gazebo_worlds/models/aws_robomaker_residential_PortraitE_02/materials/textures/aws_PortraitE_01.png
[1.166s] -- Up-to-date symlink: /home/edmund-munene/Documents/Programming-language-basics/Linux/Robotics/AConciseIntroductiontoRobotProgrammingwithROS2/bookros2_ws/install/br2_gazebo_worlds/share/br2_gazebo_worlds/models/aws_robomaker_residential_PortraitE_02/materials/textures/aws_PortraitE_02.png
[1.166s] -- Up-to-date symlink: /home/edmund-munene/Documents/Programming-language-basics/Linux/Robotics/AConciseIntroductiontoRobotProgrammingwithROS2/bookros2_ws/install/br2_gazebo_worlds/share/br2_gazebo_worlds/models/aws_robomaker_residential_PortraitE_02/meshes/aws_PortraitE_01_collision.DAE
[1.166s] -- Up-to-date symlink: /home/edmund-munene/Documents/Programming-language-basics/Linux/Robotics/AConciseIntroductiontoRobotProgrammingwithROS2/bookros2_ws/install/br2_gazebo_worlds/share/br2_gazebo_worlds/models/aws_robomaker_residential_PortraitE_02/meshes/aws_PortraitE_01_visual.DAE
[1.166s] -- Up-to-date symlink: /home/edmund-munene/Documents/Programming-language-basics/Linux/Robotics/AConciseIntroductiontoRobotProgrammingwithROS2/bookros2_ws/install/br2_gazebo_worlds/share/br2_gazebo_worlds/models/aws_robomaker_residential_PortraitE_02/model.config
[1.166s] -- Up-to-date symlink: /home/edmund-munene/Documents/Programming-language-basics/Linux/Robotics/AConciseIntroductiontoRobotProgrammingwithROS2/bookros2_ws/install/br2_gazebo_worlds/share/br2_gazebo_worlds/models/aws_robomaker_residential_PortraitE_02/model.sdf
[1.166s] -- Up-to-date symlink: /home/edmund-munene/Documents/Programming-language-basics/Linux/Robotics/AConciseIntroductiontoRobotProgrammingwithROS2/bookros2_ws/install/br2_gazebo_worlds/share/br2_gazebo_worlds/models/aws_robomaker_residential_Quilt_01/materials/textures/aws_Quilt_01.png
[1.166s] -- Up-to-date symlink: /home/edmund-munene/Documents/Programming-language-basics/Linux/Robotics/AConciseIntroductiontoRobotProgrammingwithROS2/bookros2_ws/install/br2_gazebo_worlds/share/br2_gazebo_worlds/models/aws_robomaker_residential_Quilt_01/meshes/aws_Quilt_01_collision.DAE
[1.167s] -- Up-to-date symlink: /home/edmund-munene/Documents/Programming-language-basics/Linux/Robotics/AConciseIntroductiontoRobotProgrammingwithROS2/bookros2_ws/install/br2_gazebo_worlds/share/br2_gazebo_worlds/models/aws_robomaker_residential_Quilt_01/meshes/aws_Quilt_01_visual.DAE
[1.167s] -- Up-to-date symlink: /home/edmund-munene/Documents/Programming-language-basics/Linux/Robotics/AConciseIntroductiontoRobotProgrammingwithROS2/bookros2_ws/install/br2_gazebo_worlds/share/br2_gazebo_worlds/models/aws_robomaker_residential_Quilt_01/model.config
[1.170s] -- Up-to-date symlink: /home/edmund-munene/Documents/Programming-language-basics/Linux/Robotics/AConciseIntroductiontoRobotProgrammingwithROS2/bookros2_ws/install/br2_gazebo_worlds/share/br2_gazebo_worlds/models/aws_robomaker_residential_Quilt_01/model.sdf
[1.170s] -- Up-to-date symlink: /home/edmund-munene/Documents/Programming-language-basics/Linux/Robotics/AConciseIntroductiontoRobotProgrammingwithROS2/bookros2_ws/install/br2_gazebo_worlds/share/br2_gazebo_worlds/models/aws_robomaker_residential_Rangehood_01/materials/textures/aws_Rangehood_01.png
[1.170s] -- Up-to-date symlink: /home/edmund-munene/Documents/Programming-language-basics/Linux/Robotics/AConciseIntroductiontoRobotProgrammingwithROS2/bookros2_ws/install/br2_gazebo_worlds/share/br2_gazebo_worlds/models/aws_robomaker_residential_Rangehood_01/meshes/aws_Rangehood_01_collision.DAE
[1.171s] -- Up-to-date symlink: /home/edmund-munene/Documents/Programming-language-basics/Linux/Robotics/AConciseIntroductiontoRobotProgrammingwithROS2/bookros2_ws/install/br2_gazebo_worlds/share/br2_gazebo_worlds/models/aws_robomaker_residential_Rangehood_01/meshes/aws_Rangehood_01_visual.DAE
[1.171s] -- Up-to-date symlink: /home/edmund-munene/Documents/Programming-language-basics/Linux/Robotics/AConciseIntroductiontoRobotProgrammingwithROS2/bookros2_ws/install/br2_gazebo_worlds/share/br2_gazebo_worlds/models/aws_robomaker_residential_Rangehood_01/model.config
[1.171s] -- Up-to-date symlink: /home/edmund-munene/Documents/Programming-language-basics/Linux/Robotics/AConciseIntroductiontoRobotProgrammingwithROS2/bookros2_ws/install/br2_gazebo_worlds/share/br2_gazebo_worlds/models/aws_robomaker_residential_Rangehood_01/model.sdf
[1.171s] -- Up-to-date symlink: /home/edmund-munene/Documents/Programming-language-basics/Linux/Robotics/AConciseIntroductiontoRobotProgrammingwithROS2/bookros2_ws/install/br2_gazebo_worlds/share/br2_gazebo_worlds/models/aws_robomaker_residential_ReadingDesk_01/materials/textures/aws_ReadingDesk_01.png
[1.171s] -- Up-to-date symlink: /home/edmund-munene/Documents/Programming-language-basics/Linux/Robotics/AConciseIntroductiontoRobotProgrammingwithROS2/bookros2_ws/install/br2_gazebo_worlds/share/br2_gazebo_worlds/models/aws_robomaker_residential_ReadingDesk_01/meshes/aws_ReadingDesk_01_collision.DAE
[1.171s] -- Up-to-date symlink: /home/edmund-munene/Documents/Programming-language-basics/Linux/Robotics/AConciseIntroductiontoRobotProgrammingwithROS2/bookros2_ws/install/br2_gazebo_worlds/share/br2_gazebo_worlds/models/aws_robomaker_residential_ReadingDesk_01/meshes/aws_ReadingDesk_01_visual.DAE
[1.172s] -- Up-to-date symlink: /home/edmund-munene/Documents/Programming-language-basics/Linux/Robotics/AConciseIntroductiontoRobotProgrammingwithROS2/bookros2_ws/install/br2_gazebo_worlds/share/br2_gazebo_worlds/models/aws_robomaker_residential_ReadingDesk_01/model.config
[1.172s] -- Up-to-date symlink: /home/edmund-munene/Documents/Programming-language-basics/Linux/Robotics/AConciseIntroductiontoRobotProgrammingwithROS2/bookros2_ws/install/br2_gazebo_worlds/share/br2_gazebo_worlds/models/aws_robomaker_residential_ReadingDesk_01/model.sdf
[1.172s] -- Up-to-date symlink: /home/edmund-munene/Documents/Programming-language-basics/Linux/Robotics/AConciseIntroductiontoRobotProgrammingwithROS2/bookros2_ws/install/br2_gazebo_worlds/share/br2_gazebo_worlds/models/aws_robomaker_residential_Refrigerator_01/materials/textures/aws_Refrigerator_01.png
[1.172s] -- Up-to-date symlink: /home/edmund-munene/Documents/Programming-language-basics/Linux/Robotics/AConciseIntroductiontoRobotProgrammingwithROS2/bookros2_ws/install/br2_gazebo_worlds/share/br2_gazebo_worlds/models/aws_robomaker_residential_Refrigerator_01/materials/textures/aws_Refrigerator_02.png
[1.172s] -- Up-to-date symlink: /home/edmund-munene/Documents/Programming-language-basics/Linux/Robotics/AConciseIntroductiontoRobotProgrammingwithROS2/bookros2_ws/install/br2_gazebo_worlds/share/br2_gazebo_worlds/models/aws_robomaker_residential_Refrigerator_01/meshes/aws_Refrigerator_01.DAE
[1.172s] -- Up-to-date symlink: /home/edmund-munene/Documents/Programming-language-basics/Linux/Robotics/AConciseIntroductiontoRobotProgrammingwithROS2/bookros2_ws/install/br2_gazebo_worlds/share/br2_gazebo_worlds/models/aws_robomaker_residential_Refrigerator_01/meshes/aws_Refrigerator_01_collision.DAE
[1.173s] -- Up-to-date symlink: /home/edmund-munene/Documents/Programming-language-basics/Linux/Robotics/AConciseIntroductiontoRobotProgrammingwithROS2/bookros2_ws/install/br2_gazebo_worlds/share/br2_gazebo_worlds/models/aws_robomaker_residential_Refrigerator_01/meshes/aws_Refrigerator_01_visual.DAE
[1.173s] -- Up-to-date symlink: /home/edmund-munene/Documents/Programming-language-basics/Linux/Robotics/AConciseIntroductiontoRobotProgrammingwithROS2/bookros2_ws/install/br2_gazebo_worlds/share/br2_gazebo_worlds/models/aws_robomaker_residential_Refrigerator_01/model.config
[1.173s] -- Up-to-date symlink: /home/edmund-munene/Documents/Programming-language-basics/Linux/Robotics/AConciseIntroductiontoRobotProgrammingwithROS2/bookros2_ws/install/br2_gazebo_worlds/share/br2_gazebo_worlds/models/aws_robomaker_residential_Refrigerator_01/model.sdf
[1.173s] -- Up-to-date symlink: /home/edmund-munene/Documents/Programming-language-basics/Linux/Robotics/AConciseIntroductiontoRobotProgrammingwithROS2/bookros2_ws/install/br2_gazebo_worlds/share/br2_gazebo_worlds/models/aws_robomaker_residential_RoomCeiling_01/materials/textures/aws_RoomCeiling_01.png
[1.174s] -- Up-to-date symlink: /home/edmund-munene/Documents/Programming-language-basics/Linux/Robotics/AConciseIntroductiontoRobotProgrammingwithROS2/bookros2_ws/install/br2_gazebo_worlds/share/br2_gazebo_worlds/models/aws_robomaker_residential_RoomCeiling_01/meshes/aws_RoomCeiling_01_collision.DAE
[1.174s] -- Up-to-date symlink: /home/edmund-munene/Documents/Programming-language-basics/Linux/Robotics/AConciseIntroductiontoRobotProgrammingwithROS2/bookros2_ws/install/br2_gazebo_worlds/share/br2_gazebo_worlds/models/aws_robomaker_residential_RoomCeiling_01/meshes/aws_RoomCeiling_01_visual.DAE
[1.174s] -- Up-to-date symlink: /home/edmund-munene/Documents/Programming-language-basics/Linux/Robotics/AConciseIntroductiontoRobotProgrammingwithROS2/bookros2_ws/install/br2_gazebo_worlds/share/br2_gazebo_worlds/models/aws_robomaker_residential_RoomCeiling_01/model.config
[1.177s] -- Up-to-date symlink: /home/edmund-munene/Documents/Programming-language-basics/Linux/Robotics/AConciseIntroductiontoRobotProgrammingwithROS2/bookros2_ws/install/br2_gazebo_worlds/share/br2_gazebo_worlds/models/aws_robomaker_residential_RoomCeiling_01/model.sdf
[1.177s] -- Up-to-date symlink: /home/edmund-munene/Documents/Programming-language-basics/Linux/Robotics/AConciseIntroductiontoRobotProgrammingwithROS2/bookros2_ws/install/br2_gazebo_worlds/share/br2_gazebo_worlds/models/aws_robomaker_residential_RoomWall_01/materials/textures/aws_RoomWall_01.png
[1.177s] -- Up-to-date symlink: /home/edmund-munene/Documents/Programming-language-basics/Linux/Robotics/AConciseIntroductiontoRobotProgrammingwithROS2/bookros2_ws/install/br2_gazebo_worlds/share/br2_gazebo_worlds/models/aws_robomaker_residential_RoomWall_01/meshes/aws_RoomWall_01_collision.DAE
[1.178s] -- Up-to-date symlink: /home/edmund-munene/Documents/Programming-language-basics/Linux/Robotics/AConciseIntroductiontoRobotProgrammingwithROS2/bookros2_ws/install/br2_gazebo_worlds/share/br2_gazebo_worlds/models/aws_robomaker_residential_RoomWall_01/meshes/aws_RoomWall_01_visual.DAE
[1.178s] -- Up-to-date symlink: /home/edmund-munene/Documents/Programming-language-basics/Linux/Robotics/AConciseIntroductiontoRobotProgrammingwithROS2/bookros2_ws/install/br2_gazebo_worlds/share/br2_gazebo_worlds/models/aws_robomaker_residential_RoomWall_01/model.config
[1.178s] -- Up-to-date symlink: /home/edmund-munene/Documents/Programming-language-basics/Linux/Robotics/AConciseIntroductiontoRobotProgrammingwithROS2/bookros2_ws/install/br2_gazebo_worlds/share/br2_gazebo_worlds/models/aws_robomaker_residential_RoomWall_01/model.sdf
[1.178s] -- Up-to-date symlink: /home/edmund-munene/Documents/Programming-language-basics/Linux/Robotics/AConciseIntroductiontoRobotProgrammingwithROS2/bookros2_ws/install/br2_gazebo_worlds/share/br2_gazebo_worlds/models/aws_robomaker_residential_RoomWindow_01/materials/textures/aws_RoomWindow_01.png
[1.178s] -- Up-to-date symlink: /home/edmund-munene/Documents/Programming-language-basics/Linux/Robotics/AConciseIntroductiontoRobotProgrammingwithROS2/bookros2_ws/install/br2_gazebo_worlds/share/br2_gazebo_worlds/models/aws_robomaker_residential_RoomWindow_01/meshes/aws_RoomWindow_01_collision.DAE
[1.178s] -- Up-to-date symlink: /home/edmund-munene/Documents/Programming-language-basics/Linux/Robotics/AConciseIntroductiontoRobotProgrammingwithROS2/bookros2_ws/install/br2_gazebo_worlds/share/br2_gazebo_worlds/models/aws_robomaker_residential_RoomWindow_01/meshes/aws_RoomWindow_01_visual.DAE
[1.178s] -- Up-to-date symlink: /home/edmund-munene/Documents/Programming-language-basics/Linux/Robotics/AConciseIntroductiontoRobotProgrammingwithROS2/bookros2_ws/install/br2_gazebo_worlds/share/br2_gazebo_worlds/models/aws_robomaker_residential_RoomWindow_01/model.config
[1.179s] -- Up-to-date symlink: /home/edmund-munene/Documents/Programming-language-basics/Linux/Robotics/AConciseIntroductiontoRobotProgrammingwithROS2/bookros2_ws/install/br2_gazebo_worlds/share/br2_gazebo_worlds/models/aws_robomaker_residential_RoomWindow_01/model.sdf
[1.179s] -- Up-to-date symlink: /home/edmund-munene/Documents/Programming-language-basics/Linux/Robotics/AConciseIntroductiontoRobotProgrammingwithROS2/bookros2_ws/install/br2_gazebo_worlds/share/br2_gazebo_worlds/models/aws_robomaker_residential_SeasoningBox_01/materials/textures/aws_SeasoningBox_01.png
[1.179s] -- Up-to-date symlink: /home/edmund-munene/Documents/Programming-language-basics/Linux/Robotics/AConciseIntroductiontoRobotProgrammingwithROS2/bookros2_ws/install/br2_gazebo_worlds/share/br2_gazebo_worlds/models/aws_robomaker_residential_SeasoningBox_01/meshes/aws_SeasoningBox_01_collision.DAE
[1.179s] -- Up-to-date symlink: /home/edmund-munene/Documents/Programming-language-basics/Linux/Robotics/AConciseIntroductiontoRobotProgrammingwithROS2/bookros2_ws/install/br2_gazebo_worlds/share/br2_gazebo_worlds/models/aws_robomaker_residential_SeasoningBox_01/meshes/aws_SeasoningBox_01_visual.DAE
[1.179s] -- Up-to-date symlink: /home/edmund-munene/Documents/Programming-language-basics/Linux/Robotics/AConciseIntroductiontoRobotProgrammingwithROS2/bookros2_ws/install/br2_gazebo_worlds/share/br2_gazebo_worlds/models/aws_robomaker_residential_SeasoningBox_01/model.config
[1.179s] -- Up-to-date symlink: /home/edmund-munene/Documents/Programming-language-basics/Linux/Robotics/AConciseIntroductiontoRobotProgrammingwithROS2/bookros2_ws/install/br2_gazebo_worlds/share/br2_gazebo_worlds/models/aws_robomaker_residential_SeasoningBox_01/model.sdf
[1.179s] -- Up-to-date symlink: /home/edmund-munene/Documents/Programming-language-basics/Linux/Robotics/AConciseIntroductiontoRobotProgrammingwithROS2/bookros2_ws/install/br2_gazebo_worlds/share/br2_gazebo_worlds/models/aws_robomaker_residential_SecurityCamera_01/materials/textures/aws_SecurityCamera_01.png
[1.179s] -- Up-to-date symlink: /home/edmund-munene/Documents/Programming-language-basics/Linux/Robotics/AConciseIntroductiontoRobotProgrammingwithROS2/bookros2_ws/install/br2_gazebo_worlds/share/br2_gazebo_worlds/models/aws_robomaker_residential_SecurityCamera_01/meshes/aws_SecurityCamera_01_collision.DAE
[1.180s] -- Up-to-date symlink: /home/edmund-munene/Documents/Programming-language-basics/Linux/Robotics/AConciseIntroductiontoRobotProgrammingwithROS2/bookros2_ws/install/br2_gazebo_worlds/share/br2_gazebo_worlds/models/aws_robomaker_residential_SecurityCamera_01/meshes/aws_SecurityCamera_01_visual.DAE
[1.180s] -- Up-to-date symlink: /home/edmund-munene/Documents/Programming-language-basics/Linux/Robotics/AConciseIntroductiontoRobotProgrammingwithROS2/bookros2_ws/install/br2_gazebo_worlds/share/br2_gazebo_worlds/models/aws_robomaker_residential_SecurityCamera_01/model.config
[1.180s] -- Up-to-date symlink: /home/edmund-munene/Documents/Programming-language-basics/Linux/Robotics/AConciseIntroductiontoRobotProgrammingwithROS2/bookros2_ws/install/br2_gazebo_worlds/share/br2_gazebo_worlds/models/aws_robomaker_residential_SecurityCamera_01/model.sdf
[1.180s] -- Up-to-date symlink: /home/edmund-munene/Documents/Programming-language-basics/Linux/Robotics/AConciseIntroductiontoRobotProgrammingwithROS2/bookros2_ws/install/br2_gazebo_worlds/share/br2_gazebo_worlds/models/aws_robomaker_residential_ShoeRack_01/materials/textures/aws_ShoeRack_01.png
[1.181s] -- Up-to-date symlink: /home/edmund-munene/Documents/Programming-language-basics/Linux/Robotics/AConciseIntroductiontoRobotProgrammingwithROS2/bookros2_ws/install/br2_gazebo_worlds/share/br2_gazebo_worlds/models/aws_robomaker_residential_ShoeRack_01/meshes/aws_ShoeRack_01_collision.DAE
[1.181s] -- Up-to-date symlink: /home/edmund-munene/Documents/Programming-language-basics/Linux/Robotics/AConciseIntroductiontoRobotProgrammingwithROS2/bookros2_ws/install/br2_gazebo_worlds/share/br2_gazebo_worlds/models/aws_robomaker_residential_ShoeRack_01/meshes/aws_ShoeRack_01_visual.DAE
[1.181s] -- Up-to-date symlink: /home/edmund-munene/Documents/Programming-language-basics/Linux/Robotics/AConciseIntroductiontoRobotProgrammingwithROS2/bookros2_ws/install/br2_gazebo_worlds/share/br2_gazebo_worlds/models/aws_robomaker_residential_ShoeRack_01/model.config
[1.182s] -- Up-to-date symlink: /home/edmund-munene/Documents/Programming-language-basics/Linux/Robotics/AConciseIntroductiontoRobotProgrammingwithROS2/bookros2_ws/install/br2_gazebo_worlds/share/br2_gazebo_worlds/models/aws_robomaker_residential_ShoeRack_01/model.sdf
[1.182s] -- Up-to-date symlink: /home/edmund-munene/Documents/Programming-language-basics/Linux/Robotics/AConciseIntroductiontoRobotProgrammingwithROS2/bookros2_ws/install/br2_gazebo_worlds/share/br2_gazebo_worlds/models/aws_robomaker_residential_SofaB_01/materials/textures/aws_SofaB_01.png
[1.182s] -- Up-to-date symlink: /home/edmund-munene/Documents/Programming-language-basics/Linux/Robotics/AConciseIntroductiontoRobotProgrammingwithROS2/bookros2_ws/install/br2_gazebo_worlds/share/br2_gazebo_worlds/models/aws_robomaker_residential_SofaB_01/meshes/aws_SofaB_01_collision.DAE
[1.183s] -- Up-to-date symlink: /home/edmund-munene/Documents/Programming-language-basics/Linux/Robotics/AConciseIntroductiontoRobotProgrammingwithROS2/bookros2_ws/install/br2_gazebo_worlds/share/br2_gazebo_worlds/models/aws_robomaker_residential_SofaB_01/meshes/aws_SofaB_01_visual.DAE
[1.183s] -- Up-to-date symlink: /home/edmund-munene/Documents/Programming-language-basics/Linux/Robotics/AConciseIntroductiontoRobotProgrammingwithROS2/bookros2_ws/install/br2_gazebo_worlds/share/br2_gazebo_worlds/models/aws_robomaker_residential_SofaB_01/model.config
[1.183s] -- Up-to-date symlink: /home/edmund-munene/Documents/Programming-language-basics/Linux/Robotics/AConciseIntroductiontoRobotProgrammingwithROS2/bookros2_ws/install/br2_gazebo_worlds/share/br2_gazebo_worlds/models/aws_robomaker_residential_SofaB_01/model.sdf
[1.184s] -- Up-to-date symlink: /home/edmund-munene/Documents/Programming-language-basics/Linux/Robotics/AConciseIntroductiontoRobotProgrammingwithROS2/bookros2_ws/install/br2_gazebo_worlds/share/br2_gazebo_worlds/models/aws_robomaker_residential_SofaC_01/materials/textures/aws_SofaC_01.png
[1.184s] -- Up-to-date symlink: /home/edmund-munene/Documents/Programming-language-basics/Linux/Robotics/AConciseIntroductiontoRobotProgrammingwithROS2/bookros2_ws/install/br2_gazebo_worlds/share/br2_gazebo_worlds/models/aws_robomaker_residential_SofaC_01/meshes/aws_SofaC_01_collision.DAE
[1.184s] -- Up-to-date symlink: /home/edmund-munene/Documents/Programming-language-basics/Linux/Robotics/AConciseIntroductiontoRobotProgrammingwithROS2/bookros2_ws/install/br2_gazebo_worlds/share/br2_gazebo_worlds/models/aws_robomaker_residential_SofaC_01/meshes/aws_SofaC_01_visual.DAE
[1.184s] -- Up-to-date symlink: /home/edmund-munene/Documents/Programming-language-basics/Linux/Robotics/AConciseIntroductiontoRobotProgrammingwithROS2/bookros2_ws/install/br2_gazebo_worlds/share/br2_gazebo_worlds/models/aws_robomaker_residential_SofaC_01/model.config
[1.184s] -- Up-to-date symlink: /home/edmund-munene/Documents/Programming-language-basics/Linux/Robotics/AConciseIntroductiontoRobotProgrammingwithROS2/bookros2_ws/install/br2_gazebo_worlds/share/br2_gazebo_worlds/models/aws_robomaker_residential_SofaC_01/model.sdf
[1.184s] -- Up-to-date symlink: /home/edmund-munene/Documents/Programming-language-basics/Linux/Robotics/AConciseIntroductiontoRobotProgrammingwithROS2/bookros2_ws/install/br2_gazebo_worlds/share/br2_gazebo_worlds/models/aws_robomaker_residential_Sofa_01/materials/textures/aws_Sofa_01.png
[1.185s] -- Up-to-date symlink: /home/edmund-munene/Documents/Programming-language-basics/Linux/Robotics/AConciseIntroductiontoRobotProgrammingwithROS2/bookros2_ws/install/br2_gazebo_worlds/share/br2_gazebo_worlds/models/aws_robomaker_residential_Sofa_01/meshes/aws_Sofa_01.DAE
[1.185s] -- Up-to-date symlink: /home/edmund-munene/Documents/Programming-language-basics/Linux/Robotics/AConciseIntroductiontoRobotProgrammingwithROS2/bookros2_ws/install/br2_gazebo_worlds/share/br2_gazebo_worlds/models/aws_robomaker_residential_Sofa_01/meshes/aws_Sofa_01_collision.DAE
[1.185s] -- Up-to-date symlink: /home/edmund-munene/Documents/Programming-language-basics/Linux/Robotics/AConciseIntroductiontoRobotProgrammingwithROS2/bookros2_ws/install/br2_gazebo_worlds/share/br2_gazebo_worlds/models/aws_robomaker_residential_Sofa_01/meshes/aws_Sofa_01_visual.DAE
[1.185s] -- Up-to-date symlink: /home/edmund-munene/Documents/Programming-language-basics/Linux/Robotics/AConciseIntroductiontoRobotProgrammingwithROS2/bookros2_ws/install/br2_gazebo_worlds/share/br2_gazebo_worlds/models/aws_robomaker_residential_Sofa_01/model.config
[1.185s] -- Up-to-date symlink: /home/edmund-munene/Documents/Programming-language-basics/Linux/Robotics/AConciseIntroductiontoRobotProgrammingwithROS2/bookros2_ws/install/br2_gazebo_worlds/share/br2_gazebo_worlds/models/aws_robomaker_residential_Sofa_01/model.sdf
[1.185s] -- Up-to-date symlink: /home/edmund-munene/Documents/Programming-language-basics/Linux/Robotics/AConciseIntroductiontoRobotProgrammingwithROS2/bookros2_ws/install/br2_gazebo_worlds/share/br2_gazebo_worlds/models/aws_robomaker_residential_TVCabinet_01/materials/textures/aws_TVCabinet_01.png
[1.186s] -- Up-to-date symlink: /home/edmund-munene/Documents/Programming-language-basics/Linux/Robotics/AConciseIntroductiontoRobotProgrammingwithROS2/bookros2_ws/install/br2_gazebo_worlds/share/br2_gazebo_worlds/models/aws_robomaker_residential_TVCabinet_01/meshes/aws_TVCabinet_01_collision.DAE
[1.186s] -- Up-to-date symlink: /home/edmund-munene/Documents/Programming-language-basics/Linux/Robotics/AConciseIntroductiontoRobotProgrammingwithROS2/bookros2_ws/install/br2_gazebo_worlds/share/br2_gazebo_worlds/models/aws_robomaker_residential_TVCabinet_01/meshes/aws_TVCabinet_01_visual.DAE
[1.186s] -- Up-to-date symlink: /home/edmund-munene/Documents/Programming-language-basics/Linux/Robotics/AConciseIntroductiontoRobotProgrammingwithROS2/bookros2_ws/install/br2_gazebo_worlds/share/br2_gazebo_worlds/models/aws_robomaker_residential_TVCabinet_01/model.config
[1.186s] -- Up-to-date symlink: /home/edmund-munene/Documents/Programming-language-basics/Linux/Robotics/AConciseIntroductiontoRobotProgrammingwithROS2/bookros2_ws/install/br2_gazebo_worlds/share/br2_gazebo_worlds/models/aws_robomaker_residential_TVCabinet_01/model.sdf
[1.186s] -- Up-to-date symlink: /home/edmund-munene/Documents/Programming-language-basics/Linux/Robotics/AConciseIntroductiontoRobotProgrammingwithROS2/bookros2_ws/install/br2_gazebo_worlds/share/br2_gazebo_worlds/models/aws_robomaker_residential_TV_01/materials/textures/aws_TV_01.png
[1.186s] -- Up-to-date symlink: /home/edmund-munene/Documents/Programming-language-basics/Linux/Robotics/AConciseIntroductiontoRobotProgrammingwithROS2/bookros2_ws/install/br2_gazebo_worlds/share/br2_gazebo_worlds/models/aws_robomaker_residential_TV_01/meshes/aws_TV_01_collision.DAE
[1.186s] -- Up-to-date symlink: /home/edmund-munene/Documents/Programming-language-basics/Linux/Robotics/AConciseIntroductiontoRobotProgrammingwithROS2/bookros2_ws/install/br2_gazebo_worlds/share/br2_gazebo_worlds/models/aws_robomaker_residential_TV_01/meshes/aws_TV_01_visual.DAE
[1.186s] -- Up-to-date symlink: /home/edmund-munene/Documents/Programming-language-basics/Linux/Robotics/AConciseIntroductiontoRobotProgrammingwithROS2/bookros2_ws/install/br2_gazebo_worlds/share/br2_gazebo_worlds/models/aws_robomaker_residential_TV_01/model.config
[1.187s] -- Up-to-date symlink: /home/edmund-munene/Documents/Programming-language-basics/Linux/Robotics/AConciseIntroductiontoRobotProgrammingwithROS2/bookros2_ws/install/br2_gazebo_worlds/share/br2_gazebo_worlds/models/aws_robomaker_residential_TV_01/model.sdf
[1.187s] -- Up-to-date symlink: /home/edmund-munene/Documents/Programming-language-basics/Linux/Robotics/AConciseIntroductiontoRobotProgrammingwithROS2/bookros2_ws/install/br2_gazebo_worlds/share/br2_gazebo_worlds/models/aws_robomaker_residential_TV_02/materials/textures/aws_TV_01.png
[1.187s] -- Up-to-date symlink: /home/edmund-munene/Documents/Programming-language-basics/Linux/Robotics/AConciseIntroductiontoRobotProgrammingwithROS2/bookros2_ws/install/br2_gazebo_worlds/share/br2_gazebo_worlds/models/aws_robomaker_residential_TV_02/meshes/aws_TV_01_collision.DAE
[1.187s] -- Up-to-date symlink: /home/edmund-munene/Documents/Programming-language-basics/Linux/Robotics/AConciseIntroductiontoRobotProgrammingwithROS2/bookros2_ws/install/br2_gazebo_worlds/share/br2_gazebo_worlds/models/aws_robomaker_residential_TV_02/meshes/aws_TV_01_visual.DAE
[1.187s] -- Up-to-date symlink: /home/edmund-munene/Documents/Programming-language-basics/Linux/Robotics/AConciseIntroductiontoRobotProgrammingwithROS2/bookros2_ws/install/br2_gazebo_worlds/share/br2_gazebo_worlds/models/aws_robomaker_residential_TV_02/model.config
[1.188s] -- Up-to-date symlink: /home/edmund-munene/Documents/Programming-language-basics/Linux/Robotics/AConciseIntroductiontoRobotProgrammingwithROS2/bookros2_ws/install/br2_gazebo_worlds/share/br2_gazebo_worlds/models/aws_robomaker_residential_TV_02/model.sdf
[1.188s] -- Up-to-date symlink: /home/edmund-munene/Documents/Programming-language-basics/Linux/Robotics/AConciseIntroductiontoRobotProgrammingwithROS2/bookros2_ws/install/br2_gazebo_worlds/share/br2_gazebo_worlds/models/aws_robomaker_residential_Tablet_01/.DS_Store
[1.188s] -- Up-to-date symlink: /home/edmund-munene/Documents/Programming-language-basics/Linux/Robotics/AConciseIntroductiontoRobotProgrammingwithROS2/bookros2_ws/install/br2_gazebo_worlds/share/br2_gazebo_worlds/models/aws_robomaker_residential_Tablet_01/materials/.DS_Store
[1.188s] -- Up-to-date symlink: /home/edmund-munene/Documents/Programming-language-basics/Linux/Robotics/AConciseIntroductiontoRobotProgrammingwithROS2/bookros2_ws/install/br2_gazebo_worlds/share/br2_gazebo_worlds/models/aws_robomaker_residential_Tablet_01/materials/textures/aws_Tablet_01_nologo.png
[1.188s] -- Up-to-date symlink: /home/edmund-munene/Documents/Programming-language-basics/Linux/Robotics/AConciseIntroductiontoRobotProgrammingwithROS2/bookros2_ws/install/br2_gazebo_worlds/share/br2_gazebo_worlds/models/aws_robomaker_residential_Tablet_01/meshes/aws_Tablet_01_collision.DAE
[1.188s] -- Up-to-date symlink: /home/edmund-munene/Documents/Programming-language-basics/Linux/Robotics/AConciseIntroductiontoRobotProgrammingwithROS2/bookros2_ws/install/br2_gazebo_worlds/share/br2_gazebo_worlds/models/aws_robomaker_residential_Tablet_01/meshes/aws_Tablet_01_visual.DAE
[1.189s] -- Up-to-date symlink: /home/edmund-munene/Documents/Programming-language-basics/Linux/Robotics/AConciseIntroductiontoRobotProgrammingwithROS2/bookros2_ws/install/br2_gazebo_worlds/share/br2_gazebo_worlds/models/aws_robomaker_residential_Tablet_01/model.config
[1.189s] -- Up-to-date symlink: /home/edmund-munene/Documents/Programming-language-basics/Linux/Robotics/AConciseIntroductiontoRobotProgrammingwithROS2/bookros2_ws/install/br2_gazebo_worlds/share/br2_gazebo_worlds/models/aws_robomaker_residential_Tablet_01/model.sdf
[1.190s] -- Up-to-date symlink: /home/edmund-munene/Documents/Programming-language-basics/Linux/Robotics/AConciseIntroductiontoRobotProgrammingwithROS2/bookros2_ws/install/br2_gazebo_worlds/share/br2_gazebo_worlds/models/aws_robomaker_residential_Tableware_01/materials/textures/aws_Tableware_01.png
[1.191s] -- Up-to-date symlink: /home/edmund-munene/Documents/Programming-language-basics/Linux/Robotics/AConciseIntroductiontoRobotProgrammingwithROS2/bookros2_ws/install/br2_gazebo_worlds/share/br2_gazebo_worlds/models/aws_robomaker_residential_Tableware_01/meshes/aws_Tableware_01_collision.DAE
[1.195s] -- Up-to-date symlink: /home/edmund-munene/Documents/Programming-language-basics/Linux/Robotics/AConciseIntroductiontoRobotProgrammingwithROS2/bookros2_ws/install/br2_gazebo_worlds/share/br2_gazebo_worlds/models/aws_robomaker_residential_Tableware_01/meshes/aws_Tableware_01_visual.DAE
[1.195s] -- Up-to-date symlink: /home/edmund-munene/Documents/Programming-language-basics/Linux/Robotics/AConciseIntroductiontoRobotProgrammingwithROS2/bookros2_ws/install/br2_gazebo_worlds/share/br2_gazebo_worlds/models/aws_robomaker_residential_Tableware_01/model.config
[1.195s] -- Up-to-date symlink: /home/edmund-munene/Documents/Programming-language-basics/Linux/Robotics/AConciseIntroductiontoRobotProgrammingwithROS2/bookros2_ws/install/br2_gazebo_worlds/share/br2_gazebo_worlds/models/aws_robomaker_residential_Tableware_01/model.sdf
[1.195s] -- Up-to-date symlink: /home/edmund-munene/Documents/Programming-language-basics/Linux/Robotics/AConciseIntroductiontoRobotProgrammingwithROS2/bookros2_ws/install/br2_gazebo_worlds/share/br2_gazebo_worlds/models/aws_robomaker_residential_Trash_01/materials/textures/aws_Trash_01.png
[1.195s] -- Up-to-date symlink: /home/edmund-munene/Documents/Programming-language-basics/Linux/Robotics/AConciseIntroductiontoRobotProgrammingwithROS2/bookros2_ws/install/br2_gazebo_worlds/share/br2_gazebo_worlds/models/aws_robomaker_residential_Trash_01/meshes/aws_Trash_01_collision.DAE
[1.196s] -- Up-to-date symlink: /home/edmund-munene/Documents/Programming-language-basics/Linux/Robotics/AConciseIntroductiontoRobotProgrammingwithROS2/bookros2_ws/install/br2_gazebo_worlds/share/br2_gazebo_worlds/models/aws_robomaker_residential_Trash_01/meshes/aws_Trash_01_visual.DAE
[1.196s] -- Up-to-date symlink: /home/edmund-munene/Documents/Programming-language-basics/Linux/Robotics/AConciseIntroductiontoRobotProgrammingwithROS2/bookros2_ws/install/br2_gazebo_worlds/share/br2_gazebo_worlds/models/aws_robomaker_residential_Trash_01/model.config
[1.196s] -- Up-to-date symlink: /home/edmund-munene/Documents/Programming-language-basics/Linux/Robotics/AConciseIntroductiontoRobotProgrammingwithROS2/bookros2_ws/install/br2_gazebo_worlds/share/br2_gazebo_worlds/models/aws_robomaker_residential_Trash_01/model.sdf
[1.196s] -- Up-to-date symlink: /home/edmund-munene/Documents/Programming-language-basics/Linux/Robotics/AConciseIntroductiontoRobotProgrammingwithROS2/bookros2_ws/install/br2_gazebo_worlds/share/br2_gazebo_worlds/models/aws_robomaker_residential_Vase_01/materials/textures/aws_Vase_01.png
[1.196s] -- Up-to-date symlink: /home/edmund-munene/Documents/Programming-language-basics/Linux/Robotics/AConciseIntroductiontoRobotProgrammingwithROS2/bookros2_ws/install/br2_gazebo_worlds/share/br2_gazebo_worlds/models/aws_robomaker_residential_Vase_01/meshes/aws_Vase_01_collision.DAE
[1.196s] -- Up-to-date symlink: /home/edmund-munene/Documents/Programming-language-basics/Linux/Robotics/AConciseIntroductiontoRobotProgrammingwithROS2/bookros2_ws/install/br2_gazebo_worlds/share/br2_gazebo_worlds/models/aws_robomaker_residential_Vase_01/meshes/aws_Vase_01_visual.DAE
[1.196s] -- Up-to-date symlink: /home/edmund-munene/Documents/Programming-language-basics/Linux/Robotics/AConciseIntroductiontoRobotProgrammingwithROS2/bookros2_ws/install/br2_gazebo_worlds/share/br2_gazebo_worlds/models/aws_robomaker_residential_Vase_01/model.config
[1.197s] -- Up-to-date symlink: /home/edmund-munene/Documents/Programming-language-basics/Linux/Robotics/AConciseIntroductiontoRobotProgrammingwithROS2/bookros2_ws/install/br2_gazebo_worlds/share/br2_gazebo_worlds/models/aws_robomaker_residential_Vase_01/model.sdf
[1.197s] -- Up-to-date symlink: /home/edmund-munene/Documents/Programming-language-basics/Linux/Robotics/AConciseIntroductiontoRobotProgrammingwithROS2/bookros2_ws/install/br2_gazebo_worlds/share/br2_gazebo_worlds/models/aws_robomaker_residential_Wardrobe_01/materials/textures/aws_Wardrobe_01.png
[1.197s] -- Up-to-date symlink: /home/edmund-munene/Documents/Programming-language-basics/Linux/Robotics/AConciseIntroductiontoRobotProgrammingwithROS2/bookros2_ws/install/br2_gazebo_worlds/share/br2_gazebo_worlds/models/aws_robomaker_residential_Wardrobe_01/meshes/aws_Wardrobe_01_collision.DAE
[1.197s] -- Up-to-date symlink: /home/edmund-munene/Documents/Programming-language-basics/Linux/Robotics/AConciseIntroductiontoRobotProgrammingwithROS2/bookros2_ws/install/br2_gazebo_worlds/share/br2_gazebo_worlds/models/aws_robomaker_residential_Wardrobe_01/meshes/aws_Wardrobe_01_visual.DAE
[1.197s] -- Up-to-date symlink: /home/edmund-munene/Documents/Programming-language-basics/Linux/Robotics/AConciseIntroductiontoRobotProgrammingwithROS2/bookros2_ws/install/br2_gazebo_worlds/share/br2_gazebo_worlds/models/aws_robomaker_residential_Wardrobe_01/model.config
[1.197s] -- Up-to-date symlink: /home/edmund-munene/Documents/Programming-language-basics/Linux/Robotics/AConciseIntroductiontoRobotProgrammingwithROS2/bookros2_ws/install/br2_gazebo_worlds/share/br2_gazebo_worlds/models/aws_robomaker_residential_Wardrobe_01/model.sdf
[1.197s] -- Up-to-date symlink: /home/edmund-munene/Documents/Programming-language-basics/Linux/Robotics/AConciseIntroductiontoRobotProgrammingwithROS2/bookros2_ws/install/br2_gazebo_worlds/share/br2_gazebo_worlds/models/aws_robomaker_warehouse_Bucket_01/.DS_Store
[1.203s] -- Up-to-date symlink: /home/edmund-munene/Documents/Programming-language-basics/Linux/Robotics/AConciseIntroductiontoRobotProgrammingwithROS2/bookros2_ws/install/br2_gazebo_worlds/share/br2_gazebo_worlds/models/aws_robomaker_warehouse_Bucket_01/materials/.DS_Store
[1.203s] -- Up-to-date symlink: /home/edmund-munene/Documents/Programming-language-basics/Linux/Robotics/AConciseIntroductiontoRobotProgrammingwithROS2/bookros2_ws/install/br2_gazebo_worlds/share/br2_gazebo_worlds/models/aws_robomaker_warehouse_Bucket_01/materials/textures/aws_robomaker_warehouse_Bucket_01.png
[1.203s] -- Up-to-date symlink: /home/edmund-munene/Documents/Programming-language-basics/Linux/Robotics/AConciseIntroductiontoRobotProgrammingwithROS2/bookros2_ws/install/br2_gazebo_worlds/share/br2_gazebo_worlds/models/aws_robomaker_warehouse_Bucket_01/meshes/aws_robomaker_warehouse_Bucket_01_collision.DAE
[1.203s] -- Up-to-date symlink: /home/edmund-munene/Documents/Programming-language-basics/Linux/Robotics/AConciseIntroductiontoRobotProgrammingwithROS2/bookros2_ws/install/br2_gazebo_worlds/share/br2_gazebo_worlds/models/aws_robomaker_warehouse_Bucket_01/meshes/aws_robomaker_warehouse_Bucket_01_visual.DAE
[1.203s] -- Up-to-date symlink: /home/edmund-munene/Documents/Programming-language-basics/Linux/Robotics/AConciseIntroductiontoRobotProgrammingwithROS2/bookros2_ws/install/br2_gazebo_worlds/share/br2_gazebo_worlds/models/aws_robomaker_warehouse_Bucket_01/model.config
[1.203s] -- Up-to-date symlink: /home/edmund-munene/Documents/Programming-language-basics/Linux/Robotics/AConciseIntroductiontoRobotProgrammingwithROS2/bookros2_ws/install/br2_gazebo_worlds/share/br2_gazebo_worlds/models/aws_robomaker_warehouse_Bucket_01/model.sdf
[1.203s] -- Up-to-date symlink: /home/edmund-munene/Documents/Programming-language-basics/Linux/Robotics/AConciseIntroductiontoRobotProgrammingwithROS2/bookros2_ws/install/br2_gazebo_worlds/share/br2_gazebo_worlds/models/aws_robomaker_warehouse_ClutteringA_01/.DS_Store
[1.203s] -- Up-to-date symlink: /home/edmund-munene/Documents/Programming-language-basics/Linux/Robotics/AConciseIntroductiontoRobotProgrammingwithROS2/bookros2_ws/install/br2_gazebo_worlds/share/br2_gazebo_worlds/models/aws_robomaker_warehouse_ClutteringA_01/materials/.DS_Store
[1.204s] -- Up-to-date symlink: /home/edmund-munene/Documents/Programming-language-basics/Linux/Robotics/AConciseIntroductiontoRobotProgrammingwithROS2/bookros2_ws/install/br2_gazebo_worlds/share/br2_gazebo_worlds/models/aws_robomaker_warehouse_ClutteringA_01/materials/textures/.DS_Store
[1.204s] -- Up-to-date symlink: /home/edmund-munene/Documents/Programming-language-basics/Linux/Robotics/AConciseIntroductiontoRobotProgrammingwithROS2/bookros2_ws/install/br2_gazebo_worlds/share/br2_gazebo_worlds/models/aws_robomaker_warehouse_ClutteringA_01/materials/textures/aws_robomaker_warehouse_ClutteringA_01.png
[1.204s] -- Up-to-date symlink: /home/edmund-munene/Documents/Programming-language-basics/Linux/Robotics/AConciseIntroductiontoRobotProgrammingwithROS2/bookros2_ws/install/br2_gazebo_worlds/share/br2_gazebo_worlds/models/aws_robomaker_warehouse_ClutteringA_01/materials/textures/aws_robomaker_warehouse_ClutteringA_02.png
[1.204s] -- Up-to-date symlink: /home/edmund-munene/Documents/Programming-language-basics/Linux/Robotics/AConciseIntroductiontoRobotProgrammingwithROS2/bookros2_ws/install/br2_gazebo_worlds/share/br2_gazebo_worlds/models/aws_robomaker_warehouse_ClutteringA_01/materials/textures/aws_robomaker_warehouse_ClutteringA_03.png
[1.204s] -- Up-to-date symlink: /home/edmund-munene/Documents/Programming-language-basics/Linux/Robotics/AConciseIntroductiontoRobotProgrammingwithROS2/bookros2_ws/install/br2_gazebo_worlds/share/br2_gazebo_worlds/models/aws_robomaker_warehouse_ClutteringA_01/meshes/aws_robomaker_warehouse_ClutteringA_01_collision.DAE
[1.204s] -- Up-to-date symlink: /home/edmund-munene/Documents/Programming-language-basics/Linux/Robotics/AConciseIntroductiontoRobotProgrammingwithROS2/bookros2_ws/install/br2_gazebo_worlds/share/br2_gazebo_worlds/models/aws_robomaker_warehouse_ClutteringA_01/meshes/aws_robomaker_warehouse_ClutteringA_01_visual.DAE
[1.204s] -- Up-to-date symlink: /home/edmund-munene/Documents/Programming-language-basics/Linux/Robotics/AConciseIntroductiontoRobotProgrammingwithROS2/bookros2_ws/install/br2_gazebo_worlds/share/br2_gazebo_worlds/models/aws_robomaker_warehouse_ClutteringA_01/model.config
[1.204s] -- Up-to-date symlink: /home/edmund-munene/Documents/Programming-language-basics/Linux/Robotics/AConciseIntroductiontoRobotProgrammingwithROS2/bookros2_ws/install/br2_gazebo_worlds/share/br2_gazebo_worlds/models/aws_robomaker_warehouse_ClutteringA_01/model.sdf
[1.205s] -- Up-to-date symlink: /home/edmund-munene/Documents/Programming-language-basics/Linux/Robotics/AConciseIntroductiontoRobotProgrammingwithROS2/bookros2_ws/install/br2_gazebo_worlds/share/br2_gazebo_worlds/models/aws_robomaker_warehouse_ClutteringC_01/materials/textures/aws_robomaker_warehouse_ClutteringC_01.png
[1.205s] -- Up-to-date symlink: /home/edmund-munene/Documents/Programming-language-basics/Linux/Robotics/AConciseIntroductiontoRobotProgrammingwithROS2/bookros2_ws/install/br2_gazebo_worlds/share/br2_gazebo_worlds/models/aws_robomaker_warehouse_ClutteringC_01/materials/textures/aws_robomaker_warehouse_ClutteringC_02.png
[1.205s] -- Up-to-date symlink: /home/edmund-munene/Documents/Programming-language-basics/Linux/Robotics/AConciseIntroductiontoRobotProgrammingwithROS2/bookros2_ws/install/br2_gazebo_worlds/share/br2_gazebo_worlds/models/aws_robomaker_warehouse_ClutteringC_01/meshes/aws_robomaker_warehouse_ClutteringC_01_collision.DAE
[1.205s] -- Up-to-date symlink: /home/edmund-munene/Documents/Programming-language-basics/Linux/Robotics/AConciseIntroductiontoRobotProgrammingwithROS2/bookros2_ws/install/br2_gazebo_worlds/share/br2_gazebo_worlds/models/aws_robomaker_warehouse_ClutteringC_01/meshes/aws_robomaker_warehouse_ClutteringC_01_visual.DAE
[1.206s] -- Up-to-date symlink: /home/edmund-munene/Documents/Programming-language-basics/Linux/Robotics/AConciseIntroductiontoRobotProgrammingwithROS2/bookros2_ws/install/br2_gazebo_worlds/share/br2_gazebo_worlds/models/aws_robomaker_warehouse_ClutteringC_01/model.config
[1.206s] -- Up-to-date symlink: /home/edmund-munene/Documents/Programming-language-basics/Linux/Robotics/AConciseIntroductiontoRobotProgrammingwithROS2/bookros2_ws/install/br2_gazebo_worlds/share/br2_gazebo_worlds/models/aws_robomaker_warehouse_ClutteringC_01/model.sdf
[1.206s] -- Up-to-date symlink: /home/edmund-munene/Documents/Programming-language-basics/Linux/Robotics/AConciseIntroductiontoRobotProgrammingwithROS2/bookros2_ws/install/br2_gazebo_worlds/share/br2_gazebo_worlds/models/aws_robomaker_warehouse_ClutteringD_01/materials/textures/aws_robomaker_warehouse_ClutteringD_01.png
[1.206s] -- Up-to-date symlink: /home/edmund-munene/Documents/Programming-language-basics/Linux/Robotics/AConciseIntroductiontoRobotProgrammingwithROS2/bookros2_ws/install/br2_gazebo_worlds/share/br2_gazebo_worlds/models/aws_robomaker_warehouse_ClutteringD_01/materials/textures/aws_robomaker_warehouse_ClutteringD_02.png
[1.206s] -- Up-to-date symlink: /home/edmund-munene/Documents/Programming-language-basics/Linux/Robotics/AConciseIntroductiontoRobotProgrammingwithROS2/bookros2_ws/install/br2_gazebo_worlds/share/br2_gazebo_worlds/models/aws_robomaker_warehouse_ClutteringD_01/meshes/aws_robomaker_warehouse_ClutteringD_01_collision.DAE
[1.206s] -- Up-to-date symlink: /home/edmund-munene/Documents/Programming-language-basics/Linux/Robotics/AConciseIntroductiontoRobotProgrammingwithROS2/bookros2_ws/install/br2_gazebo_worlds/share/br2_gazebo_worlds/models/aws_robomaker_warehouse_ClutteringD_01/meshes/aws_robomaker_warehouse_ClutteringD_01_visual.DAE
[1.206s] -- Up-to-date symlink: /home/edmund-munene/Documents/Programming-language-basics/Linux/Robotics/AConciseIntroductiontoRobotProgrammingwithROS2/bookros2_ws/install/br2_gazebo_worlds/share/br2_gazebo_worlds/models/aws_robomaker_warehouse_ClutteringD_01/model.config
[1.206s] -- Up-to-date symlink: /home/edmund-munene/Documents/Programming-language-basics/Linux/Robotics/AConciseIntroductiontoRobotProgrammingwithROS2/bookros2_ws/install/br2_gazebo_worlds/share/br2_gazebo_worlds/models/aws_robomaker_warehouse_ClutteringD_01/model.sdf
[1.207s] -- Up-to-date symlink: /home/edmund-munene/Documents/Programming-language-basics/Linux/Robotics/AConciseIntroductiontoRobotProgrammingwithROS2/bookros2_ws/install/br2_gazebo_worlds/share/br2_gazebo_worlds/models/aws_robomaker_warehouse_DeskC_01/materials/.DS_Store
[1.207s] -- Up-to-date symlink: /home/edmund-munene/Documents/Programming-language-basics/Linux/Robotics/AConciseIntroductiontoRobotProgrammingwithROS2/bookros2_ws/install/br2_gazebo_worlds/share/br2_gazebo_worlds/models/aws_robomaker_warehouse_DeskC_01/materials/textures/aws_robomaker_warehouse_DeskC_01.png
[1.207s] -- Up-to-date symlink: /home/edmund-munene/Documents/Programming-language-basics/Linux/Robotics/AConciseIntroductiontoRobotProgrammingwithROS2/bookros2_ws/install/br2_gazebo_worlds/share/br2_gazebo_worlds/models/aws_robomaker_warehouse_DeskC_01/materials/textures/aws_robomaker_warehouse_DeskC_02.png
[1.207s] -- Up-to-date symlink: /home/edmund-munene/Documents/Programming-language-basics/Linux/Robotics/AConciseIntroductiontoRobotProgrammingwithROS2/bookros2_ws/install/br2_gazebo_worlds/share/br2_gazebo_worlds/models/aws_robomaker_warehouse_DeskC_01/materials/textures/aws_robomaker_warehouse_DeskC_03.png
[1.207s] -- Up-to-date symlink: /home/edmund-munene/Documents/Programming-language-basics/Linux/Robotics/AConciseIntroductiontoRobotProgrammingwithROS2/bookros2_ws/install/br2_gazebo_worlds/share/br2_gazebo_worlds/models/aws_robomaker_warehouse_DeskC_01/materials/textures/aws_robomaker_warehouse_DeskC_03.psd
[1.207s] -- Up-to-date symlink: /home/edmund-munene/Documents/Programming-language-basics/Linux/Robotics/AConciseIntroductiontoRobotProgrammingwithROS2/bookros2_ws/install/br2_gazebo_worlds/share/br2_gazebo_worlds/models/aws_robomaker_warehouse_DeskC_01/materials/textures/aws_robomaker_warehouse_DeskC_04.png
[1.207s] -- Up-to-date symlink: /home/edmund-munene/Documents/Programming-language-basics/Linux/Robotics/AConciseIntroductiontoRobotProgrammingwithROS2/bookros2_ws/install/br2_gazebo_worlds/share/br2_gazebo_worlds/models/aws_robomaker_warehouse_DeskC_01/meshes/aws_robomaker_warehouse_DeskC_01_collision.DAE
[1.207s] -- Up-to-date symlink: /home/edmund-munene/Documents/Programming-language-basics/Linux/Robotics/AConciseIntroductiontoRobotProgrammingwithROS2/bookros2_ws/install/br2_gazebo_worlds/share/br2_gazebo_worlds/models/aws_robomaker_warehouse_DeskC_01/meshes/aws_robomaker_warehouse_DeskC_01_visual.DAE
[1.207s] -- Up-to-date symlink: /home/edmund-munene/Documents/Programming-language-basics/Linux/Robotics/AConciseIntroductiontoRobotProgrammingwithROS2/bookros2_ws/install/br2_gazebo_worlds/share/br2_gazebo_worlds/models/aws_robomaker_warehouse_DeskC_01/model.config
[1.208s] -- Up-to-date symlink: /home/edmund-munene/Documents/Programming-language-basics/Linux/Robotics/AConciseIntroductiontoRobotProgrammingwithROS2/bookros2_ws/install/br2_gazebo_worlds/share/br2_gazebo_worlds/models/aws_robomaker_warehouse_DeskC_01/model.sdf
[1.208s] -- Up-to-date symlink: /home/edmund-munene/Documents/Programming-language-basics/Linux/Robotics/AConciseIntroductiontoRobotProgrammingwithROS2/bookros2_ws/install/br2_gazebo_worlds/share/br2_gazebo_worlds/models/aws_robomaker_warehouse_GroundB_01/materials/textures/aws_robomaker_warehouse_GroundB_01.png
[1.208s] -- Up-to-date symlink: /home/edmund-munene/Documents/Programming-language-basics/Linux/Robotics/AConciseIntroductiontoRobotProgrammingwithROS2/bookros2_ws/install/br2_gazebo_worlds/share/br2_gazebo_worlds/models/aws_robomaker_warehouse_GroundB_01/materials/textures/aws_robomaker_warehouse_GroundB_02.png
[1.208s] -- Up-to-date symlink: /home/edmund-munene/Documents/Programming-language-basics/Linux/Robotics/AConciseIntroductiontoRobotProgrammingwithROS2/bookros2_ws/install/br2_gazebo_worlds/share/br2_gazebo_worlds/models/aws_robomaker_warehouse_GroundB_01/meshes/aws_robomaker_warehouse_GroundB_01_collision.DAE
[1.208s] -- Up-to-date symlink: /home/edmund-munene/Documents/Programming-language-basics/Linux/Robotics/AConciseIntroductiontoRobotProgrammingwithROS2/bookros2_ws/install/br2_gazebo_worlds/share/br2_gazebo_worlds/models/aws_robomaker_warehouse_GroundB_01/meshes/aws_robomaker_warehouse_GroundB_01_visual.DAE
[1.208s] -- Up-to-date symlink: /home/edmund-munene/Documents/Programming-language-basics/Linux/Robotics/AConciseIntroductiontoRobotProgrammingwithROS2/bookros2_ws/install/br2_gazebo_worlds/share/br2_gazebo_worlds/models/aws_robomaker_warehouse_GroundB_01/model.config
[1.208s] -- Up-to-date symlink: /home/edmund-munene/Documents/Programming-language-basics/Linux/Robotics/AConciseIntroductiontoRobotProgrammingwithROS2/bookros2_ws/install/br2_gazebo_worlds/share/br2_gazebo_worlds/models/aws_robomaker_warehouse_GroundB_01/model.sdf
[1.208s] -- Up-to-date symlink: /home/edmund-munene/Documents/Programming-language-basics/Linux/Robotics/AConciseIntroductiontoRobotProgrammingwithROS2/bookros2_ws/install/br2_gazebo_worlds/share/br2_gazebo_worlds/models/aws_robomaker_warehouse_Lamp_01/materials/textures/aws_robomaker_warehouse_Lamp_01.png
[1.208s] -- Up-to-date symlink: /home/edmund-munene/Documents/Programming-language-basics/Linux/Robotics/AConciseIntroductiontoRobotProgrammingwithROS2/bookros2_ws/install/br2_gazebo_worlds/share/br2_gazebo_worlds/models/aws_robomaker_warehouse_Lamp_01/meshes/aws_robomaker_warehouse_Lamp_01_collision.DAE
[1.209s] -- Up-to-date symlink: /home/edmund-munene/Documents/Programming-language-basics/Linux/Robotics/AConciseIntroductiontoRobotProgrammingwithROS2/bookros2_ws/install/br2_gazebo_worlds/share/br2_gazebo_worlds/models/aws_robomaker_warehouse_Lamp_01/meshes/aws_robomaker_warehouse_Lamp_01_visual.DAE
[1.210s] -- Up-to-date symlink: /home/edmund-munene/Documents/Programming-language-basics/Linux/Robotics/AConciseIntroductiontoRobotProgrammingwithROS2/bookros2_ws/install/br2_gazebo_worlds/share/br2_gazebo_worlds/models/aws_robomaker_warehouse_Lamp_01/model.config
[1.210s] -- Up-to-date symlink: /home/edmund-munene/Documents/Programming-language-basics/Linux/Robotics/AConciseIntroductiontoRobotProgrammingwithROS2/bookros2_ws/install/br2_gazebo_worlds/share/br2_gazebo_worlds/models/aws_robomaker_warehouse_Lamp_01/model.sdf
[1.210s] -- Up-to-date symlink: /home/edmund-munene/Documents/Programming-language-basics/Linux/Robotics/AConciseIntroductiontoRobotProgrammingwithROS2/bookros2_ws/install/br2_gazebo_worlds/share/br2_gazebo_worlds/models/aws_robomaker_warehouse_PalletJackB_01/.DS_Store
[1.210s] -- Up-to-date symlink: /home/edmund-munene/Documents/Programming-language-basics/Linux/Robotics/AConciseIntroductiontoRobotProgrammingwithROS2/bookros2_ws/install/br2_gazebo_worlds/share/br2_gazebo_worlds/models/aws_robomaker_warehouse_PalletJackB_01/materials/.DS_Store
[1.211s] -- Up-to-date symlink: /home/edmund-munene/Documents/Programming-language-basics/Linux/Robotics/AConciseIntroductiontoRobotProgrammingwithROS2/bookros2_ws/install/br2_gazebo_worlds/share/br2_gazebo_worlds/models/aws_robomaker_warehouse_PalletJackB_01/materials/textures/aws_robomaker_warehouse_PalletJackB_01.png
[1.211s] -- Up-to-date symlink: /home/edmund-munene/Documents/Programming-language-basics/Linux/Robotics/AConciseIntroductiontoRobotProgrammingwithROS2/bookros2_ws/install/br2_gazebo_worlds/share/br2_gazebo_worlds/models/aws_robomaker_warehouse_PalletJackB_01/materials/textures/aws_robomaker_warehouse_PalletJackB_02.png
[1.211s] -- Up-to-date symlink: /home/edmund-munene/Documents/Programming-language-basics/Linux/Robotics/AConciseIntroductiontoRobotProgrammingwithROS2/bookros2_ws/install/br2_gazebo_worlds/share/br2_gazebo_worlds/models/aws_robomaker_warehouse_PalletJackB_01/meshes/aws_robomaker_warehouse_PalletJackB_01_collision.DAE
[1.211s] -- Up-to-date symlink: /home/edmund-munene/Documents/Programming-language-basics/Linux/Robotics/AConciseIntroductiontoRobotProgrammingwithROS2/bookros2_ws/install/br2_gazebo_worlds/share/br2_gazebo_worlds/models/aws_robomaker_warehouse_PalletJackB_01/meshes/aws_robomaker_warehouse_PalletJackB_01_visual.DAE
[1.212s] -- Up-to-date symlink: /home/edmund-munene/Documents/Programming-language-basics/Linux/Robotics/AConciseIntroductiontoRobotProgrammingwithROS2/bookros2_ws/install/br2_gazebo_worlds/share/br2_gazebo_worlds/models/aws_robomaker_warehouse_PalletJackB_01/model.config
[1.212s] -- Up-to-date symlink: /home/edmund-munene/Documents/Programming-language-basics/Linux/Robotics/AConciseIntroductiontoRobotProgrammingwithROS2/bookros2_ws/install/br2_gazebo_worlds/share/br2_gazebo_worlds/models/aws_robomaker_warehouse_PalletJackB_01/model.sdf
[1.212s] -- Up-to-date symlink: /home/edmund-munene/Documents/Programming-language-basics/Linux/Robotics/AConciseIntroductiontoRobotProgrammingwithROS2/bookros2_ws/install/br2_gazebo_worlds/share/br2_gazebo_worlds/models/aws_robomaker_warehouse_RoofB_01/materials/textures/aws_robomaker_warehouse_RoofB_01.png
[1.212s] -- Up-to-date symlink: /home/edmund-munene/Documents/Programming-language-basics/Linux/Robotics/AConciseIntroductiontoRobotProgrammingwithROS2/bookros2_ws/install/br2_gazebo_worlds/share/br2_gazebo_worlds/models/aws_robomaker_warehouse_RoofB_01/meshes/aws_robomaker_warehouse_RoofB_01_collision.DAE
[1.213s] -- Up-to-date symlink: /home/edmund-munene/Documents/Programming-language-basics/Linux/Robotics/AConciseIntroductiontoRobotProgrammingwithROS2/bookros2_ws/install/br2_gazebo_worlds/share/br2_gazebo_worlds/models/aws_robomaker_warehouse_RoofB_01/meshes/aws_robomaker_warehouse_RoofB_01_visual.DAE
[1.213s] -- Up-to-date symlink: /home/edmund-munene/Documents/Programming-language-basics/Linux/Robotics/AConciseIntroductiontoRobotProgrammingwithROS2/bookros2_ws/install/br2_gazebo_worlds/share/br2_gazebo_worlds/models/aws_robomaker_warehouse_RoofB_01/model.config
[1.213s] -- Up-to-date symlink: /home/edmund-munene/Documents/Programming-language-basics/Linux/Robotics/AConciseIntroductiontoRobotProgrammingwithROS2/bookros2_ws/install/br2_gazebo_worlds/share/br2_gazebo_worlds/models/aws_robomaker_warehouse_RoofB_01/model.sdf
[1.214s] -- Up-to-date symlink: /home/edmund-munene/Documents/Programming-language-basics/Linux/Robotics/AConciseIntroductiontoRobotProgrammingwithROS2/bookros2_ws/install/br2_gazebo_worlds/share/br2_gazebo_worlds/models/aws_robomaker_warehouse_ShelfD_01/materials/textures/aws_robomaker_warehouse_ShelfD_01.png
[1.214s] -- Up-to-date symlink: /home/edmund-munene/Documents/Programming-language-basics/Linux/Robotics/AConciseIntroductiontoRobotProgrammingwithROS2/bookros2_ws/install/br2_gazebo_worlds/share/br2_gazebo_worlds/models/aws_robomaker_warehouse_ShelfD_01/materials/textures/aws_robomaker_warehouse_ShelfD_02.png
[1.214s] -- Up-to-date symlink: /home/edmund-munene/Documents/Programming-language-basics/Linux/Robotics/AConciseIntroductiontoRobotProgrammingwithROS2/bookros2_ws/install/br2_gazebo_worlds/share/br2_gazebo_worlds/models/aws_robomaker_warehouse_ShelfD_01/materials/textures/aws_robomaker_warehouse_ShelfD_03.png
[1.214s] -- Up-to-date symlink: /home/edmund-munene/Documents/Programming-language-basics/Linux/Robotics/AConciseIntroductiontoRobotProgrammingwithROS2/bookros2_ws/install/br2_gazebo_worlds/share/br2_gazebo_worlds/models/aws_robomaker_warehouse_ShelfD_01/materials/textures/aws_robomaker_warehouse_ShelfD_04.png
[1.214s] -- Up-to-date symlink: /home/edmund-munene/Documents/Programming-language-basics/Linux/Robotics/AConciseIntroductiontoRobotProgrammingwithROS2/bookros2_ws/install/br2_gazebo_worlds/share/br2_gazebo_worlds/models/aws_robomaker_warehouse_ShelfD_01/meshes/aws_robomaker_warehouse_ShelfD_01_collision.DAE
[1.215s] -- Up-to-date symlink: /home/edmund-munene/Documents/Programming-language-basics/Linux/Robotics/AConciseIntroductiontoRobotProgrammingwithROS2/bookros2_ws/install/br2_gazebo_worlds/share/br2_gazebo_worlds/models/aws_robomaker_warehouse_ShelfD_01/meshes/aws_robomaker_warehouse_ShelfD_01_visual.DAE
[1.215s] -- Up-to-date symlink: /home/edmund-munene/Documents/Programming-language-basics/Linux/Robotics/AConciseIntroductiontoRobotProgrammingwithROS2/bookros2_ws/install/br2_gazebo_worlds/share/br2_gazebo_worlds/models/aws_robomaker_warehouse_ShelfD_01/model.config
[1.215s] -- Up-to-date symlink: /home/edmund-munene/Documents/Programming-language-basics/Linux/Robotics/AConciseIntroductiontoRobotProgrammingwithROS2/bookros2_ws/install/br2_gazebo_worlds/share/br2_gazebo_worlds/models/aws_robomaker_warehouse_ShelfD_01/model.sdf
[1.215s] -- Up-to-date symlink: /home/edmund-munene/Documents/Programming-language-basics/Linux/Robotics/AConciseIntroductiontoRobotProgrammingwithROS2/bookros2_ws/install/br2_gazebo_worlds/share/br2_gazebo_worlds/models/aws_robomaker_warehouse_ShelfE_01/.DS_Store
[1.215s] -- Up-to-date symlink: /home/edmund-munene/Documents/Programming-language-basics/Linux/Robotics/AConciseIntroductiontoRobotProgrammingwithROS2/bookros2_ws/install/br2_gazebo_worlds/share/br2_gazebo_worlds/models/aws_robomaker_warehouse_ShelfE_01/materials/.DS_Store
[1.215s] -- Up-to-date symlink: /home/edmund-munene/Documents/Programming-language-basics/Linux/Robotics/AConciseIntroductiontoRobotProgrammingwithROS2/bookros2_ws/install/br2_gazebo_worlds/share/br2_gazebo_worlds/models/aws_robomaker_warehouse_ShelfE_01/materials/textures/aws_robomaker_warehouse_ShelfE_01.png
[1.216s] -- Up-to-date symlink: /home/edmund-munene/Documents/Programming-language-basics/Linux/Robotics/AConciseIntroductiontoRobotProgrammingwithROS2/bookros2_ws/install/br2_gazebo_worlds/share/br2_gazebo_worlds/models/aws_robomaker_warehouse_ShelfE_01/materials/textures/aws_robomaker_warehouse_ShelfE_02.png
[1.216s] -- Up-to-date symlink: /home/edmund-munene/Documents/Programming-language-basics/Linux/Robotics/AConciseIntroductiontoRobotProgrammingwithROS2/bookros2_ws/install/br2_gazebo_worlds/share/br2_gazebo_worlds/models/aws_robomaker_warehouse_ShelfE_01/materials/textures/aws_robomaker_warehouse_ShelfE_03.png
[1.216s] -- Up-to-date symlink: /home/edmund-munene/Documents/Programming-language-basics/Linux/Robotics/AConciseIntroductiontoRobotProgrammingwithROS2/bookros2_ws/install/br2_gazebo_worlds/share/br2_gazebo_worlds/models/aws_robomaker_warehouse_ShelfE_01/materials/textures/aws_robomaker_warehouse_ShelfE_04.png
[1.216s] -- Up-to-date symlink: /home/edmund-munene/Documents/Programming-language-basics/Linux/Robotics/AConciseIntroductiontoRobotProgrammingwithROS2/bookros2_ws/install/br2_gazebo_worlds/share/br2_gazebo_worlds/models/aws_robomaker_warehouse_ShelfE_01/meshes/aws_robomaker_warehouse_ShelfE_01_collision.DAE
[1.216s] -- Up-to-date symlink: /home/edmund-munene/Documents/Programming-language-basics/Linux/Robotics/AConciseIntroductiontoRobotProgrammingwithROS2/bookros2_ws/install/br2_gazebo_worlds/share/br2_gazebo_worlds/models/aws_robomaker_warehouse_ShelfE_01/meshes/aws_robomaker_warehouse_ShelfE_01_visual.DAE
[1.216s] -- Up-to-date symlink: /home/edmund-munene/Documents/Programming-language-basics/Linux/Robotics/AConciseIntroductiontoRobotProgrammingwithROS2/bookros2_ws/install/br2_gazebo_worlds/share/br2_gazebo_worlds/models/aws_robomaker_warehouse_ShelfE_01/model.config
[1.216s] -- Up-to-date symlink: /home/edmund-munene/Documents/Programming-language-basics/Linux/Robotics/AConciseIntroductiontoRobotProgrammingwithROS2/bookros2_ws/install/br2_gazebo_worlds/share/br2_gazebo_worlds/models/aws_robomaker_warehouse_ShelfE_01/model.sdf
[1.216s] -- Up-to-date symlink: /home/edmund-munene/Documents/Programming-language-basics/Linux/Robotics/AConciseIntroductiontoRobotProgrammingwithROS2/bookros2_ws/install/br2_gazebo_worlds/share/br2_gazebo_worlds/models/aws_robomaker_warehouse_ShelfF_01/materials/textures/aws_robomaker_warehouse_ShelfF_01.png
[1.217s] -- Up-to-date symlink: /home/edmund-munene/Documents/Programming-language-basics/Linux/Robotics/AConciseIntroductiontoRobotProgrammingwithROS2/bookros2_ws/install/br2_gazebo_worlds/share/br2_gazebo_worlds/models/aws_robomaker_warehouse_ShelfF_01/materials/textures/aws_robomaker_warehouse_ShelfF_02.png
[1.220s] -- Up-to-date symlink: /home/edmund-munene/Documents/Programming-language-basics/Linux/Robotics/AConciseIntroductiontoRobotProgrammingwithROS2/bookros2_ws/install/br2_gazebo_worlds/share/br2_gazebo_worlds/models/aws_robomaker_warehouse_ShelfF_01/materials/textures/aws_robomaker_warehouse_ShelfF_03.png
[1.220s] -- Up-to-date symlink: /home/edmund-munene/Documents/Programming-language-basics/Linux/Robotics/AConciseIntroductiontoRobotProgrammingwithROS2/bookros2_ws/install/br2_gazebo_worlds/share/br2_gazebo_worlds/models/aws_robomaker_warehouse_ShelfF_01/meshes/aws_robomaker_warehouse_ShelfF_01_collision.DAE
[1.220s] -- Up-to-date symlink: /home/edmund-munene/Documents/Programming-language-basics/Linux/Robotics/AConciseIntroductiontoRobotProgrammingwithROS2/bookros2_ws/install/br2_gazebo_worlds/share/br2_gazebo_worlds/models/aws_robomaker_warehouse_ShelfF_01/meshes/aws_robomaker_warehouse_ShelfF_01_visual.DAE
[1.221s] -- Up-to-date symlink: /home/edmund-munene/Documents/Programming-language-basics/Linux/Robotics/AConciseIntroductiontoRobotProgrammingwithROS2/bookros2_ws/install/br2_gazebo_worlds/share/br2_gazebo_worlds/models/aws_robomaker_warehouse_ShelfF_01/model.config
[1.221s] -- Up-to-date symlink: /home/edmund-munene/Documents/Programming-language-basics/Linux/Robotics/AConciseIntroductiontoRobotProgrammingwithROS2/bookros2_ws/install/br2_gazebo_worlds/share/br2_gazebo_worlds/models/aws_robomaker_warehouse_ShelfF_01/model.sdf
[1.221s] -- Up-to-date symlink: /home/edmund-munene/Documents/Programming-language-basics/Linux/Robotics/AConciseIntroductiontoRobotProgrammingwithROS2/bookros2_ws/install/br2_gazebo_worlds/share/br2_gazebo_worlds/models/aws_robomaker_warehouse_TrashCanC_01/materials/textures/aws_robomaker_warehouse_TrashCanC_01.png
[1.221s] -- Up-to-date symlink: /home/edmund-munene/Documents/Programming-language-basics/Linux/Robotics/AConciseIntroductiontoRobotProgrammingwithROS2/bookros2_ws/install/br2_gazebo_worlds/share/br2_gazebo_worlds/models/aws_robomaker_warehouse_TrashCanC_01/meshes/aws_robomaker_warehouse_TrashCanC_01_collision.DAE
[1.221s] -- Up-to-date symlink: /home/edmund-munene/Documents/Programming-language-basics/Linux/Robotics/AConciseIntroductiontoRobotProgrammingwithROS2/bookros2_ws/install/br2_gazebo_worlds/share/br2_gazebo_worlds/models/aws_robomaker_warehouse_TrashCanC_01/meshes/aws_robomaker_warehouse_TrashCanC_01_visual.DAE
[1.221s] -- Up-to-date symlink: /home/edmund-munene/Documents/Programming-language-basics/Linux/Robotics/AConciseIntroductiontoRobotProgrammingwithROS2/bookros2_ws/install/br2_gazebo_worlds/share/br2_gazebo_worlds/models/aws_robomaker_warehouse_TrashCanC_01/model.config
[1.221s] -- Up-to-date symlink: /home/edmund-munene/Documents/Programming-language-basics/Linux/Robotics/AConciseIntroductiontoRobotProgrammingwithROS2/bookros2_ws/install/br2_gazebo_worlds/share/br2_gazebo_worlds/models/aws_robomaker_warehouse_TrashCanC_01/model.sdf
[1.221s] -- Up-to-date symlink: /home/edmund-munene/Documents/Programming-language-basics/Linux/Robotics/AConciseIntroductiontoRobotProgrammingwithROS2/bookros2_ws/install/br2_gazebo_worlds/share/br2_gazebo_worlds/models/aws_robomaker_warehouse_WallB_01/materials/textures/aws_robomaker_warehouse_WallB_01.png
[1.221s] -- Up-to-date symlink: /home/edmund-munene/Documents/Programming-language-basics/Linux/Robotics/AConciseIntroductiontoRobotProgrammingwithROS2/bookros2_ws/install/br2_gazebo_worlds/share/br2_gazebo_worlds/models/aws_robomaker_warehouse_WallB_01/meshes/aws_robomaker_warehouse_WallB_01_collision.DAE
[1.222s] -- Up-to-date symlink: /home/edmund-munene/Documents/Programming-language-basics/Linux/Robotics/AConciseIntroductiontoRobotProgrammingwithROS2/bookros2_ws/install/br2_gazebo_worlds/share/br2_gazebo_worlds/models/aws_robomaker_warehouse_WallB_01/meshes/aws_robomaker_warehouse_WallB_01_visual.DAE
[1.222s] -- Up-to-date symlink: /home/edmund-munene/Documents/Programming-language-basics/Linux/Robotics/AConciseIntroductiontoRobotProgrammingwithROS2/bookros2_ws/install/br2_gazebo_worlds/share/br2_gazebo_worlds/models/aws_robomaker_warehouse_WallB_01/model.config
[1.222s] -- Up-to-date symlink: /home/edmund-munene/Documents/Programming-language-basics/Linux/Robotics/AConciseIntroductiontoRobotProgrammingwithROS2/bookros2_ws/install/br2_gazebo_worlds/share/br2_gazebo_worlds/models/aws_robomaker_warehouse_WallB_01/model.sdf
[1.222s] -- Up-to-date symlink: /home/edmund-munene/Documents/Programming-language-basics/Linux/Robotics/AConciseIntroductiontoRobotProgrammingwithROS2/bookros2_ws/install/br2_gazebo_worlds/share/br2_gazebo_worlds/models/cube_1/materials/textures/number1.png
[1.222s] -- Up-to-date symlink: /home/edmund-munene/Documents/Programming-language-basics/Linux/Robotics/AConciseIntroductiontoRobotProgrammingwithROS2/bookros2_ws/install/br2_gazebo_worlds/share/br2_gazebo_worlds/models/cube_1/meshes/cube_1.mtl
[1.222s] -- Up-to-date symlink: /home/edmund-munene/Documents/Programming-language-basics/Linux/Robotics/AConciseIntroductiontoRobotProgrammingwithROS2/bookros2_ws/install/br2_gazebo_worlds/share/br2_gazebo_worlds/models/cube_1/meshes/cube_1.obj
[1.222s] -- Up-to-date symlink: /home/edmund-munene/Documents/Programming-language-basics/Linux/Robotics/AConciseIntroductiontoRobotProgrammingwithROS2/bookros2_ws/install/br2_gazebo_worlds/share/br2_gazebo_worlds/models/cube_1/model.config
[1.222s] -- Up-to-date symlink: /home/edmund-munene/Documents/Programming-language-basics/Linux/Robotics/AConciseIntroductiontoRobotProgrammingwithROS2/bookros2_ws/install/br2_gazebo_worlds/share/br2_gazebo_worlds/models/cube_1/model.sdf
[1.222s] -- Up-to-date symlink: /home/edmund-munene/Documents/Programming-language-basics/Linux/Robotics/AConciseIntroductiontoRobotProgrammingwithROS2/bookros2_ws/install/br2_gazebo_worlds/share/br2_gazebo_worlds/models/cube_2/materials/textures/number2.png
[1.223s] -- Up-to-date symlink: /home/edmund-munene/Documents/Programming-language-basics/Linux/Robotics/AConciseIntroductiontoRobotProgrammingwithROS2/bookros2_ws/install/br2_gazebo_worlds/share/br2_gazebo_worlds/models/cube_2/meshes/cube_2.mtl
[1.223s] -- Up-to-date symlink: /home/edmund-munene/Documents/Programming-language-basics/Linux/Robotics/AConciseIntroductiontoRobotProgrammingwithROS2/bookros2_ws/install/br2_gazebo_worlds/share/br2_gazebo_worlds/models/cube_2/meshes/cube_2.obj
[1.223s] -- Up-to-date symlink: /home/edmund-munene/Documents/Programming-language-basics/Linux/Robotics/AConciseIntroductiontoRobotProgrammingwithROS2/bookros2_ws/install/br2_gazebo_worlds/share/br2_gazebo_worlds/models/cube_2/model.config
[1.223s] -- Up-to-date symlink: /home/edmund-munene/Documents/Programming-language-basics/Linux/Robotics/AConciseIntroductiontoRobotProgrammingwithROS2/bookros2_ws/install/br2_gazebo_worlds/share/br2_gazebo_worlds/models/cube_2/model.sdf
[1.223s] -- Up-to-date symlink: /home/edmund-munene/Documents/Programming-language-basics/Linux/Robotics/AConciseIntroductiontoRobotProgrammingwithROS2/bookros2_ws/install/br2_gazebo_worlds/share/br2_gazebo_worlds/models/follow_line/meshes/jarama.dae
[1.223s] -- Up-to-date symlink: /home/edmund-munene/Documents/Programming-language-basics/Linux/Robotics/AConciseIntroductiontoRobotProgrammingwithROS2/bookros2_ws/install/br2_gazebo_worlds/share/br2_gazebo_worlds/models/follow_line/meshes/jarama.jpeg
[1.223s] -- Up-to-date symlink: /home/edmund-munene/Documents/Programming-language-basics/Linux/Robotics/AConciseIntroductiontoRobotProgrammingwithROS2/bookros2_ws/install/br2_gazebo_worlds/share/br2_gazebo_worlds/models/follow_line/model.config
[1.223s] -- Up-to-date symlink: /home/edmund-munene/Documents/Programming-language-basics/Linux/Robotics/AConciseIntroductiontoRobotProgrammingwithROS2/bookros2_ws/install/br2_gazebo_worlds/share/br2_gazebo_worlds/models/follow_line/model.sdf
[1.223s] -- Up-to-date symlink: /home/edmund-munene/Documents/Programming-language-basics/Linux/Robotics/AConciseIntroductiontoRobotProgrammingwithROS2/bookros2_ws/install/br2_gazebo_worlds/share/br2_gazebo_worlds/models/ground_plane/model-1_2.sdf
[1.223s] -- Up-to-date symlink: /home/edmund-munene/Documents/Programming-language-basics/Linux/Robotics/AConciseIntroductiontoRobotProgrammingwithROS2/bookros2_ws/install/br2_gazebo_worlds/share/br2_gazebo_worlds/models/ground_plane/model-1_3.sdf
[1.223s] -- Up-to-date symlink: /home/edmund-munene/Documents/Programming-language-basics/Linux/Robotics/AConciseIntroductiontoRobotProgrammingwithROS2/bookros2_ws/install/br2_gazebo_worlds/share/br2_gazebo_worlds/models/ground_plane/model-1_4.sdf
[1.224s] -- Up-to-date symlink: /home/edmund-munene/Documents/Programming-language-basics/Linux/Robotics/AConciseIntroductiontoRobotProgrammingwithROS2/bookros2_ws/install/br2_gazebo_worlds/share/br2_gazebo_worlds/models/ground_plane/model.config
[1.224s] -- Up-to-date symlink: /home/edmund-munene/Documents/Programming-language-basics/Linux/Robotics/AConciseIntroductiontoRobotProgrammingwithROS2/bookros2_ws/install/br2_gazebo_worlds/share/br2_gazebo_worlds/models/ground_plane/model.sdf
[1.224s] -- Up-to-date symlink: /home/edmund-munene/Documents/Programming-language-basics/Linux/Robotics/AConciseIntroductiontoRobotProgrammingwithROS2/bookros2_ws/install/br2_gazebo_worlds/share/br2_gazebo_worlds/models/movable_coke_can/meshes/coke_can.mtl
[1.224s] -- Up-to-date symlink: /home/edmund-munene/Documents/Programming-language-basics/Linux/Robotics/AConciseIntroductiontoRobotProgrammingwithROS2/bookros2_ws/install/br2_gazebo_worlds/share/br2_gazebo_worlds/models/movable_coke_can/meshes/coke_can.obj
[1.224s] -- Up-to-date symlink: /home/edmund-munene/Documents/Programming-language-basics/Linux/Robotics/AConciseIntroductiontoRobotProgrammingwithROS2/bookros2_ws/install/br2_gazebo_worlds/share/br2_gazebo_worlds/models/movable_coke_can/meshes/coke_can.png
[1.224s] -- Up-to-date symlink: /home/edmund-munene/Documents/Programming-language-basics/Linux/Robotics/AConciseIntroductiontoRobotProgrammingwithROS2/bookros2_ws/install/br2_gazebo_worlds/share/br2_gazebo_worlds/models/movable_coke_can/model.config
[1.224s] -- Up-to-date symlink: /home/edmund-munene/Documents/Programming-language-basics/Linux/Robotics/AConciseIntroductiontoRobotProgrammingwithROS2/bookros2_ws/install/br2_gazebo_worlds/share/br2_gazebo_worlds/models/movable_coke_can/model.sdf
[1.224s] -- Up-to-date symlink: /home/edmund-munene/Documents/Programming-language-basics/Linux/Robotics/AConciseIntroductiontoRobotProgrammingwithROS2/bookros2_ws/install/br2_gazebo_worlds/share/br2_gazebo_worlds/models/movable_coke_can/thumbnails/1.png
[1.224s] -- Up-to-date symlink: /home/edmund-munene/Documents/Programming-language-basics/Linux/Robotics/AConciseIntroductiontoRobotProgrammingwithROS2/bookros2_ws/install/br2_gazebo_worlds/share/br2_gazebo_worlds/models/movable_coke_can/thumbnails/2.png
[1.225s] -- Up-to-date symlink: /home/edmund-munene/Documents/Programming-language-basics/Linux/Robotics/AConciseIntroductiontoRobotProgrammingwithROS2/bookros2_ws/install/br2_gazebo_worlds/share/br2_gazebo_worlds/models/movable_coke_can_green/meshes/coke_can.obj
[1.225s] -- Up-to-date symlink: /home/edmund-munene/Documents/Programming-language-basics/Linux/Robotics/AConciseIntroductiontoRobotProgrammingwithROS2/bookros2_ws/install/br2_gazebo_worlds/share/br2_gazebo_worlds/models/movable_coke_can_green/meshes/coke_can_green.mtl
[1.225s] -- Up-to-date symlink: /home/edmund-munene/Documents/Programming-language-basics/Linux/Robotics/AConciseIntroductiontoRobotProgrammingwithROS2/bookros2_ws/install/br2_gazebo_worlds/share/br2_gazebo_worlds/models/movable_coke_can_green/meshes/coke_can_green.png
[1.225s] -- Up-to-date symlink: /home/edmund-munene/Documents/Programming-language-basics/Linux/Robotics/AConciseIntroductiontoRobotProgrammingwithROS2/bookros2_ws/install/br2_gazebo_worlds/share/br2_gazebo_worlds/models/movable_coke_can_green/model.config
[1.225s] -- Up-to-date symlink: /home/edmund-munene/Documents/Programming-language-basics/Linux/Robotics/AConciseIntroductiontoRobotProgrammingwithROS2/bookros2_ws/install/br2_gazebo_worlds/share/br2_gazebo_worlds/models/movable_coke_can_green/model.sdf
[1.225s] -- Up-to-date symlink: /home/edmund-munene/Documents/Programming-language-basics/Linux/Robotics/AConciseIntroductiontoRobotProgrammingwithROS2/bookros2_ws/install/br2_gazebo_worlds/share/br2_gazebo_worlds/models/shelf_aruco/meshes/Box_paper_04_1_Base_Color31.png
[1.225s] -- Up-to-date symlink: /home/edmund-munene/Documents/Programming-language-basics/Linux/Robotics/AConciseIntroductiontoRobotProgrammingwithROS2/bookros2_ws/install/br2_gazebo_worlds/share/br2_gazebo_worlds/models/shelf_aruco/meshes/Box_paper_04_1_Base_Color32.png
[1.225s] -- Up-to-date symlink: /home/edmund-munene/Documents/Programming-language-basics/Linux/Robotics/AConciseIntroductiontoRobotProgrammingwithROS2/bookros2_ws/install/br2_gazebo_worlds/share/br2_gazebo_worlds/models/shelf_aruco/meshes/shelf_big_movai.dae
[1.225s] -- Up-to-date symlink: /home/edmund-munene/Documents/Programming-language-basics/Linux/Robotics/AConciseIntroductiontoRobotProgrammingwithROS2/bookros2_ws/install/br2_gazebo_worlds/share/br2_gazebo_worlds/models/shelf_aruco/model.config
[1.225s] -- Up-to-date symlink: /home/edmund-munene/Documents/Programming-language-basics/Linux/Robotics/AConciseIntroductiontoRobotProgrammingwithROS2/bookros2_ws/install/br2_gazebo_worlds/share/br2_gazebo_worlds/models/shelf_aruco/model.sdf
[1.226s] -- Up-to-date symlink: /home/edmund-munene/Documents/Programming-language-basics/Linux/Robotics/AConciseIntroductiontoRobotProgrammingwithROS2/bookros2_ws/install/br2_gazebo_worlds/share/br2_gazebo_worlds/models/shelf_aruco/thumbnails/1.png
[1.226s] -- Up-to-date symlink: /home/edmund-munene/Documents/Programming-language-basics/Linux/Robotics/AConciseIntroductiontoRobotProgrammingwithROS2/bookros2_ws/install/br2_gazebo_worlds/share/br2_gazebo_worlds/models/simple_ground_house/model.config
[1.226s] -- Up-to-date symlink: /home/edmund-munene/Documents/Programming-language-basics/Linux/Robotics/AConciseIntroductiontoRobotProgrammingwithROS2/bookros2_ws/install/br2_gazebo_worlds/share/br2_gazebo_worlds/models/simple_ground_house/model.sdf
[1.226s] -- Up-to-date symlink: /home/edmund-munene/Documents/Programming-language-basics/Linux/Robotics/AConciseIntroductiontoRobotProgrammingwithROS2/bookros2_ws/install/br2_gazebo_worlds/share/br2_gazebo_worlds/models/sun/model-1_2.sdf
[1.226s] -- Up-to-date symlink: /home/edmund-munene/Documents/Programming-language-basics/Linux/Robotics/AConciseIntroductiontoRobotProgrammingwithROS2/bookros2_ws/install/br2_gazebo_worlds/share/br2_gazebo_worlds/models/sun/model-1_3.sdf
[1.226s] -- Up-to-date symlink: /home/edmund-munene/Documents/Programming-language-basics/Linux/Robotics/AConciseIntroductiontoRobotProgrammingwithROS2/bookros2_ws/install/br2_gazebo_worlds/share/br2_gazebo_worlds/models/sun/model-1_4.sdf
[1.226s] -- Up-to-date symlink: /home/edmund-munene/Documents/Programming-language-basics/Linux/Robotics/AConciseIntroductiontoRobotProgrammingwithROS2/bookros2_ws/install/br2_gazebo_worlds/share/br2_gazebo_worlds/models/sun/model.config
[1.226s] -- Up-to-date symlink: /home/edmund-munene/Documents/Programming-language-basics/Linux/Robotics/AConciseIntroductiontoRobotProgrammingwithROS2/bookros2_ws/install/br2_gazebo_worlds/share/br2_gazebo_worlds/models/sun/model.sdf
[1.226s] -- Up-to-date symlink: /home/edmund-munene/Documents/Programming-language-basics/Linux/Robotics/AConciseIntroductiontoRobotProgrammingwithROS2/bookros2_ws/install/br2_gazebo_worlds/share/br2_gazebo_worlds/worlds/empty.world
[1.226s] -- Up-to-date symlink: /home/edmund-munene/Documents/Programming-language-basics/Linux/Robotics/AConciseIntroductiontoRobotProgrammingwithROS2/bookros2_ws/install/br2_gazebo_worlds/share/br2_gazebo_worlds/worlds/follow_line.world
[1.227s] -- Up-to-date symlink: /home/edmund-munene/Documents/Programming-language-basics/Linux/Robotics/AConciseIntroductiontoRobotProgrammingwithROS2/bookros2_ws/install/br2_gazebo_worlds/share/br2_gazebo_worlds/worlds/house.world
[1.227s] -- Up-to-date symlink: /home/edmund-munene/Documents/Programming-language-basics/Linux/Robotics/AConciseIntroductiontoRobotProgrammingwithROS2/bookros2_ws/install/br2_gazebo_worlds/share/br2_gazebo_worlds/worlds/house_pick_and_place.world
[1.227s] -- Up-to-date symlink: /home/edmund-munene/Documents/Programming-language-basics/Linux/Robotics/AConciseIntroductiontoRobotProgrammingwithROS2/bookros2_ws/install/br2_gazebo_worlds/share/br2_gazebo_worlds/worlds/pick_and_place.world
[1.227s] -- Up-to-date symlink: /home/edmund-munene/Documents/Programming-language-basics/Linux/Robotics/AConciseIntroductiontoRobotProgrammingwithROS2/bookros2_ws/install/br2_gazebo_worlds/share/ament_index/resource_index/package_run_dependencies/br2_gazebo_worlds
[1.227s] -- Up-to-date symlink: /home/edmund-munene/Documents/Programming-language-basics/Linux/Robotics/AConciseIntroductiontoRobotProgrammingwithROS2/bookros2_ws/install/br2_gazebo_worlds/share/ament_index/resource_index/parent_prefix_path/br2_gazebo_worlds
[1.227s] -- Up-to-date symlink: /home/edmund-munene/Documents/Programming-language-basics/Linux/Robotics/AConciseIntroductiontoRobotProgrammingwithROS2/bookros2_ws/install/br2_gazebo_worlds/share/br2_gazebo_worlds/environment/ament_prefix_path.sh
[1.227s] -- Up-to-date symlink: /home/edmund-munene/Documents/Programming-language-basics/Linux/Robotics/AConciseIntroductiontoRobotProgrammingwithROS2/bookros2_ws/install/br2_gazebo_worlds/share/br2_gazebo_worlds/environment/ament_prefix_path.dsv
[1.227s] -- Up-to-date symlink: /home/edmund-munene/Documents/Programming-language-basics/Linux/Robotics/AConciseIntroductiontoRobotProgrammingwithROS2/bookros2_ws/install/br2_gazebo_worlds/share/br2_gazebo_worlds/environment/path.sh
[1.227s] -- Up-to-date symlink: /home/edmund-munene/Documents/Programming-language-basics/Linux/Robotics/AConciseIntroductiontoRobotProgrammingwithROS2/bookros2_ws/install/br2_gazebo_worlds/share/br2_gazebo_worlds/environment/path.dsv
[1.227s] -- Up-to-date symlink: /home/edmund-munene/Documents/Programming-language-basics/Linux/Robotics/AConciseIntroductiontoRobotProgrammingwithROS2/bookros2_ws/install/br2_gazebo_worlds/share/br2_gazebo_worlds/local_setup.bash
[1.227s] -- Up-to-date symlink: /home/edmund-munene/Documents/Programming-language-basics/Linux/Robotics/AConciseIntroductiontoRobotProgrammingwithROS2/bookros2_ws/install/br2_gazebo_worlds/share/br2_gazebo_worlds/local_setup.sh
[1.228s] -- Up-to-date symlink: /home/edmund-munene/Documents/Programming-language-basics/Linux/Robotics/AConciseIntroductiontoRobotProgrammingwithROS2/bookros2_ws/install/br2_gazebo_worlds/share/br2_gazebo_worlds/local_setup.zsh
[1.228s] -- Up-to-date symlink: /home/edmund-munene/Documents/Programming-language-basics/Linux/Robotics/AConciseIntroductiontoRobotProgrammingwithROS2/bookros2_ws/install/br2_gazebo_worlds/share/br2_gazebo_worlds/local_setup.dsv
[1.228s] -- Symlinking: /home/edmund-munene/Documents/Programming-language-basics/Linux/Robotics/AConciseIntroductiontoRobotProgrammingwithROS2/bookros2_ws/install/br2_gazebo_worlds/share/br2_gazebo_worlds/package.dsv
[1.230s] -- Up-to-date symlink: /home/edmund-munene/Documents/Programming-language-basics/Linux/Robotics/AConciseIntroductiontoRobotProgrammingwithROS2/bookros2_ws/install/br2_gazebo_worlds/share/ament_index/resource_index/packages/br2_gazebo_worlds
[1.230s] -- Up-to-date symlink: /home/edmund-munene/Documents/Programming-language-basics/Linux/Robotics/AConciseIntroductiontoRobotProgrammingwithROS2/bookros2_ws/install/br2_gazebo_worlds/share/br2_gazebo_worlds/cmake/br2_gazebo_worldsConfig.cmake
[1.231s] -- Up-to-date symlink: /home/edmund-munene/Documents/Programming-language-basics/Linux/Robotics/AConciseIntroductiontoRobotProgrammingwithROS2/bookros2_ws/install/br2_gazebo_worlds/share/br2_gazebo_worlds/cmake/br2_gazebo_worldsConfig-version.cmake
[1.234s] -- Up-to-date symlink: /home/edmund-munene/Documents/Programming-language-basics/Linux/Robotics/AConciseIntroductiontoRobotProgrammingwithROS2/bookros2_ws/install/br2_gazebo_worlds/share/br2_gazebo_worlds/package.xml
[1.414s] Invoked command in '/home/edmund-munene/Documents/Programming-language-basics/Linux/Robotics/AConciseIntroductiontoRobotProgrammingwithROS2/bookros2_ws/build/br2_gazebo_worlds' returned '0': CMAKE_PREFIX_PATH=${CMAKE_PREFIX_PATH}:/home/edmund-munene/Documents/Programming-language-basics/Linux/Robotics/AConciseIntroductiontoRobotProgrammingwithROS2/bookros2_ws/install/launch_pal:/home/edmund-munene/Documents/Programming-language-basics/Linux/Robotics/AConciseIntroductiontoRobotProgrammingwithROS2/bookros2_ws/install/br2_fsm_bumpgo_py:/opt/ros/jazzy DEBUGINFOD_URLS=https://debuginfod.ubuntu.com /usr/bin/cmake --install /home/edmund-munene/Documents/Programming-language-basics/Linux/Robotics/AConciseIntroductiontoRobotProgrammingwithROS2/bookros2_ws/build/br2_gazebo_worlds
