[0.371s] Invoking command in '/home/edmund-munene/Documents/Programming-language-basics/Linux/Robotics/AConciseIntroductiontoRobotProgrammingwithROS2/bookros2_ws/build/br2_gazebo_worlds': CMAKE_PREFIX_PATH=${CMAKE_PREFIX_PATH}:/opt/ros/jazzy DEBUGINFOD_URLS=https://debuginfod.ubuntu.com /usr/bin/cmake --build /home/edmund-munene/Documents/Programming-language-basics/Linux/Robotics/AConciseIntroductiontoRobotProgrammingwithROS2/bookros2_ws/build/br2_gazebo_worlds -- -j12 -l12
[0.611s] Invoked command in '/home/edmund-munene/Documents/Programming-language-basics/Linux/Robotics/AConciseIntroductiontoRobotProgrammingwithROS2/bookros2_ws/build/br2_gazebo_worlds' returned '0': CMAKE_PREFIX_PATH=${CMAKE_PREFIX_PATH}:/opt/ros/jazzy DEBUGINFOD_URLS=https://debuginfod.ubuntu.com /usr/bin/cmake --build /home/edmund-munene/Documents/Programming-language-basics/Linux/Robotics/AConciseIntroductiontoRobotProgrammingwithROS2/bookros2_ws/build/br2_gazebo_worlds -- -j12 -l12
[0.613s] Invoking command in '/home/edmund-munene/Documents/Programming-language-basics/Linux/Robotics/AConciseIntroductiontoRobotProgrammingwithROS2/bookros2_ws/build/br2_gazebo_worlds': CMAKE_PREFIX_PATH=${CMAKE_PREFIX_PATH}:/opt/ros/jazzy DEBUGINFOD_URLS=https://debuginfod.ubuntu.com /usr/bin/cmake --install /home/edmund-munene/Documents/Programming-language-basics/Linux/Robotics/AConciseIntroductiontoRobotProgrammingwithROS2/bookros2_ws/build/br2_gazebo_worlds
[0.645s] -- Install configuration: ""
[0.645s] -- Execute custom install script
[0.645s] -- Up-to-date symlink: /home/edmund-munene/Documents/Programming-language-basics/Linux/Robotics/AConciseIntroductiontoRobotProgrammingwithROS2/bookros2_ws/install/br2_gazebo_worlds/share/br2_gazebo_worlds/config/gazebo_params.yaml
[0.645s] -- Up-to-date symlink: /home/edmund-munene/Documents/Programming-language-basics/Linux/Robotics/AConciseIntroductiontoRobotProgrammingwithROS2/bookros2_ws/install/br2_gazebo_worlds/share/br2_gazebo_worlds/launch/br2_gazebo.launch.py
[0.653s] -- Up-to-date symlink: /home/edmund-munene/Documents/Programming-language-basics/Linux/Robotics/AConciseIntroductiontoRobotProgrammingwithROS2/bookros2_ws/install/br2_gazebo_worlds/share/br2_gazebo_worlds/models/TrashBin/meshes/TrashBin.mtl
[0.654s] -- Up-to-date symlink: /home/edmund-munene/Documents/Programming-language-basics/Linux/Robotics/AConciseIntroductiontoRobotProgrammingwithROS2/bookros2_ws/install/br2_gazebo_worlds/share/br2_gazebo_worlds/models/TrashBin/meshes/TrashBin.obj
[0.659s] -- Up-to-date symlink: /home/edmund-munene/Documents/Programming-language-basics/Linux/Robotics/AConciseIntroductiontoRobotProgrammingwithROS2/bookros2_ws/install/br2_gazebo_worlds/share/br2_gazebo_worlds/models/TrashBin/meshes/TrashBin_Diffuse.png
[0.659s] -- Up-to-date symlink: /home/edmund-munene/Documents/Programming-language-basics/Linux/Robotics/AConciseIntroductiontoRobotProgrammingwithROS2/bookros2_ws/install/br2_gazebo_worlds/share/br2_gazebo_worlds/models/TrashBin/model.config
[0.660s] -- Up-to-date symlink: /home/edmund-munene/Documents/Programming-language-basics/Linux/Robotics/AConciseIntroductiontoRobotProgrammingwithROS2/bookros2_ws/install/br2_gazebo_worlds/share/br2_gazebo_worlds/models/TrashBin/model.sdf
[0.661s] -- Up-to-date symlink: /home/edmund-munene/Documents/Programming-language-basics/Linux/Robotics/AConciseIntroductiontoRobotProgrammingwithROS2/bookros2_ws/install/br2_gazebo_worlds/share/br2_gazebo_worlds/models/TrashBin/thumbnails/1.png
[0.661s] -- Up-to-date symlink: /home/edmund-munene/Documents/Programming-language-basics/Linux/Robotics/AConciseIntroductiontoRobotProgrammingwithROS2/bookros2_ws/install/br2_gazebo_worlds/share/br2_gazebo_worlds/models/TrashBin/thumbnails/2.png
[0.661s] -- Up-to-date symlink: /home/edmund-munene/Documents/Programming-language-basics/Linux/Robotics/AConciseIntroductiontoRobotProgrammingwithROS2/bookros2_ws/install/br2_gazebo_worlds/share/br2_gazebo_worlds/models/TrashBin/thumbnails/3.png
[0.661s] -- Up-to-date symlink: /home/edmund-munene/Documents/Programming-language-basics/Linux/Robotics/AConciseIntroductiontoRobotProgrammingwithROS2/bookros2_ws/install/br2_gazebo_worlds/share/br2_gazebo_worlds/models/TrashBin/thumbnails/4.png
[0.662s] -- Up-to-date symlink: /home/edmund-munene/Documents/Programming-language-basics/Linux/Robotics/AConciseIntroductiontoRobotProgrammingwithROS2/bookros2_ws/install/br2_gazebo_worlds/share/br2_gazebo_worlds/models/TrashBin/thumbnails/5.png
[0.662s] -- Up-to-date symlink: /home/edmund-munene/Documents/Programming-language-basics/Linux/Robotics/AConciseIntroductiontoRobotProgrammingwithROS2/bookros2_ws/install/br2_gazebo_worlds/share/br2_gazebo_worlds/models/aruco_cube_60/materials/textures/60.jpg
[0.662s] -- Up-to-date symlink: /home/edmund-munene/Documents/Programming-language-basics/Linux/Robotics/AConciseIntroductiontoRobotProgrammingwithROS2/bookros2_ws/install/br2_gazebo_worlds/share/br2_gazebo_worlds/models/aruco_cube_60/meshes/aruco_cube_60.mtl
[0.662s] -- Up-to-date symlink: /home/edmund-munene/Documents/Programming-language-basics/Linux/Robotics/AConciseIntroductiontoRobotProgrammingwithROS2/bookros2_ws/install/br2_gazebo_worlds/share/br2_gazebo_worlds/models/aruco_cube_60/meshes/aruco_cube_60.obj
[0.662s] -- Up-to-date symlink: /home/edmund-munene/Documents/Programming-language-basics/Linux/Robotics/AConciseIntroductiontoRobotProgrammingwithROS2/bookros2_ws/install/br2_gazebo_worlds/share/br2_gazebo_worlds/models/aruco_cube_60/model.config
[0.662s] -- Up-to-date symlink: /home/edmund-munene/Documents/Programming-language-basics/Linux/Robotics/AConciseIntroductiontoRobotProgrammingwithROS2/bookros2_ws/install/br2_gazebo_worlds/share/br2_gazebo_worlds/models/aruco_cube_60/model.sdf
[0.662s] -- Up-to-date symlink: /home/edmund-munene/Documents/Programming-language-basics/Linux/Robotics/AConciseIntroductiontoRobotProgrammingwithROS2/bookros2_ws/install/br2_gazebo_worlds/share/br2_gazebo_worlds/models/aruco_cube_60/thumbnails/1.png
[0.662s] -- Up-to-date symlink: /home/edmund-munene/Documents/Programming-language-basics/Linux/Robotics/AConciseIntroductiontoRobotProgrammingwithROS2/bookros2_ws/install/br2_gazebo_worlds/share/br2_gazebo_worlds/models/aruco_cube_80/materials/textures/80.jpg
[0.662s] -- Up-to-date symlink: /home/edmund-munene/Documents/Programming-language-basics/Linux/Robotics/AConciseIntroductiontoRobotProgrammingwithROS2/bookros2_ws/install/br2_gazebo_worlds/share/br2_gazebo_worlds/models/aruco_cube_80/meshes/aruco_cube_80.mtl
[0.662s] -- Up-to-date symlink: /home/edmund-munene/Documents/Programming-language-basics/Linux/Robotics/AConciseIntroductiontoRobotProgrammingwithROS2/bookros2_ws/install/br2_gazebo_worlds/share/br2_gazebo_worlds/models/aruco_cube_80/meshes/aruco_cube_80.obj
[0.663s] -- Up-to-date symlink: /home/edmund-munene/Documents/Programming-language-basics/Linux/Robotics/AConciseIntroductiontoRobotProgrammingwithROS2/bookros2_ws/install/br2_gazebo_worlds/share/br2_gazebo_worlds/models/aruco_cube_80/model.config
[0.663s] -- Up-to-date symlink: /home/edmund-munene/Documents/Programming-language-basics/Linux/Robotics/AConciseIntroductiontoRobotProgrammingwithROS2/bookros2_ws/install/br2_gazebo_worlds/share/br2_gazebo_worlds/models/aruco_cube_80/model.sdf
[0.664s] -- Up-to-date symlink: /home/edmund-munene/Documents/Programming-language-basics/Linux/Robotics/AConciseIntroductiontoRobotProgrammingwithROS2/bookros2_ws/install/br2_gazebo_worlds/share/br2_gazebo_worlds/models/aruco_cube_80/thumbnails/1.png
[0.664s] -- Up-to-date symlink: /home/edmund-munene/Documents/Programming-language-basics/Linux/Robotics/AConciseIntroductiontoRobotProgrammingwithROS2/bookros2_ws/install/br2_gazebo_worlds/share/br2_gazebo_worlds/models/aruco_tag_100/materials/textures/100.jpg
[0.664s] -- Up-to-date symlink: /home/edmund-munene/Documents/Programming-language-basics/Linux/Robotics/AConciseIntroductiontoRobotProgrammingwithROS2/bookros2_ws/install/br2_gazebo_worlds/share/br2_gazebo_worlds/models/aruco_tag_100/meshes/aruco_tag_100.mtl
[0.664s] -- Up-to-date symlink: /home/edmund-munene/Documents/Programming-language-basics/Linux/Robotics/AConciseIntroductiontoRobotProgrammingwithROS2/bookros2_ws/install/br2_gazebo_worlds/share/br2_gazebo_worlds/models/aruco_tag_100/meshes/aruco_tag_100.obj
[0.664s] -- Up-to-date symlink: /home/edmund-munene/Documents/Programming-language-basics/Linux/Robotics/AConciseIntroductiontoRobotProgrammingwithROS2/bookros2_ws/install/br2_gazebo_worlds/share/br2_gazebo_worlds/models/aruco_tag_100/model.config
[0.664s] -- Up-to-date symlink: /home/edmund-munene/Documents/Programming-language-basics/Linux/Robotics/AConciseIntroductiontoRobotProgrammingwithROS2/bookros2_ws/install/br2_gazebo_worlds/share/br2_gazebo_worlds/models/aruco_tag_100/model.sdf
[0.664s] -- Up-to-date symlink: /home/edmund-munene/Documents/Programming-language-basics/Linux/Robotics/AConciseIntroductiontoRobotProgrammingwithROS2/bookros2_ws/install/br2_gazebo_worlds/share/br2_gazebo_worlds/models/aruco_tag_110/materials/textures/110.jpg
[0.665s] -- Up-to-date symlink: /home/edmund-munene/Documents/Programming-language-basics/Linux/Robotics/AConciseIntroductiontoRobotProgrammingwithROS2/bookros2_ws/install/br2_gazebo_worlds/share/br2_gazebo_worlds/models/aruco_tag_110/meshes/aruco_tag_110.mtl
[0.665s] -- Up-to-date symlink: /home/edmund-munene/Documents/Programming-language-basics/Linux/Robotics/AConciseIntroductiontoRobotProgrammingwithROS2/bookros2_ws/install/br2_gazebo_worlds/share/br2_gazebo_worlds/models/aruco_tag_110/meshes/aruco_tag_110.obj
[0.666s] -- Up-to-date symlink: /home/edmund-munene/Documents/Programming-language-basics/Linux/Robotics/AConciseIntroductiontoRobotProgrammingwithROS2/bookros2_ws/install/br2_gazebo_worlds/share/br2_gazebo_worlds/models/aruco_tag_110/model.config
[0.666s] -- Up-to-date symlink: /home/edmund-munene/Documents/Programming-language-basics/Linux/Robotics/AConciseIntroductiontoRobotProgrammingwithROS2/bookros2_ws/install/br2_gazebo_worlds/share/br2_gazebo_worlds/models/aruco_tag_110/model.sdf
[0.667s] -- Up-to-date symlink: /home/edmund-munene/Documents/Programming-language-basics/Linux/Robotics/AConciseIntroductiontoRobotProgrammingwithROS2/bookros2_ws/install/br2_gazebo_worlds/share/br2_gazebo_worlds/models/aruco_tag_124/materials/textures/124.jpg
[0.668s] -- Up-to-date symlink: /home/edmund-munene/Documents/Programming-language-basics/Linux/Robotics/AConciseIntroductiontoRobotProgrammingwithROS2/bookros2_ws/install/br2_gazebo_worlds/share/br2_gazebo_worlds/models/aruco_tag_124/meshes/aruco_tag_124.mtl
[0.668s] -- Up-to-date symlink: /home/edmund-munene/Documents/Programming-language-basics/Linux/Robotics/AConciseIntroductiontoRobotProgrammingwithROS2/bookros2_ws/install/br2_gazebo_worlds/share/br2_gazebo_worlds/models/aruco_tag_124/meshes/aruco_tag_124.obj
[0.668s] -- Up-to-date symlink: /home/edmund-munene/Documents/Programming-language-basics/Linux/Robotics/AConciseIntroductiontoRobotProgrammingwithROS2/bookros2_ws/install/br2_gazebo_worlds/share/br2_gazebo_worlds/models/aruco_tag_124/model.config
[0.668s] -- Up-to-date symlink: /home/edmund-munene/Documents/Programming-language-basics/Linux/Robotics/AConciseIntroductiontoRobotProgrammingwithROS2/bookros2_ws/install/br2_gazebo_worlds/share/br2_gazebo_worlds/models/aruco_tag_124/model.sdf
[0.668s] -- Up-to-date symlink: /home/edmund-munene/Documents/Programming-language-basics/Linux/Robotics/AConciseIntroductiontoRobotProgrammingwithROS2/bookros2_ws/install/br2_gazebo_worlds/share/br2_gazebo_worlds/models/aruco_tag_30/materials/textures/30.jpg
[0.668s] -- Up-to-date symlink: /home/edmund-munene/Documents/Programming-language-basics/Linux/Robotics/AConciseIntroductiontoRobotProgrammingwithROS2/bookros2_ws/install/br2_gazebo_worlds/share/br2_gazebo_worlds/models/aruco_tag_30/meshes/aruco_tag_30.mtl
[0.669s] -- Up-to-date symlink: /home/edmund-munene/Documents/Programming-language-basics/Linux/Robotics/AConciseIntroductiontoRobotProgrammingwithROS2/bookros2_ws/install/br2_gazebo_worlds/share/br2_gazebo_worlds/models/aruco_tag_30/meshes/aruco_tag_30.obj
[0.669s] -- Up-to-date symlink: /home/edmund-munene/Documents/Programming-language-basics/Linux/Robotics/AConciseIntroductiontoRobotProgrammingwithROS2/bookros2_ws/install/br2_gazebo_worlds/share/br2_gazebo_worlds/models/aruco_tag_30/model.config
[0.669s] -- Up-to-date symlink: /home/edmund-munene/Documents/Programming-language-basics/Linux/Robotics/AConciseIntroductiontoRobotProgrammingwithROS2/bookros2_ws/install/br2_gazebo_worlds/share/br2_gazebo_worlds/models/aruco_tag_30/model.sdf
[0.669s] -- Up-to-date symlink: /home/edmund-munene/Documents/Programming-language-basics/Linux/Robotics/AConciseIntroductiontoRobotProgrammingwithROS2/bookros2_ws/install/br2_gazebo_worlds/share/br2_gazebo_worlds/models/aruco_tag_40/materials/textures/40.jpg
[0.670s] -- Up-to-date symlink: /home/edmund-munene/Documents/Programming-language-basics/Linux/Robotics/AConciseIntroductiontoRobotProgrammingwithROS2/bookros2_ws/install/br2_gazebo_worlds/share/br2_gazebo_worlds/models/aruco_tag_40/meshes/aruco_tag_40.mtl
[0.671s] -- Up-to-date symlink: /home/edmund-munene/Documents/Programming-language-basics/Linux/Robotics/AConciseIntroductiontoRobotProgrammingwithROS2/bookros2_ws/install/br2_gazebo_worlds/share/br2_gazebo_worlds/models/aruco_tag_40/meshes/aruco_tag_40.obj
[0.671s] -- Up-to-date symlink: /home/edmund-munene/Documents/Programming-language-basics/Linux/Robotics/AConciseIntroductiontoRobotProgrammingwithROS2/bookros2_ws/install/br2_gazebo_worlds/share/br2_gazebo_worlds/models/aruco_tag_40/model.config
[0.672s] -- Up-to-date symlink: /home/edmund-munene/Documents/Programming-language-basics/Linux/Robotics/AConciseIntroductiontoRobotProgrammingwithROS2/bookros2_ws/install/br2_gazebo_worlds/share/br2_gazebo_worlds/models/aruco_tag_40/model.sdf
[0.672s] -- Up-to-date symlink: /home/edmund-munene/Documents/Programming-language-basics/Linux/Robotics/AConciseIntroductiontoRobotProgrammingwithROS2/bookros2_ws/install/br2_gazebo_worlds/share/br2_gazebo_worlds/models/aruco_tag_50/materials/textures/50.jpg
[0.672s] -- Up-to-date symlink: /home/edmund-munene/Documents/Programming-language-basics/Linux/Robotics/AConciseIntroductiontoRobotProgrammingwithROS2/bookros2_ws/install/br2_gazebo_worlds/share/br2_gazebo_worlds/models/aruco_tag_50/meshes/aruco_tag_50.mtl
[0.672s] -- Up-to-date symlink: /home/edmund-munene/Documents/Programming-language-basics/Linux/Robotics/AConciseIntroductiontoRobotProgrammingwithROS2/bookros2_ws/install/br2_gazebo_worlds/share/br2_gazebo_worlds/models/aruco_tag_50/meshes/aruco_tag_50.obj
[0.673s] -- Up-to-date symlink: /home/edmund-munene/Documents/Programming-language-basics/Linux/Robotics/AConciseIntroductiontoRobotProgrammingwithROS2/bookros2_ws/install/br2_gazebo_worlds/share/br2_gazebo_worlds/models/aruco_tag_50/model.config
[0.673s] -- Up-to-date symlink: /home/edmund-munene/Documents/Programming-language-basics/Linux/Robotics/AConciseIntroductiontoRobotProgrammingwithROS2/bookros2_ws/install/br2_gazebo_worlds/share/br2_gazebo_worlds/models/aruco_tag_50/model.sdf
[0.673s] -- Up-to-date symlink: /home/edmund-munene/Documents/Programming-language-basics/Linux/Robotics/AConciseIntroductiontoRobotProgrammingwithROS2/bookros2_ws/install/br2_gazebo_worlds/share/br2_gazebo_worlds/models/aruco_tag_60/materials/textures/60.jpg
[0.673s] -- Up-to-date symlink: /home/edmund-munene/Documents/Programming-language-basics/Linux/Robotics/AConciseIntroductiontoRobotProgrammingwithROS2/bookros2_ws/install/br2_gazebo_worlds/share/br2_gazebo_worlds/models/aruco_tag_60/meshes/aruco_tag_60.mtl
[0.673s] -- Up-to-date symlink: /home/edmund-munene/Documents/Programming-language-basics/Linux/Robotics/AConciseIntroductiontoRobotProgrammingwithROS2/bookros2_ws/install/br2_gazebo_worlds/share/br2_gazebo_worlds/models/aruco_tag_60/meshes/aruco_tag_60.obj
[0.673s] -- Up-to-date symlink: /home/edmund-munene/Documents/Programming-language-basics/Linux/Robotics/AConciseIntroductiontoRobotProgrammingwithROS2/bookros2_ws/install/br2_gazebo_worlds/share/br2_gazebo_worlds/models/aruco_tag_60/model.config
[0.674s] -- Up-to-date symlink: /home/edmund-munene/Documents/Programming-language-basics/Linux/Robotics/AConciseIntroductiontoRobotProgrammingwithROS2/bookros2_ws/install/br2_gazebo_worlds/share/br2_gazebo_worlds/models/aruco_tag_60/model.sdf
[0.674s] -- Up-to-date symlink: /home/edmund-munene/Documents/Programming-language-basics/Linux/Robotics/AConciseIntroductiontoRobotProgrammingwithROS2/bookros2_ws/install/br2_gazebo_worlds/share/br2_gazebo_worlds/models/aruco_tag_70/materials/textures/70.jpg
[0.674s] -- Up-to-date symlink: /home/edmund-munene/Documents/Programming-language-basics/Linux/Robotics/AConciseIntroductiontoRobotProgrammingwithROS2/bookros2_ws/install/br2_gazebo_worlds/share/br2_gazebo_worlds/models/aruco_tag_70/meshes/aruco_tag_70.mtl
[0.674s] -- Up-to-date symlink: /home/edmund-munene/Documents/Programming-language-basics/Linux/Robotics/AConciseIntroductiontoRobotProgrammingwithROS2/bookros2_ws/install/br2_gazebo_worlds/share/br2_gazebo_worlds/models/aruco_tag_70/meshes/aruco_tag_70.obj
[0.674s] -- Up-to-date symlink: /home/edmund-munene/Documents/Programming-language-basics/Linux/Robotics/AConciseIntroductiontoRobotProgrammingwithROS2/bookros2_ws/install/br2_gazebo_worlds/share/br2_gazebo_worlds/models/aruco_tag_70/model.config
[0.675s] -- Up-to-date symlink: /home/edmund-munene/Documents/Programming-language-basics/Linux/Robotics/AConciseIntroductiontoRobotProgrammingwithROS2/bookros2_ws/install/br2_gazebo_worlds/share/br2_gazebo_worlds/models/aruco_tag_70/model.sdf
[0.675s] -- Up-to-date symlink: /home/edmund-munene/Documents/Programming-language-basics/Linux/Robotics/AConciseIntroductiontoRobotProgrammingwithROS2/bookros2_ws/install/br2_gazebo_worlds/share/br2_gazebo_worlds/models/aruco_tag_80/materials/textures/80.jpg
[0.675s] -- Up-to-date symlink: /home/edmund-munene/Documents/Programming-language-basics/Linux/Robotics/AConciseIntroductiontoRobotProgrammingwithROS2/bookros2_ws/install/br2_gazebo_worlds/share/br2_gazebo_worlds/models/aruco_tag_80/meshes/aruco_tag_80.mtl
[0.675s] -- Up-to-date symlink: /home/edmund-munene/Documents/Programming-language-basics/Linux/Robotics/AConciseIntroductiontoRobotProgrammingwithROS2/bookros2_ws/install/br2_gazebo_worlds/share/br2_gazebo_worlds/models/aruco_tag_80/meshes/aruco_tag_80.obj
[0.675s] -- Up-to-date symlink: /home/edmund-munene/Documents/Programming-language-basics/Linux/Robotics/AConciseIntroductiontoRobotProgrammingwithROS2/bookros2_ws/install/br2_gazebo_worlds/share/br2_gazebo_worlds/models/aruco_tag_80/model.config
[0.675s] -- Up-to-date symlink: /home/edmund-munene/Documents/Programming-language-basics/Linux/Robotics/AConciseIntroductiontoRobotProgrammingwithROS2/bookros2_ws/install/br2_gazebo_worlds/share/br2_gazebo_worlds/models/aruco_tag_80/model.sdf
[0.675s] -- Up-to-date symlink: /home/edmund-munene/Documents/Programming-language-basics/Linux/Robotics/AConciseIntroductiontoRobotProgrammingwithROS2/bookros2_ws/install/br2_gazebo_worlds/share/br2_gazebo_worlds/models/aruco_tag_90/materials/textures/90.jpg
[0.676s] -- Up-to-date symlink: /home/edmund-munene/Documents/Programming-language-basics/Linux/Robotics/AConciseIntroductiontoRobotProgrammingwithROS2/bookros2_ws/install/br2_gazebo_worlds/share/br2_gazebo_worlds/models/aruco_tag_90/meshes/aruco_tag_90.mtl
[0.676s] -- Up-to-date symlink: /home/edmund-munene/Documents/Programming-language-basics/Linux/Robotics/AConciseIntroductiontoRobotProgrammingwithROS2/bookros2_ws/install/br2_gazebo_worlds/share/br2_gazebo_worlds/models/aruco_tag_90/meshes/aruco_tag_90.obj
[0.676s] -- Up-to-date symlink: /home/edmund-munene/Documents/Programming-language-basics/Linux/Robotics/AConciseIntroductiontoRobotProgrammingwithROS2/bookros2_ws/install/br2_gazebo_worlds/share/br2_gazebo_worlds/models/aruco_tag_90/model.config
[0.676s] -- Up-to-date symlink: /home/edmund-munene/Documents/Programming-language-basics/Linux/Robotics/AConciseIntroductiontoRobotProgrammingwithROS2/bookros2_ws/install/br2_gazebo_worlds/share/br2_gazebo_worlds/models/aruco_tag_90/model.sdf
[0.676s] -- Up-to-date symlink: /home/edmund-munene/Documents/Programming-language-basics/Linux/Robotics/AConciseIntroductiontoRobotProgrammingwithROS2/bookros2_ws/install/br2_gazebo_worlds/share/br2_gazebo_worlds/models/aws_robomaker_residential_AirconditionerA_01/materials/textures/aws_AirconditionerA_01.png
[0.676s] -- Up-to-date symlink: /home/edmund-munene/Documents/Programming-language-basics/Linux/Robotics/AConciseIntroductiontoRobotProgrammingwithROS2/bookros2_ws/install/br2_gazebo_worlds/share/br2_gazebo_worlds/models/aws_robomaker_residential_AirconditionerA_01/meshes/aws_AirconditionerA_01_collision.DAE
[0.677s] -- Up-to-date symlink: /home/edmund-munene/Documents/Programming-language-basics/Linux/Robotics/AConciseIntroductiontoRobotProgrammingwithROS2/bookros2_ws/install/br2_gazebo_worlds/share/br2_gazebo_worlds/models/aws_robomaker_residential_AirconditionerA_01/meshes/aws_AirconditionerA_01_visual.DAE
[0.677s] -- Up-to-date symlink: /home/edmund-munene/Documents/Programming-language-basics/Linux/Robotics/AConciseIntroductiontoRobotProgrammingwithROS2/bookros2_ws/install/br2_gazebo_worlds/share/br2_gazebo_worlds/models/aws_robomaker_residential_AirconditionerA_01/model.config
[0.677s] -- Up-to-date symlink: /home/edmund-munene/Documents/Programming-language-basics/Linux/Robotics/AConciseIntroductiontoRobotProgrammingwithROS2/bookros2_ws/install/br2_gazebo_worlds/share/br2_gazebo_worlds/models/aws_robomaker_residential_AirconditionerA_01/model.sdf
[0.677s] -- Up-to-date symlink: /home/edmund-munene/Documents/Programming-language-basics/Linux/Robotics/AConciseIntroductiontoRobotProgrammingwithROS2/bookros2_ws/install/br2_gazebo_worlds/share/br2_gazebo_worlds/models/aws_robomaker_residential_AirconditionerB_01/materials/textures/aws_AirconditionerB_01.png
[0.677s] -- Up-to-date symlink: /home/edmund-munene/Documents/Programming-language-basics/Linux/Robotics/AConciseIntroductiontoRobotProgrammingwithROS2/bookros2_ws/install/br2_gazebo_worlds/share/br2_gazebo_worlds/models/aws_robomaker_residential_AirconditionerB_01/meshes/aws_AirconditionerB_01_collision.DAE
[0.677s] -- Up-to-date symlink: /home/edmund-munene/Documents/Programming-language-basics/Linux/Robotics/AConciseIntroductiontoRobotProgrammingwithROS2/bookros2_ws/install/br2_gazebo_worlds/share/br2_gazebo_worlds/models/aws_robomaker_residential_AirconditionerB_01/meshes/aws_AirconditionerB_01_visual.DAE
[0.677s] -- Up-to-date symlink: /home/edmund-munene/Documents/Programming-language-basics/Linux/Robotics/AConciseIntroductiontoRobotProgrammingwithROS2/bookros2_ws/install/br2_gazebo_worlds/share/br2_gazebo_worlds/models/aws_robomaker_residential_AirconditionerB_01/model.config
[0.678s] -- Up-to-date symlink: /home/edmund-munene/Documents/Programming-language-basics/Linux/Robotics/AConciseIntroductiontoRobotProgrammingwithROS2/bookros2_ws/install/br2_gazebo_worlds/share/br2_gazebo_worlds/models/aws_robomaker_residential_AirconditionerB_01/model.sdf
[0.678s] -- Up-to-date symlink: /home/edmund-munene/Documents/Programming-language-basics/Linux/Robotics/AConciseIntroductiontoRobotProgrammingwithROS2/bookros2_ws/install/br2_gazebo_worlds/share/br2_gazebo_worlds/models/aws_robomaker_residential_BalconyTable_01/materials/textures/aws_BalconyTable_01.png
[0.678s] -- Up-to-date symlink: /home/edmund-munene/Documents/Programming-language-basics/Linux/Robotics/AConciseIntroductiontoRobotProgrammingwithROS2/bookros2_ws/install/br2_gazebo_worlds/share/br2_gazebo_worlds/models/aws_robomaker_residential_BalconyTable_01/meshes/aws_BalconyTable_01_collision.DAE
[0.678s] -- Up-to-date symlink: /home/edmund-munene/Documents/Programming-language-basics/Linux/Robotics/AConciseIntroductiontoRobotProgrammingwithROS2/bookros2_ws/install/br2_gazebo_worlds/share/br2_gazebo_worlds/models/aws_robomaker_residential_BalconyTable_01/meshes/aws_BalconyTable_01_visual.DAE
[0.678s] -- Up-to-date symlink: /home/edmund-munene/Documents/Programming-language-basics/Linux/Robotics/AConciseIntroductiontoRobotProgrammingwithROS2/bookros2_ws/install/br2_gazebo_worlds/share/br2_gazebo_worlds/models/aws_robomaker_residential_BalconyTable_01/model.config
[0.678s] -- Up-to-date symlink: /home/edmund-munene/Documents/Programming-language-basics/Linux/Robotics/AConciseIntroductiontoRobotProgrammingwithROS2/bookros2_ws/install/br2_gazebo_worlds/share/br2_gazebo_worlds/models/aws_robomaker_residential_BalconyTable_01/model.sdf
[0.679s] -- Up-to-date symlink: /home/edmund-munene/Documents/Programming-language-basics/Linux/Robotics/AConciseIntroductiontoRobotProgrammingwithROS2/bookros2_ws/install/br2_gazebo_worlds/share/br2_gazebo_worlds/models/aws_robomaker_residential_Ball_01/materials/textures/aws_Ball_01.png
[0.679s] -- Up-to-date symlink: /home/edmund-munene/Documents/Programming-language-basics/Linux/Robotics/AConciseIntroductiontoRobotProgrammingwithROS2/bookros2_ws/install/br2_gazebo_worlds/share/br2_gazebo_worlds/models/aws_robomaker_residential_Ball_01/meshes/aws_Ball_01_collision.DAE
[0.679s] -- Up-to-date symlink: /home/edmund-munene/Documents/Programming-language-basics/Linux/Robotics/AConciseIntroductiontoRobotProgrammingwithROS2/bookros2_ws/install/br2_gazebo_worlds/share/br2_gazebo_worlds/models/aws_robomaker_residential_Ball_01/meshes/aws_Ball_01_visual.DAE
[0.679s] -- Up-to-date symlink: /home/edmund-munene/Documents/Programming-language-basics/Linux/Robotics/AConciseIntroductiontoRobotProgrammingwithROS2/bookros2_ws/install/br2_gazebo_worlds/share/br2_gazebo_worlds/models/aws_robomaker_residential_Ball_01/model.config
[0.679s] -- Up-to-date symlink: /home/edmund-munene/Documents/Programming-language-basics/Linux/Robotics/AConciseIntroductiontoRobotProgrammingwithROS2/bookros2_ws/install/br2_gazebo_worlds/share/br2_gazebo_worlds/models/aws_robomaker_residential_Ball_01/model.sdf
[0.679s] -- Up-to-date symlink: /home/edmund-munene/Documents/Programming-language-basics/Linux/Robotics/AConciseIntroductiontoRobotProgrammingwithROS2/bookros2_ws/install/br2_gazebo_worlds/share/br2_gazebo_worlds/models/aws_robomaker_residential_Bed_01/materials/textures/aws_BedA_01.png
[0.679s] -- Up-to-date symlink: /home/edmund-munene/Documents/Programming-language-basics/Linux/Robotics/AConciseIntroductiontoRobotProgrammingwithROS2/bookros2_ws/install/br2_gazebo_worlds/share/br2_gazebo_worlds/models/aws_robomaker_residential_Bed_01/materials/textures/aws_BedB_01.png
[0.679s] -- Up-to-date symlink: /home/edmund-munene/Documents/Programming-language-basics/Linux/Robotics/AConciseIntroductiontoRobotProgrammingwithROS2/bookros2_ws/install/br2_gazebo_worlds/share/br2_gazebo_worlds/models/aws_robomaker_residential_Bed_01/materials/textures/aws_BedC_01.png
[0.680s] -- Up-to-date symlink: /home/edmund-munene/Documents/Programming-language-basics/Linux/Robotics/AConciseIntroductiontoRobotProgrammingwithROS2/bookros2_ws/install/br2_gazebo_worlds/share/br2_gazebo_worlds/models/aws_robomaker_residential_Bed_01/materials/textures/aws_Bed_01.png
[0.680s] -- Up-to-date symlink: /home/edmund-munene/Documents/Programming-language-basics/Linux/Robotics/AConciseIntroductiontoRobotProgrammingwithROS2/bookros2_ws/install/br2_gazebo_worlds/share/br2_gazebo_worlds/models/aws_robomaker_residential_Bed_01/meshes/aws_Bed_01_collision.DAE
[0.680s] -- Up-to-date symlink: /home/edmund-munene/Documents/Programming-language-basics/Linux/Robotics/AConciseIntroductiontoRobotProgrammingwithROS2/bookros2_ws/install/br2_gazebo_worlds/share/br2_gazebo_worlds/models/aws_robomaker_residential_Bed_01/meshes/aws_Bed_01_visual.DAE
[0.680s] -- Up-to-date symlink: /home/edmund-munene/Documents/Programming-language-basics/Linux/Robotics/AConciseIntroductiontoRobotProgrammingwithROS2/bookros2_ws/install/br2_gazebo_worlds/share/br2_gazebo_worlds/models/aws_robomaker_residential_Bed_01/model.config
[0.680s] -- Up-to-date symlink: /home/edmund-munene/Documents/Programming-language-basics/Linux/Robotics/AConciseIntroductiontoRobotProgrammingwithROS2/bookros2_ws/install/br2_gazebo_worlds/share/br2_gazebo_worlds/models/aws_robomaker_residential_Bed_01/model.sdf
[0.680s] -- Up-to-date symlink: /home/edmund-munene/Documents/Programming-language-basics/Linux/Robotics/AConciseIntroductiontoRobotProgrammingwithROS2/bookros2_ws/install/br2_gazebo_worlds/share/br2_gazebo_worlds/models/aws_robomaker_residential_Board_01/materials/textures/aws_Board_01.png
[0.680s] -- Up-to-date symlink: /home/edmund-munene/Documents/Programming-language-basics/Linux/Robotics/AConciseIntroductiontoRobotProgrammingwithROS2/bookros2_ws/install/br2_gazebo_worlds/share/br2_gazebo_worlds/models/aws_robomaker_residential_Board_01/meshes/aws_Board_01_collision.DAE
[0.681s] -- Up-to-date symlink: /home/edmund-munene/Documents/Programming-language-basics/Linux/Robotics/AConciseIntroductiontoRobotProgrammingwithROS2/bookros2_ws/install/br2_gazebo_worlds/share/br2_gazebo_worlds/models/aws_robomaker_residential_Board_01/meshes/aws_Board_01_visual.DAE
[0.681s] -- Up-to-date symlink: /home/edmund-munene/Documents/Programming-language-basics/Linux/Robotics/AConciseIntroductiontoRobotProgrammingwithROS2/bookros2_ws/install/br2_gazebo_worlds/share/br2_gazebo_worlds/models/aws_robomaker_residential_Board_01/model.config
[0.681s] -- Up-to-date symlink: /home/edmund-munene/Documents/Programming-language-basics/Linux/Robotics/AConciseIntroductiontoRobotProgrammingwithROS2/bookros2_ws/install/br2_gazebo_worlds/share/br2_gazebo_worlds/models/aws_robomaker_residential_Board_01/model.sdf
[0.681s] -- Up-to-date symlink: /home/edmund-munene/Documents/Programming-language-basics/Linux/Robotics/AConciseIntroductiontoRobotProgrammingwithROS2/bookros2_ws/install/br2_gazebo_worlds/share/br2_gazebo_worlds/models/aws_robomaker_residential_Carpet_01/materials/textures/aws_Carpet_01.png
[0.681s] -- Up-to-date symlink: /home/edmund-munene/Documents/Programming-language-basics/Linux/Robotics/AConciseIntroductiontoRobotProgrammingwithROS2/bookros2_ws/install/br2_gazebo_worlds/share/br2_gazebo_worlds/models/aws_robomaker_residential_Carpet_01/meshes/aws_Carpet_01_collision.DAE
[0.682s] -- Up-to-date symlink: /home/edmund-munene/Documents/Programming-language-basics/Linux/Robotics/AConciseIntroductiontoRobotProgrammingwithROS2/bookros2_ws/install/br2_gazebo_worlds/share/br2_gazebo_worlds/models/aws_robomaker_residential_Carpet_01/meshes/aws_Carpet_01_visual.DAE
[0.682s] -- Up-to-date symlink: /home/edmund-munene/Documents/Programming-language-basics/Linux/Robotics/AConciseIntroductiontoRobotProgrammingwithROS2/bookros2_ws/install/br2_gazebo_worlds/share/br2_gazebo_worlds/models/aws_robomaker_residential_Carpet_01/model.config
[0.683s] -- Up-to-date symlink: /home/edmund-munene/Documents/Programming-language-basics/Linux/Robotics/AConciseIntroductiontoRobotProgrammingwithROS2/bookros2_ws/install/br2_gazebo_worlds/share/br2_gazebo_worlds/models/aws_robomaker_residential_Carpet_01/model.sdf
[0.683s] -- Up-to-date symlink: /home/edmund-munene/Documents/Programming-language-basics/Linux/Robotics/AConciseIntroductiontoRobotProgrammingwithROS2/bookros2_ws/install/br2_gazebo_worlds/share/br2_gazebo_worlds/models/aws_robomaker_residential_ChairA_01/materials/textures/aws_ChairA_01.png
[0.683s] -- Up-to-date symlink: /home/edmund-munene/Documents/Programming-language-basics/Linux/Robotics/AConciseIntroductiontoRobotProgrammingwithROS2/bookros2_ws/install/br2_gazebo_worlds/share/br2_gazebo_worlds/models/aws_robomaker_residential_ChairA_01/meshes/aws_ChairA_01_collision.DAE
[0.684s] -- Up-to-date symlink: /home/edmund-munene/Documents/Programming-language-basics/Linux/Robotics/AConciseIntroductiontoRobotProgrammingwithROS2/bookros2_ws/install/br2_gazebo_worlds/share/br2_gazebo_worlds/models/aws_robomaker_residential_ChairA_01/meshes/aws_ChairA_01_visual.DAE
[0.684s] -- Up-to-date symlink: /home/edmund-munene/Documents/Programming-language-basics/Linux/Robotics/AConciseIntroductiontoRobotProgrammingwithROS2/bookros2_ws/install/br2_gazebo_worlds/share/br2_gazebo_worlds/models/aws_robomaker_residential_ChairA_01/model.config
[0.684s] -- Up-to-date symlink: /home/edmund-munene/Documents/Programming-language-basics/Linux/Robotics/AConciseIntroductiontoRobotProgrammingwithROS2/bookros2_ws/install/br2_gazebo_worlds/share/br2_gazebo_worlds/models/aws_robomaker_residential_ChairA_01/model.sdf
[0.685s] -- Up-to-date symlink: /home/edmund-munene/Documents/Programming-language-basics/Linux/Robotics/AConciseIntroductiontoRobotProgrammingwithROS2/bookros2_ws/install/br2_gazebo_worlds/share/br2_gazebo_worlds/models/aws_robomaker_residential_ChairD_01/materials/textures/aws_ChairD_01.png
[0.685s] -- Up-to-date symlink: /home/edmund-munene/Documents/Programming-language-basics/Linux/Robotics/AConciseIntroductiontoRobotProgrammingwithROS2/bookros2_ws/install/br2_gazebo_worlds/share/br2_gazebo_worlds/models/aws_robomaker_residential_ChairD_01/meshes/aws_ChairD_01_collision.DAE
[0.685s] -- Up-to-date symlink: /home/edmund-munene/Documents/Programming-language-basics/Linux/Robotics/AConciseIntroductiontoRobotProgrammingwithROS2/bookros2_ws/install/br2_gazebo_worlds/share/br2_gazebo_worlds/models/aws_robomaker_residential_ChairD_01/meshes/aws_ChairD_01_visual.DAE
[0.685s] -- Up-to-date symlink: /home/edmund-munene/Documents/Programming-language-basics/Linux/Robotics/AConciseIntroductiontoRobotProgrammingwithROS2/bookros2_ws/install/br2_gazebo_worlds/share/br2_gazebo_worlds/models/aws_robomaker_residential_ChairD_01/model.config
[0.685s] -- Up-to-date symlink: /home/edmund-munene/Documents/Programming-language-basics/Linux/Robotics/AConciseIntroductiontoRobotProgrammingwithROS2/bookros2_ws/install/br2_gazebo_worlds/share/br2_gazebo_worlds/models/aws_robomaker_residential_ChairD_01/model.sdf
[0.685s] -- Up-to-date symlink: /home/edmund-munene/Documents/Programming-language-basics/Linux/Robotics/AConciseIntroductiontoRobotProgrammingwithROS2/bookros2_ws/install/br2_gazebo_worlds/share/br2_gazebo_worlds/models/aws_robomaker_residential_Chandelier_01/materials/textures/aws_Chandelier_01.png
[0.686s] -- Up-to-date symlink: /home/edmund-munene/Documents/Programming-language-basics/Linux/Robotics/AConciseIntroductiontoRobotProgrammingwithROS2/bookros2_ws/install/br2_gazebo_worlds/share/br2_gazebo_worlds/models/aws_robomaker_residential_Chandelier_01/meshes/aws_Chandelier_01.DAE
[0.686s] -- Up-to-date symlink: /home/edmund-munene/Documents/Programming-language-basics/Linux/Robotics/AConciseIntroductiontoRobotProgrammingwithROS2/bookros2_ws/install/br2_gazebo_worlds/share/br2_gazebo_worlds/models/aws_robomaker_residential_Chandelier_01/meshes/aws_Chandelier_01_collision.DAE
[0.686s] -- Up-to-date symlink: /home/edmund-munene/Documents/Programming-language-basics/Linux/Robotics/AConciseIntroductiontoRobotProgrammingwithROS2/bookros2_ws/install/br2_gazebo_worlds/share/br2_gazebo_worlds/models/aws_robomaker_residential_Chandelier_01/meshes/aws_Chandelier_01_visual.DAE
[0.686s] -- Up-to-date symlink: /home/edmund-munene/Documents/Programming-language-basics/Linux/Robotics/AConciseIntroductiontoRobotProgrammingwithROS2/bookros2_ws/install/br2_gazebo_worlds/share/br2_gazebo_worlds/models/aws_robomaker_residential_Chandelier_01/model.config
[0.686s] -- Up-to-date symlink: /home/edmund-munene/Documents/Programming-language-basics/Linux/Robotics/AConciseIntroductiontoRobotProgrammingwithROS2/bookros2_ws/install/br2_gazebo_worlds/share/br2_gazebo_worlds/models/aws_robomaker_residential_Chandelier_01/model.sdf
[0.686s] -- Up-to-date symlink: /home/edmund-munene/Documents/Programming-language-basics/Linux/Robotics/AConciseIntroductiontoRobotProgrammingwithROS2/bookros2_ws/install/br2_gazebo_worlds/share/br2_gazebo_worlds/models/aws_robomaker_residential_CoffeeTable_01/materials/textures/aws_CoffeeTable_01.png
[0.686s] -- Up-to-date symlink: /home/edmund-munene/Documents/Programming-language-basics/Linux/Robotics/AConciseIntroductiontoRobotProgrammingwithROS2/bookros2_ws/install/br2_gazebo_worlds/share/br2_gazebo_worlds/models/aws_robomaker_residential_CoffeeTable_01/meshes/aws_CoffeeTable_01_collision.DAE
[0.687s] -- Up-to-date symlink: /home/edmund-munene/Documents/Programming-language-basics/Linux/Robotics/AConciseIntroductiontoRobotProgrammingwithROS2/bookros2_ws/install/br2_gazebo_worlds/share/br2_gazebo_worlds/models/aws_robomaker_residential_CoffeeTable_01/meshes/aws_CoffeeTable_01_visual.DAE
[0.687s] -- Up-to-date symlink: /home/edmund-munene/Documents/Programming-language-basics/Linux/Robotics/AConciseIntroductiontoRobotProgrammingwithROS2/bookros2_ws/install/br2_gazebo_worlds/share/br2_gazebo_worlds/models/aws_robomaker_residential_CoffeeTable_01/model.config
[0.687s] -- Up-to-date symlink: /home/edmund-munene/Documents/Programming-language-basics/Linux/Robotics/AConciseIntroductiontoRobotProgrammingwithROS2/bookros2_ws/install/br2_gazebo_worlds/share/br2_gazebo_worlds/models/aws_robomaker_residential_CoffeeTable_01/model.sdf
[0.687s] -- Up-to-date symlink: /home/edmund-munene/Documents/Programming-language-basics/Linux/Robotics/AConciseIntroductiontoRobotProgrammingwithROS2/bookros2_ws/install/br2_gazebo_worlds/share/br2_gazebo_worlds/models/aws_robomaker_residential_CookingBench_01/materials/textures/aws_CookingBench_01.png
[0.687s] -- Up-to-date symlink: /home/edmund-munene/Documents/Programming-language-basics/Linux/Robotics/AConciseIntroductiontoRobotProgrammingwithROS2/bookros2_ws/install/br2_gazebo_worlds/share/br2_gazebo_worlds/models/aws_robomaker_residential_CookingBench_01/meshes/aws_CookingBench_01.DAE
[0.687s] -- Up-to-date symlink: /home/edmund-munene/Documents/Programming-language-basics/Linux/Robotics/AConciseIntroductiontoRobotProgrammingwithROS2/bookros2_ws/install/br2_gazebo_worlds/share/br2_gazebo_worlds/models/aws_robomaker_residential_CookingBench_01/meshes/aws_CookingBench_01_collision.DAE
[0.687s] -- Up-to-date symlink: /home/edmund-munene/Documents/Programming-language-basics/Linux/Robotics/AConciseIntroductiontoRobotProgrammingwithROS2/bookros2_ws/install/br2_gazebo_worlds/share/br2_gazebo_worlds/models/aws_robomaker_residential_CookingBench_01/meshes/aws_CookingBench_01_visual.DAE
[0.687s] -- Up-to-date symlink: /home/edmund-munene/Documents/Programming-language-basics/Linux/Robotics/AConciseIntroductiontoRobotProgrammingwithROS2/bookros2_ws/install/br2_gazebo_worlds/share/br2_gazebo_worlds/models/aws_robomaker_residential_CookingBench_01/model.config
[0.688s] -- Up-to-date symlink: /home/edmund-munene/Documents/Programming-language-basics/Linux/Robotics/AConciseIntroductiontoRobotProgrammingwithROS2/bookros2_ws/install/br2_gazebo_worlds/share/br2_gazebo_worlds/models/aws_robomaker_residential_CookingBench_01/model.sdf
[0.688s] -- Up-to-date symlink: /home/edmund-munene/Documents/Programming-language-basics/Linux/Robotics/AConciseIntroductiontoRobotProgrammingwithROS2/bookros2_ws/install/br2_gazebo_worlds/share/br2_gazebo_worlds/models/aws_robomaker_residential_Curtain_01/materials/textures/aws_Curtain_01.png
[0.688s] -- Up-to-date symlink: /home/edmund-munene/Documents/Programming-language-basics/Linux/Robotics/AConciseIntroductiontoRobotProgrammingwithROS2/bookros2_ws/install/br2_gazebo_worlds/share/br2_gazebo_worlds/models/aws_robomaker_residential_Curtain_01/meshes/aws_Curtain_01_collision.DAE
[0.688s] -- Up-to-date symlink: /home/edmund-munene/Documents/Programming-language-basics/Linux/Robotics/AConciseIntroductiontoRobotProgrammingwithROS2/bookros2_ws/install/br2_gazebo_worlds/share/br2_gazebo_worlds/models/aws_robomaker_residential_Curtain_01/meshes/aws_Curtain_01_visual.DAE
[0.688s] -- Up-to-date symlink: /home/edmund-munene/Documents/Programming-language-basics/Linux/Robotics/AConciseIntroductiontoRobotProgrammingwithROS2/bookros2_ws/install/br2_gazebo_worlds/share/br2_gazebo_worlds/models/aws_robomaker_residential_Curtain_01/model.config
[0.689s] -- Up-to-date symlink: /home/edmund-munene/Documents/Programming-language-basics/Linux/Robotics/AConciseIntroductiontoRobotProgrammingwithROS2/bookros2_ws/install/br2_gazebo_worlds/share/br2_gazebo_worlds/models/aws_robomaker_residential_Curtain_01/model.sdf
[0.689s] -- Up-to-date symlink: /home/edmund-munene/Documents/Programming-language-basics/Linux/Robotics/AConciseIntroductiontoRobotProgrammingwithROS2/bookros2_ws/install/br2_gazebo_worlds/share/br2_gazebo_worlds/models/aws_robomaker_residential_DeskPortraitA_01/materials/textures/DeskPortraitA_01.jpg
[0.689s] -- Up-to-date symlink: /home/edmund-munene/Documents/Programming-language-basics/Linux/Robotics/AConciseIntroductiontoRobotProgrammingwithROS2/bookros2_ws/install/br2_gazebo_worlds/share/br2_gazebo_worlds/models/aws_robomaker_residential_DeskPortraitA_01/materials/textures/aws_DeskPortraitA_01.png
[0.689s] -- Up-to-date symlink: /home/edmund-munene/Documents/Programming-language-basics/Linux/Robotics/AConciseIntroductiontoRobotProgrammingwithROS2/bookros2_ws/install/br2_gazebo_worlds/share/br2_gazebo_worlds/models/aws_robomaker_residential_DeskPortraitA_01/materials/textures/aws_DeskPortraitA_02.png
[0.689s] -- Up-to-date symlink: /home/edmund-munene/Documents/Programming-language-basics/Linux/Robotics/AConciseIntroductiontoRobotProgrammingwithROS2/bookros2_ws/install/br2_gazebo_worlds/share/br2_gazebo_worlds/models/aws_robomaker_residential_DeskPortraitA_01/meshes/aws_DeskPortraitA_01_collision.DAE
[0.690s] -- Up-to-date symlink: /home/edmund-munene/Documents/Programming-language-basics/Linux/Robotics/AConciseIntroductiontoRobotProgrammingwithROS2/bookros2_ws/install/br2_gazebo_worlds/share/br2_gazebo_worlds/models/aws_robomaker_residential_DeskPortraitA_01/meshes/aws_DeskPortraitA_01_visual.DAE
[0.690s] -- Up-to-date symlink: /home/edmund-munene/Documents/Programming-language-basics/Linux/Robotics/AConciseIntroductiontoRobotProgrammingwithROS2/bookros2_ws/install/br2_gazebo_worlds/share/br2_gazebo_worlds/models/aws_robomaker_residential_DeskPortraitA_01/model.config
[0.690s] -- Up-to-date symlink: /home/edmund-munene/Documents/Programming-language-basics/Linux/Robotics/AConciseIntroductiontoRobotProgrammingwithROS2/bookros2_ws/install/br2_gazebo_worlds/share/br2_gazebo_worlds/models/aws_robomaker_residential_DeskPortraitA_01/model.sdf
[0.690s] -- Up-to-date symlink: /home/edmund-munene/Documents/Programming-language-basics/Linux/Robotics/AConciseIntroductiontoRobotProgrammingwithROS2/bookros2_ws/install/br2_gazebo_worlds/share/br2_gazebo_worlds/models/aws_robomaker_residential_DeskPortraitA_02/materials/textures/DeskPortraitA_02.jpg
[0.690s] -- Up-to-date symlink: /home/edmund-munene/Documents/Programming-language-basics/Linux/Robotics/AConciseIntroductiontoRobotProgrammingwithROS2/bookros2_ws/install/br2_gazebo_worlds/share/br2_gazebo_worlds/models/aws_robomaker_residential_DeskPortraitA_02/materials/textures/aws_DeskPortraitA_01.png
[0.690s] -- Up-to-date symlink: /home/edmund-munene/Documents/Programming-language-basics/Linux/Robotics/AConciseIntroductiontoRobotProgrammingwithROS2/bookros2_ws/install/br2_gazebo_worlds/share/br2_gazebo_worlds/models/aws_robomaker_residential_DeskPortraitA_02/materials/textures/aws_DeskPortraitA_02.png
[0.690s] -- Up-to-date symlink: /home/edmund-munene/Documents/Programming-language-basics/Linux/Robotics/AConciseIntroductiontoRobotProgrammingwithROS2/bookros2_ws/install/br2_gazebo_worlds/share/br2_gazebo_worlds/models/aws_robomaker_residential_DeskPortraitA_02/meshes/aws_DeskPortraitA_01_collision.DAE
[0.691s] -- Up-to-date symlink: /home/edmund-munene/Documents/Programming-language-basics/Linux/Robotics/AConciseIntroductiontoRobotProgrammingwithROS2/bookros2_ws/install/br2_gazebo_worlds/share/br2_gazebo_worlds/models/aws_robomaker_residential_DeskPortraitA_02/meshes/aws_DeskPortraitA_01_visual.DAE
[0.691s] -- Up-to-date symlink: /home/edmund-munene/Documents/Programming-language-basics/Linux/Robotics/AConciseIntroductiontoRobotProgrammingwithROS2/bookros2_ws/install/br2_gazebo_worlds/share/br2_gazebo_worlds/models/aws_robomaker_residential_DeskPortraitA_02/model.config
[0.691s] -- Up-to-date symlink: /home/edmund-munene/Documents/Programming-language-basics/Linux/Robotics/AConciseIntroductiontoRobotProgrammingwithROS2/bookros2_ws/install/br2_gazebo_worlds/share/br2_gazebo_worlds/models/aws_robomaker_residential_DeskPortraitA_02/model.sdf
[0.692s] -- Up-to-date symlink: /home/edmund-munene/Documents/Programming-language-basics/Linux/Robotics/AConciseIntroductiontoRobotProgrammingwithROS2/bookros2_ws/install/br2_gazebo_worlds/share/br2_gazebo_worlds/models/aws_robomaker_residential_DeskPortraitB_01/materials/textures/DeskPortraitB_01.jpg
[0.692s] -- Up-to-date symlink: /home/edmund-munene/Documents/Programming-language-basics/Linux/Robotics/AConciseIntroductiontoRobotProgrammingwithROS2/bookros2_ws/install/br2_gazebo_worlds/share/br2_gazebo_worlds/models/aws_robomaker_residential_DeskPortraitB_01/materials/textures/aws_DeskPortraitB_01.png
[0.692s] -- Up-to-date symlink: /home/edmund-munene/Documents/Programming-language-basics/Linux/Robotics/AConciseIntroductiontoRobotProgrammingwithROS2/bookros2_ws/install/br2_gazebo_worlds/share/br2_gazebo_worlds/models/aws_robomaker_residential_DeskPortraitB_01/materials/textures/aws_DeskPortraitB_02.png
[0.692s] -- Up-to-date symlink: /home/edmund-munene/Documents/Programming-language-basics/Linux/Robotics/AConciseIntroductiontoRobotProgrammingwithROS2/bookros2_ws/install/br2_gazebo_worlds/share/br2_gazebo_worlds/models/aws_robomaker_residential_DeskPortraitB_01/meshes/aws_DeskPortraitB_01_collision.DAE
[0.693s] -- Up-to-date symlink: /home/edmund-munene/Documents/Programming-language-basics/Linux/Robotics/AConciseIntroductiontoRobotProgrammingwithROS2/bookros2_ws/install/br2_gazebo_worlds/share/br2_gazebo_worlds/models/aws_robomaker_residential_DeskPortraitB_01/meshes/aws_DeskPortraitB_01_visual.DAE
[0.693s] -- Up-to-date symlink: /home/edmund-munene/Documents/Programming-language-basics/Linux/Robotics/AConciseIntroductiontoRobotProgrammingwithROS2/bookros2_ws/install/br2_gazebo_worlds/share/br2_gazebo_worlds/models/aws_robomaker_residential_DeskPortraitB_01/model.config
[0.693s] -- Up-to-date symlink: /home/edmund-munene/Documents/Programming-language-basics/Linux/Robotics/AConciseIntroductiontoRobotProgrammingwithROS2/bookros2_ws/install/br2_gazebo_worlds/share/br2_gazebo_worlds/models/aws_robomaker_residential_DeskPortraitB_01/model.sdf
[0.694s] -- Up-to-date symlink: /home/edmund-munene/Documents/Programming-language-basics/Linux/Robotics/AConciseIntroductiontoRobotProgrammingwithROS2/bookros2_ws/install/br2_gazebo_worlds/share/br2_gazebo_worlds/models/aws_robomaker_residential_DeskPortraitB_02/materials/textures/DeskPortraitB_02.jpg
[0.695s] -- Up-to-date symlink: /home/edmund-munene/Documents/Programming-language-basics/Linux/Robotics/AConciseIntroductiontoRobotProgrammingwithROS2/bookros2_ws/install/br2_gazebo_worlds/share/br2_gazebo_worlds/models/aws_robomaker_residential_DeskPortraitB_02/materials/textures/aws_DeskPortraitB_01.png
[0.695s] -- Up-to-date symlink: /home/edmund-munene/Documents/Programming-language-basics/Linux/Robotics/AConciseIntroductiontoRobotProgrammingwithROS2/bookros2_ws/install/br2_gazebo_worlds/share/br2_gazebo_worlds/models/aws_robomaker_residential_DeskPortraitB_02/materials/textures/aws_DeskPortraitB_02.png
[0.695s] -- Up-to-date symlink: /home/edmund-munene/Documents/Programming-language-basics/Linux/Robotics/AConciseIntroductiontoRobotProgrammingwithROS2/bookros2_ws/install/br2_gazebo_worlds/share/br2_gazebo_worlds/models/aws_robomaker_residential_DeskPortraitB_02/meshes/aws_DeskPortraitB_01_collision.DAE
[0.696s] -- Up-to-date symlink: /home/edmund-munene/Documents/Programming-language-basics/Linux/Robotics/AConciseIntroductiontoRobotProgrammingwithROS2/bookros2_ws/install/br2_gazebo_worlds/share/br2_gazebo_worlds/models/aws_robomaker_residential_DeskPortraitB_02/meshes/aws_DeskPortraitB_01_visual.DAE
[0.696s] -- Up-to-date symlink: /home/edmund-munene/Documents/Programming-language-basics/Linux/Robotics/AConciseIntroductiontoRobotProgrammingwithROS2/bookros2_ws/install/br2_gazebo_worlds/share/br2_gazebo_worlds/models/aws_robomaker_residential_DeskPortraitB_02/model.config
[0.696s] -- Up-to-date symlink: /home/edmund-munene/Documents/Programming-language-basics/Linux/Robotics/AConciseIntroductiontoRobotProgrammingwithROS2/bookros2_ws/install/br2_gazebo_worlds/share/br2_gazebo_worlds/models/aws_robomaker_residential_DeskPortraitB_02/model.sdf
[0.697s] -- Up-to-date symlink: /home/edmund-munene/Documents/Programming-language-basics/Linux/Robotics/AConciseIntroductiontoRobotProgrammingwithROS2/bookros2_ws/install/br2_gazebo_worlds/share/br2_gazebo_worlds/models/aws_robomaker_residential_DeskPortraitC_01/materials/textures/DeskPortraitC_01.jpg
[0.697s] -- Up-to-date symlink: /home/edmund-munene/Documents/Programming-language-basics/Linux/Robotics/AConciseIntroductiontoRobotProgrammingwithROS2/bookros2_ws/install/br2_gazebo_worlds/share/br2_gazebo_worlds/models/aws_robomaker_residential_DeskPortraitC_01/materials/textures/aws_DeskPortraitC_01.png
[0.697s] -- Up-to-date symlink: /home/edmund-munene/Documents/Programming-language-basics/Linux/Robotics/AConciseIntroductiontoRobotProgrammingwithROS2/bookros2_ws/install/br2_gazebo_worlds/share/br2_gazebo_worlds/models/aws_robomaker_residential_DeskPortraitC_01/materials/textures/aws_DeskPortraitC_02.png
[0.697s] -- Up-to-date symlink: /home/edmund-munene/Documents/Programming-language-basics/Linux/Robotics/AConciseIntroductiontoRobotProgrammingwithROS2/bookros2_ws/install/br2_gazebo_worlds/share/br2_gazebo_worlds/models/aws_robomaker_residential_DeskPortraitC_01/meshes/aws_DeskPortraitC_01_collision.DAE
[0.697s] -- Up-to-date symlink: /home/edmund-munene/Documents/Programming-language-basics/Linux/Robotics/AConciseIntroductiontoRobotProgrammingwithROS2/bookros2_ws/install/br2_gazebo_worlds/share/br2_gazebo_worlds/models/aws_robomaker_residential_DeskPortraitC_01/meshes/aws_DeskPortraitC_01_visual.DAE
[0.697s] -- Up-to-date symlink: /home/edmund-munene/Documents/Programming-language-basics/Linux/Robotics/AConciseIntroductiontoRobotProgrammingwithROS2/bookros2_ws/install/br2_gazebo_worlds/share/br2_gazebo_worlds/models/aws_robomaker_residential_DeskPortraitC_01/model.config
[0.697s] -- Up-to-date symlink: /home/edmund-munene/Documents/Programming-language-basics/Linux/Robotics/AConciseIntroductiontoRobotProgrammingwithROS2/bookros2_ws/install/br2_gazebo_worlds/share/br2_gazebo_worlds/models/aws_robomaker_residential_DeskPortraitC_01/model.sdf
[0.697s] -- Up-to-date symlink: /home/edmund-munene/Documents/Programming-language-basics/Linux/Robotics/AConciseIntroductiontoRobotProgrammingwithROS2/bookros2_ws/install/br2_gazebo_worlds/share/br2_gazebo_worlds/models/aws_robomaker_residential_DeskPortraitC_02/materials/textures/DeskPortraitC_02.jpg
[0.698s] -- Up-to-date symlink: /home/edmund-munene/Documents/Programming-language-basics/Linux/Robotics/AConciseIntroductiontoRobotProgrammingwithROS2/bookros2_ws/install/br2_gazebo_worlds/share/br2_gazebo_worlds/models/aws_robomaker_residential_DeskPortraitC_02/materials/textures/aws_DeskPortraitC_01.png
[0.698s] -- Up-to-date symlink: /home/edmund-munene/Documents/Programming-language-basics/Linux/Robotics/AConciseIntroductiontoRobotProgrammingwithROS2/bookros2_ws/install/br2_gazebo_worlds/share/br2_gazebo_worlds/models/aws_robomaker_residential_DeskPortraitC_02/materials/textures/aws_DeskPortraitC_02.png
[0.698s] -- Up-to-date symlink: /home/edmund-munene/Documents/Programming-language-basics/Linux/Robotics/AConciseIntroductiontoRobotProgrammingwithROS2/bookros2_ws/install/br2_gazebo_worlds/share/br2_gazebo_worlds/models/aws_robomaker_residential_DeskPortraitC_02/meshes/aws_DeskPortraitC_01_collision.DAE
[0.698s] -- Up-to-date symlink: /home/edmund-munene/Documents/Programming-language-basics/Linux/Robotics/AConciseIntroductiontoRobotProgrammingwithROS2/bookros2_ws/install/br2_gazebo_worlds/share/br2_gazebo_worlds/models/aws_robomaker_residential_DeskPortraitC_02/meshes/aws_DeskPortraitC_01_visual.DAE
[0.699s] -- Up-to-date symlink: /home/edmund-munene/Documents/Programming-language-basics/Linux/Robotics/AConciseIntroductiontoRobotProgrammingwithROS2/bookros2_ws/install/br2_gazebo_worlds/share/br2_gazebo_worlds/models/aws_robomaker_residential_DeskPortraitC_02/model.config
[0.699s] -- Up-to-date symlink: /home/edmund-munene/Documents/Programming-language-basics/Linux/Robotics/AConciseIntroductiontoRobotProgrammingwithROS2/bookros2_ws/install/br2_gazebo_worlds/share/br2_gazebo_worlds/models/aws_robomaker_residential_DeskPortraitC_02/model.sdf
[0.699s] -- Up-to-date symlink: /home/edmund-munene/Documents/Programming-language-basics/Linux/Robotics/AConciseIntroductiontoRobotProgrammingwithROS2/bookros2_ws/install/br2_gazebo_worlds/share/br2_gazebo_worlds/models/aws_robomaker_residential_DeskPortraitD_01/materials/textures/DeskPortraitD_01.jpg
[0.699s] -- Up-to-date symlink: /home/edmund-munene/Documents/Programming-language-basics/Linux/Robotics/AConciseIntroductiontoRobotProgrammingwithROS2/bookros2_ws/install/br2_gazebo_worlds/share/br2_gazebo_worlds/models/aws_robomaker_residential_DeskPortraitD_01/materials/textures/aws_DeskPortraitD_01.png
[0.700s] -- Up-to-date symlink: /home/edmund-munene/Documents/Programming-language-basics/Linux/Robotics/AConciseIntroductiontoRobotProgrammingwithROS2/bookros2_ws/install/br2_gazebo_worlds/share/br2_gazebo_worlds/models/aws_robomaker_residential_DeskPortraitD_01/materials/textures/aws_DeskPortraitD_02.png
[0.700s] -- Up-to-date symlink: /home/edmund-munene/Documents/Programming-language-basics/Linux/Robotics/AConciseIntroductiontoRobotProgrammingwithROS2/bookros2_ws/install/br2_gazebo_worlds/share/br2_gazebo_worlds/models/aws_robomaker_residential_DeskPortraitD_01/meshes/aws_DeskPortraitD_01_collision.DAE
[0.700s] -- Up-to-date symlink: /home/edmund-munene/Documents/Programming-language-basics/Linux/Robotics/AConciseIntroductiontoRobotProgrammingwithROS2/bookros2_ws/install/br2_gazebo_worlds/share/br2_gazebo_worlds/models/aws_robomaker_residential_DeskPortraitD_01/meshes/aws_DeskPortraitD_01_visual.DAE
[0.700s] -- Up-to-date symlink: /home/edmund-munene/Documents/Programming-language-basics/Linux/Robotics/AConciseIntroductiontoRobotProgrammingwithROS2/bookros2_ws/install/br2_gazebo_worlds/share/br2_gazebo_worlds/models/aws_robomaker_residential_DeskPortraitD_01/model.config
[0.700s] -- Up-to-date symlink: /home/edmund-munene/Documents/Programming-language-basics/Linux/Robotics/AConciseIntroductiontoRobotProgrammingwithROS2/bookros2_ws/install/br2_gazebo_worlds/share/br2_gazebo_worlds/models/aws_robomaker_residential_DeskPortraitD_01/model.sdf
[0.700s] -- Up-to-date symlink: /home/edmund-munene/Documents/Programming-language-basics/Linux/Robotics/AConciseIntroductiontoRobotProgrammingwithROS2/bookros2_ws/install/br2_gazebo_worlds/share/br2_gazebo_worlds/models/aws_robomaker_residential_DeskPortraitD_02/materials/textures/DeskPortraitD_02.jpg
[0.700s] -- Up-to-date symlink: /home/edmund-munene/Documents/Programming-language-basics/Linux/Robotics/AConciseIntroductiontoRobotProgrammingwithROS2/bookros2_ws/install/br2_gazebo_worlds/share/br2_gazebo_worlds/models/aws_robomaker_residential_DeskPortraitD_02/materials/textures/aws_DeskPortraitD_01.png
[0.701s] -- Up-to-date symlink: /home/edmund-munene/Documents/Programming-language-basics/Linux/Robotics/AConciseIntroductiontoRobotProgrammingwithROS2/bookros2_ws/install/br2_gazebo_worlds/share/br2_gazebo_worlds/models/aws_robomaker_residential_DeskPortraitD_02/materials/textures/aws_DeskPortraitD_02.png
[0.701s] -- Up-to-date symlink: /home/edmund-munene/Documents/Programming-language-basics/Linux/Robotics/AConciseIntroductiontoRobotProgrammingwithROS2/bookros2_ws/install/br2_gazebo_worlds/share/br2_gazebo_worlds/models/aws_robomaker_residential_DeskPortraitD_02/meshes/aws_DeskPortraitD_01_collision.DAE
[0.701s] -- Up-to-date symlink: /home/edmund-munene/Documents/Programming-language-basics/Linux/Robotics/AConciseIntroductiontoRobotProgrammingwithROS2/bookros2_ws/install/br2_gazebo_worlds/share/br2_gazebo_worlds/models/aws_robomaker_residential_DeskPortraitD_02/meshes/aws_DeskPortraitD_01_visual.DAE
[0.702s] -- Up-to-date symlink: /home/edmund-munene/Documents/Programming-language-basics/Linux/Robotics/AConciseIntroductiontoRobotProgrammingwithROS2/bookros2_ws/install/br2_gazebo_worlds/share/br2_gazebo_worlds/models/aws_robomaker_residential_DeskPortraitD_02/model.config
[0.702s] -- Up-to-date symlink: /home/edmund-munene/Documents/Programming-language-basics/Linux/Robotics/AConciseIntroductiontoRobotProgrammingwithROS2/bookros2_ws/install/br2_gazebo_worlds/share/br2_gazebo_worlds/models/aws_robomaker_residential_DeskPortraitD_02/model.sdf
[0.703s] -- Up-to-date symlink: /home/edmund-munene/Documents/Programming-language-basics/Linux/Robotics/AConciseIntroductiontoRobotProgrammingwithROS2/bookros2_ws/install/br2_gazebo_worlds/share/br2_gazebo_worlds/models/aws_robomaker_residential_DeskPortraitD_03/materials/textures/DeskPortraitD_03.jpg
[0.704s] -- Up-to-date symlink: /home/edmund-munene/Documents/Programming-language-basics/Linux/Robotics/AConciseIntroductiontoRobotProgrammingwithROS2/bookros2_ws/install/br2_gazebo_worlds/share/br2_gazebo_worlds/models/aws_robomaker_residential_DeskPortraitD_03/materials/textures/aws_DeskPortraitD_01.png
[0.705s] -- Up-to-date symlink: /home/edmund-munene/Documents/Programming-language-basics/Linux/Robotics/AConciseIntroductiontoRobotProgrammingwithROS2/bookros2_ws/install/br2_gazebo_worlds/share/br2_gazebo_worlds/models/aws_robomaker_residential_DeskPortraitD_03/materials/textures/aws_DeskPortraitD_02.png
[0.705s] -- Up-to-date symlink: /home/edmund-munene/Documents/Programming-language-basics/Linux/Robotics/AConciseIntroductiontoRobotProgrammingwithROS2/bookros2_ws/install/br2_gazebo_worlds/share/br2_gazebo_worlds/models/aws_robomaker_residential_DeskPortraitD_03/meshes/aws_DeskPortraitD_01_collision.DAE
[0.706s] -- Up-to-date symlink: /home/edmund-munene/Documents/Programming-language-basics/Linux/Robotics/AConciseIntroductiontoRobotProgrammingwithROS2/bookros2_ws/install/br2_gazebo_worlds/share/br2_gazebo_worlds/models/aws_robomaker_residential_DeskPortraitD_03/meshes/aws_DeskPortraitD_01_visual.DAE
[0.706s] -- Up-to-date symlink: /home/edmund-munene/Documents/Programming-language-basics/Linux/Robotics/AConciseIntroductiontoRobotProgrammingwithROS2/bookros2_ws/install/br2_gazebo_worlds/share/br2_gazebo_worlds/models/aws_robomaker_residential_DeskPortraitD_03/model.config
[0.707s] -- Up-to-date symlink: /home/edmund-munene/Documents/Programming-language-basics/Linux/Robotics/AConciseIntroductiontoRobotProgrammingwithROS2/bookros2_ws/install/br2_gazebo_worlds/share/br2_gazebo_worlds/models/aws_robomaker_residential_DeskPortraitD_03/model.sdf
[0.707s] -- Up-to-date symlink: /home/edmund-munene/Documents/Programming-language-basics/Linux/Robotics/AConciseIntroductiontoRobotProgrammingwithROS2/bookros2_ws/install/br2_gazebo_worlds/share/br2_gazebo_worlds/models/aws_robomaker_residential_DeskPortraitD_04/materials/textures/DeskPortraitD_04.jpg
[0.707s] -- Up-to-date symlink: /home/edmund-munene/Documents/Programming-language-basics/Linux/Robotics/AConciseIntroductiontoRobotProgrammingwithROS2/bookros2_ws/install/br2_gazebo_worlds/share/br2_gazebo_worlds/models/aws_robomaker_residential_DeskPortraitD_04/materials/textures/aws_DeskPortraitD_01.png
[0.707s] -- Up-to-date symlink: /home/edmund-munene/Documents/Programming-language-basics/Linux/Robotics/AConciseIntroductiontoRobotProgrammingwithROS2/bookros2_ws/install/br2_gazebo_worlds/share/br2_gazebo_worlds/models/aws_robomaker_residential_DeskPortraitD_04/materials/textures/aws_DeskPortraitD_02.png
[0.707s] -- Up-to-date symlink: /home/edmund-munene/Documents/Programming-language-basics/Linux/Robotics/AConciseIntroductiontoRobotProgrammingwithROS2/bookros2_ws/install/br2_gazebo_worlds/share/br2_gazebo_worlds/models/aws_robomaker_residential_DeskPortraitD_04/meshes/aws_DeskPortraitD_01_collision.DAE
[0.707s] -- Up-to-date symlink: /home/edmund-munene/Documents/Programming-language-basics/Linux/Robotics/AConciseIntroductiontoRobotProgrammingwithROS2/bookros2_ws/install/br2_gazebo_worlds/share/br2_gazebo_worlds/models/aws_robomaker_residential_DeskPortraitD_04/meshes/aws_DeskPortraitD_01_visual.DAE
[0.708s] -- Up-to-date symlink: /home/edmund-munene/Documents/Programming-language-basics/Linux/Robotics/AConciseIntroductiontoRobotProgrammingwithROS2/bookros2_ws/install/br2_gazebo_worlds/share/br2_gazebo_worlds/models/aws_robomaker_residential_DeskPortraitD_04/model.config
[0.708s] -- Up-to-date symlink: /home/edmund-munene/Documents/Programming-language-basics/Linux/Robotics/AConciseIntroductiontoRobotProgrammingwithROS2/bookros2_ws/install/br2_gazebo_worlds/share/br2_gazebo_worlds/models/aws_robomaker_residential_DeskPortraitD_04/model.sdf
[0.708s] -- Up-to-date symlink: /home/edmund-munene/Documents/Programming-language-basics/Linux/Robotics/AConciseIntroductiontoRobotProgrammingwithROS2/bookros2_ws/install/br2_gazebo_worlds/share/br2_gazebo_worlds/models/aws_robomaker_residential_Door_01/materials/textures/aws_Door_01.png
[0.709s] -- Up-to-date symlink: /home/edmund-munene/Documents/Programming-language-basics/Linux/Robotics/AConciseIntroductiontoRobotProgrammingwithROS2/bookros2_ws/install/br2_gazebo_worlds/share/br2_gazebo_worlds/models/aws_robomaker_residential_Door_01/meshes/aws_Door_01_collision.DAE
[0.709s] -- Up-to-date symlink: /home/edmund-munene/Documents/Programming-language-basics/Linux/Robotics/AConciseIntroductiontoRobotProgrammingwithROS2/bookros2_ws/install/br2_gazebo_worlds/share/br2_gazebo_worlds/models/aws_robomaker_residential_Door_01/meshes/aws_Door_01_visual.DAE
[0.709s] -- Up-to-date symlink: /home/edmund-munene/Documents/Programming-language-basics/Linux/Robotics/AConciseIntroductiontoRobotProgrammingwithROS2/bookros2_ws/install/br2_gazebo_worlds/share/br2_gazebo_worlds/models/aws_robomaker_residential_Door_01/model.config
[0.709s] -- Up-to-date symlink: /home/edmund-munene/Documents/Programming-language-basics/Linux/Robotics/AConciseIntroductiontoRobotProgrammingwithROS2/bookros2_ws/install/br2_gazebo_worlds/share/br2_gazebo_worlds/models/aws_robomaker_residential_Door_01/model.sdf
[0.709s] -- Up-to-date symlink: /home/edmund-munene/Documents/Programming-language-basics/Linux/Robotics/AConciseIntroductiontoRobotProgrammingwithROS2/bookros2_ws/install/br2_gazebo_worlds/share/br2_gazebo_worlds/models/aws_robomaker_residential_Dumbbell_01/materials/textures/aws_Dumbbell_01.png
[0.709s] -- Up-to-date symlink: /home/edmund-munene/Documents/Programming-language-basics/Linux/Robotics/AConciseIntroductiontoRobotProgrammingwithROS2/bookros2_ws/install/br2_gazebo_worlds/share/br2_gazebo_worlds/models/aws_robomaker_residential_Dumbbell_01/meshes/aws_Dumbbell_01_collision.DAE
[0.709s] -- Up-to-date symlink: /home/edmund-munene/Documents/Programming-language-basics/Linux/Robotics/AConciseIntroductiontoRobotProgrammingwithROS2/bookros2_ws/install/br2_gazebo_worlds/share/br2_gazebo_worlds/models/aws_robomaker_residential_Dumbbell_01/meshes/aws_Dumbbell_01_visual.DAE
[0.710s] -- Up-to-date symlink: /home/edmund-munene/Documents/Programming-language-basics/Linux/Robotics/AConciseIntroductiontoRobotProgrammingwithROS2/bookros2_ws/install/br2_gazebo_worlds/share/br2_gazebo_worlds/models/aws_robomaker_residential_Dumbbell_01/model.config
[0.710s] -- Up-to-date symlink: /home/edmund-munene/Documents/Programming-language-basics/Linux/Robotics/AConciseIntroductiontoRobotProgrammingwithROS2/bookros2_ws/install/br2_gazebo_worlds/share/br2_gazebo_worlds/models/aws_robomaker_residential_Dumbbell_01/model.sdf
[0.710s] -- Up-to-date symlink: /home/edmund-munene/Documents/Programming-language-basics/Linux/Robotics/AConciseIntroductiontoRobotProgrammingwithROS2/bookros2_ws/install/br2_gazebo_worlds/share/br2_gazebo_worlds/models/aws_robomaker_residential_FitnessEquipment_01/materials/textures/aws_FitnessEquipment_01.png
[0.710s] -- Up-to-date symlink: /home/edmund-munene/Documents/Programming-language-basics/Linux/Robotics/AConciseIntroductiontoRobotProgrammingwithROS2/bookros2_ws/install/br2_gazebo_worlds/share/br2_gazebo_worlds/models/aws_robomaker_residential_FitnessEquipment_01/meshes/aws_FitnessEquipment_01_collision.DAE
[0.710s] -- Up-to-date symlink: /home/edmund-munene/Documents/Programming-language-basics/Linux/Robotics/AConciseIntroductiontoRobotProgrammingwithROS2/bookros2_ws/install/br2_gazebo_worlds/share/br2_gazebo_worlds/models/aws_robomaker_residential_FitnessEquipment_01/meshes/aws_FitnessEquipment_01_visual.DAE
[0.710s] -- Up-to-date symlink: /home/edmund-munene/Documents/Programming-language-basics/Linux/Robotics/AConciseIntroductiontoRobotProgrammingwithROS2/bookros2_ws/install/br2_gazebo_worlds/share/br2_gazebo_worlds/models/aws_robomaker_residential_FitnessEquipment_01/model.config
[0.710s] -- Up-to-date symlink: /home/edmund-munene/Documents/Programming-language-basics/Linux/Robotics/AConciseIntroductiontoRobotProgrammingwithROS2/bookros2_ws/install/br2_gazebo_worlds/share/br2_gazebo_worlds/models/aws_robomaker_residential_FitnessEquipment_01/model.sdf
[0.711s] -- Up-to-date symlink: /home/edmund-munene/Documents/Programming-language-basics/Linux/Robotics/AConciseIntroductiontoRobotProgrammingwithROS2/bookros2_ws/install/br2_gazebo_worlds/share/br2_gazebo_worlds/models/aws_robomaker_residential_FloorB_01/materials/textures/aws_FloorB_01.png
[0.711s] -- Up-to-date symlink: /home/edmund-munene/Documents/Programming-language-basics/Linux/Robotics/AConciseIntroductiontoRobotProgrammingwithROS2/bookros2_ws/install/br2_gazebo_worlds/share/br2_gazebo_worlds/models/aws_robomaker_residential_FloorB_01/meshes/aws_FloorB_01_collision.DAE
[0.711s] -- Up-to-date symlink: /home/edmund-munene/Documents/Programming-language-basics/Linux/Robotics/AConciseIntroductiontoRobotProgrammingwithROS2/bookros2_ws/install/br2_gazebo_worlds/share/br2_gazebo_worlds/models/aws_robomaker_residential_FloorB_01/meshes/aws_FloorB_01_visual.DAE
[0.711s] -- Up-to-date symlink: /home/edmund-munene/Documents/Programming-language-basics/Linux/Robotics/AConciseIntroductiontoRobotProgrammingwithROS2/bookros2_ws/install/br2_gazebo_worlds/share/br2_gazebo_worlds/models/aws_robomaker_residential_FloorB_01/model.config
[0.711s] -- Up-to-date symlink: /home/edmund-munene/Documents/Programming-language-basics/Linux/Robotics/AConciseIntroductiontoRobotProgrammingwithROS2/bookros2_ws/install/br2_gazebo_worlds/share/br2_gazebo_worlds/models/aws_robomaker_residential_FloorB_01/model.sdf
[0.711s] -- Up-to-date symlink: /home/edmund-munene/Documents/Programming-language-basics/Linux/Robotics/AConciseIntroductiontoRobotProgrammingwithROS2/bookros2_ws/install/br2_gazebo_worlds/share/br2_gazebo_worlds/models/aws_robomaker_residential_FoldingDoor_01/materials/textures/aws_FoldingDoor_01.png
[0.711s] -- Up-to-date symlink: /home/edmund-munene/Documents/Programming-language-basics/Linux/Robotics/AConciseIntroductiontoRobotProgrammingwithROS2/bookros2_ws/install/br2_gazebo_worlds/share/br2_gazebo_worlds/models/aws_robomaker_residential_FoldingDoor_01/meshes/aws_FoldingDoor_01_collision.DAE
[0.711s] -- Up-to-date symlink: /home/edmund-munene/Documents/Programming-language-basics/Linux/Robotics/AConciseIntroductiontoRobotProgrammingwithROS2/bookros2_ws/install/br2_gazebo_worlds/share/br2_gazebo_worlds/models/aws_robomaker_residential_FoldingDoor_01/meshes/aws_FoldingDoor_01_visual.DAE
[0.711s] -- Up-to-date symlink: /home/edmund-munene/Documents/Programming-language-basics/Linux/Robotics/AConciseIntroductiontoRobotProgrammingwithROS2/bookros2_ws/install/br2_gazebo_worlds/share/br2_gazebo_worlds/models/aws_robomaker_residential_FoldingDoor_01/model.config
[0.711s] -- Up-to-date symlink: /home/edmund-munene/Documents/Programming-language-basics/Linux/Robotics/AConciseIntroductiontoRobotProgrammingwithROS2/bookros2_ws/install/br2_gazebo_worlds/share/br2_gazebo_worlds/models/aws_robomaker_residential_FoldingDoor_01/model.sdf
[0.711s] -- Up-to-date symlink: /home/edmund-munene/Documents/Programming-language-basics/Linux/Robotics/AConciseIntroductiontoRobotProgrammingwithROS2/bookros2_ws/install/br2_gazebo_worlds/share/br2_gazebo_worlds/models/aws_robomaker_residential_FoldingDoor_02/materials/textures/aws_FoldingDoor_02.png
[0.711s] -- Up-to-date symlink: /home/edmund-munene/Documents/Programming-language-basics/Linux/Robotics/AConciseIntroductiontoRobotProgrammingwithROS2/bookros2_ws/install/br2_gazebo_worlds/share/br2_gazebo_worlds/models/aws_robomaker_residential_FoldingDoor_02/meshes/aws_FoldingDoor_02_collision.DAE
[0.712s] -- Up-to-date symlink: /home/edmund-munene/Documents/Programming-language-basics/Linux/Robotics/AConciseIntroductiontoRobotProgrammingwithROS2/bookros2_ws/install/br2_gazebo_worlds/share/br2_gazebo_worlds/models/aws_robomaker_residential_FoldingDoor_02/meshes/aws_FoldingDoor_02_visual.DAE
[0.712s] -- Up-to-date symlink: /home/edmund-munene/Documents/Programming-language-basics/Linux/Robotics/AConciseIntroductiontoRobotProgrammingwithROS2/bookros2_ws/install/br2_gazebo_worlds/share/br2_gazebo_worlds/models/aws_robomaker_residential_FoldingDoor_02/model.config
[0.712s] -- Up-to-date symlink: /home/edmund-munene/Documents/Programming-language-basics/Linux/Robotics/AConciseIntroductiontoRobotProgrammingwithROS2/bookros2_ws/install/br2_gazebo_worlds/share/br2_gazebo_worlds/models/aws_robomaker_residential_FoldingDoor_02/model.sdf
[0.712s] -- Up-to-date symlink: /home/edmund-munene/Documents/Programming-language-basics/Linux/Robotics/AConciseIntroductiontoRobotProgrammingwithROS2/bookros2_ws/install/br2_gazebo_worlds/share/br2_gazebo_worlds/models/aws_robomaker_residential_Handle_01/materials/textures/aws_Handle_01.png
[0.712s] -- Up-to-date symlink: /home/edmund-munene/Documents/Programming-language-basics/Linux/Robotics/AConciseIntroductiontoRobotProgrammingwithROS2/bookros2_ws/install/br2_gazebo_worlds/share/br2_gazebo_worlds/models/aws_robomaker_residential_Handle_01/meshes/aws_Handle_01_collision.DAE
[0.712s] -- Up-to-date symlink: /home/edmund-munene/Documents/Programming-language-basics/Linux/Robotics/AConciseIntroductiontoRobotProgrammingwithROS2/bookros2_ws/install/br2_gazebo_worlds/share/br2_gazebo_worlds/models/aws_robomaker_residential_Handle_01/meshes/aws_Handle_01_visual.DAE
[0.712s] -- Up-to-date symlink: /home/edmund-munene/Documents/Programming-language-basics/Linux/Robotics/AConciseIntroductiontoRobotProgrammingwithROS2/bookros2_ws/install/br2_gazebo_worlds/share/br2_gazebo_worlds/models/aws_robomaker_residential_Handle_01/model.config
[0.712s] -- Up-to-date symlink: /home/edmund-munene/Documents/Programming-language-basics/Linux/Robotics/AConciseIntroductiontoRobotProgrammingwithROS2/bookros2_ws/install/br2_gazebo_worlds/share/br2_gazebo_worlds/models/aws_robomaker_residential_Handle_01/model.sdf
[0.712s] -- Up-to-date symlink: /home/edmund-munene/Documents/Programming-language-basics/Linux/Robotics/AConciseIntroductiontoRobotProgrammingwithROS2/bookros2_ws/install/br2_gazebo_worlds/share/br2_gazebo_worlds/models/aws_robomaker_residential_HouseWallB_01/materials/textures/aws_HouseWallB_01.png
[0.713s] -- Up-to-date symlink: /home/edmund-munene/Documents/Programming-language-basics/Linux/Robotics/AConciseIntroductiontoRobotProgrammingwithROS2/bookros2_ws/install/br2_gazebo_worlds/share/br2_gazebo_worlds/models/aws_robomaker_residential_HouseWallB_01/meshes/aws_HouseWallB_01_collision.DAE
[0.713s] -- Up-to-date symlink: /home/edmund-munene/Documents/Programming-language-basics/Linux/Robotics/AConciseIntroductiontoRobotProgrammingwithROS2/bookros2_ws/install/br2_gazebo_worlds/share/br2_gazebo_worlds/models/aws_robomaker_residential_HouseWallB_01/meshes/aws_HouseWallB_01_visual.DAE
[0.713s] -- Up-to-date symlink: /home/edmund-munene/Documents/Programming-language-basics/Linux/Robotics/AConciseIntroductiontoRobotProgrammingwithROS2/bookros2_ws/install/br2_gazebo_worlds/share/br2_gazebo_worlds/models/aws_robomaker_residential_HouseWallB_01/model.config
[0.713s] -- Up-to-date symlink: /home/edmund-munene/Documents/Programming-language-basics/Linux/Robotics/AConciseIntroductiontoRobotProgrammingwithROS2/bookros2_ws/install/br2_gazebo_worlds/share/br2_gazebo_worlds/models/aws_robomaker_residential_HouseWallB_01/model.sdf
[0.713s] -- Up-to-date symlink: /home/edmund-munene/Documents/Programming-language-basics/Linux/Robotics/AConciseIntroductiontoRobotProgrammingwithROS2/bookros2_ws/install/br2_gazebo_worlds/share/br2_gazebo_worlds/models/aws_robomaker_residential_KitchenCabinet_01/materials/textures/aws_KitchenCabinet_01.png
[0.713s] -- Up-to-date symlink: /home/edmund-munene/Documents/Programming-language-basics/Linux/Robotics/AConciseIntroductiontoRobotProgrammingwithROS2/bookros2_ws/install/br2_gazebo_worlds/share/br2_gazebo_worlds/models/aws_robomaker_residential_KitchenCabinet_01/meshes/aws_KitchenCabinet_01_collision.DAE
[0.713s] -- Up-to-date symlink: /home/edmund-munene/Documents/Programming-language-basics/Linux/Robotics/AConciseIntroductiontoRobotProgrammingwithROS2/bookros2_ws/install/br2_gazebo_worlds/share/br2_gazebo_worlds/models/aws_robomaker_residential_KitchenCabinet_01/meshes/aws_KitchenCabinet_01_visual.DAE
[0.713s] -- Up-to-date symlink: /home/edmund-munene/Documents/Programming-language-basics/Linux/Robotics/AConciseIntroductiontoRobotProgrammingwithROS2/bookros2_ws/install/br2_gazebo_worlds/share/br2_gazebo_worlds/models/aws_robomaker_residential_KitchenCabinet_01/model.config
[0.713s] -- Up-to-date symlink: /home/edmund-munene/Documents/Programming-language-basics/Linux/Robotics/AConciseIntroductiontoRobotProgrammingwithROS2/bookros2_ws/install/br2_gazebo_worlds/share/br2_gazebo_worlds/models/aws_robomaker_residential_KitchenCabinet_01/model.sdf
[0.713s] -- Up-to-date symlink: /home/edmund-munene/Documents/Programming-language-basics/Linux/Robotics/AConciseIntroductiontoRobotProgrammingwithROS2/bookros2_ws/install/br2_gazebo_worlds/share/br2_gazebo_worlds/models/aws_robomaker_residential_KitchenTable_01/materials/textures/aws_KitchenTable_01.png
[0.713s] -- Up-to-date symlink: /home/edmund-munene/Documents/Programming-language-basics/Linux/Robotics/AConciseIntroductiontoRobotProgrammingwithROS2/bookros2_ws/install/br2_gazebo_worlds/share/br2_gazebo_worlds/models/aws_robomaker_residential_KitchenTable_01/meshes/aws_KitchenTable_01_collision.DAE
[0.713s] -- Up-to-date symlink: /home/edmund-munene/Documents/Programming-language-basics/Linux/Robotics/AConciseIntroductiontoRobotProgrammingwithROS2/bookros2_ws/install/br2_gazebo_worlds/share/br2_gazebo_worlds/models/aws_robomaker_residential_KitchenTable_01/meshes/aws_KitchenTable_01_visual.DAE
[0.713s] -- Up-to-date symlink: /home/edmund-munene/Documents/Programming-language-basics/Linux/Robotics/AConciseIntroductiontoRobotProgrammingwithROS2/bookros2_ws/install/br2_gazebo_worlds/share/br2_gazebo_worlds/models/aws_robomaker_residential_KitchenTable_01/model.config
[0.713s] -- Up-to-date symlink: /home/edmund-munene/Documents/Programming-language-basics/Linux/Robotics/AConciseIntroductiontoRobotProgrammingwithROS2/bookros2_ws/install/br2_gazebo_worlds/share/br2_gazebo_worlds/models/aws_robomaker_residential_KitchenTable_01/model.sdf
[0.714s] -- Up-to-date symlink: /home/edmund-munene/Documents/Programming-language-basics/Linux/Robotics/AConciseIntroductiontoRobotProgrammingwithROS2/bookros2_ws/install/br2_gazebo_worlds/share/br2_gazebo_worlds/models/aws_robomaker_residential_KitchenUtensils_01/materials/textures/aws_KitchenUtensils_01.png
[0.714s] -- Up-to-date symlink: /home/edmund-munene/Documents/Programming-language-basics/Linux/Robotics/AConciseIntroductiontoRobotProgrammingwithROS2/bookros2_ws/install/br2_gazebo_worlds/share/br2_gazebo_worlds/models/aws_robomaker_residential_KitchenUtensils_01/meshes/aws_KitchenUtensils_01_collision.DAE
[0.714s] -- Up-to-date symlink: /home/edmund-munene/Documents/Programming-language-basics/Linux/Robotics/AConciseIntroductiontoRobotProgrammingwithROS2/bookros2_ws/install/br2_gazebo_worlds/share/br2_gazebo_worlds/models/aws_robomaker_residential_KitchenUtensils_01/meshes/aws_KitchenUtensils_01_visual.DAE
[0.714s] -- Up-to-date symlink: /home/edmund-munene/Documents/Programming-language-basics/Linux/Robotics/AConciseIntroductiontoRobotProgrammingwithROS2/bookros2_ws/install/br2_gazebo_worlds/share/br2_gazebo_worlds/models/aws_robomaker_residential_KitchenUtensils_01/model.config
[0.714s] -- Up-to-date symlink: /home/edmund-munene/Documents/Programming-language-basics/Linux/Robotics/AConciseIntroductiontoRobotProgrammingwithROS2/bookros2_ws/install/br2_gazebo_worlds/share/br2_gazebo_worlds/models/aws_robomaker_residential_KitchenUtensils_01/model.sdf
[0.714s] -- Up-to-date symlink: /home/edmund-munene/Documents/Programming-language-basics/Linux/Robotics/AConciseIntroductiontoRobotProgrammingwithROS2/bookros2_ws/install/br2_gazebo_worlds/share/br2_gazebo_worlds/models/aws_robomaker_residential_LightC_01/materials/textures/aws_LightC_01.png
[0.714s] -- Up-to-date symlink: /home/edmund-munene/Documents/Programming-language-basics/Linux/Robotics/AConciseIntroductiontoRobotProgrammingwithROS2/bookros2_ws/install/br2_gazebo_worlds/share/br2_gazebo_worlds/models/aws_robomaker_residential_LightC_01/meshes/aws_LightC_01_collision.DAE
[0.714s] -- Up-to-date symlink: /home/edmund-munene/Documents/Programming-language-basics/Linux/Robotics/AConciseIntroductiontoRobotProgrammingwithROS2/bookros2_ws/install/br2_gazebo_worlds/share/br2_gazebo_worlds/models/aws_robomaker_residential_LightC_01/meshes/aws_LightC_01_visual.DAE
[0.715s] -- Up-to-date symlink: /home/edmund-munene/Documents/Programming-language-basics/Linux/Robotics/AConciseIntroductiontoRobotProgrammingwithROS2/bookros2_ws/install/br2_gazebo_worlds/share/br2_gazebo_worlds/models/aws_robomaker_residential_LightC_01/model.config
[0.715s] -- Up-to-date symlink: /home/edmund-munene/Documents/Programming-language-basics/Linux/Robotics/AConciseIntroductiontoRobotProgrammingwithROS2/bookros2_ws/install/br2_gazebo_worlds/share/br2_gazebo_worlds/models/aws_robomaker_residential_LightC_01/model.sdf
[0.715s] -- Up-to-date symlink: /home/edmund-munene/Documents/Programming-language-basics/Linux/Robotics/AConciseIntroductiontoRobotProgrammingwithROS2/bookros2_ws/install/br2_gazebo_worlds/share/br2_gazebo_worlds/models/aws_robomaker_residential_NightStand_01/materials/textures/aws_NightStand_01.png
[0.715s] -- Up-to-date symlink: /home/edmund-munene/Documents/Programming-language-basics/Linux/Robotics/AConciseIntroductiontoRobotProgrammingwithROS2/bookros2_ws/install/br2_gazebo_worlds/share/br2_gazebo_worlds/models/aws_robomaker_residential_NightStand_01/meshes/aws_NightStand_01_collision.DAE
[0.715s] -- Up-to-date symlink: /home/edmund-munene/Documents/Programming-language-basics/Linux/Robotics/AConciseIntroductiontoRobotProgrammingwithROS2/bookros2_ws/install/br2_gazebo_worlds/share/br2_gazebo_worlds/models/aws_robomaker_residential_NightStand_01/meshes/aws_NightStand_01_visual.DAE
[0.715s] -- Up-to-date symlink: /home/edmund-munene/Documents/Programming-language-basics/Linux/Robotics/AConciseIntroductiontoRobotProgrammingwithROS2/bookros2_ws/install/br2_gazebo_worlds/share/br2_gazebo_worlds/models/aws_robomaker_residential_NightStand_01/model.config
[0.715s] -- Up-to-date symlink: /home/edmund-munene/Documents/Programming-language-basics/Linux/Robotics/AConciseIntroductiontoRobotProgrammingwithROS2/bookros2_ws/install/br2_gazebo_worlds/share/br2_gazebo_worlds/models/aws_robomaker_residential_NightStand_01/model.sdf
[0.716s] -- Up-to-date symlink: /home/edmund-munene/Documents/Programming-language-basics/Linux/Robotics/AConciseIntroductiontoRobotProgrammingwithROS2/bookros2_ws/install/br2_gazebo_worlds/share/br2_gazebo_worlds/models/aws_robomaker_residential_Pillow_01/materials/textures/aws_Pillow_01.png
[0.716s] -- Up-to-date symlink: /home/edmund-munene/Documents/Programming-language-basics/Linux/Robotics/AConciseIntroductiontoRobotProgrammingwithROS2/bookros2_ws/install/br2_gazebo_worlds/share/br2_gazebo_worlds/models/aws_robomaker_residential_Pillow_01/meshes/aws_Pillow_01_collision.DAE
[0.716s] -- Up-to-date symlink: /home/edmund-munene/Documents/Programming-language-basics/Linux/Robotics/AConciseIntroductiontoRobotProgrammingwithROS2/bookros2_ws/install/br2_gazebo_worlds/share/br2_gazebo_worlds/models/aws_robomaker_residential_Pillow_01/meshes/aws_Pillow_01_visual.DAE
[0.716s] -- Up-to-date symlink: /home/edmund-munene/Documents/Programming-language-basics/Linux/Robotics/AConciseIntroductiontoRobotProgrammingwithROS2/bookros2_ws/install/br2_gazebo_worlds/share/br2_gazebo_worlds/models/aws_robomaker_residential_Pillow_01/model.config
[0.716s] -- Up-to-date symlink: /home/edmund-munene/Documents/Programming-language-basics/Linux/Robotics/AConciseIntroductiontoRobotProgrammingwithROS2/bookros2_ws/install/br2_gazebo_worlds/share/br2_gazebo_worlds/models/aws_robomaker_residential_Pillow_01/model.sdf
[0.716s] -- Up-to-date symlink: /home/edmund-munene/Documents/Programming-language-basics/Linux/Robotics/AConciseIntroductiontoRobotProgrammingwithROS2/bookros2_ws/install/br2_gazebo_worlds/share/br2_gazebo_worlds/models/aws_robomaker_residential_PortraitA_01/materials/textures/PortraitA_01.jpg
[0.716s] -- Up-to-date symlink: /home/edmund-munene/Documents/Programming-language-basics/Linux/Robotics/AConciseIntroductiontoRobotProgrammingwithROS2/bookros2_ws/install/br2_gazebo_worlds/share/br2_gazebo_worlds/models/aws_robomaker_residential_PortraitA_01/materials/textures/aws_PortraitA_01.png
[0.716s] -- Up-to-date symlink: /home/edmund-munene/Documents/Programming-language-basics/Linux/Robotics/AConciseIntroductiontoRobotProgrammingwithROS2/bookros2_ws/install/br2_gazebo_worlds/share/br2_gazebo_worlds/models/aws_robomaker_residential_PortraitA_01/materials/textures/aws_PortraitA_02.png
[0.716s] -- Up-to-date symlink: /home/edmund-munene/Documents/Programming-language-basics/Linux/Robotics/AConciseIntroductiontoRobotProgrammingwithROS2/bookros2_ws/install/br2_gazebo_worlds/share/br2_gazebo_worlds/models/aws_robomaker_residential_PortraitA_01/meshes/aws_PortraitA_01_collision.DAE
[0.717s] -- Up-to-date symlink: /home/edmund-munene/Documents/Programming-language-basics/Linux/Robotics/AConciseIntroductiontoRobotProgrammingwithROS2/bookros2_ws/install/br2_gazebo_worlds/share/br2_gazebo_worlds/models/aws_robomaker_residential_PortraitA_01/meshes/aws_PortraitA_01_visual.DAE
[0.717s] -- Up-to-date symlink: /home/edmund-munene/Documents/Programming-language-basics/Linux/Robotics/AConciseIntroductiontoRobotProgrammingwithROS2/bookros2_ws/install/br2_gazebo_worlds/share/br2_gazebo_worlds/models/aws_robomaker_residential_PortraitA_01/model.config
[0.717s] -- Up-to-date symlink: /home/edmund-munene/Documents/Programming-language-basics/Linux/Robotics/AConciseIntroductiontoRobotProgrammingwithROS2/bookros2_ws/install/br2_gazebo_worlds/share/br2_gazebo_worlds/models/aws_robomaker_residential_PortraitA_01/model.sdf
[0.717s] -- Up-to-date symlink: /home/edmund-munene/Documents/Programming-language-basics/Linux/Robotics/AConciseIntroductiontoRobotProgrammingwithROS2/bookros2_ws/install/br2_gazebo_worlds/share/br2_gazebo_worlds/models/aws_robomaker_residential_PortraitA_02/materials/textures/PortraitA_02.jpg
[0.717s] -- Up-to-date symlink: /home/edmund-munene/Documents/Programming-language-basics/Linux/Robotics/AConciseIntroductiontoRobotProgrammingwithROS2/bookros2_ws/install/br2_gazebo_worlds/share/br2_gazebo_worlds/models/aws_robomaker_residential_PortraitA_02/materials/textures/aws_PortraitA_01.png
[0.717s] -- Up-to-date symlink: /home/edmund-munene/Documents/Programming-language-basics/Linux/Robotics/AConciseIntroductiontoRobotProgrammingwithROS2/bookros2_ws/install/br2_gazebo_worlds/share/br2_gazebo_worlds/models/aws_robomaker_residential_PortraitA_02/materials/textures/aws_PortraitA_02.png
[0.717s] -- Up-to-date symlink: /home/edmund-munene/Documents/Programming-language-basics/Linux/Robotics/AConciseIntroductiontoRobotProgrammingwithROS2/bookros2_ws/install/br2_gazebo_worlds/share/br2_gazebo_worlds/models/aws_robomaker_residential_PortraitA_02/meshes/aws_PortraitA_01_collision.DAE
[0.717s] -- Up-to-date symlink: /home/edmund-munene/Documents/Programming-language-basics/Linux/Robotics/AConciseIntroductiontoRobotProgrammingwithROS2/bookros2_ws/install/br2_gazebo_worlds/share/br2_gazebo_worlds/models/aws_robomaker_residential_PortraitA_02/meshes/aws_PortraitA_01_visual.DAE
[0.717s] -- Up-to-date symlink: /home/edmund-munene/Documents/Programming-language-basics/Linux/Robotics/AConciseIntroductiontoRobotProgrammingwithROS2/bookros2_ws/install/br2_gazebo_worlds/share/br2_gazebo_worlds/models/aws_robomaker_residential_PortraitA_02/model.config
[0.717s] -- Up-to-date symlink: /home/edmund-munene/Documents/Programming-language-basics/Linux/Robotics/AConciseIntroductiontoRobotProgrammingwithROS2/bookros2_ws/install/br2_gazebo_worlds/share/br2_gazebo_worlds/models/aws_robomaker_residential_PortraitA_02/model.sdf
[0.718s] -- Up-to-date symlink: /home/edmund-munene/Documents/Programming-language-basics/Linux/Robotics/AConciseIntroductiontoRobotProgrammingwithROS2/bookros2_ws/install/br2_gazebo_worlds/share/br2_gazebo_worlds/models/aws_robomaker_residential_PortraitB_01/materials/textures/PortraitB_01.jpg
[0.718s] -- Up-to-date symlink: /home/edmund-munene/Documents/Programming-language-basics/Linux/Robotics/AConciseIntroductiontoRobotProgrammingwithROS2/bookros2_ws/install/br2_gazebo_worlds/share/br2_gazebo_worlds/models/aws_robomaker_residential_PortraitB_01/materials/textures/aws_PortraitB_01.png
[0.718s] -- Up-to-date symlink: /home/edmund-munene/Documents/Programming-language-basics/Linux/Robotics/AConciseIntroductiontoRobotProgrammingwithROS2/bookros2_ws/install/br2_gazebo_worlds/share/br2_gazebo_worlds/models/aws_robomaker_residential_PortraitB_01/materials/textures/aws_PortraitB_02.png
[0.718s] -- Up-to-date symlink: /home/edmund-munene/Documents/Programming-language-basics/Linux/Robotics/AConciseIntroductiontoRobotProgrammingwithROS2/bookros2_ws/install/br2_gazebo_worlds/share/br2_gazebo_worlds/models/aws_robomaker_residential_PortraitB_01/meshes/aws_PortraitB_01_collision.DAE
[0.718s] -- Up-to-date symlink: /home/edmund-munene/Documents/Programming-language-basics/Linux/Robotics/AConciseIntroductiontoRobotProgrammingwithROS2/bookros2_ws/install/br2_gazebo_worlds/share/br2_gazebo_worlds/models/aws_robomaker_residential_PortraitB_01/meshes/aws_PortraitB_01_visual.DAE
[0.718s] -- Up-to-date symlink: /home/edmund-munene/Documents/Programming-language-basics/Linux/Robotics/AConciseIntroductiontoRobotProgrammingwithROS2/bookros2_ws/install/br2_gazebo_worlds/share/br2_gazebo_worlds/models/aws_robomaker_residential_PortraitB_01/model.config
[0.718s] -- Up-to-date symlink: /home/edmund-munene/Documents/Programming-language-basics/Linux/Robotics/AConciseIntroductiontoRobotProgrammingwithROS2/bookros2_ws/install/br2_gazebo_worlds/share/br2_gazebo_worlds/models/aws_robomaker_residential_PortraitB_01/model.sdf
[0.718s] -- Up-to-date symlink: /home/edmund-munene/Documents/Programming-language-basics/Linux/Robotics/AConciseIntroductiontoRobotProgrammingwithROS2/bookros2_ws/install/br2_gazebo_worlds/share/br2_gazebo_worlds/models/aws_robomaker_residential_PortraitB_02/materials/textures/PortraitB_02.jpg
[0.718s] -- Up-to-date symlink: /home/edmund-munene/Documents/Programming-language-basics/Linux/Robotics/AConciseIntroductiontoRobotProgrammingwithROS2/bookros2_ws/install/br2_gazebo_worlds/share/br2_gazebo_worlds/models/aws_robomaker_residential_PortraitB_02/materials/textures/aws_PortraitB_01.png
[0.718s] -- Up-to-date symlink: /home/edmund-munene/Documents/Programming-language-basics/Linux/Robotics/AConciseIntroductiontoRobotProgrammingwithROS2/bookros2_ws/install/br2_gazebo_worlds/share/br2_gazebo_worlds/models/aws_robomaker_residential_PortraitB_02/materials/textures/aws_PortraitB_02.png
[0.718s] -- Up-to-date symlink: /home/edmund-munene/Documents/Programming-language-basics/Linux/Robotics/AConciseIntroductiontoRobotProgrammingwithROS2/bookros2_ws/install/br2_gazebo_worlds/share/br2_gazebo_worlds/models/aws_robomaker_residential_PortraitB_02/meshes/aws_PortraitB_01_collision.DAE
[0.718s] -- Up-to-date symlink: /home/edmund-munene/Documents/Programming-language-basics/Linux/Robotics/AConciseIntroductiontoRobotProgrammingwithROS2/bookros2_ws/install/br2_gazebo_worlds/share/br2_gazebo_worlds/models/aws_robomaker_residential_PortraitB_02/meshes/aws_PortraitB_01_visual.DAE
[0.719s] -- Up-to-date symlink: /home/edmund-munene/Documents/Programming-language-basics/Linux/Robotics/AConciseIntroductiontoRobotProgrammingwithROS2/bookros2_ws/install/br2_gazebo_worlds/share/br2_gazebo_worlds/models/aws_robomaker_residential_PortraitB_02/model.config
[0.719s] -- Up-to-date symlink: /home/edmund-munene/Documents/Programming-language-basics/Linux/Robotics/AConciseIntroductiontoRobotProgrammingwithROS2/bookros2_ws/install/br2_gazebo_worlds/share/br2_gazebo_worlds/models/aws_robomaker_residential_PortraitB_02/model.sdf
[0.719s] -- Up-to-date symlink: /home/edmund-munene/Documents/Programming-language-basics/Linux/Robotics/AConciseIntroductiontoRobotProgrammingwithROS2/bookros2_ws/install/br2_gazebo_worlds/share/br2_gazebo_worlds/models/aws_robomaker_residential_PortraitB_03/materials/textures/PortraitB_03.jpg
[0.719s] -- Up-to-date symlink: /home/edmund-munene/Documents/Programming-language-basics/Linux/Robotics/AConciseIntroductiontoRobotProgrammingwithROS2/bookros2_ws/install/br2_gazebo_worlds/share/br2_gazebo_worlds/models/aws_robomaker_residential_PortraitB_03/materials/textures/aws_PortraitB_01.png
[0.719s] -- Up-to-date symlink: /home/edmund-munene/Documents/Programming-language-basics/Linux/Robotics/AConciseIntroductiontoRobotProgrammingwithROS2/bookros2_ws/install/br2_gazebo_worlds/share/br2_gazebo_worlds/models/aws_robomaker_residential_PortraitB_03/materials/textures/aws_PortraitB_02.png
[0.719s] -- Up-to-date symlink: /home/edmund-munene/Documents/Programming-language-basics/Linux/Robotics/AConciseIntroductiontoRobotProgrammingwithROS2/bookros2_ws/install/br2_gazebo_worlds/share/br2_gazebo_worlds/models/aws_robomaker_residential_PortraitB_03/meshes/aws_PortraitB_01_collision.DAE
[0.720s] -- Up-to-date symlink: /home/edmund-munene/Documents/Programming-language-basics/Linux/Robotics/AConciseIntroductiontoRobotProgrammingwithROS2/bookros2_ws/install/br2_gazebo_worlds/share/br2_gazebo_worlds/models/aws_robomaker_residential_PortraitB_03/meshes/aws_PortraitB_01_visual.DAE
[0.720s] -- Up-to-date symlink: /home/edmund-munene/Documents/Programming-language-basics/Linux/Robotics/AConciseIntroductiontoRobotProgrammingwithROS2/bookros2_ws/install/br2_gazebo_worlds/share/br2_gazebo_worlds/models/aws_robomaker_residential_PortraitB_03/model.config
[0.720s] -- Up-to-date symlink: /home/edmund-munene/Documents/Programming-language-basics/Linux/Robotics/AConciseIntroductiontoRobotProgrammingwithROS2/bookros2_ws/install/br2_gazebo_worlds/share/br2_gazebo_worlds/models/aws_robomaker_residential_PortraitB_03/model.sdf
[0.720s] -- Up-to-date symlink: /home/edmund-munene/Documents/Programming-language-basics/Linux/Robotics/AConciseIntroductiontoRobotProgrammingwithROS2/bookros2_ws/install/br2_gazebo_worlds/share/br2_gazebo_worlds/models/aws_robomaker_residential_PortraitC_01/materials/textures/PortraitC_01.jpg
[0.720s] -- Up-to-date symlink: /home/edmund-munene/Documents/Programming-language-basics/Linux/Robotics/AConciseIntroductiontoRobotProgrammingwithROS2/bookros2_ws/install/br2_gazebo_worlds/share/br2_gazebo_worlds/models/aws_robomaker_residential_PortraitC_01/materials/textures/aws_PortraitC_01.png
[0.721s] -- Up-to-date symlink: /home/edmund-munene/Documents/Programming-language-basics/Linux/Robotics/AConciseIntroductiontoRobotProgrammingwithROS2/bookros2_ws/install/br2_gazebo_worlds/share/br2_gazebo_worlds/models/aws_robomaker_residential_PortraitC_01/materials/textures/aws_PortraitC_02.png
[0.721s] -- Up-to-date symlink: /home/edmund-munene/Documents/Programming-language-basics/Linux/Robotics/AConciseIntroductiontoRobotProgrammingwithROS2/bookros2_ws/install/br2_gazebo_worlds/share/br2_gazebo_worlds/models/aws_robomaker_residential_PortraitC_01/meshes/aws_PortraitC_01_collision.DAE
[0.721s] -- Up-to-date symlink: /home/edmund-munene/Documents/Programming-language-basics/Linux/Robotics/AConciseIntroductiontoRobotProgrammingwithROS2/bookros2_ws/install/br2_gazebo_worlds/share/br2_gazebo_worlds/models/aws_robomaker_residential_PortraitC_01/meshes/aws_PortraitC_01_visual.DAE
[0.721s] -- Up-to-date symlink: /home/edmund-munene/Documents/Programming-language-basics/Linux/Robotics/AConciseIntroductiontoRobotProgrammingwithROS2/bookros2_ws/install/br2_gazebo_worlds/share/br2_gazebo_worlds/models/aws_robomaker_residential_PortraitC_01/model.config
[0.721s] -- Up-to-date symlink: /home/edmund-munene/Documents/Programming-language-basics/Linux/Robotics/AConciseIntroductiontoRobotProgrammingwithROS2/bookros2_ws/install/br2_gazebo_worlds/share/br2_gazebo_worlds/models/aws_robomaker_residential_PortraitC_01/model.sdf
[0.722s] -- Up-to-date symlink: /home/edmund-munene/Documents/Programming-language-basics/Linux/Robotics/AConciseIntroductiontoRobotProgrammingwithROS2/bookros2_ws/install/br2_gazebo_worlds/share/br2_gazebo_worlds/models/aws_robomaker_residential_PortraitD_01/materials/textures/PortraitD_01.jpg
[0.722s] -- Up-to-date symlink: /home/edmund-munene/Documents/Programming-language-basics/Linux/Robotics/AConciseIntroductiontoRobotProgrammingwithROS2/bookros2_ws/install/br2_gazebo_worlds/share/br2_gazebo_worlds/models/aws_robomaker_residential_PortraitD_01/materials/textures/aws_PortraitD_01.png
[0.722s] -- Up-to-date symlink: /home/edmund-munene/Documents/Programming-language-basics/Linux/Robotics/AConciseIntroductiontoRobotProgrammingwithROS2/bookros2_ws/install/br2_gazebo_worlds/share/br2_gazebo_worlds/models/aws_robomaker_residential_PortraitD_01/materials/textures/aws_PortraitD_02.png
[0.722s] -- Up-to-date symlink: /home/edmund-munene/Documents/Programming-language-basics/Linux/Robotics/AConciseIntroductiontoRobotProgrammingwithROS2/bookros2_ws/install/br2_gazebo_worlds/share/br2_gazebo_worlds/models/aws_robomaker_residential_PortraitD_01/meshes/aws_PortraitD_01_collision.DAE
[0.722s] -- Up-to-date symlink: /home/edmund-munene/Documents/Programming-language-basics/Linux/Robotics/AConciseIntroductiontoRobotProgrammingwithROS2/bookros2_ws/install/br2_gazebo_worlds/share/br2_gazebo_worlds/models/aws_robomaker_residential_PortraitD_01/meshes/aws_PortraitD_01_visual.DAE
[0.722s] -- Up-to-date symlink: /home/edmund-munene/Documents/Programming-language-basics/Linux/Robotics/AConciseIntroductiontoRobotProgrammingwithROS2/bookros2_ws/install/br2_gazebo_worlds/share/br2_gazebo_worlds/models/aws_robomaker_residential_PortraitD_01/model.config
[0.723s] -- Up-to-date symlink: /home/edmund-munene/Documents/Programming-language-basics/Linux/Robotics/AConciseIntroductiontoRobotProgrammingwithROS2/bookros2_ws/install/br2_gazebo_worlds/share/br2_gazebo_worlds/models/aws_robomaker_residential_PortraitD_01/model.sdf
[0.723s] -- Up-to-date symlink: /home/edmund-munene/Documents/Programming-language-basics/Linux/Robotics/AConciseIntroductiontoRobotProgrammingwithROS2/bookros2_ws/install/br2_gazebo_worlds/share/br2_gazebo_worlds/models/aws_robomaker_residential_PortraitD_02/materials/textures/PortraitD_02.jpg
[0.723s] -- Up-to-date symlink: /home/edmund-munene/Documents/Programming-language-basics/Linux/Robotics/AConciseIntroductiontoRobotProgrammingwithROS2/bookros2_ws/install/br2_gazebo_worlds/share/br2_gazebo_worlds/models/aws_robomaker_residential_PortraitD_02/materials/textures/aws_PortraitD_01.png
[0.723s] -- Up-to-date symlink: /home/edmund-munene/Documents/Programming-language-basics/Linux/Robotics/AConciseIntroductiontoRobotProgrammingwithROS2/bookros2_ws/install/br2_gazebo_worlds/share/br2_gazebo_worlds/models/aws_robomaker_residential_PortraitD_02/materials/textures/aws_PortraitD_02.png
[0.723s] -- Up-to-date symlink: /home/edmund-munene/Documents/Programming-language-basics/Linux/Robotics/AConciseIntroductiontoRobotProgrammingwithROS2/bookros2_ws/install/br2_gazebo_worlds/share/br2_gazebo_worlds/models/aws_robomaker_residential_PortraitD_02/meshes/aws_PortraitD_01_collision.DAE
[0.723s] -- Up-to-date symlink: /home/edmund-munene/Documents/Programming-language-basics/Linux/Robotics/AConciseIntroductiontoRobotProgrammingwithROS2/bookros2_ws/install/br2_gazebo_worlds/share/br2_gazebo_worlds/models/aws_robomaker_residential_PortraitD_02/meshes/aws_PortraitD_01_visual.DAE
[0.723s] -- Up-to-date symlink: /home/edmund-munene/Documents/Programming-language-basics/Linux/Robotics/AConciseIntroductiontoRobotProgrammingwithROS2/bookros2_ws/install/br2_gazebo_worlds/share/br2_gazebo_worlds/models/aws_robomaker_residential_PortraitD_02/model.config
[0.724s] -- Up-to-date symlink: /home/edmund-munene/Documents/Programming-language-basics/Linux/Robotics/AConciseIntroductiontoRobotProgrammingwithROS2/bookros2_ws/install/br2_gazebo_worlds/share/br2_gazebo_worlds/models/aws_robomaker_residential_PortraitD_02/model.sdf
[0.724s] -- Up-to-date symlink: /home/edmund-munene/Documents/Programming-language-basics/Linux/Robotics/AConciseIntroductiontoRobotProgrammingwithROS2/bookros2_ws/install/br2_gazebo_worlds/share/br2_gazebo_worlds/models/aws_robomaker_residential_PortraitE_01/materials/textures/PortraitE_01.jpg
[0.725s] -- Up-to-date symlink: /home/edmund-munene/Documents/Programming-language-basics/Linux/Robotics/AConciseIntroductiontoRobotProgrammingwithROS2/bookros2_ws/install/br2_gazebo_worlds/share/br2_gazebo_worlds/models/aws_robomaker_residential_PortraitE_01/materials/textures/aws_PortraitE_01.png
[0.725s] -- Up-to-date symlink: /home/edmund-munene/Documents/Programming-language-basics/Linux/Robotics/AConciseIntroductiontoRobotProgrammingwithROS2/bookros2_ws/install/br2_gazebo_worlds/share/br2_gazebo_worlds/models/aws_robomaker_residential_PortraitE_01/materials/textures/aws_PortraitE_02.png
[0.725s] -- Up-to-date symlink: /home/edmund-munene/Documents/Programming-language-basics/Linux/Robotics/AConciseIntroductiontoRobotProgrammingwithROS2/bookros2_ws/install/br2_gazebo_worlds/share/br2_gazebo_worlds/models/aws_robomaker_residential_PortraitE_01/meshes/aws_PortraitE_01_collision.DAE
[0.726s] -- Up-to-date symlink: /home/edmund-munene/Documents/Programming-language-basics/Linux/Robotics/AConciseIntroductiontoRobotProgrammingwithROS2/bookros2_ws/install/br2_gazebo_worlds/share/br2_gazebo_worlds/models/aws_robomaker_residential_PortraitE_01/meshes/aws_PortraitE_01_visual.DAE
[0.726s] -- Up-to-date symlink: /home/edmund-munene/Documents/Programming-language-basics/Linux/Robotics/AConciseIntroductiontoRobotProgrammingwithROS2/bookros2_ws/install/br2_gazebo_worlds/share/br2_gazebo_worlds/models/aws_robomaker_residential_PortraitE_01/model.config
[0.727s] -- Up-to-date symlink: /home/edmund-munene/Documents/Programming-language-basics/Linux/Robotics/AConciseIntroductiontoRobotProgrammingwithROS2/bookros2_ws/install/br2_gazebo_worlds/share/br2_gazebo_worlds/models/aws_robomaker_residential_PortraitE_01/model.sdf
[0.727s] -- Up-to-date symlink: /home/edmund-munene/Documents/Programming-language-basics/Linux/Robotics/AConciseIntroductiontoRobotProgrammingwithROS2/bookros2_ws/install/br2_gazebo_worlds/share/br2_gazebo_worlds/models/aws_robomaker_residential_PortraitE_02/materials/textures/PortraitE_02.jpg
[0.727s] -- Up-to-date symlink: /home/edmund-munene/Documents/Programming-language-basics/Linux/Robotics/AConciseIntroductiontoRobotProgrammingwithROS2/bookros2_ws/install/br2_gazebo_worlds/share/br2_gazebo_worlds/models/aws_robomaker_residential_PortraitE_02/materials/textures/aws_PortraitE_01.png
[0.727s] -- Up-to-date symlink: /home/edmund-munene/Documents/Programming-language-basics/Linux/Robotics/AConciseIntroductiontoRobotProgrammingwithROS2/bookros2_ws/install/br2_gazebo_worlds/share/br2_gazebo_worlds/models/aws_robomaker_residential_PortraitE_02/materials/textures/aws_PortraitE_02.png
[0.727s] -- Up-to-date symlink: /home/edmund-munene/Documents/Programming-language-basics/Linux/Robotics/AConciseIntroductiontoRobotProgrammingwithROS2/bookros2_ws/install/br2_gazebo_worlds/share/br2_gazebo_worlds/models/aws_robomaker_residential_PortraitE_02/meshes/aws_PortraitE_01_collision.DAE
[0.727s] -- Up-to-date symlink: /home/edmund-munene/Documents/Programming-language-basics/Linux/Robotics/AConciseIntroductiontoRobotProgrammingwithROS2/bookros2_ws/install/br2_gazebo_worlds/share/br2_gazebo_worlds/models/aws_robomaker_residential_PortraitE_02/meshes/aws_PortraitE_01_visual.DAE
[0.728s] -- Up-to-date symlink: /home/edmund-munene/Documents/Programming-language-basics/Linux/Robotics/AConciseIntroductiontoRobotProgrammingwithROS2/bookros2_ws/install/br2_gazebo_worlds/share/br2_gazebo_worlds/models/aws_robomaker_residential_PortraitE_02/model.config
[0.728s] -- Up-to-date symlink: /home/edmund-munene/Documents/Programming-language-basics/Linux/Robotics/AConciseIntroductiontoRobotProgrammingwithROS2/bookros2_ws/install/br2_gazebo_worlds/share/br2_gazebo_worlds/models/aws_robomaker_residential_PortraitE_02/model.sdf
[0.728s] -- Up-to-date symlink: /home/edmund-munene/Documents/Programming-language-basics/Linux/Robotics/AConciseIntroductiontoRobotProgrammingwithROS2/bookros2_ws/install/br2_gazebo_worlds/share/br2_gazebo_worlds/models/aws_robomaker_residential_Quilt_01/materials/textures/aws_Quilt_01.png
[0.728s] -- Up-to-date symlink: /home/edmund-munene/Documents/Programming-language-basics/Linux/Robotics/AConciseIntroductiontoRobotProgrammingwithROS2/bookros2_ws/install/br2_gazebo_worlds/share/br2_gazebo_worlds/models/aws_robomaker_residential_Quilt_01/meshes/aws_Quilt_01_collision.DAE
[0.728s] -- Up-to-date symlink: /home/edmund-munene/Documents/Programming-language-basics/Linux/Robotics/AConciseIntroductiontoRobotProgrammingwithROS2/bookros2_ws/install/br2_gazebo_worlds/share/br2_gazebo_worlds/models/aws_robomaker_residential_Quilt_01/meshes/aws_Quilt_01_visual.DAE
[0.728s] -- Up-to-date symlink: /home/edmund-munene/Documents/Programming-language-basics/Linux/Robotics/AConciseIntroductiontoRobotProgrammingwithROS2/bookros2_ws/install/br2_gazebo_worlds/share/br2_gazebo_worlds/models/aws_robomaker_residential_Quilt_01/model.config
[0.729s] -- Up-to-date symlink: /home/edmund-munene/Documents/Programming-language-basics/Linux/Robotics/AConciseIntroductiontoRobotProgrammingwithROS2/bookros2_ws/install/br2_gazebo_worlds/share/br2_gazebo_worlds/models/aws_robomaker_residential_Quilt_01/model.sdf
[0.729s] -- Up-to-date symlink: /home/edmund-munene/Documents/Programming-language-basics/Linux/Robotics/AConciseIntroductiontoRobotProgrammingwithROS2/bookros2_ws/install/br2_gazebo_worlds/share/br2_gazebo_worlds/models/aws_robomaker_residential_Rangehood_01/materials/textures/aws_Rangehood_01.png
[0.729s] -- Up-to-date symlink: /home/edmund-munene/Documents/Programming-language-basics/Linux/Robotics/AConciseIntroductiontoRobotProgrammingwithROS2/bookros2_ws/install/br2_gazebo_worlds/share/br2_gazebo_worlds/models/aws_robomaker_residential_Rangehood_01/meshes/aws_Rangehood_01_collision.DAE
[0.729s] -- Up-to-date symlink: /home/edmund-munene/Documents/Programming-language-basics/Linux/Robotics/AConciseIntroductiontoRobotProgrammingwithROS2/bookros2_ws/install/br2_gazebo_worlds/share/br2_gazebo_worlds/models/aws_robomaker_residential_Rangehood_01/meshes/aws_Rangehood_01_visual.DAE
[0.729s] -- Up-to-date symlink: /home/edmund-munene/Documents/Programming-language-basics/Linux/Robotics/AConciseIntroductiontoRobotProgrammingwithROS2/bookros2_ws/install/br2_gazebo_worlds/share/br2_gazebo_worlds/models/aws_robomaker_residential_Rangehood_01/model.config
[0.729s] -- Up-to-date symlink: /home/edmund-munene/Documents/Programming-language-basics/Linux/Robotics/AConciseIntroductiontoRobotProgrammingwithROS2/bookros2_ws/install/br2_gazebo_worlds/share/br2_gazebo_worlds/models/aws_robomaker_residential_Rangehood_01/model.sdf
[0.730s] -- Up-to-date symlink: /home/edmund-munene/Documents/Programming-language-basics/Linux/Robotics/AConciseIntroductiontoRobotProgrammingwithROS2/bookros2_ws/install/br2_gazebo_worlds/share/br2_gazebo_worlds/models/aws_robomaker_residential_ReadingDesk_01/materials/textures/aws_ReadingDesk_01.png
[0.730s] -- Up-to-date symlink: /home/edmund-munene/Documents/Programming-language-basics/Linux/Robotics/AConciseIntroductiontoRobotProgrammingwithROS2/bookros2_ws/install/br2_gazebo_worlds/share/br2_gazebo_worlds/models/aws_robomaker_residential_ReadingDesk_01/meshes/aws_ReadingDesk_01_collision.DAE
[0.730s] -- Up-to-date symlink: /home/edmund-munene/Documents/Programming-language-basics/Linux/Robotics/AConciseIntroductiontoRobotProgrammingwithROS2/bookros2_ws/install/br2_gazebo_worlds/share/br2_gazebo_worlds/models/aws_robomaker_residential_ReadingDesk_01/meshes/aws_ReadingDesk_01_visual.DAE
[0.730s] -- Up-to-date symlink: /home/edmund-munene/Documents/Programming-language-basics/Linux/Robotics/AConciseIntroductiontoRobotProgrammingwithROS2/bookros2_ws/install/br2_gazebo_worlds/share/br2_gazebo_worlds/models/aws_robomaker_residential_ReadingDesk_01/model.config
[0.730s] -- Up-to-date symlink: /home/edmund-munene/Documents/Programming-language-basics/Linux/Robotics/AConciseIntroductiontoRobotProgrammingwithROS2/bookros2_ws/install/br2_gazebo_worlds/share/br2_gazebo_worlds/models/aws_robomaker_residential_ReadingDesk_01/model.sdf
[0.730s] -- Up-to-date symlink: /home/edmund-munene/Documents/Programming-language-basics/Linux/Robotics/AConciseIntroductiontoRobotProgrammingwithROS2/bookros2_ws/install/br2_gazebo_worlds/share/br2_gazebo_worlds/models/aws_robomaker_residential_Refrigerator_01/materials/textures/aws_Refrigerator_01.png
[0.730s] -- Up-to-date symlink: /home/edmund-munene/Documents/Programming-language-basics/Linux/Robotics/AConciseIntroductiontoRobotProgrammingwithROS2/bookros2_ws/install/br2_gazebo_worlds/share/br2_gazebo_worlds/models/aws_robomaker_residential_Refrigerator_01/materials/textures/aws_Refrigerator_02.png
[0.731s] -- Up-to-date symlink: /home/edmund-munene/Documents/Programming-language-basics/Linux/Robotics/AConciseIntroductiontoRobotProgrammingwithROS2/bookros2_ws/install/br2_gazebo_worlds/share/br2_gazebo_worlds/models/aws_robomaker_residential_Refrigerator_01/meshes/aws_Refrigerator_01.DAE
[0.731s] -- Up-to-date symlink: /home/edmund-munene/Documents/Programming-language-basics/Linux/Robotics/AConciseIntroductiontoRobotProgrammingwithROS2/bookros2_ws/install/br2_gazebo_worlds/share/br2_gazebo_worlds/models/aws_robomaker_residential_Refrigerator_01/meshes/aws_Refrigerator_01_collision.DAE
[0.731s] -- Up-to-date symlink: /home/edmund-munene/Documents/Programming-language-basics/Linux/Robotics/AConciseIntroductiontoRobotProgrammingwithROS2/bookros2_ws/install/br2_gazebo_worlds/share/br2_gazebo_worlds/models/aws_robomaker_residential_Refrigerator_01/meshes/aws_Refrigerator_01_visual.DAE
[0.731s] -- Up-to-date symlink: /home/edmund-munene/Documents/Programming-language-basics/Linux/Robotics/AConciseIntroductiontoRobotProgrammingwithROS2/bookros2_ws/install/br2_gazebo_worlds/share/br2_gazebo_worlds/models/aws_robomaker_residential_Refrigerator_01/model.config
[0.732s] -- Up-to-date symlink: /home/edmund-munene/Documents/Programming-language-basics/Linux/Robotics/AConciseIntroductiontoRobotProgrammingwithROS2/bookros2_ws/install/br2_gazebo_worlds/share/br2_gazebo_worlds/models/aws_robomaker_residential_Refrigerator_01/model.sdf
[0.732s] -- Up-to-date symlink: /home/edmund-munene/Documents/Programming-language-basics/Linux/Robotics/AConciseIntroductiontoRobotProgrammingwithROS2/bookros2_ws/install/br2_gazebo_worlds/share/br2_gazebo_worlds/models/aws_robomaker_residential_RoomCeiling_01/materials/textures/aws_RoomCeiling_01.png
[0.732s] -- Up-to-date symlink: /home/edmund-munene/Documents/Programming-language-basics/Linux/Robotics/AConciseIntroductiontoRobotProgrammingwithROS2/bookros2_ws/install/br2_gazebo_worlds/share/br2_gazebo_worlds/models/aws_robomaker_residential_RoomCeiling_01/meshes/aws_RoomCeiling_01_collision.DAE
[0.732s] -- Up-to-date symlink: /home/edmund-munene/Documents/Programming-language-basics/Linux/Robotics/AConciseIntroductiontoRobotProgrammingwithROS2/bookros2_ws/install/br2_gazebo_worlds/share/br2_gazebo_worlds/models/aws_robomaker_residential_RoomCeiling_01/meshes/aws_RoomCeiling_01_visual.DAE
[0.733s] -- Up-to-date symlink: /home/edmund-munene/Documents/Programming-language-basics/Linux/Robotics/AConciseIntroductiontoRobotProgrammingwithROS2/bookros2_ws/install/br2_gazebo_worlds/share/br2_gazebo_worlds/models/aws_robomaker_residential_RoomCeiling_01/model.config
[0.733s] -- Up-to-date symlink: /home/edmund-munene/Documents/Programming-language-basics/Linux/Robotics/AConciseIntroductiontoRobotProgrammingwithROS2/bookros2_ws/install/br2_gazebo_worlds/share/br2_gazebo_worlds/models/aws_robomaker_residential_RoomCeiling_01/model.sdf
[0.733s] -- Up-to-date symlink: /home/edmund-munene/Documents/Programming-language-basics/Linux/Robotics/AConciseIntroductiontoRobotProgrammingwithROS2/bookros2_ws/install/br2_gazebo_worlds/share/br2_gazebo_worlds/models/aws_robomaker_residential_RoomWall_01/materials/textures/aws_RoomWall_01.png
[0.733s] -- Up-to-date symlink: /home/edmund-munene/Documents/Programming-language-basics/Linux/Robotics/AConciseIntroductiontoRobotProgrammingwithROS2/bookros2_ws/install/br2_gazebo_worlds/share/br2_gazebo_worlds/models/aws_robomaker_residential_RoomWall_01/meshes/aws_RoomWall_01_collision.DAE
[0.733s] -- Up-to-date symlink: /home/edmund-munene/Documents/Programming-language-basics/Linux/Robotics/AConciseIntroductiontoRobotProgrammingwithROS2/bookros2_ws/install/br2_gazebo_worlds/share/br2_gazebo_worlds/models/aws_robomaker_residential_RoomWall_01/meshes/aws_RoomWall_01_visual.DAE
[0.734s] -- Up-to-date symlink: /home/edmund-munene/Documents/Programming-language-basics/Linux/Robotics/AConciseIntroductiontoRobotProgrammingwithROS2/bookros2_ws/install/br2_gazebo_worlds/share/br2_gazebo_worlds/models/aws_robomaker_residential_RoomWall_01/model.config
[0.734s] -- Up-to-date symlink: /home/edmund-munene/Documents/Programming-language-basics/Linux/Robotics/AConciseIntroductiontoRobotProgrammingwithROS2/bookros2_ws/install/br2_gazebo_worlds/share/br2_gazebo_worlds/models/aws_robomaker_residential_RoomWall_01/model.sdf
[0.734s] -- Up-to-date symlink: /home/edmund-munene/Documents/Programming-language-basics/Linux/Robotics/AConciseIntroductiontoRobotProgrammingwithROS2/bookros2_ws/install/br2_gazebo_worlds/share/br2_gazebo_worlds/models/aws_robomaker_residential_RoomWindow_01/materials/textures/aws_RoomWindow_01.png
[0.734s] -- Up-to-date symlink: /home/edmund-munene/Documents/Programming-language-basics/Linux/Robotics/AConciseIntroductiontoRobotProgrammingwithROS2/bookros2_ws/install/br2_gazebo_worlds/share/br2_gazebo_worlds/models/aws_robomaker_residential_RoomWindow_01/meshes/aws_RoomWindow_01_collision.DAE
[0.735s] -- Up-to-date symlink: /home/edmund-munene/Documents/Programming-language-basics/Linux/Robotics/AConciseIntroductiontoRobotProgrammingwithROS2/bookros2_ws/install/br2_gazebo_worlds/share/br2_gazebo_worlds/models/aws_robomaker_residential_RoomWindow_01/meshes/aws_RoomWindow_01_visual.DAE
[0.735s] -- Up-to-date symlink: /home/edmund-munene/Documents/Programming-language-basics/Linux/Robotics/AConciseIntroductiontoRobotProgrammingwithROS2/bookros2_ws/install/br2_gazebo_worlds/share/br2_gazebo_worlds/models/aws_robomaker_residential_RoomWindow_01/model.config
[0.735s] -- Up-to-date symlink: /home/edmund-munene/Documents/Programming-language-basics/Linux/Robotics/AConciseIntroductiontoRobotProgrammingwithROS2/bookros2_ws/install/br2_gazebo_worlds/share/br2_gazebo_worlds/models/aws_robomaker_residential_RoomWindow_01/model.sdf
[0.735s] -- Up-to-date symlink: /home/edmund-munene/Documents/Programming-language-basics/Linux/Robotics/AConciseIntroductiontoRobotProgrammingwithROS2/bookros2_ws/install/br2_gazebo_worlds/share/br2_gazebo_worlds/models/aws_robomaker_residential_SeasoningBox_01/materials/textures/aws_SeasoningBox_01.png
[0.735s] -- Up-to-date symlink: /home/edmund-munene/Documents/Programming-language-basics/Linux/Robotics/AConciseIntroductiontoRobotProgrammingwithROS2/bookros2_ws/install/br2_gazebo_worlds/share/br2_gazebo_worlds/models/aws_robomaker_residential_SeasoningBox_01/meshes/aws_SeasoningBox_01_collision.DAE
[0.736s] -- Up-to-date symlink: /home/edmund-munene/Documents/Programming-language-basics/Linux/Robotics/AConciseIntroductiontoRobotProgrammingwithROS2/bookros2_ws/install/br2_gazebo_worlds/share/br2_gazebo_worlds/models/aws_robomaker_residential_SeasoningBox_01/meshes/aws_SeasoningBox_01_visual.DAE
[0.736s] -- Up-to-date symlink: /home/edmund-munene/Documents/Programming-language-basics/Linux/Robotics/AConciseIntroductiontoRobotProgrammingwithROS2/bookros2_ws/install/br2_gazebo_worlds/share/br2_gazebo_worlds/models/aws_robomaker_residential_SeasoningBox_01/model.config
[0.736s] -- Up-to-date symlink: /home/edmund-munene/Documents/Programming-language-basics/Linux/Robotics/AConciseIntroductiontoRobotProgrammingwithROS2/bookros2_ws/install/br2_gazebo_worlds/share/br2_gazebo_worlds/models/aws_robomaker_residential_SeasoningBox_01/model.sdf
[0.736s] -- Up-to-date symlink: /home/edmund-munene/Documents/Programming-language-basics/Linux/Robotics/AConciseIntroductiontoRobotProgrammingwithROS2/bookros2_ws/install/br2_gazebo_worlds/share/br2_gazebo_worlds/models/aws_robomaker_residential_SecurityCamera_01/materials/textures/aws_SecurityCamera_01.png
[0.736s] -- Up-to-date symlink: /home/edmund-munene/Documents/Programming-language-basics/Linux/Robotics/AConciseIntroductiontoRobotProgrammingwithROS2/bookros2_ws/install/br2_gazebo_worlds/share/br2_gazebo_worlds/models/aws_robomaker_residential_SecurityCamera_01/meshes/aws_SecurityCamera_01_collision.DAE
[0.737s] -- Up-to-date symlink: /home/edmund-munene/Documents/Programming-language-basics/Linux/Robotics/AConciseIntroductiontoRobotProgrammingwithROS2/bookros2_ws/install/br2_gazebo_worlds/share/br2_gazebo_worlds/models/aws_robomaker_residential_SecurityCamera_01/meshes/aws_SecurityCamera_01_visual.DAE
[0.737s] -- Up-to-date symlink: /home/edmund-munene/Documents/Programming-language-basics/Linux/Robotics/AConciseIntroductiontoRobotProgrammingwithROS2/bookros2_ws/install/br2_gazebo_worlds/share/br2_gazebo_worlds/models/aws_robomaker_residential_SecurityCamera_01/model.config
[0.737s] -- Up-to-date symlink: /home/edmund-munene/Documents/Programming-language-basics/Linux/Robotics/AConciseIntroductiontoRobotProgrammingwithROS2/bookros2_ws/install/br2_gazebo_worlds/share/br2_gazebo_worlds/models/aws_robomaker_residential_SecurityCamera_01/model.sdf
[0.737s] -- Up-to-date symlink: /home/edmund-munene/Documents/Programming-language-basics/Linux/Robotics/AConciseIntroductiontoRobotProgrammingwithROS2/bookros2_ws/install/br2_gazebo_worlds/share/br2_gazebo_worlds/models/aws_robomaker_residential_ShoeRack_01/materials/textures/aws_ShoeRack_01.png
[0.738s] -- Up-to-date symlink: /home/edmund-munene/Documents/Programming-language-basics/Linux/Robotics/AConciseIntroductiontoRobotProgrammingwithROS2/bookros2_ws/install/br2_gazebo_worlds/share/br2_gazebo_worlds/models/aws_robomaker_residential_ShoeRack_01/meshes/aws_ShoeRack_01_collision.DAE
[0.738s] -- Up-to-date symlink: /home/edmund-munene/Documents/Programming-language-basics/Linux/Robotics/AConciseIntroductiontoRobotProgrammingwithROS2/bookros2_ws/install/br2_gazebo_worlds/share/br2_gazebo_worlds/models/aws_robomaker_residential_ShoeRack_01/meshes/aws_ShoeRack_01_visual.DAE
[0.738s] -- Up-to-date symlink: /home/edmund-munene/Documents/Programming-language-basics/Linux/Robotics/AConciseIntroductiontoRobotProgrammingwithROS2/bookros2_ws/install/br2_gazebo_worlds/share/br2_gazebo_worlds/models/aws_robomaker_residential_ShoeRack_01/model.config
[0.738s] -- Up-to-date symlink: /home/edmund-munene/Documents/Programming-language-basics/Linux/Robotics/AConciseIntroductiontoRobotProgrammingwithROS2/bookros2_ws/install/br2_gazebo_worlds/share/br2_gazebo_worlds/models/aws_robomaker_residential_ShoeRack_01/model.sdf
[0.739s] -- Up-to-date symlink: /home/edmund-munene/Documents/Programming-language-basics/Linux/Robotics/AConciseIntroductiontoRobotProgrammingwithROS2/bookros2_ws/install/br2_gazebo_worlds/share/br2_gazebo_worlds/models/aws_robomaker_residential_SofaB_01/materials/textures/aws_SofaB_01.png
[0.739s] -- Up-to-date symlink: /home/edmund-munene/Documents/Programming-language-basics/Linux/Robotics/AConciseIntroductiontoRobotProgrammingwithROS2/bookros2_ws/install/br2_gazebo_worlds/share/br2_gazebo_worlds/models/aws_robomaker_residential_SofaB_01/meshes/aws_SofaB_01_collision.DAE
[0.739s] -- Up-to-date symlink: /home/edmund-munene/Documents/Programming-language-basics/Linux/Robotics/AConciseIntroductiontoRobotProgrammingwithROS2/bookros2_ws/install/br2_gazebo_worlds/share/br2_gazebo_worlds/models/aws_robomaker_residential_SofaB_01/meshes/aws_SofaB_01_visual.DAE
[0.739s] -- Up-to-date symlink: /home/edmund-munene/Documents/Programming-language-basics/Linux/Robotics/AConciseIntroductiontoRobotProgrammingwithROS2/bookros2_ws/install/br2_gazebo_worlds/share/br2_gazebo_worlds/models/aws_robomaker_residential_SofaB_01/model.config
[0.739s] -- Up-to-date symlink: /home/edmund-munene/Documents/Programming-language-basics/Linux/Robotics/AConciseIntroductiontoRobotProgrammingwithROS2/bookros2_ws/install/br2_gazebo_worlds/share/br2_gazebo_worlds/models/aws_robomaker_residential_SofaB_01/model.sdf
[0.740s] -- Up-to-date symlink: /home/edmund-munene/Documents/Programming-language-basics/Linux/Robotics/AConciseIntroductiontoRobotProgrammingwithROS2/bookros2_ws/install/br2_gazebo_worlds/share/br2_gazebo_worlds/models/aws_robomaker_residential_SofaC_01/materials/textures/aws_SofaC_01.png
[0.740s] -- Up-to-date symlink: /home/edmund-munene/Documents/Programming-language-basics/Linux/Robotics/AConciseIntroductiontoRobotProgrammingwithROS2/bookros2_ws/install/br2_gazebo_worlds/share/br2_gazebo_worlds/models/aws_robomaker_residential_SofaC_01/meshes/aws_SofaC_01_collision.DAE
[0.740s] -- Up-to-date symlink: /home/edmund-munene/Documents/Programming-language-basics/Linux/Robotics/AConciseIntroductiontoRobotProgrammingwithROS2/bookros2_ws/install/br2_gazebo_worlds/share/br2_gazebo_worlds/models/aws_robomaker_residential_SofaC_01/meshes/aws_SofaC_01_visual.DAE
[0.740s] -- Up-to-date symlink: /home/edmund-munene/Documents/Programming-language-basics/Linux/Robotics/AConciseIntroductiontoRobotProgrammingwithROS2/bookros2_ws/install/br2_gazebo_worlds/share/br2_gazebo_worlds/models/aws_robomaker_residential_SofaC_01/model.config
[0.741s] -- Up-to-date symlink: /home/edmund-munene/Documents/Programming-language-basics/Linux/Robotics/AConciseIntroductiontoRobotProgrammingwithROS2/bookros2_ws/install/br2_gazebo_worlds/share/br2_gazebo_worlds/models/aws_robomaker_residential_SofaC_01/model.sdf
[0.741s] -- Up-to-date symlink: /home/edmund-munene/Documents/Programming-language-basics/Linux/Robotics/AConciseIntroductiontoRobotProgrammingwithROS2/bookros2_ws/install/br2_gazebo_worlds/share/br2_gazebo_worlds/models/aws_robomaker_residential_Sofa_01/materials/textures/aws_Sofa_01.png
[0.742s] -- Up-to-date symlink: /home/edmund-munene/Documents/Programming-language-basics/Linux/Robotics/AConciseIntroductiontoRobotProgrammingwithROS2/bookros2_ws/install/br2_gazebo_worlds/share/br2_gazebo_worlds/models/aws_robomaker_residential_Sofa_01/meshes/aws_Sofa_01.DAE
[0.742s] -- Up-to-date symlink: /home/edmund-munene/Documents/Programming-language-basics/Linux/Robotics/AConciseIntroductiontoRobotProgrammingwithROS2/bookros2_ws/install/br2_gazebo_worlds/share/br2_gazebo_worlds/models/aws_robomaker_residential_Sofa_01/meshes/aws_Sofa_01_collision.DAE
[0.743s] -- Up-to-date symlink: /home/edmund-munene/Documents/Programming-language-basics/Linux/Robotics/AConciseIntroductiontoRobotProgrammingwithROS2/bookros2_ws/install/br2_gazebo_worlds/share/br2_gazebo_worlds/models/aws_robomaker_residential_Sofa_01/meshes/aws_Sofa_01_visual.DAE
[0.743s] -- Up-to-date symlink: /home/edmund-munene/Documents/Programming-language-basics/Linux/Robotics/AConciseIntroductiontoRobotProgrammingwithROS2/bookros2_ws/install/br2_gazebo_worlds/share/br2_gazebo_worlds/models/aws_robomaker_residential_Sofa_01/model.config
[0.744s] -- Up-to-date symlink: /home/edmund-munene/Documents/Programming-language-basics/Linux/Robotics/AConciseIntroductiontoRobotProgrammingwithROS2/bookros2_ws/install/br2_gazebo_worlds/share/br2_gazebo_worlds/models/aws_robomaker_residential_Sofa_01/model.sdf
[0.745s] -- Up-to-date symlink: /home/edmund-munene/Documents/Programming-language-basics/Linux/Robotics/AConciseIntroductiontoRobotProgrammingwithROS2/bookros2_ws/install/br2_gazebo_worlds/share/br2_gazebo_worlds/models/aws_robomaker_residential_TVCabinet_01/materials/textures/aws_TVCabinet_01.png
[0.745s] -- Up-to-date symlink: /home/edmund-munene/Documents/Programming-language-basics/Linux/Robotics/AConciseIntroductiontoRobotProgrammingwithROS2/bookros2_ws/install/br2_gazebo_worlds/share/br2_gazebo_worlds/models/aws_robomaker_residential_TVCabinet_01/meshes/aws_TVCabinet_01_collision.DAE
[0.745s] -- Up-to-date symlink: /home/edmund-munene/Documents/Programming-language-basics/Linux/Robotics/AConciseIntroductiontoRobotProgrammingwithROS2/bookros2_ws/install/br2_gazebo_worlds/share/br2_gazebo_worlds/models/aws_robomaker_residential_TVCabinet_01/meshes/aws_TVCabinet_01_visual.DAE
[0.746s] -- Up-to-date symlink: /home/edmund-munene/Documents/Programming-language-basics/Linux/Robotics/AConciseIntroductiontoRobotProgrammingwithROS2/bookros2_ws/install/br2_gazebo_worlds/share/br2_gazebo_worlds/models/aws_robomaker_residential_TVCabinet_01/model.config
[0.746s] -- Up-to-date symlink: /home/edmund-munene/Documents/Programming-language-basics/Linux/Robotics/AConciseIntroductiontoRobotProgrammingwithROS2/bookros2_ws/install/br2_gazebo_worlds/share/br2_gazebo_worlds/models/aws_robomaker_residential_TVCabinet_01/model.sdf
[0.746s] -- Up-to-date symlink: /home/edmund-munene/Documents/Programming-language-basics/Linux/Robotics/AConciseIntroductiontoRobotProgrammingwithROS2/bookros2_ws/install/br2_gazebo_worlds/share/br2_gazebo_worlds/models/aws_robomaker_residential_TV_01/materials/textures/aws_TV_01.png
[0.746s] -- Up-to-date symlink: /home/edmund-munene/Documents/Programming-language-basics/Linux/Robotics/AConciseIntroductiontoRobotProgrammingwithROS2/bookros2_ws/install/br2_gazebo_worlds/share/br2_gazebo_worlds/models/aws_robomaker_residential_TV_01/meshes/aws_TV_01_collision.DAE
[0.747s] -- Up-to-date symlink: /home/edmund-munene/Documents/Programming-language-basics/Linux/Robotics/AConciseIntroductiontoRobotProgrammingwithROS2/bookros2_ws/install/br2_gazebo_worlds/share/br2_gazebo_worlds/models/aws_robomaker_residential_TV_01/meshes/aws_TV_01_visual.DAE
[0.747s] -- Up-to-date symlink: /home/edmund-munene/Documents/Programming-language-basics/Linux/Robotics/AConciseIntroductiontoRobotProgrammingwithROS2/bookros2_ws/install/br2_gazebo_worlds/share/br2_gazebo_worlds/models/aws_robomaker_residential_TV_01/model.config
[0.747s] -- Up-to-date symlink: /home/edmund-munene/Documents/Programming-language-basics/Linux/Robotics/AConciseIntroductiontoRobotProgrammingwithROS2/bookros2_ws/install/br2_gazebo_worlds/share/br2_gazebo_worlds/models/aws_robomaker_residential_TV_01/model.sdf
[0.747s] -- Up-to-date symlink: /home/edmund-munene/Documents/Programming-language-basics/Linux/Robotics/AConciseIntroductiontoRobotProgrammingwithROS2/bookros2_ws/install/br2_gazebo_worlds/share/br2_gazebo_worlds/models/aws_robomaker_residential_TV_02/materials/textures/aws_TV_01.png
[0.748s] -- Up-to-date symlink: /home/edmund-munene/Documents/Programming-language-basics/Linux/Robotics/AConciseIntroductiontoRobotProgrammingwithROS2/bookros2_ws/install/br2_gazebo_worlds/share/br2_gazebo_worlds/models/aws_robomaker_residential_TV_02/meshes/aws_TV_01_collision.DAE
[0.748s] -- Up-to-date symlink: /home/edmund-munene/Documents/Programming-language-basics/Linux/Robotics/AConciseIntroductiontoRobotProgrammingwithROS2/bookros2_ws/install/br2_gazebo_worlds/share/br2_gazebo_worlds/models/aws_robomaker_residential_TV_02/meshes/aws_TV_01_visual.DAE
[0.753s] -- Up-to-date symlink: /home/edmund-munene/Documents/Programming-language-basics/Linux/Robotics/AConciseIntroductiontoRobotProgrammingwithROS2/bookros2_ws/install/br2_gazebo_worlds/share/br2_gazebo_worlds/models/aws_robomaker_residential_TV_02/model.config
[0.754s] -- Up-to-date symlink: /home/edmund-munene/Documents/Programming-language-basics/Linux/Robotics/AConciseIntroductiontoRobotProgrammingwithROS2/bookros2_ws/install/br2_gazebo_worlds/share/br2_gazebo_worlds/models/aws_robomaker_residential_TV_02/model.sdf
[0.755s] -- Up-to-date symlink: /home/edmund-munene/Documents/Programming-language-basics/Linux/Robotics/AConciseIntroductiontoRobotProgrammingwithROS2/bookros2_ws/install/br2_gazebo_worlds/share/br2_gazebo_worlds/models/aws_robomaker_residential_Tablet_01/.DS_Store
[0.755s] -- Up-to-date symlink: /home/edmund-munene/Documents/Programming-language-basics/Linux/Robotics/AConciseIntroductiontoRobotProgrammingwithROS2/bookros2_ws/install/br2_gazebo_worlds/share/br2_gazebo_worlds/models/aws_robomaker_residential_Tablet_01/materials/.DS_Store
[0.756s] -- Up-to-date symlink: /home/edmund-munene/Documents/Programming-language-basics/Linux/Robotics/AConciseIntroductiontoRobotProgrammingwithROS2/bookros2_ws/install/br2_gazebo_worlds/share/br2_gazebo_worlds/models/aws_robomaker_residential_Tablet_01/materials/textures/aws_Tablet_01_nologo.png
[0.757s] -- Up-to-date symlink: /home/edmund-munene/Documents/Programming-language-basics/Linux/Robotics/AConciseIntroductiontoRobotProgrammingwithROS2/bookros2_ws/install/br2_gazebo_worlds/share/br2_gazebo_worlds/models/aws_robomaker_residential_Tablet_01/meshes/aws_Tablet_01_collision.DAE
[0.757s] -- Up-to-date symlink: /home/edmund-munene/Documents/Programming-language-basics/Linux/Robotics/AConciseIntroductiontoRobotProgrammingwithROS2/bookros2_ws/install/br2_gazebo_worlds/share/br2_gazebo_worlds/models/aws_robomaker_residential_Tablet_01/meshes/aws_Tablet_01_visual.DAE
[0.757s] -- Up-to-date symlink: /home/edmund-munene/Documents/Programming-language-basics/Linux/Robotics/AConciseIntroductiontoRobotProgrammingwithROS2/bookros2_ws/install/br2_gazebo_worlds/share/br2_gazebo_worlds/models/aws_robomaker_residential_Tablet_01/model.config
[0.757s] -- Up-to-date symlink: /home/edmund-munene/Documents/Programming-language-basics/Linux/Robotics/AConciseIntroductiontoRobotProgrammingwithROS2/bookros2_ws/install/br2_gazebo_worlds/share/br2_gazebo_worlds/models/aws_robomaker_residential_Tablet_01/model.sdf
[0.757s] -- Up-to-date symlink: /home/edmund-munene/Documents/Programming-language-basics/Linux/Robotics/AConciseIntroductiontoRobotProgrammingwithROS2/bookros2_ws/install/br2_gazebo_worlds/share/br2_gazebo_worlds/models/aws_robomaker_residential_Tableware_01/materials/textures/aws_Tableware_01.png
[0.757s] -- Up-to-date symlink: /home/edmund-munene/Documents/Programming-language-basics/Linux/Robotics/AConciseIntroductiontoRobotProgrammingwithROS2/bookros2_ws/install/br2_gazebo_worlds/share/br2_gazebo_worlds/models/aws_robomaker_residential_Tableware_01/meshes/aws_Tableware_01_collision.DAE
[0.757s] -- Up-to-date symlink: /home/edmund-munene/Documents/Programming-language-basics/Linux/Robotics/AConciseIntroductiontoRobotProgrammingwithROS2/bookros2_ws/install/br2_gazebo_worlds/share/br2_gazebo_worlds/models/aws_robomaker_residential_Tableware_01/meshes/aws_Tableware_01_visual.DAE
[0.757s] -- Up-to-date symlink: /home/edmund-munene/Documents/Programming-language-basics/Linux/Robotics/AConciseIntroductiontoRobotProgrammingwithROS2/bookros2_ws/install/br2_gazebo_worlds/share/br2_gazebo_worlds/models/aws_robomaker_residential_Tableware_01/model.config
[0.757s] -- Up-to-date symlink: /home/edmund-munene/Documents/Programming-language-basics/Linux/Robotics/AConciseIntroductiontoRobotProgrammingwithROS2/bookros2_ws/install/br2_gazebo_worlds/share/br2_gazebo_worlds/models/aws_robomaker_residential_Tableware_01/model.sdf
[0.757s] -- Up-to-date symlink: /home/edmund-munene/Documents/Programming-language-basics/Linux/Robotics/AConciseIntroductiontoRobotProgrammingwithROS2/bookros2_ws/install/br2_gazebo_worlds/share/br2_gazebo_worlds/models/aws_robomaker_residential_Trash_01/materials/textures/aws_Trash_01.png
[0.758s] -- Up-to-date symlink: /home/edmund-munene/Documents/Programming-language-basics/Linux/Robotics/AConciseIntroductiontoRobotProgrammingwithROS2/bookros2_ws/install/br2_gazebo_worlds/share/br2_gazebo_worlds/models/aws_robomaker_residential_Trash_01/meshes/aws_Trash_01_collision.DAE
[0.758s] -- Up-to-date symlink: /home/edmund-munene/Documents/Programming-language-basics/Linux/Robotics/AConciseIntroductiontoRobotProgrammingwithROS2/bookros2_ws/install/br2_gazebo_worlds/share/br2_gazebo_worlds/models/aws_robomaker_residential_Trash_01/meshes/aws_Trash_01_visual.DAE
[0.758s] -- Up-to-date symlink: /home/edmund-munene/Documents/Programming-language-basics/Linux/Robotics/AConciseIntroductiontoRobotProgrammingwithROS2/bookros2_ws/install/br2_gazebo_worlds/share/br2_gazebo_worlds/models/aws_robomaker_residential_Trash_01/model.config
[0.758s] -- Up-to-date symlink: /home/edmund-munene/Documents/Programming-language-basics/Linux/Robotics/AConciseIntroductiontoRobotProgrammingwithROS2/bookros2_ws/install/br2_gazebo_worlds/share/br2_gazebo_worlds/models/aws_robomaker_residential_Trash_01/model.sdf
[0.758s] -- Up-to-date symlink: /home/edmund-munene/Documents/Programming-language-basics/Linux/Robotics/AConciseIntroductiontoRobotProgrammingwithROS2/bookros2_ws/install/br2_gazebo_worlds/share/br2_gazebo_worlds/models/aws_robomaker_residential_Vase_01/materials/textures/aws_Vase_01.png
[0.758s] -- Up-to-date symlink: /home/edmund-munene/Documents/Programming-language-basics/Linux/Robotics/AConciseIntroductiontoRobotProgrammingwithROS2/bookros2_ws/install/br2_gazebo_worlds/share/br2_gazebo_worlds/models/aws_robomaker_residential_Vase_01/meshes/aws_Vase_01_collision.DAE
[0.758s] -- Up-to-date symlink: /home/edmund-munene/Documents/Programming-language-basics/Linux/Robotics/AConciseIntroductiontoRobotProgrammingwithROS2/bookros2_ws/install/br2_gazebo_worlds/share/br2_gazebo_worlds/models/aws_robomaker_residential_Vase_01/meshes/aws_Vase_01_visual.DAE
[0.758s] -- Up-to-date symlink: /home/edmund-munene/Documents/Programming-language-basics/Linux/Robotics/AConciseIntroductiontoRobotProgrammingwithROS2/bookros2_ws/install/br2_gazebo_worlds/share/br2_gazebo_worlds/models/aws_robomaker_residential_Vase_01/model.config
[0.759s] -- Up-to-date symlink: /home/edmund-munene/Documents/Programming-language-basics/Linux/Robotics/AConciseIntroductiontoRobotProgrammingwithROS2/bookros2_ws/install/br2_gazebo_worlds/share/br2_gazebo_worlds/models/aws_robomaker_residential_Vase_01/model.sdf
[0.759s] -- Up-to-date symlink: /home/edmund-munene/Documents/Programming-language-basics/Linux/Robotics/AConciseIntroductiontoRobotProgrammingwithROS2/bookros2_ws/install/br2_gazebo_worlds/share/br2_gazebo_worlds/models/aws_robomaker_residential_Wardrobe_01/materials/textures/aws_Wardrobe_01.png
[0.759s] -- Up-to-date symlink: /home/edmund-munene/Documents/Programming-language-basics/Linux/Robotics/AConciseIntroductiontoRobotProgrammingwithROS2/bookros2_ws/install/br2_gazebo_worlds/share/br2_gazebo_worlds/models/aws_robomaker_residential_Wardrobe_01/meshes/aws_Wardrobe_01_collision.DAE
[0.759s] -- Up-to-date symlink: /home/edmund-munene/Documents/Programming-language-basics/Linux/Robotics/AConciseIntroductiontoRobotProgrammingwithROS2/bookros2_ws/install/br2_gazebo_worlds/share/br2_gazebo_worlds/models/aws_robomaker_residential_Wardrobe_01/meshes/aws_Wardrobe_01_visual.DAE
[0.759s] -- Up-to-date symlink: /home/edmund-munene/Documents/Programming-language-basics/Linux/Robotics/AConciseIntroductiontoRobotProgrammingwithROS2/bookros2_ws/install/br2_gazebo_worlds/share/br2_gazebo_worlds/models/aws_robomaker_residential_Wardrobe_01/model.config
[0.759s] -- Up-to-date symlink: /home/edmund-munene/Documents/Programming-language-basics/Linux/Robotics/AConciseIntroductiontoRobotProgrammingwithROS2/bookros2_ws/install/br2_gazebo_worlds/share/br2_gazebo_worlds/models/aws_robomaker_residential_Wardrobe_01/model.sdf
[0.760s] -- Up-to-date symlink: /home/edmund-munene/Documents/Programming-language-basics/Linux/Robotics/AConciseIntroductiontoRobotProgrammingwithROS2/bookros2_ws/install/br2_gazebo_worlds/share/br2_gazebo_worlds/models/aws_robomaker_warehouse_Bucket_01/.DS_Store
[0.760s] -- Up-to-date symlink: /home/edmund-munene/Documents/Programming-language-basics/Linux/Robotics/AConciseIntroductiontoRobotProgrammingwithROS2/bookros2_ws/install/br2_gazebo_worlds/share/br2_gazebo_worlds/models/aws_robomaker_warehouse_Bucket_01/materials/.DS_Store
[0.760s] -- Up-to-date symlink: /home/edmund-munene/Documents/Programming-language-basics/Linux/Robotics/AConciseIntroductiontoRobotProgrammingwithROS2/bookros2_ws/install/br2_gazebo_worlds/share/br2_gazebo_worlds/models/aws_robomaker_warehouse_Bucket_01/materials/textures/aws_robomaker_warehouse_Bucket_01.png
[0.760s] -- Up-to-date symlink: /home/edmund-munene/Documents/Programming-language-basics/Linux/Robotics/AConciseIntroductiontoRobotProgrammingwithROS2/bookros2_ws/install/br2_gazebo_worlds/share/br2_gazebo_worlds/models/aws_robomaker_warehouse_Bucket_01/meshes/aws_robomaker_warehouse_Bucket_01_collision.DAE
[0.760s] -- Up-to-date symlink: /home/edmund-munene/Documents/Programming-language-basics/Linux/Robotics/AConciseIntroductiontoRobotProgrammingwithROS2/bookros2_ws/install/br2_gazebo_worlds/share/br2_gazebo_worlds/models/aws_robomaker_warehouse_Bucket_01/meshes/aws_robomaker_warehouse_Bucket_01_visual.DAE
[0.760s] -- Up-to-date symlink: /home/edmund-munene/Documents/Programming-language-basics/Linux/Robotics/AConciseIntroductiontoRobotProgrammingwithROS2/bookros2_ws/install/br2_gazebo_worlds/share/br2_gazebo_worlds/models/aws_robomaker_warehouse_Bucket_01/model.config
[0.761s] -- Up-to-date symlink: /home/edmund-munene/Documents/Programming-language-basics/Linux/Robotics/AConciseIntroductiontoRobotProgrammingwithROS2/bookros2_ws/install/br2_gazebo_worlds/share/br2_gazebo_worlds/models/aws_robomaker_warehouse_Bucket_01/model.sdf
[0.761s] -- Up-to-date symlink: /home/edmund-munene/Documents/Programming-language-basics/Linux/Robotics/AConciseIntroductiontoRobotProgrammingwithROS2/bookros2_ws/install/br2_gazebo_worlds/share/br2_gazebo_worlds/models/aws_robomaker_warehouse_ClutteringA_01/.DS_Store
[0.761s] -- Up-to-date symlink: /home/edmund-munene/Documents/Programming-language-basics/Linux/Robotics/AConciseIntroductiontoRobotProgrammingwithROS2/bookros2_ws/install/br2_gazebo_worlds/share/br2_gazebo_worlds/models/aws_robomaker_warehouse_ClutteringA_01/materials/.DS_Store
[0.761s] -- Up-to-date symlink: /home/edmund-munene/Documents/Programming-language-basics/Linux/Robotics/AConciseIntroductiontoRobotProgrammingwithROS2/bookros2_ws/install/br2_gazebo_worlds/share/br2_gazebo_worlds/models/aws_robomaker_warehouse_ClutteringA_01/materials/textures/.DS_Store
[0.761s] -- Up-to-date symlink: /home/edmund-munene/Documents/Programming-language-basics/Linux/Robotics/AConciseIntroductiontoRobotProgrammingwithROS2/bookros2_ws/install/br2_gazebo_worlds/share/br2_gazebo_worlds/models/aws_robomaker_warehouse_ClutteringA_01/materials/textures/aws_robomaker_warehouse_ClutteringA_01.png
[0.762s] -- Up-to-date symlink: /home/edmund-munene/Documents/Programming-language-basics/Linux/Robotics/AConciseIntroductiontoRobotProgrammingwithROS2/bookros2_ws/install/br2_gazebo_worlds/share/br2_gazebo_worlds/models/aws_robomaker_warehouse_ClutteringA_01/materials/textures/aws_robomaker_warehouse_ClutteringA_02.png
[0.762s] -- Up-to-date symlink: /home/edmund-munene/Documents/Programming-language-basics/Linux/Robotics/AConciseIntroductiontoRobotProgrammingwithROS2/bookros2_ws/install/br2_gazebo_worlds/share/br2_gazebo_worlds/models/aws_robomaker_warehouse_ClutteringA_01/materials/textures/aws_robomaker_warehouse_ClutteringA_03.png
[0.762s] -- Up-to-date symlink: /home/edmund-munene/Documents/Programming-language-basics/Linux/Robotics/AConciseIntroductiontoRobotProgrammingwithROS2/bookros2_ws/install/br2_gazebo_worlds/share/br2_gazebo_worlds/models/aws_robomaker_warehouse_ClutteringA_01/meshes/aws_robomaker_warehouse_ClutteringA_01_collision.DAE
[0.762s] -- Up-to-date symlink: /home/edmund-munene/Documents/Programming-language-basics/Linux/Robotics/AConciseIntroductiontoRobotProgrammingwithROS2/bookros2_ws/install/br2_gazebo_worlds/share/br2_gazebo_worlds/models/aws_robomaker_warehouse_ClutteringA_01/meshes/aws_robomaker_warehouse_ClutteringA_01_visual.DAE
[0.762s] -- Up-to-date symlink: /home/edmund-munene/Documents/Programming-language-basics/Linux/Robotics/AConciseIntroductiontoRobotProgrammingwithROS2/bookros2_ws/install/br2_gazebo_worlds/share/br2_gazebo_worlds/models/aws_robomaker_warehouse_ClutteringA_01/model.config
[0.763s] -- Up-to-date symlink: /home/edmund-munene/Documents/Programming-language-basics/Linux/Robotics/AConciseIntroductiontoRobotProgrammingwithROS2/bookros2_ws/install/br2_gazebo_worlds/share/br2_gazebo_worlds/models/aws_robomaker_warehouse_ClutteringA_01/model.sdf
[0.763s] -- Up-to-date symlink: /home/edmund-munene/Documents/Programming-language-basics/Linux/Robotics/AConciseIntroductiontoRobotProgrammingwithROS2/bookros2_ws/install/br2_gazebo_worlds/share/br2_gazebo_worlds/models/aws_robomaker_warehouse_ClutteringC_01/materials/textures/aws_robomaker_warehouse_ClutteringC_01.png
[0.763s] -- Up-to-date symlink: /home/edmund-munene/Documents/Programming-language-basics/Linux/Robotics/AConciseIntroductiontoRobotProgrammingwithROS2/bookros2_ws/install/br2_gazebo_worlds/share/br2_gazebo_worlds/models/aws_robomaker_warehouse_ClutteringC_01/materials/textures/aws_robomaker_warehouse_ClutteringC_02.png
[0.763s] -- Up-to-date symlink: /home/edmund-munene/Documents/Programming-language-basics/Linux/Robotics/AConciseIntroductiontoRobotProgrammingwithROS2/bookros2_ws/install/br2_gazebo_worlds/share/br2_gazebo_worlds/models/aws_robomaker_warehouse_ClutteringC_01/meshes/aws_robomaker_warehouse_ClutteringC_01_collision.DAE
[0.763s] -- Up-to-date symlink: /home/edmund-munene/Documents/Programming-language-basics/Linux/Robotics/AConciseIntroductiontoRobotProgrammingwithROS2/bookros2_ws/install/br2_gazebo_worlds/share/br2_gazebo_worlds/models/aws_robomaker_warehouse_ClutteringC_01/meshes/aws_robomaker_warehouse_ClutteringC_01_visual.DAE
[0.763s] -- Up-to-date symlink: /home/edmund-munene/Documents/Programming-language-basics/Linux/Robotics/AConciseIntroductiontoRobotProgrammingwithROS2/bookros2_ws/install/br2_gazebo_worlds/share/br2_gazebo_worlds/models/aws_robomaker_warehouse_ClutteringC_01/model.config
[0.763s] -- Up-to-date symlink: /home/edmund-munene/Documents/Programming-language-basics/Linux/Robotics/AConciseIntroductiontoRobotProgrammingwithROS2/bookros2_ws/install/br2_gazebo_worlds/share/br2_gazebo_worlds/models/aws_robomaker_warehouse_ClutteringC_01/model.sdf
[0.764s] -- Up-to-date symlink: /home/edmund-munene/Documents/Programming-language-basics/Linux/Robotics/AConciseIntroductiontoRobotProgrammingwithROS2/bookros2_ws/install/br2_gazebo_worlds/share/br2_gazebo_worlds/models/aws_robomaker_warehouse_ClutteringD_01/materials/textures/aws_robomaker_warehouse_ClutteringD_01.png
[0.764s] -- Up-to-date symlink: /home/edmund-munene/Documents/Programming-language-basics/Linux/Robotics/AConciseIntroductiontoRobotProgrammingwithROS2/bookros2_ws/install/br2_gazebo_worlds/share/br2_gazebo_worlds/models/aws_robomaker_warehouse_ClutteringD_01/materials/textures/aws_robomaker_warehouse_ClutteringD_02.png
[0.764s] -- Up-to-date symlink: /home/edmund-munene/Documents/Programming-language-basics/Linux/Robotics/AConciseIntroductiontoRobotProgrammingwithROS2/bookros2_ws/install/br2_gazebo_worlds/share/br2_gazebo_worlds/models/aws_robomaker_warehouse_ClutteringD_01/meshes/aws_robomaker_warehouse_ClutteringD_01_collision.DAE
[0.764s] -- Up-to-date symlink: /home/edmund-munene/Documents/Programming-language-basics/Linux/Robotics/AConciseIntroductiontoRobotProgrammingwithROS2/bookros2_ws/install/br2_gazebo_worlds/share/br2_gazebo_worlds/models/aws_robomaker_warehouse_ClutteringD_01/meshes/aws_robomaker_warehouse_ClutteringD_01_visual.DAE
[0.764s] -- Up-to-date symlink: /home/edmund-munene/Documents/Programming-language-basics/Linux/Robotics/AConciseIntroductiontoRobotProgrammingwithROS2/bookros2_ws/install/br2_gazebo_worlds/share/br2_gazebo_worlds/models/aws_robomaker_warehouse_ClutteringD_01/model.config
[0.764s] -- Up-to-date symlink: /home/edmund-munene/Documents/Programming-language-basics/Linux/Robotics/AConciseIntroductiontoRobotProgrammingwithROS2/bookros2_ws/install/br2_gazebo_worlds/share/br2_gazebo_worlds/models/aws_robomaker_warehouse_ClutteringD_01/model.sdf
[0.764s] -- Up-to-date symlink: /home/edmund-munene/Documents/Programming-language-basics/Linux/Robotics/AConciseIntroductiontoRobotProgrammingwithROS2/bookros2_ws/install/br2_gazebo_worlds/share/br2_gazebo_worlds/models/aws_robomaker_warehouse_DeskC_01/materials/.DS_Store
[0.764s] -- Up-to-date symlink: /home/edmund-munene/Documents/Programming-language-basics/Linux/Robotics/AConciseIntroductiontoRobotProgrammingwithROS2/bookros2_ws/install/br2_gazebo_worlds/share/br2_gazebo_worlds/models/aws_robomaker_warehouse_DeskC_01/materials/textures/aws_robomaker_warehouse_DeskC_01.png
[0.764s] -- Up-to-date symlink: /home/edmund-munene/Documents/Programming-language-basics/Linux/Robotics/AConciseIntroductiontoRobotProgrammingwithROS2/bookros2_ws/install/br2_gazebo_worlds/share/br2_gazebo_worlds/models/aws_robomaker_warehouse_DeskC_01/materials/textures/aws_robomaker_warehouse_DeskC_02.png
[0.765s] -- Up-to-date symlink: /home/edmund-munene/Documents/Programming-language-basics/Linux/Robotics/AConciseIntroductiontoRobotProgrammingwithROS2/bookros2_ws/install/br2_gazebo_worlds/share/br2_gazebo_worlds/models/aws_robomaker_warehouse_DeskC_01/materials/textures/aws_robomaker_warehouse_DeskC_03.png
[0.765s] -- Up-to-date symlink: /home/edmund-munene/Documents/Programming-language-basics/Linux/Robotics/AConciseIntroductiontoRobotProgrammingwithROS2/bookros2_ws/install/br2_gazebo_worlds/share/br2_gazebo_worlds/models/aws_robomaker_warehouse_DeskC_01/materials/textures/aws_robomaker_warehouse_DeskC_03.psd
[0.765s] -- Up-to-date symlink: /home/edmund-munene/Documents/Programming-language-basics/Linux/Robotics/AConciseIntroductiontoRobotProgrammingwithROS2/bookros2_ws/install/br2_gazebo_worlds/share/br2_gazebo_worlds/models/aws_robomaker_warehouse_DeskC_01/materials/textures/aws_robomaker_warehouse_DeskC_04.png
[0.765s] -- Up-to-date symlink: /home/edmund-munene/Documents/Programming-language-basics/Linux/Robotics/AConciseIntroductiontoRobotProgrammingwithROS2/bookros2_ws/install/br2_gazebo_worlds/share/br2_gazebo_worlds/models/aws_robomaker_warehouse_DeskC_01/meshes/aws_robomaker_warehouse_DeskC_01_collision.DAE
[0.765s] -- Up-to-date symlink: /home/edmund-munene/Documents/Programming-language-basics/Linux/Robotics/AConciseIntroductiontoRobotProgrammingwithROS2/bookros2_ws/install/br2_gazebo_worlds/share/br2_gazebo_worlds/models/aws_robomaker_warehouse_DeskC_01/meshes/aws_robomaker_warehouse_DeskC_01_visual.DAE
[0.765s] -- Up-to-date symlink: /home/edmund-munene/Documents/Programming-language-basics/Linux/Robotics/AConciseIntroductiontoRobotProgrammingwithROS2/bookros2_ws/install/br2_gazebo_worlds/share/br2_gazebo_worlds/models/aws_robomaker_warehouse_DeskC_01/model.config
[0.765s] -- Up-to-date symlink: /home/edmund-munene/Documents/Programming-language-basics/Linux/Robotics/AConciseIntroductiontoRobotProgrammingwithROS2/bookros2_ws/install/br2_gazebo_worlds/share/br2_gazebo_worlds/models/aws_robomaker_warehouse_DeskC_01/model.sdf
[0.765s] -- Up-to-date symlink: /home/edmund-munene/Documents/Programming-language-basics/Linux/Robotics/AConciseIntroductiontoRobotProgrammingwithROS2/bookros2_ws/install/br2_gazebo_worlds/share/br2_gazebo_worlds/models/aws_robomaker_warehouse_GroundB_01/materials/textures/aws_robomaker_warehouse_GroundB_01.png
[0.766s] -- Up-to-date symlink: /home/edmund-munene/Documents/Programming-language-basics/Linux/Robotics/AConciseIntroductiontoRobotProgrammingwithROS2/bookros2_ws/install/br2_gazebo_worlds/share/br2_gazebo_worlds/models/aws_robomaker_warehouse_GroundB_01/materials/textures/aws_robomaker_warehouse_GroundB_02.png
[0.766s] -- Up-to-date symlink: /home/edmund-munene/Documents/Programming-language-basics/Linux/Robotics/AConciseIntroductiontoRobotProgrammingwithROS2/bookros2_ws/install/br2_gazebo_worlds/share/br2_gazebo_worlds/models/aws_robomaker_warehouse_GroundB_01/meshes/aws_robomaker_warehouse_GroundB_01_collision.DAE
[0.766s] -- Up-to-date symlink: /home/edmund-munene/Documents/Programming-language-basics/Linux/Robotics/AConciseIntroductiontoRobotProgrammingwithROS2/bookros2_ws/install/br2_gazebo_worlds/share/br2_gazebo_worlds/models/aws_robomaker_warehouse_GroundB_01/meshes/aws_robomaker_warehouse_GroundB_01_visual.DAE
[0.766s] -- Up-to-date symlink: /home/edmund-munene/Documents/Programming-language-basics/Linux/Robotics/AConciseIntroductiontoRobotProgrammingwithROS2/bookros2_ws/install/br2_gazebo_worlds/share/br2_gazebo_worlds/models/aws_robomaker_warehouse_GroundB_01/model.config
[0.766s] -- Up-to-date symlink: /home/edmund-munene/Documents/Programming-language-basics/Linux/Robotics/AConciseIntroductiontoRobotProgrammingwithROS2/bookros2_ws/install/br2_gazebo_worlds/share/br2_gazebo_worlds/models/aws_robomaker_warehouse_GroundB_01/model.sdf
[0.766s] -- Up-to-date symlink: /home/edmund-munene/Documents/Programming-language-basics/Linux/Robotics/AConciseIntroductiontoRobotProgrammingwithROS2/bookros2_ws/install/br2_gazebo_worlds/share/br2_gazebo_worlds/models/aws_robomaker_warehouse_Lamp_01/materials/textures/aws_robomaker_warehouse_Lamp_01.png
[0.766s] -- Up-to-date symlink: /home/edmund-munene/Documents/Programming-language-basics/Linux/Robotics/AConciseIntroductiontoRobotProgrammingwithROS2/bookros2_ws/install/br2_gazebo_worlds/share/br2_gazebo_worlds/models/aws_robomaker_warehouse_Lamp_01/meshes/aws_robomaker_warehouse_Lamp_01_collision.DAE
[0.766s] -- Up-to-date symlink: /home/edmund-munene/Documents/Programming-language-basics/Linux/Robotics/AConciseIntroductiontoRobotProgrammingwithROS2/bookros2_ws/install/br2_gazebo_worlds/share/br2_gazebo_worlds/models/aws_robomaker_warehouse_Lamp_01/meshes/aws_robomaker_warehouse_Lamp_01_visual.DAE
[0.767s] -- Up-to-date symlink: /home/edmund-munene/Documents/Programming-language-basics/Linux/Robotics/AConciseIntroductiontoRobotProgrammingwithROS2/bookros2_ws/install/br2_gazebo_worlds/share/br2_gazebo_worlds/models/aws_robomaker_warehouse_Lamp_01/model.config
[0.767s] -- Up-to-date symlink: /home/edmund-munene/Documents/Programming-language-basics/Linux/Robotics/AConciseIntroductiontoRobotProgrammingwithROS2/bookros2_ws/install/br2_gazebo_worlds/share/br2_gazebo_worlds/models/aws_robomaker_warehouse_Lamp_01/model.sdf
[0.767s] -- Up-to-date symlink: /home/edmund-munene/Documents/Programming-language-basics/Linux/Robotics/AConciseIntroductiontoRobotProgrammingwithROS2/bookros2_ws/install/br2_gazebo_worlds/share/br2_gazebo_worlds/models/aws_robomaker_warehouse_PalletJackB_01/.DS_Store
[0.767s] -- Up-to-date symlink: /home/edmund-munene/Documents/Programming-language-basics/Linux/Robotics/AConciseIntroductiontoRobotProgrammingwithROS2/bookros2_ws/install/br2_gazebo_worlds/share/br2_gazebo_worlds/models/aws_robomaker_warehouse_PalletJackB_01/materials/.DS_Store
[0.767s] -- Up-to-date symlink: /home/edmund-munene/Documents/Programming-language-basics/Linux/Robotics/AConciseIntroductiontoRobotProgrammingwithROS2/bookros2_ws/install/br2_gazebo_worlds/share/br2_gazebo_worlds/models/aws_robomaker_warehouse_PalletJackB_01/materials/textures/aws_robomaker_warehouse_PalletJackB_01.png
[0.767s] -- Up-to-date symlink: /home/edmund-munene/Documents/Programming-language-basics/Linux/Robotics/AConciseIntroductiontoRobotProgrammingwithROS2/bookros2_ws/install/br2_gazebo_worlds/share/br2_gazebo_worlds/models/aws_robomaker_warehouse_PalletJackB_01/materials/textures/aws_robomaker_warehouse_PalletJackB_02.png
[0.767s] -- Up-to-date symlink: /home/edmund-munene/Documents/Programming-language-basics/Linux/Robotics/AConciseIntroductiontoRobotProgrammingwithROS2/bookros2_ws/install/br2_gazebo_worlds/share/br2_gazebo_worlds/models/aws_robomaker_warehouse_PalletJackB_01/meshes/aws_robomaker_warehouse_PalletJackB_01_collision.DAE
[0.768s] -- Up-to-date symlink: /home/edmund-munene/Documents/Programming-language-basics/Linux/Robotics/AConciseIntroductiontoRobotProgrammingwithROS2/bookros2_ws/install/br2_gazebo_worlds/share/br2_gazebo_worlds/models/aws_robomaker_warehouse_PalletJackB_01/meshes/aws_robomaker_warehouse_PalletJackB_01_visual.DAE
[0.768s] -- Up-to-date symlink: /home/edmund-munene/Documents/Programming-language-basics/Linux/Robotics/AConciseIntroductiontoRobotProgrammingwithROS2/bookros2_ws/install/br2_gazebo_worlds/share/br2_gazebo_worlds/models/aws_robomaker_warehouse_PalletJackB_01/model.config
[0.768s] -- Up-to-date symlink: /home/edmund-munene/Documents/Programming-language-basics/Linux/Robotics/AConciseIntroductiontoRobotProgrammingwithROS2/bookros2_ws/install/br2_gazebo_worlds/share/br2_gazebo_worlds/models/aws_robomaker_warehouse_PalletJackB_01/model.sdf
[0.768s] -- Up-to-date symlink: /home/edmund-munene/Documents/Programming-language-basics/Linux/Robotics/AConciseIntroductiontoRobotProgrammingwithROS2/bookros2_ws/install/br2_gazebo_worlds/share/br2_gazebo_worlds/models/aws_robomaker_warehouse_RoofB_01/materials/textures/aws_robomaker_warehouse_RoofB_01.png
[0.768s] -- Up-to-date symlink: /home/edmund-munene/Documents/Programming-language-basics/Linux/Robotics/AConciseIntroductiontoRobotProgrammingwithROS2/bookros2_ws/install/br2_gazebo_worlds/share/br2_gazebo_worlds/models/aws_robomaker_warehouse_RoofB_01/meshes/aws_robomaker_warehouse_RoofB_01_collision.DAE
[0.768s] -- Up-to-date symlink: /home/edmund-munene/Documents/Programming-language-basics/Linux/Robotics/AConciseIntroductiontoRobotProgrammingwithROS2/bookros2_ws/install/br2_gazebo_worlds/share/br2_gazebo_worlds/models/aws_robomaker_warehouse_RoofB_01/meshes/aws_robomaker_warehouse_RoofB_01_visual.DAE
[0.768s] -- Up-to-date symlink: /home/edmund-munene/Documents/Programming-language-basics/Linux/Robotics/AConciseIntroductiontoRobotProgrammingwithROS2/bookros2_ws/install/br2_gazebo_worlds/share/br2_gazebo_worlds/models/aws_robomaker_warehouse_RoofB_01/model.config
[0.768s] -- Up-to-date symlink: /home/edmund-munene/Documents/Programming-language-basics/Linux/Robotics/AConciseIntroductiontoRobotProgrammingwithROS2/bookros2_ws/install/br2_gazebo_worlds/share/br2_gazebo_worlds/models/aws_robomaker_warehouse_RoofB_01/model.sdf
[0.768s] -- Up-to-date symlink: /home/edmund-munene/Documents/Programming-language-basics/Linux/Robotics/AConciseIntroductiontoRobotProgrammingwithROS2/bookros2_ws/install/br2_gazebo_worlds/share/br2_gazebo_worlds/models/aws_robomaker_warehouse_ShelfD_01/materials/textures/aws_robomaker_warehouse_ShelfD_01.png
[0.768s] -- Up-to-date symlink: /home/edmund-munene/Documents/Programming-language-basics/Linux/Robotics/AConciseIntroductiontoRobotProgrammingwithROS2/bookros2_ws/install/br2_gazebo_worlds/share/br2_gazebo_worlds/models/aws_robomaker_warehouse_ShelfD_01/materials/textures/aws_robomaker_warehouse_ShelfD_02.png
[0.768s] -- Up-to-date symlink: /home/edmund-munene/Documents/Programming-language-basics/Linux/Robotics/AConciseIntroductiontoRobotProgrammingwithROS2/bookros2_ws/install/br2_gazebo_worlds/share/br2_gazebo_worlds/models/aws_robomaker_warehouse_ShelfD_01/materials/textures/aws_robomaker_warehouse_ShelfD_03.png
[0.769s] -- Up-to-date symlink: /home/edmund-munene/Documents/Programming-language-basics/Linux/Robotics/AConciseIntroductiontoRobotProgrammingwithROS2/bookros2_ws/install/br2_gazebo_worlds/share/br2_gazebo_worlds/models/aws_robomaker_warehouse_ShelfD_01/materials/textures/aws_robomaker_warehouse_ShelfD_04.png
[0.769s] -- Up-to-date symlink: /home/edmund-munene/Documents/Programming-language-basics/Linux/Robotics/AConciseIntroductiontoRobotProgrammingwithROS2/bookros2_ws/install/br2_gazebo_worlds/share/br2_gazebo_worlds/models/aws_robomaker_warehouse_ShelfD_01/meshes/aws_robomaker_warehouse_ShelfD_01_collision.DAE
[0.769s] -- Up-to-date symlink: /home/edmund-munene/Documents/Programming-language-basics/Linux/Robotics/AConciseIntroductiontoRobotProgrammingwithROS2/bookros2_ws/install/br2_gazebo_worlds/share/br2_gazebo_worlds/models/aws_robomaker_warehouse_ShelfD_01/meshes/aws_robomaker_warehouse_ShelfD_01_visual.DAE
[0.769s] -- Up-to-date symlink: /home/edmund-munene/Documents/Programming-language-basics/Linux/Robotics/AConciseIntroductiontoRobotProgrammingwithROS2/bookros2_ws/install/br2_gazebo_worlds/share/br2_gazebo_worlds/models/aws_robomaker_warehouse_ShelfD_01/model.config
[0.770s] -- Up-to-date symlink: /home/edmund-munene/Documents/Programming-language-basics/Linux/Robotics/AConciseIntroductiontoRobotProgrammingwithROS2/bookros2_ws/install/br2_gazebo_worlds/share/br2_gazebo_worlds/models/aws_robomaker_warehouse_ShelfD_01/model.sdf
[0.770s] -- Up-to-date symlink: /home/edmund-munene/Documents/Programming-language-basics/Linux/Robotics/AConciseIntroductiontoRobotProgrammingwithROS2/bookros2_ws/install/br2_gazebo_worlds/share/br2_gazebo_worlds/models/aws_robomaker_warehouse_ShelfE_01/.DS_Store
[0.770s] -- Up-to-date symlink: /home/edmund-munene/Documents/Programming-language-basics/Linux/Robotics/AConciseIntroductiontoRobotProgrammingwithROS2/bookros2_ws/install/br2_gazebo_worlds/share/br2_gazebo_worlds/models/aws_robomaker_warehouse_ShelfE_01/materials/.DS_Store
[0.770s] -- Up-to-date symlink: /home/edmund-munene/Documents/Programming-language-basics/Linux/Robotics/AConciseIntroductiontoRobotProgrammingwithROS2/bookros2_ws/install/br2_gazebo_worlds/share/br2_gazebo_worlds/models/aws_robomaker_warehouse_ShelfE_01/materials/textures/aws_robomaker_warehouse_ShelfE_01.png
[0.771s] -- Up-to-date symlink: /home/edmund-munene/Documents/Programming-language-basics/Linux/Robotics/AConciseIntroductiontoRobotProgrammingwithROS2/bookros2_ws/install/br2_gazebo_worlds/share/br2_gazebo_worlds/models/aws_robomaker_warehouse_ShelfE_01/materials/textures/aws_robomaker_warehouse_ShelfE_02.png
[0.771s] -- Up-to-date symlink: /home/edmund-munene/Documents/Programming-language-basics/Linux/Robotics/AConciseIntroductiontoRobotProgrammingwithROS2/bookros2_ws/install/br2_gazebo_worlds/share/br2_gazebo_worlds/models/aws_robomaker_warehouse_ShelfE_01/materials/textures/aws_robomaker_warehouse_ShelfE_03.png
[0.771s] -- Up-to-date symlink: /home/edmund-munene/Documents/Programming-language-basics/Linux/Robotics/AConciseIntroductiontoRobotProgrammingwithROS2/bookros2_ws/install/br2_gazebo_worlds/share/br2_gazebo_worlds/models/aws_robomaker_warehouse_ShelfE_01/materials/textures/aws_robomaker_warehouse_ShelfE_04.png
[0.771s] -- Up-to-date symlink: /home/edmund-munene/Documents/Programming-language-basics/Linux/Robotics/AConciseIntroductiontoRobotProgrammingwithROS2/bookros2_ws/install/br2_gazebo_worlds/share/br2_gazebo_worlds/models/aws_robomaker_warehouse_ShelfE_01/meshes/aws_robomaker_warehouse_ShelfE_01_collision.DAE
[0.772s] -- Up-to-date symlink: /home/edmund-munene/Documents/Programming-language-basics/Linux/Robotics/AConciseIntroductiontoRobotProgrammingwithROS2/bookros2_ws/install/br2_gazebo_worlds/share/br2_gazebo_worlds/models/aws_robomaker_warehouse_ShelfE_01/meshes/aws_robomaker_warehouse_ShelfE_01_visual.DAE
[0.772s] -- Up-to-date symlink: /home/edmund-munene/Documents/Programming-language-basics/Linux/Robotics/AConciseIntroductiontoRobotProgrammingwithROS2/bookros2_ws/install/br2_gazebo_worlds/share/br2_gazebo_worlds/models/aws_robomaker_warehouse_ShelfE_01/model.config
[0.772s] -- Up-to-date symlink: /home/edmund-munene/Documents/Programming-language-basics/Linux/Robotics/AConciseIntroductiontoRobotProgrammingwithROS2/bookros2_ws/install/br2_gazebo_worlds/share/br2_gazebo_worlds/models/aws_robomaker_warehouse_ShelfE_01/model.sdf
[0.772s] -- Up-to-date symlink: /home/edmund-munene/Documents/Programming-language-basics/Linux/Robotics/AConciseIntroductiontoRobotProgrammingwithROS2/bookros2_ws/install/br2_gazebo_worlds/share/br2_gazebo_worlds/models/aws_robomaker_warehouse_ShelfF_01/materials/textures/aws_robomaker_warehouse_ShelfF_01.png
[0.772s] -- Up-to-date symlink: /home/edmund-munene/Documents/Programming-language-basics/Linux/Robotics/AConciseIntroductiontoRobotProgrammingwithROS2/bookros2_ws/install/br2_gazebo_worlds/share/br2_gazebo_worlds/models/aws_robomaker_warehouse_ShelfF_01/materials/textures/aws_robomaker_warehouse_ShelfF_02.png
[0.772s] -- Up-to-date symlink: /home/edmund-munene/Documents/Programming-language-basics/Linux/Robotics/AConciseIntroductiontoRobotProgrammingwithROS2/bookros2_ws/install/br2_gazebo_worlds/share/br2_gazebo_worlds/models/aws_robomaker_warehouse_ShelfF_01/materials/textures/aws_robomaker_warehouse_ShelfF_03.png
[0.772s] -- Up-to-date symlink: /home/edmund-munene/Documents/Programming-language-basics/Linux/Robotics/AConciseIntroductiontoRobotProgrammingwithROS2/bookros2_ws/install/br2_gazebo_worlds/share/br2_gazebo_worlds/models/aws_robomaker_warehouse_ShelfF_01/meshes/aws_robomaker_warehouse_ShelfF_01_collision.DAE
[0.772s] -- Up-to-date symlink: /home/edmund-munene/Documents/Programming-language-basics/Linux/Robotics/AConciseIntroductiontoRobotProgrammingwithROS2/bookros2_ws/install/br2_gazebo_worlds/share/br2_gazebo_worlds/models/aws_robomaker_warehouse_ShelfF_01/meshes/aws_robomaker_warehouse_ShelfF_01_visual.DAE
[0.772s] -- Up-to-date symlink: /home/edmund-munene/Documents/Programming-language-basics/Linux/Robotics/AConciseIntroductiontoRobotProgrammingwithROS2/bookros2_ws/install/br2_gazebo_worlds/share/br2_gazebo_worlds/models/aws_robomaker_warehouse_ShelfF_01/model.config
[0.772s] -- Up-to-date symlink: /home/edmund-munene/Documents/Programming-language-basics/Linux/Robotics/AConciseIntroductiontoRobotProgrammingwithROS2/bookros2_ws/install/br2_gazebo_worlds/share/br2_gazebo_worlds/models/aws_robomaker_warehouse_ShelfF_01/model.sdf
[0.772s] -- Up-to-date symlink: /home/edmund-munene/Documents/Programming-language-basics/Linux/Robotics/AConciseIntroductiontoRobotProgrammingwithROS2/bookros2_ws/install/br2_gazebo_worlds/share/br2_gazebo_worlds/models/aws_robomaker_warehouse_TrashCanC_01/materials/textures/aws_robomaker_warehouse_TrashCanC_01.png
[0.772s] -- Up-to-date symlink: /home/edmund-munene/Documents/Programming-language-basics/Linux/Robotics/AConciseIntroductiontoRobotProgrammingwithROS2/bookros2_ws/install/br2_gazebo_worlds/share/br2_gazebo_worlds/models/aws_robomaker_warehouse_TrashCanC_01/meshes/aws_robomaker_warehouse_TrashCanC_01_collision.DAE
[0.773s] -- Up-to-date symlink: /home/edmund-munene/Documents/Programming-language-basics/Linux/Robotics/AConciseIntroductiontoRobotProgrammingwithROS2/bookros2_ws/install/br2_gazebo_worlds/share/br2_gazebo_worlds/models/aws_robomaker_warehouse_TrashCanC_01/meshes/aws_robomaker_warehouse_TrashCanC_01_visual.DAE
[0.773s] -- Up-to-date symlink: /home/edmund-munene/Documents/Programming-language-basics/Linux/Robotics/AConciseIntroductiontoRobotProgrammingwithROS2/bookros2_ws/install/br2_gazebo_worlds/share/br2_gazebo_worlds/models/aws_robomaker_warehouse_TrashCanC_01/model.config
[0.773s] -- Up-to-date symlink: /home/edmund-munene/Documents/Programming-language-basics/Linux/Robotics/AConciseIntroductiontoRobotProgrammingwithROS2/bookros2_ws/install/br2_gazebo_worlds/share/br2_gazebo_worlds/models/aws_robomaker_warehouse_TrashCanC_01/model.sdf
[0.773s] -- Up-to-date symlink: /home/edmund-munene/Documents/Programming-language-basics/Linux/Robotics/AConciseIntroductiontoRobotProgrammingwithROS2/bookros2_ws/install/br2_gazebo_worlds/share/br2_gazebo_worlds/models/aws_robomaker_warehouse_WallB_01/materials/textures/aws_robomaker_warehouse_WallB_01.png
[0.773s] -- Up-to-date symlink: /home/edmund-munene/Documents/Programming-language-basics/Linux/Robotics/AConciseIntroductiontoRobotProgrammingwithROS2/bookros2_ws/install/br2_gazebo_worlds/share/br2_gazebo_worlds/models/aws_robomaker_warehouse_WallB_01/meshes/aws_robomaker_warehouse_WallB_01_collision.DAE
[0.773s] -- Up-to-date symlink: /home/edmund-munene/Documents/Programming-language-basics/Linux/Robotics/AConciseIntroductiontoRobotProgrammingwithROS2/bookros2_ws/install/br2_gazebo_worlds/share/br2_gazebo_worlds/models/aws_robomaker_warehouse_WallB_01/meshes/aws_robomaker_warehouse_WallB_01_visual.DAE
[0.773s] -- Up-to-date symlink: /home/edmund-munene/Documents/Programming-language-basics/Linux/Robotics/AConciseIntroductiontoRobotProgrammingwithROS2/bookros2_ws/install/br2_gazebo_worlds/share/br2_gazebo_worlds/models/aws_robomaker_warehouse_WallB_01/model.config
[0.773s] -- Up-to-date symlink: /home/edmund-munene/Documents/Programming-language-basics/Linux/Robotics/AConciseIntroductiontoRobotProgrammingwithROS2/bookros2_ws/install/br2_gazebo_worlds/share/br2_gazebo_worlds/models/aws_robomaker_warehouse_WallB_01/model.sdf
[0.773s] -- Up-to-date symlink: /home/edmund-munene/Documents/Programming-language-basics/Linux/Robotics/AConciseIntroductiontoRobotProgrammingwithROS2/bookros2_ws/install/br2_gazebo_worlds/share/br2_gazebo_worlds/models/cube_1/materials/textures/number1.png
[0.773s] -- Up-to-date symlink: /home/edmund-munene/Documents/Programming-language-basics/Linux/Robotics/AConciseIntroductiontoRobotProgrammingwithROS2/bookros2_ws/install/br2_gazebo_worlds/share/br2_gazebo_worlds/models/cube_1/meshes/cube_1.mtl
[0.773s] -- Up-to-date symlink: /home/edmund-munene/Documents/Programming-language-basics/Linux/Robotics/AConciseIntroductiontoRobotProgrammingwithROS2/bookros2_ws/install/br2_gazebo_worlds/share/br2_gazebo_worlds/models/cube_1/meshes/cube_1.obj
[0.773s] -- Up-to-date symlink: /home/edmund-munene/Documents/Programming-language-basics/Linux/Robotics/AConciseIntroductiontoRobotProgrammingwithROS2/bookros2_ws/install/br2_gazebo_worlds/share/br2_gazebo_worlds/models/cube_1/model.config
[0.773s] -- Up-to-date symlink: /home/edmund-munene/Documents/Programming-language-basics/Linux/Robotics/AConciseIntroductiontoRobotProgrammingwithROS2/bookros2_ws/install/br2_gazebo_worlds/share/br2_gazebo_worlds/models/cube_1/model.sdf
[0.774s] -- Up-to-date symlink: /home/edmund-munene/Documents/Programming-language-basics/Linux/Robotics/AConciseIntroductiontoRobotProgrammingwithROS2/bookros2_ws/install/br2_gazebo_worlds/share/br2_gazebo_worlds/models/cube_2/materials/textures/number2.png
[0.774s] -- Up-to-date symlink: /home/edmund-munene/Documents/Programming-language-basics/Linux/Robotics/AConciseIntroductiontoRobotProgrammingwithROS2/bookros2_ws/install/br2_gazebo_worlds/share/br2_gazebo_worlds/models/cube_2/meshes/cube_2.mtl
[0.774s] -- Up-to-date symlink: /home/edmund-munene/Documents/Programming-language-basics/Linux/Robotics/AConciseIntroductiontoRobotProgrammingwithROS2/bookros2_ws/install/br2_gazebo_worlds/share/br2_gazebo_worlds/models/cube_2/meshes/cube_2.obj
[0.774s] -- Up-to-date symlink: /home/edmund-munene/Documents/Programming-language-basics/Linux/Robotics/AConciseIntroductiontoRobotProgrammingwithROS2/bookros2_ws/install/br2_gazebo_worlds/share/br2_gazebo_worlds/models/cube_2/model.config
[0.774s] -- Up-to-date symlink: /home/edmund-munene/Documents/Programming-language-basics/Linux/Robotics/AConciseIntroductiontoRobotProgrammingwithROS2/bookros2_ws/install/br2_gazebo_worlds/share/br2_gazebo_worlds/models/cube_2/model.sdf
[0.774s] -- Up-to-date symlink: /home/edmund-munene/Documents/Programming-language-basics/Linux/Robotics/AConciseIntroductiontoRobotProgrammingwithROS2/bookros2_ws/install/br2_gazebo_worlds/share/br2_gazebo_worlds/models/follow_line/meshes/jarama.dae
[0.774s] -- Up-to-date symlink: /home/edmund-munene/Documents/Programming-language-basics/Linux/Robotics/AConciseIntroductiontoRobotProgrammingwithROS2/bookros2_ws/install/br2_gazebo_worlds/share/br2_gazebo_worlds/models/follow_line/meshes/jarama.jpeg
[0.774s] -- Up-to-date symlink: /home/edmund-munene/Documents/Programming-language-basics/Linux/Robotics/AConciseIntroductiontoRobotProgrammingwithROS2/bookros2_ws/install/br2_gazebo_worlds/share/br2_gazebo_worlds/models/follow_line/model.config
[0.774s] -- Up-to-date symlink: /home/edmund-munene/Documents/Programming-language-basics/Linux/Robotics/AConciseIntroductiontoRobotProgrammingwithROS2/bookros2_ws/install/br2_gazebo_worlds/share/br2_gazebo_worlds/models/follow_line/model.sdf
[0.774s] -- Up-to-date symlink: /home/edmund-munene/Documents/Programming-language-basics/Linux/Robotics/AConciseIntroductiontoRobotProgrammingwithROS2/bookros2_ws/install/br2_gazebo_worlds/share/br2_gazebo_worlds/models/ground_plane/model-1_2.sdf
[0.774s] -- Up-to-date symlink: /home/edmund-munene/Documents/Programming-language-basics/Linux/Robotics/AConciseIntroductiontoRobotProgrammingwithROS2/bookros2_ws/install/br2_gazebo_worlds/share/br2_gazebo_worlds/models/ground_plane/model-1_3.sdf
[0.775s] -- Up-to-date symlink: /home/edmund-munene/Documents/Programming-language-basics/Linux/Robotics/AConciseIntroductiontoRobotProgrammingwithROS2/bookros2_ws/install/br2_gazebo_worlds/share/br2_gazebo_worlds/models/ground_plane/model-1_4.sdf
[0.775s] -- Up-to-date symlink: /home/edmund-munene/Documents/Programming-language-basics/Linux/Robotics/AConciseIntroductiontoRobotProgrammingwithROS2/bookros2_ws/install/br2_gazebo_worlds/share/br2_gazebo_worlds/models/ground_plane/model.config
[0.775s] -- Up-to-date symlink: /home/edmund-munene/Documents/Programming-language-basics/Linux/Robotics/AConciseIntroductiontoRobotProgrammingwithROS2/bookros2_ws/install/br2_gazebo_worlds/share/br2_gazebo_worlds/models/ground_plane/model.sdf
[0.775s] -- Up-to-date symlink: /home/edmund-munene/Documents/Programming-language-basics/Linux/Robotics/AConciseIntroductiontoRobotProgrammingwithROS2/bookros2_ws/install/br2_gazebo_worlds/share/br2_gazebo_worlds/models/movable_coke_can/meshes/coke_can.mtl
[0.775s] -- Up-to-date symlink: /home/edmund-munene/Documents/Programming-language-basics/Linux/Robotics/AConciseIntroductiontoRobotProgrammingwithROS2/bookros2_ws/install/br2_gazebo_worlds/share/br2_gazebo_worlds/models/movable_coke_can/meshes/coke_can.obj
[0.775s] -- Up-to-date symlink: /home/edmund-munene/Documents/Programming-language-basics/Linux/Robotics/AConciseIntroductiontoRobotProgrammingwithROS2/bookros2_ws/install/br2_gazebo_worlds/share/br2_gazebo_worlds/models/movable_coke_can/meshes/coke_can.png
[0.775s] -- Up-to-date symlink: /home/edmund-munene/Documents/Programming-language-basics/Linux/Robotics/AConciseIntroductiontoRobotProgrammingwithROS2/bookros2_ws/install/br2_gazebo_worlds/share/br2_gazebo_worlds/models/movable_coke_can/model.config
[0.775s] -- Up-to-date symlink: /home/edmund-munene/Documents/Programming-language-basics/Linux/Robotics/AConciseIntroductiontoRobotProgrammingwithROS2/bookros2_ws/install/br2_gazebo_worlds/share/br2_gazebo_worlds/models/movable_coke_can/model.sdf
[0.775s] -- Up-to-date symlink: /home/edmund-munene/Documents/Programming-language-basics/Linux/Robotics/AConciseIntroductiontoRobotProgrammingwithROS2/bookros2_ws/install/br2_gazebo_worlds/share/br2_gazebo_worlds/models/movable_coke_can/thumbnails/1.png
[0.775s] -- Up-to-date symlink: /home/edmund-munene/Documents/Programming-language-basics/Linux/Robotics/AConciseIntroductiontoRobotProgrammingwithROS2/bookros2_ws/install/br2_gazebo_worlds/share/br2_gazebo_worlds/models/movable_coke_can/thumbnails/2.png
[0.775s] -- Up-to-date symlink: /home/edmund-munene/Documents/Programming-language-basics/Linux/Robotics/AConciseIntroductiontoRobotProgrammingwithROS2/bookros2_ws/install/br2_gazebo_worlds/share/br2_gazebo_worlds/models/movable_coke_can_green/meshes/coke_can.obj
[0.775s] -- Up-to-date symlink: /home/edmund-munene/Documents/Programming-language-basics/Linux/Robotics/AConciseIntroductiontoRobotProgrammingwithROS2/bookros2_ws/install/br2_gazebo_worlds/share/br2_gazebo_worlds/models/movable_coke_can_green/meshes/coke_can_green.mtl
[0.775s] -- Up-to-date symlink: /home/edmund-munene/Documents/Programming-language-basics/Linux/Robotics/AConciseIntroductiontoRobotProgrammingwithROS2/bookros2_ws/install/br2_gazebo_worlds/share/br2_gazebo_worlds/models/movable_coke_can_green/meshes/coke_can_green.png
[0.775s] -- Up-to-date symlink: /home/edmund-munene/Documents/Programming-language-basics/Linux/Robotics/AConciseIntroductiontoRobotProgrammingwithROS2/bookros2_ws/install/br2_gazebo_worlds/share/br2_gazebo_worlds/models/movable_coke_can_green/model.config
[0.775s] -- Up-to-date symlink: /home/edmund-munene/Documents/Programming-language-basics/Linux/Robotics/AConciseIntroductiontoRobotProgrammingwithROS2/bookros2_ws/install/br2_gazebo_worlds/share/br2_gazebo_worlds/models/movable_coke_can_green/model.sdf
[0.775s] -- Up-to-date symlink: /home/edmund-munene/Documents/Programming-language-basics/Linux/Robotics/AConciseIntroductiontoRobotProgrammingwithROS2/bookros2_ws/install/br2_gazebo_worlds/share/br2_gazebo_worlds/models/shelf_aruco/meshes/Box_paper_04_1_Base_Color31.png
[0.776s] -- Up-to-date symlink: /home/edmund-munene/Documents/Programming-language-basics/Linux/Robotics/AConciseIntroductiontoRobotProgrammingwithROS2/bookros2_ws/install/br2_gazebo_worlds/share/br2_gazebo_worlds/models/shelf_aruco/meshes/Box_paper_04_1_Base_Color32.png
[0.776s] -- Up-to-date symlink: /home/edmund-munene/Documents/Programming-language-basics/Linux/Robotics/AConciseIntroductiontoRobotProgrammingwithROS2/bookros2_ws/install/br2_gazebo_worlds/share/br2_gazebo_worlds/models/shelf_aruco/meshes/shelf_big_movai.dae
[0.776s] -- Up-to-date symlink: /home/edmund-munene/Documents/Programming-language-basics/Linux/Robotics/AConciseIntroductiontoRobotProgrammingwithROS2/bookros2_ws/install/br2_gazebo_worlds/share/br2_gazebo_worlds/models/shelf_aruco/model.config
[0.776s] -- Up-to-date symlink: /home/edmund-munene/Documents/Programming-language-basics/Linux/Robotics/AConciseIntroductiontoRobotProgrammingwithROS2/bookros2_ws/install/br2_gazebo_worlds/share/br2_gazebo_worlds/models/shelf_aruco/model.sdf
[0.776s] -- Up-to-date symlink: /home/edmund-munene/Documents/Programming-language-basics/Linux/Robotics/AConciseIntroductiontoRobotProgrammingwithROS2/bookros2_ws/install/br2_gazebo_worlds/share/br2_gazebo_worlds/models/shelf_aruco/thumbnails/1.png
[0.776s] -- Up-to-date symlink: /home/edmund-munene/Documents/Programming-language-basics/Linux/Robotics/AConciseIntroductiontoRobotProgrammingwithROS2/bookros2_ws/install/br2_gazebo_worlds/share/br2_gazebo_worlds/models/simple_ground_house/model.config
[0.776s] -- Up-to-date symlink: /home/edmund-munene/Documents/Programming-language-basics/Linux/Robotics/AConciseIntroductiontoRobotProgrammingwithROS2/bookros2_ws/install/br2_gazebo_worlds/share/br2_gazebo_worlds/models/simple_ground_house/model.sdf
[0.776s] -- Up-to-date symlink: /home/edmund-munene/Documents/Programming-language-basics/Linux/Robotics/AConciseIntroductiontoRobotProgrammingwithROS2/bookros2_ws/install/br2_gazebo_worlds/share/br2_gazebo_worlds/models/sun/model-1_2.sdf
[0.776s] -- Up-to-date symlink: /home/edmund-munene/Documents/Programming-language-basics/Linux/Robotics/AConciseIntroductiontoRobotProgrammingwithROS2/bookros2_ws/install/br2_gazebo_worlds/share/br2_gazebo_worlds/models/sun/model-1_3.sdf
[0.776s] -- Up-to-date symlink: /home/edmund-munene/Documents/Programming-language-basics/Linux/Robotics/AConciseIntroductiontoRobotProgrammingwithROS2/bookros2_ws/install/br2_gazebo_worlds/share/br2_gazebo_worlds/models/sun/model-1_4.sdf
[0.776s] -- Up-to-date symlink: /home/edmund-munene/Documents/Programming-language-basics/Linux/Robotics/AConciseIntroductiontoRobotProgrammingwithROS2/bookros2_ws/install/br2_gazebo_worlds/share/br2_gazebo_worlds/models/sun/model.config
[0.776s] -- Up-to-date symlink: /home/edmund-munene/Documents/Programming-language-basics/Linux/Robotics/AConciseIntroductiontoRobotProgrammingwithROS2/bookros2_ws/install/br2_gazebo_worlds/share/br2_gazebo_worlds/models/sun/model.sdf
[0.776s] -- Up-to-date symlink: /home/edmund-munene/Documents/Programming-language-basics/Linux/Robotics/AConciseIntroductiontoRobotProgrammingwithROS2/bookros2_ws/install/br2_gazebo_worlds/share/br2_gazebo_worlds/worlds/empty.world
[0.776s] -- Up-to-date symlink: /home/edmund-munene/Documents/Programming-language-basics/Linux/Robotics/AConciseIntroductiontoRobotProgrammingwithROS2/bookros2_ws/install/br2_gazebo_worlds/share/br2_gazebo_worlds/worlds/follow_line.world
[0.777s] -- Up-to-date symlink: /home/edmund-munene/Documents/Programming-language-basics/Linux/Robotics/AConciseIntroductiontoRobotProgrammingwithROS2/bookros2_ws/install/br2_gazebo_worlds/share/br2_gazebo_worlds/worlds/house.world
[0.777s] -- Up-to-date symlink: /home/edmund-munene/Documents/Programming-language-basics/Linux/Robotics/AConciseIntroductiontoRobotProgrammingwithROS2/bookros2_ws/install/br2_gazebo_worlds/share/br2_gazebo_worlds/worlds/house_pick_and_place.world
[0.777s] -- Up-to-date symlink: /home/edmund-munene/Documents/Programming-language-basics/Linux/Robotics/AConciseIntroductiontoRobotProgrammingwithROS2/bookros2_ws/install/br2_gazebo_worlds/share/br2_gazebo_worlds/worlds/pick_and_place.world
[0.777s] -- Up-to-date symlink: /home/edmund-munene/Documents/Programming-language-basics/Linux/Robotics/AConciseIntroductiontoRobotProgrammingwithROS2/bookros2_ws/install/br2_gazebo_worlds/share/ament_index/resource_index/package_run_dependencies/br2_gazebo_worlds
[0.777s] -- Up-to-date symlink: /home/edmund-munene/Documents/Programming-language-basics/Linux/Robotics/AConciseIntroductiontoRobotProgrammingwithROS2/bookros2_ws/install/br2_gazebo_worlds/share/ament_index/resource_index/parent_prefix_path/br2_gazebo_worlds
[0.777s] -- Up-to-date symlink: /home/edmund-munene/Documents/Programming-language-basics/Linux/Robotics/AConciseIntroductiontoRobotProgrammingwithROS2/bookros2_ws/install/br2_gazebo_worlds/share/br2_gazebo_worlds/environment/ament_prefix_path.sh
[0.777s] -- Up-to-date symlink: /home/edmund-munene/Documents/Programming-language-basics/Linux/Robotics/AConciseIntroductiontoRobotProgrammingwithROS2/bookros2_ws/install/br2_gazebo_worlds/share/br2_gazebo_worlds/environment/ament_prefix_path.dsv
[0.777s] -- Up-to-date symlink: /home/edmund-munene/Documents/Programming-language-basics/Linux/Robotics/AConciseIntroductiontoRobotProgrammingwithROS2/bookros2_ws/install/br2_gazebo_worlds/share/br2_gazebo_worlds/environment/path.sh
[0.777s] -- Up-to-date symlink: /home/edmund-munene/Documents/Programming-language-basics/Linux/Robotics/AConciseIntroductiontoRobotProgrammingwithROS2/bookros2_ws/install/br2_gazebo_worlds/share/br2_gazebo_worlds/environment/path.dsv
[0.777s] -- Up-to-date symlink: /home/edmund-munene/Documents/Programming-language-basics/Linux/Robotics/AConciseIntroductiontoRobotProgrammingwithROS2/bookros2_ws/install/br2_gazebo_worlds/share/br2_gazebo_worlds/local_setup.bash
[0.777s] -- Up-to-date symlink: /home/edmund-munene/Documents/Programming-language-basics/Linux/Robotics/AConciseIntroductiontoRobotProgrammingwithROS2/bookros2_ws/install/br2_gazebo_worlds/share/br2_gazebo_worlds/local_setup.sh
[0.777s] -- Up-to-date symlink: /home/edmund-munene/Documents/Programming-language-basics/Linux/Robotics/AConciseIntroductiontoRobotProgrammingwithROS2/bookros2_ws/install/br2_gazebo_worlds/share/br2_gazebo_worlds/local_setup.zsh
[0.777s] -- Up-to-date symlink: /home/edmund-munene/Documents/Programming-language-basics/Linux/Robotics/AConciseIntroductiontoRobotProgrammingwithROS2/bookros2_ws/install/br2_gazebo_worlds/share/br2_gazebo_worlds/local_setup.dsv
[0.777s] -- Symlinking: /home/edmund-munene/Documents/Programming-language-basics/Linux/Robotics/AConciseIntroductiontoRobotProgrammingwithROS2/bookros2_ws/install/br2_gazebo_worlds/share/br2_gazebo_worlds/package.dsv
[0.777s] -- Up-to-date symlink: /home/edmund-munene/Documents/Programming-language-basics/Linux/Robotics/AConciseIntroductiontoRobotProgrammingwithROS2/bookros2_ws/install/br2_gazebo_worlds/share/ament_index/resource_index/packages/br2_gazebo_worlds
[0.778s] -- Up-to-date symlink: /home/edmund-munene/Documents/Programming-language-basics/Linux/Robotics/AConciseIntroductiontoRobotProgrammingwithROS2/bookros2_ws/install/br2_gazebo_worlds/share/br2_gazebo_worlds/cmake/br2_gazebo_worldsConfig.cmake
[0.778s] -- Up-to-date symlink: /home/edmund-munene/Documents/Programming-language-basics/Linux/Robotics/AConciseIntroductiontoRobotProgrammingwithROS2/bookros2_ws/install/br2_gazebo_worlds/share/br2_gazebo_worlds/cmake/br2_gazebo_worldsConfig-version.cmake
[0.778s] -- Up-to-date symlink: /home/edmund-munene/Documents/Programming-language-basics/Linux/Robotics/AConciseIntroductiontoRobotProgrammingwithROS2/bookros2_ws/install/br2_gazebo_worlds/share/br2_gazebo_worlds/package.xml
[0.901s] Invoked command in '/home/edmund-munene/Documents/Programming-language-basics/Linux/Robotics/AConciseIntroductiontoRobotProgrammingwithROS2/bookros2_ws/build/br2_gazebo_worlds' returned '0': CMAKE_PREFIX_PATH=${CMAKE_PREFIX_PATH}:/opt/ros/jazzy DEBUGINFOD_URLS=https://debuginfod.ubuntu.com /usr/bin/cmake --install /home/edmund-munene/Documents/Programming-language-basics/Linux/Robotics/AConciseIntroductiontoRobotProgrammingwithROS2/bookros2_ws/build/br2_gazebo_worlds
