[0.141s] DEBUG:colcon:Command line arguments: ['/usr/bin/colcon', 'build', '--symlink-install']
[0.141s] DEBUG:colcon:Parsed command line arguments: Namespace(log_base=None, log_level=None, verb_name='build', build_base='build', install_base='install', merge_install=False, symlink_install=True, test_result_base=None, continue_on_error=False, executor='parallel', parallel_workers=12, event_handlers=None, ignore_user_meta=False, metas=['./colcon.meta'], base_paths=['.'], packages_ignore=None, packages_ignore_regex=None, paths=None, packages_up_to=None, packages_up_to_regex=None, packages_above=None, packages_above_and_dependencies=None, packages_above_depth=None, packages_select_by_dep=None, packages_skip_by_dep=None, packages_skip_up_to=None, packages_select_build_failed=False, packages_skip_build_finished=False, packages_select_test_failures=False, packages_skip_test_passed=False, packages_select=None, packages_skip=None, packages_select_regex=None, packages_skip_regex=None, packages_start=None, packages_end=None, allow_overriding=[], cmake_args=None, cmake_target=None, cmake_target_skip_unavailable=False, cmake_clean_cache=False, cmake_clean_first=False, cmake_force_configure=False, ament_cmake_args=None, catkin_cmake_args=None, catkin_skip_building_tests=False, mixin_files=None, mixin=None, verb_parser=<colcon_mixin.mixin.mixin_argument.MixinArgumentDecorator object at 0x7d745b3899a0>, verb_extension=<colcon_core.verb.build.BuildVerb object at 0x7d745b389430>, main=<bound method BuildVerb.main of <colcon_core.verb.build.BuildVerb object at 0x7d745b389430>>, mixin_verb=('build',))
[0.189s] Level 1:colcon.colcon_core.package_discovery:discover_packages(colcon_meta) check parameters
[0.189s] Level 1:colcon.colcon_core.package_discovery:discover_packages(recursive) check parameters
[0.189s] Level 1:colcon.colcon_core.package_discovery:discover_packages(ignore) check parameters
[0.189s] Level 1:colcon.colcon_core.package_discovery:discover_packages(path) check parameters
[0.190s] Level 1:colcon.colcon_core.package_discovery:discover_packages(colcon_meta) discover
[0.190s] Level 1:colcon.colcon_core.package_discovery:discover_packages(recursive) discover
[0.190s] INFO:colcon.colcon_core.package_discovery:Crawling recursively for packages in '/home/edmund-munene/Documents/Programming-language-basics/Linux/Robotics/AConciseIntroductiontoRobotProgrammingwithROS2/bookros2_ws'
[0.190s] Level 1:colcon.colcon_core.package_identification:_identify(.) by extensions ['ignore', 'ignore_ament_install']
[0.190s] Level 1:colcon.colcon_core.package_identification:_identify(.) by extension 'ignore'
[0.190s] Level 1:colcon.colcon_core.package_identification:_identify(.) by extension 'ignore_ament_install'
[0.190s] Level 1:colcon.colcon_core.package_identification:_identify(.) by extensions ['colcon_pkg']
[0.190s] Level 1:colcon.colcon_core.package_identification:_identify(.) by extension 'colcon_pkg'
[0.190s] Level 1:colcon.colcon_core.package_identification:_identify(.) by extensions ['colcon_meta']
[0.190s] Level 1:colcon.colcon_core.package_identification:_identify(.) by extension 'colcon_meta'
[0.190s] Level 1:colcon.colcon_core.package_identification:_identify(.) by extensions ['ros']
[0.190s] Level 1:colcon.colcon_core.package_identification:_identify(.) by extension 'ros'
[0.218s] Level 1:colcon.colcon_core.package_identification:_identify(.) by extensions ['cmake', 'python']
[0.219s] Level 1:colcon.colcon_core.package_identification:_identify(.) by extension 'cmake'
[0.219s] Level 1:colcon.colcon_core.package_identification:_identify(.) by extension 'python'
[0.219s] Level 1:colcon.colcon_core.package_identification:_identify(.) by extensions ['python_setup_py']
[0.219s] Level 1:colcon.colcon_core.package_identification:_identify(.) by extension 'python_setup_py'
[0.219s] Level 1:colcon.colcon_core.package_identification:_identify(build) by extensions ['ignore', 'ignore_ament_install']
[0.219s] Level 1:colcon.colcon_core.package_identification:_identify(build) by extension 'ignore'
[0.219s] Level 1:colcon.colcon_core.package_identification:_identify(build) ignored
[0.220s] Level 1:colcon.colcon_core.package_identification:_identify(install) by extensions ['ignore', 'ignore_ament_install']
[0.220s] Level 1:colcon.colcon_core.package_identification:_identify(install) by extension 'ignore'
[0.220s] Level 1:colcon.colcon_core.package_identification:_identify(install) ignored
[0.220s] Level 1:colcon.colcon_core.package_identification:_identify(log) by extensions ['ignore', 'ignore_ament_install']
[0.220s] Level 1:colcon.colcon_core.package_identification:_identify(log) by extension 'ignore'
[0.220s] Level 1:colcon.colcon_core.package_identification:_identify(log) ignored
[0.220s] Level 1:colcon.colcon_core.package_identification:_identify(src) by extensions ['ignore', 'ignore_ament_install']
[0.220s] Level 1:colcon.colcon_core.package_identification:_identify(src) by extension 'ignore'
[0.220s] Level 1:colcon.colcon_core.package_identification:_identify(src) by extension 'ignore_ament_install'
[0.221s] Level 1:colcon.colcon_core.package_identification:_identify(src) by extensions ['colcon_pkg']
[0.221s] Level 1:colcon.colcon_core.package_identification:_identify(src) by extension 'colcon_pkg'
[0.221s] Level 1:colcon.colcon_core.package_identification:_identify(src) by extensions ['colcon_meta']
[0.221s] Level 1:colcon.colcon_core.package_identification:_identify(src) by extension 'colcon_meta'
[0.221s] Level 1:colcon.colcon_core.package_identification:_identify(src) by extensions ['ros']
[0.221s] Level 1:colcon.colcon_core.package_identification:_identify(src) by extension 'ros'
[0.221s] Level 1:colcon.colcon_core.package_identification:_identify(src) by extensions ['cmake', 'python']
[0.221s] Level 1:colcon.colcon_core.package_identification:_identify(src) by extension 'cmake'
[0.221s] Level 1:colcon.colcon_core.package_identification:_identify(src) by extension 'python'
[0.221s] Level 1:colcon.colcon_core.package_identification:_identify(src) by extensions ['python_setup_py']
[0.221s] Level 1:colcon.colcon_core.package_identification:_identify(src) by extension 'python_setup_py'
[0.221s] Level 1:colcon.colcon_core.package_identification:_identify(src/ThirdParty) by extensions ['ignore', 'ignore_ament_install']
[0.221s] Level 1:colcon.colcon_core.package_identification:_identify(src/ThirdParty) by extension 'ignore'
[0.221s] Level 1:colcon.colcon_core.package_identification:_identify(src/ThirdParty) by extension 'ignore_ament_install'
[0.221s] Level 1:colcon.colcon_core.package_identification:_identify(src/ThirdParty) by extensions ['colcon_pkg']
[0.221s] Level 1:colcon.colcon_core.package_identification:_identify(src/ThirdParty) by extension 'colcon_pkg'
[0.221s] Level 1:colcon.colcon_core.package_identification:_identify(src/ThirdParty) by extensions ['colcon_meta']
[0.221s] Level 1:colcon.colcon_core.package_identification:_identify(src/ThirdParty) by extension 'colcon_meta'
[0.221s] Level 1:colcon.colcon_core.package_identification:_identify(src/ThirdParty) by extensions ['ros']
[0.221s] Level 1:colcon.colcon_core.package_identification:_identify(src/ThirdParty) by extension 'ros'
[0.222s] Level 1:colcon.colcon_core.package_identification:_identify(src/ThirdParty) by extensions ['cmake', 'python']
[0.222s] Level 1:colcon.colcon_core.package_identification:_identify(src/ThirdParty) by extension 'cmake'
[0.222s] Level 1:colcon.colcon_core.package_identification:_identify(src/ThirdParty) by extension 'python'
[0.222s] Level 1:colcon.colcon_core.package_identification:_identify(src/ThirdParty) by extensions ['python_setup_py']
[0.222s] Level 1:colcon.colcon_core.package_identification:_identify(src/ThirdParty) by extension 'python_setup_py'
[0.222s] Level 1:colcon.colcon_core.package_identification:_identify(src/ThirdParty/BehaviorTree.CPP) by extensions ['ignore', 'ignore_ament_install']
[0.222s] Level 1:colcon.colcon_core.package_identification:_identify(src/ThirdParty/BehaviorTree.CPP) by extension 'ignore'
[0.222s] Level 1:colcon.colcon_core.package_identification:_identify(src/ThirdParty/BehaviorTree.CPP) by extension 'ignore_ament_install'
[0.222s] Level 1:colcon.colcon_core.package_identification:_identify(src/ThirdParty/BehaviorTree.CPP) by extensions ['colcon_pkg']
[0.222s] Level 1:colcon.colcon_core.package_identification:_identify(src/ThirdParty/BehaviorTree.CPP) by extension 'colcon_pkg'
[0.222s] Level 1:colcon.colcon_core.package_identification:_identify(src/ThirdParty/BehaviorTree.CPP) by extensions ['colcon_meta']
[0.222s] Level 1:colcon.colcon_core.package_identification:_identify(src/ThirdParty/BehaviorTree.CPP) by extension 'colcon_meta'
[0.222s] Level 1:colcon.colcon_core.package_identification:_identify(src/ThirdParty/BehaviorTree.CPP) by extensions ['ros']
[0.222s] Level 1:colcon.colcon_core.package_identification:_identify(src/ThirdParty/BehaviorTree.CPP) by extension 'ros'
[0.231s] DEBUG:colcon.colcon_core.package_identification:Package 'src/ThirdParty/BehaviorTree.CPP' with type 'ros.ament_cmake' and name 'behaviortree_cpp_v3'
[0.231s] Level 1:colcon.colcon_core.package_identification:_identify(src/ThirdParty/Groot) by extensions ['ignore', 'ignore_ament_install']
[0.231s] Level 1:colcon.colcon_core.package_identification:_identify(src/ThirdParty/Groot) by extension 'ignore'
[0.231s] Level 1:colcon.colcon_core.package_identification:_identify(src/ThirdParty/Groot) by extension 'ignore_ament_install'
[0.231s] Level 1:colcon.colcon_core.package_identification:_identify(src/ThirdParty/Groot) by extensions ['colcon_pkg']
[0.231s] Level 1:colcon.colcon_core.package_identification:_identify(src/ThirdParty/Groot) by extension 'colcon_pkg'
[0.232s] Level 1:colcon.colcon_core.package_identification:_identify(src/ThirdParty/Groot) by extensions ['colcon_meta']
[0.232s] Level 1:colcon.colcon_core.package_identification:_identify(src/ThirdParty/Groot) by extension 'colcon_meta'
[0.232s] Level 1:colcon.colcon_core.package_identification:_identify(src/ThirdParty/Groot) by extensions ['ros']
[0.232s] Level 1:colcon.colcon_core.package_identification:_identify(src/ThirdParty/Groot) by extension 'ros'
[0.234s] DEBUG:colcon.colcon_core.package_identification:Package 'src/ThirdParty/Groot' with type 'ros.ament_cmake' and name 'groot'
[0.234s] Level 1:colcon.colcon_core.package_identification:_identify(src/ThirdParty/br2_gazebo_worlds) by extensions ['ignore', 'ignore_ament_install']
[0.234s] Level 1:colcon.colcon_core.package_identification:_identify(src/ThirdParty/br2_gazebo_worlds) by extension 'ignore'
[0.234s] Level 1:colcon.colcon_core.package_identification:_identify(src/ThirdParty/br2_gazebo_worlds) by extension 'ignore_ament_install'
[0.234s] Level 1:colcon.colcon_core.package_identification:_identify(src/ThirdParty/br2_gazebo_worlds) by extensions ['colcon_pkg']
[0.234s] Level 1:colcon.colcon_core.package_identification:_identify(src/ThirdParty/br2_gazebo_worlds) by extension 'colcon_pkg'
[0.234s] Level 1:colcon.colcon_core.package_identification:_identify(src/ThirdParty/br2_gazebo_worlds) by extensions ['colcon_meta']
[0.234s] Level 1:colcon.colcon_core.package_identification:_identify(src/ThirdParty/br2_gazebo_worlds) by extension 'colcon_meta'
[0.234s] Level 1:colcon.colcon_core.package_identification:_identify(src/ThirdParty/br2_gazebo_worlds) by extensions ['ros']
[0.234s] Level 1:colcon.colcon_core.package_identification:_identify(src/ThirdParty/br2_gazebo_worlds) by extension 'ros'
[0.235s] DEBUG:colcon.colcon_core.package_identification:Package 'src/ThirdParty/br2_gazebo_worlds' with type 'ros.ament_cmake' and name 'br2_gazebo_worlds'
[0.235s] Level 1:colcon.colcon_core.package_identification:_identify(src/ThirdParty/launch_pal) by extensions ['ignore', 'ignore_ament_install']
[0.235s] Level 1:colcon.colcon_core.package_identification:_identify(src/ThirdParty/launch_pal) by extension 'ignore'
[0.235s] Level 1:colcon.colcon_core.package_identification:_identify(src/ThirdParty/launch_pal) by extension 'ignore_ament_install'
[0.235s] Level 1:colcon.colcon_core.package_identification:_identify(src/ThirdParty/launch_pal) by extensions ['colcon_pkg']
[0.235s] Level 1:colcon.colcon_core.package_identification:_identify(src/ThirdParty/launch_pal) by extension 'colcon_pkg'
[0.235s] Level 1:colcon.colcon_core.package_identification:_identify(src/ThirdParty/launch_pal) by extensions ['colcon_meta']
[0.235s] Level 1:colcon.colcon_core.package_identification:_identify(src/ThirdParty/launch_pal) by extension 'colcon_meta'
[0.235s] Level 1:colcon.colcon_core.package_identification:_identify(src/ThirdParty/launch_pal) by extensions ['ros']
[0.235s] Level 1:colcon.colcon_core.package_identification:_identify(src/ThirdParty/launch_pal) by extension 'ros'
[0.236s] DEBUG:colcon.colcon_core.package_identification:Package 'src/ThirdParty/launch_pal' with type 'ros.ament_python' and name 'launch_pal'
[0.236s] Level 1:colcon.colcon_core.package_identification:_identify(src/ThirdParty/pal_gripper) by extensions ['ignore', 'ignore_ament_install']
[0.236s] Level 1:colcon.colcon_core.package_identification:_identify(src/ThirdParty/pal_gripper) by extension 'ignore'
[0.236s] Level 1:colcon.colcon_core.package_identification:_identify(src/ThirdParty/pal_gripper) by extension 'ignore_ament_install'
[0.236s] Level 1:colcon.colcon_core.package_identification:_identify(src/ThirdParty/pal_gripper) by extensions ['colcon_pkg']
[0.236s] Level 1:colcon.colcon_core.package_identification:_identify(src/ThirdParty/pal_gripper) by extension 'colcon_pkg'
[0.236s] Level 1:colcon.colcon_core.package_identification:_identify(src/ThirdParty/pal_gripper) by extensions ['colcon_meta']
[0.236s] Level 1:colcon.colcon_core.package_identification:_identify(src/ThirdParty/pal_gripper) by extension 'colcon_meta'
[0.236s] Level 1:colcon.colcon_core.package_identification:_identify(src/ThirdParty/pal_gripper) by extensions ['ros']
[0.236s] Level 1:colcon.colcon_core.package_identification:_identify(src/ThirdParty/pal_gripper) by extension 'ros'
[0.237s] Level 1:colcon.colcon_core.package_identification:_identify(src/ThirdParty/pal_gripper) by extensions ['cmake', 'python']
[0.237s] Level 1:colcon.colcon_core.package_identification:_identify(src/ThirdParty/pal_gripper) by extension 'cmake'
[0.237s] Level 1:colcon.colcon_core.package_identification:_identify(src/ThirdParty/pal_gripper) by extension 'python'
[0.237s] Level 1:colcon.colcon_core.package_identification:_identify(src/ThirdParty/pal_gripper) by extensions ['python_setup_py']
[0.237s] Level 1:colcon.colcon_core.package_identification:_identify(src/ThirdParty/pal_gripper) by extension 'python_setup_py'
[0.237s] Level 1:colcon.colcon_core.package_identification:_identify(src/ThirdParty/pal_gripper/pal_gripper) by extensions ['ignore', 'ignore_ament_install']
[0.237s] Level 1:colcon.colcon_core.package_identification:_identify(src/ThirdParty/pal_gripper/pal_gripper) by extension 'ignore'
[0.237s] Level 1:colcon.colcon_core.package_identification:_identify(src/ThirdParty/pal_gripper/pal_gripper) by extension 'ignore_ament_install'
[0.237s] Level 1:colcon.colcon_core.package_identification:_identify(src/ThirdParty/pal_gripper/pal_gripper) by extensions ['colcon_pkg']
[0.237s] Level 1:colcon.colcon_core.package_identification:_identify(src/ThirdParty/pal_gripper/pal_gripper) by extension 'colcon_pkg'
[0.237s] Level 1:colcon.colcon_core.package_identification:_identify(src/ThirdParty/pal_gripper/pal_gripper) by extensions ['colcon_meta']
[0.237s] Level 1:colcon.colcon_core.package_identification:_identify(src/ThirdParty/pal_gripper/pal_gripper) by extension 'colcon_meta'
[0.237s] Level 1:colcon.colcon_core.package_identification:_identify(src/ThirdParty/pal_gripper/pal_gripper) by extensions ['ros']
[0.237s] Level 1:colcon.colcon_core.package_identification:_identify(src/ThirdParty/pal_gripper/pal_gripper) by extension 'ros'
[0.238s] DEBUG:colcon.colcon_core.package_identification:Package 'src/ThirdParty/pal_gripper/pal_gripper' with type 'ros.ament_cmake' and name 'pal_gripper'
[0.238s] Level 1:colcon.colcon_core.package_identification:_identify(src/ThirdParty/pal_gripper/pal_gripper_controller_configuration) by extensions ['ignore', 'ignore_ament_install']
[0.238s] Level 1:colcon.colcon_core.package_identification:_identify(src/ThirdParty/pal_gripper/pal_gripper_controller_configuration) by extension 'ignore'
[0.238s] Level 1:colcon.colcon_core.package_identification:_identify(src/ThirdParty/pal_gripper/pal_gripper_controller_configuration) by extension 'ignore_ament_install'
[0.238s] Level 1:colcon.colcon_core.package_identification:_identify(src/ThirdParty/pal_gripper/pal_gripper_controller_configuration) by extensions ['colcon_pkg']
[0.238s] Level 1:colcon.colcon_core.package_identification:_identify(src/ThirdParty/pal_gripper/pal_gripper_controller_configuration) by extension 'colcon_pkg'
[0.238s] Level 1:colcon.colcon_core.package_identification:_identify(src/ThirdParty/pal_gripper/pal_gripper_controller_configuration) by extensions ['colcon_meta']
[0.238s] Level 1:colcon.colcon_core.package_identification:_identify(src/ThirdParty/pal_gripper/pal_gripper_controller_configuration) by extension 'colcon_meta'
[0.238s] Level 1:colcon.colcon_core.package_identification:_identify(src/ThirdParty/pal_gripper/pal_gripper_controller_configuration) by extensions ['ros']
[0.238s] Level 1:colcon.colcon_core.package_identification:_identify(src/ThirdParty/pal_gripper/pal_gripper_controller_configuration) by extension 'ros'
[0.239s] DEBUG:colcon.colcon_core.package_identification:Package 'src/ThirdParty/pal_gripper/pal_gripper_controller_configuration' with type 'ros.ament_cmake' and name 'pal_gripper_controller_configuration'
[0.239s] Level 1:colcon.colcon_core.package_identification:_identify(src/ThirdParty/pal_gripper/pal_gripper_description) by extensions ['ignore', 'ignore_ament_install']
[0.239s] Level 1:colcon.colcon_core.package_identification:_identify(src/ThirdParty/pal_gripper/pal_gripper_description) by extension 'ignore'
[0.239s] Level 1:colcon.colcon_core.package_identification:_identify(src/ThirdParty/pal_gripper/pal_gripper_description) by extension 'ignore_ament_install'
[0.239s] Level 1:colcon.colcon_core.package_identification:_identify(src/ThirdParty/pal_gripper/pal_gripper_description) by extensions ['colcon_pkg']
[0.239s] Level 1:colcon.colcon_core.package_identification:_identify(src/ThirdParty/pal_gripper/pal_gripper_description) by extension 'colcon_pkg'
[0.239s] Level 1:colcon.colcon_core.package_identification:_identify(src/ThirdParty/pal_gripper/pal_gripper_description) by extensions ['colcon_meta']
[0.239s] Level 1:colcon.colcon_core.package_identification:_identify(src/ThirdParty/pal_gripper/pal_gripper_description) by extension 'colcon_meta'
[0.239s] Level 1:colcon.colcon_core.package_identification:_identify(src/ThirdParty/pal_gripper/pal_gripper_description) by extensions ['ros']
[0.239s] Level 1:colcon.colcon_core.package_identification:_identify(src/ThirdParty/pal_gripper/pal_gripper_description) by extension 'ros'
[0.240s] DEBUG:colcon.colcon_core.package_identification:Package 'src/ThirdParty/pal_gripper/pal_gripper_description' with type 'ros.ament_cmake' and name 'pal_gripper_description'
[0.240s] Level 1:colcon.colcon_core.package_identification:_identify(src/ThirdParty/pal_gripper/pal_gripper_gazebo) by extensions ['ignore', 'ignore_ament_install']
[0.240s] Level 1:colcon.colcon_core.package_identification:_identify(src/ThirdParty/pal_gripper/pal_gripper_gazebo) by extension 'ignore'
[0.240s] Level 1:colcon.colcon_core.package_identification:_identify(src/ThirdParty/pal_gripper/pal_gripper_gazebo) ignored
[0.240s] Level 1:colcon.colcon_core.package_identification:_identify(src/ThirdParty/pal_gripper/pal_gripper_simulation) by extensions ['ignore', 'ignore_ament_install']
[0.240s] Level 1:colcon.colcon_core.package_identification:_identify(src/ThirdParty/pal_gripper/pal_gripper_simulation) by extension 'ignore'
[0.240s] Level 1:colcon.colcon_core.package_identification:_identify(src/ThirdParty/pal_gripper/pal_gripper_simulation) by extension 'ignore_ament_install'
[0.241s] Level 1:colcon.colcon_core.package_identification:_identify(src/ThirdParty/pal_gripper/pal_gripper_simulation) by extensions ['colcon_pkg']
[0.241s] Level 1:colcon.colcon_core.package_identification:_identify(src/ThirdParty/pal_gripper/pal_gripper_simulation) by extension 'colcon_pkg'
[0.241s] Level 1:colcon.colcon_core.package_identification:_identify(src/ThirdParty/pal_gripper/pal_gripper_simulation) by extensions ['colcon_meta']
[0.241s] Level 1:colcon.colcon_core.package_identification:_identify(src/ThirdParty/pal_gripper/pal_gripper_simulation) by extension 'colcon_meta'
[0.241s] Level 1:colcon.colcon_core.package_identification:_identify(src/ThirdParty/pal_gripper/pal_gripper_simulation) by extensions ['ros']
[0.241s] Level 1:colcon.colcon_core.package_identification:_identify(src/ThirdParty/pal_gripper/pal_gripper_simulation) by extension 'ros'
[0.241s] DEBUG:colcon.colcon_core.package_identification:Package 'src/ThirdParty/pal_gripper/pal_gripper_simulation' with type 'ros.ament_cmake' and name 'pal_gripper_simulation'
[0.241s] Level 1:colcon.colcon_core.package_identification:_identify(src/ThirdParty/pal_gripper/pal_parallel_gripper_wrapper) by extensions ['ignore', 'ignore_ament_install']
[0.241s] Level 1:colcon.colcon_core.package_identification:_identify(src/ThirdParty/pal_gripper/pal_parallel_gripper_wrapper) by extension 'ignore'
[0.242s] Level 1:colcon.colcon_core.package_identification:_identify(src/ThirdParty/pal_gripper/pal_parallel_gripper_wrapper) ignored
[0.242s] Level 1:colcon.colcon_core.package_identification:_identify(src/ThirdParty/pal_hey5) by extensions ['ignore', 'ignore_ament_install']
[0.242s] Level 1:colcon.colcon_core.package_identification:_identify(src/ThirdParty/pal_hey5) by extension 'ignore'
[0.242s] Level 1:colcon.colcon_core.package_identification:_identify(src/ThirdParty/pal_hey5) by extension 'ignore_ament_install'
[0.242s] Level 1:colcon.colcon_core.package_identification:_identify(src/ThirdParty/pal_hey5) by extensions ['colcon_pkg']
[0.242s] Level 1:colcon.colcon_core.package_identification:_identify(src/ThirdParty/pal_hey5) by extension 'colcon_pkg'
[0.242s] Level 1:colcon.colcon_core.package_identification:_identify(src/ThirdParty/pal_hey5) by extensions ['colcon_meta']
[0.242s] Level 1:colcon.colcon_core.package_identification:_identify(src/ThirdParty/pal_hey5) by extension 'colcon_meta'
[0.242s] Level 1:colcon.colcon_core.package_identification:_identify(src/ThirdParty/pal_hey5) by extensions ['ros']
[0.242s] Level 1:colcon.colcon_core.package_identification:_identify(src/ThirdParty/pal_hey5) by extension 'ros'
[0.242s] Level 1:colcon.colcon_core.package_identification:_identify(src/ThirdParty/pal_hey5) by extensions ['cmake', 'python']
[0.242s] Level 1:colcon.colcon_core.package_identification:_identify(src/ThirdParty/pal_hey5) by extension 'cmake'
[0.242s] Level 1:colcon.colcon_core.package_identification:_identify(src/ThirdParty/pal_hey5) by extension 'python'
[0.242s] Level 1:colcon.colcon_core.package_identification:_identify(src/ThirdParty/pal_hey5) by extensions ['python_setup_py']
[0.242s] Level 1:colcon.colcon_core.package_identification:_identify(src/ThirdParty/pal_hey5) by extension 'python_setup_py'
[0.242s] Level 1:colcon.colcon_core.package_identification:_identify(src/ThirdParty/pal_hey5/pal_hey5) by extensions ['ignore', 'ignore_ament_install']
[0.242s] Level 1:colcon.colcon_core.package_identification:_identify(src/ThirdParty/pal_hey5/pal_hey5) by extension 'ignore'
[0.242s] Level 1:colcon.colcon_core.package_identification:_identify(src/ThirdParty/pal_hey5/pal_hey5) by extension 'ignore_ament_install'
[0.242s] Level 1:colcon.colcon_core.package_identification:_identify(src/ThirdParty/pal_hey5/pal_hey5) by extensions ['colcon_pkg']
[0.243s] Level 1:colcon.colcon_core.package_identification:_identify(src/ThirdParty/pal_hey5/pal_hey5) by extension 'colcon_pkg'
[0.243s] Level 1:colcon.colcon_core.package_identification:_identify(src/ThirdParty/pal_hey5/pal_hey5) by extensions ['colcon_meta']
[0.243s] Level 1:colcon.colcon_core.package_identification:_identify(src/ThirdParty/pal_hey5/pal_hey5) by extension 'colcon_meta'
[0.243s] Level 1:colcon.colcon_core.package_identification:_identify(src/ThirdParty/pal_hey5/pal_hey5) by extensions ['ros']
[0.243s] Level 1:colcon.colcon_core.package_identification:_identify(src/ThirdParty/pal_hey5/pal_hey5) by extension 'ros'
[0.243s] DEBUG:colcon.colcon_core.package_identification:Package 'src/ThirdParty/pal_hey5/pal_hey5' with type 'ros.ament_cmake' and name 'pal_hey5'
[0.243s] Level 1:colcon.colcon_core.package_identification:_identify(src/ThirdParty/pal_hey5/pal_hey5_controller_configuration) by extensions ['ignore', 'ignore_ament_install']
[0.243s] Level 1:colcon.colcon_core.package_identification:_identify(src/ThirdParty/pal_hey5/pal_hey5_controller_configuration) by extension 'ignore'
[0.243s] Level 1:colcon.colcon_core.package_identification:_identify(src/ThirdParty/pal_hey5/pal_hey5_controller_configuration) by extension 'ignore_ament_install'
[0.243s] Level 1:colcon.colcon_core.package_identification:_identify(src/ThirdParty/pal_hey5/pal_hey5_controller_configuration) by extensions ['colcon_pkg']
[0.244s] Level 1:colcon.colcon_core.package_identification:_identify(src/ThirdParty/pal_hey5/pal_hey5_controller_configuration) by extension 'colcon_pkg'
[0.244s] Level 1:colcon.colcon_core.package_identification:_identify(src/ThirdParty/pal_hey5/pal_hey5_controller_configuration) by extensions ['colcon_meta']
[0.244s] Level 1:colcon.colcon_core.package_identification:_identify(src/ThirdParty/pal_hey5/pal_hey5_controller_configuration) by extension 'colcon_meta'
[0.244s] Level 1:colcon.colcon_core.package_identification:_identify(src/ThirdParty/pal_hey5/pal_hey5_controller_configuration) by extensions ['ros']
[0.244s] Level 1:colcon.colcon_core.package_identification:_identify(src/ThirdParty/pal_hey5/pal_hey5_controller_configuration) by extension 'ros'
[0.244s] DEBUG:colcon.colcon_core.package_identification:Package 'src/ThirdParty/pal_hey5/pal_hey5_controller_configuration' with type 'ros.ament_cmake' and name 'pal_hey5_controller_configuration'
[0.244s] Level 1:colcon.colcon_core.package_identification:_identify(src/ThirdParty/pal_hey5/pal_hey5_description) by extensions ['ignore', 'ignore_ament_install']
[0.244s] Level 1:colcon.colcon_core.package_identification:_identify(src/ThirdParty/pal_hey5/pal_hey5_description) by extension 'ignore'
[0.244s] Level 1:colcon.colcon_core.package_identification:_identify(src/ThirdParty/pal_hey5/pal_hey5_description) by extension 'ignore_ament_install'
[0.245s] Level 1:colcon.colcon_core.package_identification:_identify(src/ThirdParty/pal_hey5/pal_hey5_description) by extensions ['colcon_pkg']
[0.245s] Level 1:colcon.colcon_core.package_identification:_identify(src/ThirdParty/pal_hey5/pal_hey5_description) by extension 'colcon_pkg'
[0.245s] Level 1:colcon.colcon_core.package_identification:_identify(src/ThirdParty/pal_hey5/pal_hey5_description) by extensions ['colcon_meta']
[0.245s] Level 1:colcon.colcon_core.package_identification:_identify(src/ThirdParty/pal_hey5/pal_hey5_description) by extension 'colcon_meta'
[0.245s] Level 1:colcon.colcon_core.package_identification:_identify(src/ThirdParty/pal_hey5/pal_hey5_description) by extensions ['ros']
[0.245s] Level 1:colcon.colcon_core.package_identification:_identify(src/ThirdParty/pal_hey5/pal_hey5_description) by extension 'ros'
[0.245s] DEBUG:colcon.colcon_core.package_identification:Package 'src/ThirdParty/pal_hey5/pal_hey5_description' with type 'ros.ament_cmake' and name 'pal_hey5_description'
[0.245s] Level 1:colcon.colcon_core.package_identification:_identify(src/ThirdParty/pal_maps) by extensions ['ignore', 'ignore_ament_install']
[0.245s] Level 1:colcon.colcon_core.package_identification:_identify(src/ThirdParty/pal_maps) by extension 'ignore'
[0.245s] Level 1:colcon.colcon_core.package_identification:_identify(src/ThirdParty/pal_maps) by extension 'ignore_ament_install'
[0.246s] Level 1:colcon.colcon_core.package_identification:_identify(src/ThirdParty/pal_maps) by extensions ['colcon_pkg']
[0.246s] Level 1:colcon.colcon_core.package_identification:_identify(src/ThirdParty/pal_maps) by extension 'colcon_pkg'
[0.246s] Level 1:colcon.colcon_core.package_identification:_identify(src/ThirdParty/pal_maps) by extensions ['colcon_meta']
[0.246s] Level 1:colcon.colcon_core.package_identification:_identify(src/ThirdParty/pal_maps) by extension 'colcon_meta'
[0.246s] Level 1:colcon.colcon_core.package_identification:_identify(src/ThirdParty/pal_maps) by extensions ['ros']
[0.246s] Level 1:colcon.colcon_core.package_identification:_identify(src/ThirdParty/pal_maps) by extension 'ros'
[0.246s] DEBUG:colcon.colcon_core.package_identification:Package 'src/ThirdParty/pal_maps' with type 'ros.ament_cmake' and name 'pal_maps'
[0.246s] Level 1:colcon.colcon_core.package_identification:_identify(src/ThirdParty/pal_robotiq_gripper) by extensions ['ignore', 'ignore_ament_install']
[0.246s] Level 1:colcon.colcon_core.package_identification:_identify(src/ThirdParty/pal_robotiq_gripper) by extension 'ignore'
[0.247s] Level 1:colcon.colcon_core.package_identification:_identify(src/ThirdParty/pal_robotiq_gripper) by extension 'ignore_ament_install'
[0.247s] Level 1:colcon.colcon_core.package_identification:_identify(src/ThirdParty/pal_robotiq_gripper) by extensions ['colcon_pkg']
[0.247s] Level 1:colcon.colcon_core.package_identification:_identify(src/ThirdParty/pal_robotiq_gripper) by extension 'colcon_pkg'
[0.247s] Level 1:colcon.colcon_core.package_identification:_identify(src/ThirdParty/pal_robotiq_gripper) by extensions ['colcon_meta']
[0.247s] Level 1:colcon.colcon_core.package_identification:_identify(src/ThirdParty/pal_robotiq_gripper) by extension 'colcon_meta'
[0.247s] Level 1:colcon.colcon_core.package_identification:_identify(src/ThirdParty/pal_robotiq_gripper) by extensions ['ros']
[0.247s] Level 1:colcon.colcon_core.package_identification:_identify(src/ThirdParty/pal_robotiq_gripper) by extension 'ros'
[0.247s] Level 1:colcon.colcon_core.package_identification:_identify(src/ThirdParty/pal_robotiq_gripper) by extensions ['cmake', 'python']
[0.247s] Level 1:colcon.colcon_core.package_identification:_identify(src/ThirdParty/pal_robotiq_gripper) by extension 'cmake'
[0.247s] Level 1:colcon.colcon_core.package_identification:_identify(src/ThirdParty/pal_robotiq_gripper) by extension 'python'
[0.247s] Level 1:colcon.colcon_core.package_identification:_identify(src/ThirdParty/pal_robotiq_gripper) by extensions ['python_setup_py']
[0.247s] Level 1:colcon.colcon_core.package_identification:_identify(src/ThirdParty/pal_robotiq_gripper) by extension 'python_setup_py'
[0.247s] Level 1:colcon.colcon_core.package_identification:_identify(src/ThirdParty/pal_robotiq_gripper/pal_robotiq_controller_configuration) by extensions ['ignore', 'ignore_ament_install']
[0.247s] Level 1:colcon.colcon_core.package_identification:_identify(src/ThirdParty/pal_robotiq_gripper/pal_robotiq_controller_configuration) by extension 'ignore'
[0.247s] Level 1:colcon.colcon_core.package_identification:_identify(src/ThirdParty/pal_robotiq_gripper/pal_robotiq_controller_configuration) by extension 'ignore_ament_install'
[0.247s] Level 1:colcon.colcon_core.package_identification:_identify(src/ThirdParty/pal_robotiq_gripper/pal_robotiq_controller_configuration) by extensions ['colcon_pkg']
[0.247s] Level 1:colcon.colcon_core.package_identification:_identify(src/ThirdParty/pal_robotiq_gripper/pal_robotiq_controller_configuration) by extension 'colcon_pkg'
[0.247s] Level 1:colcon.colcon_core.package_identification:_identify(src/ThirdParty/pal_robotiq_gripper/pal_robotiq_controller_configuration) by extensions ['colcon_meta']
[0.247s] Level 1:colcon.colcon_core.package_identification:_identify(src/ThirdParty/pal_robotiq_gripper/pal_robotiq_controller_configuration) by extension 'colcon_meta'
[0.247s] Level 1:colcon.colcon_core.package_identification:_identify(src/ThirdParty/pal_robotiq_gripper/pal_robotiq_controller_configuration) by extensions ['ros']
[0.247s] Level 1:colcon.colcon_core.package_identification:_identify(src/ThirdParty/pal_robotiq_gripper/pal_robotiq_controller_configuration) by extension 'ros'
[0.248s] DEBUG:colcon.colcon_core.package_identification:Package 'src/ThirdParty/pal_robotiq_gripper/pal_robotiq_controller_configuration' with type 'ros.ament_cmake' and name 'pal_robotiq_controller_configuration'
[0.248s] Level 1:colcon.colcon_core.package_identification:_identify(src/ThirdParty/pal_robotiq_gripper/pal_robotiq_description) by extensions ['ignore', 'ignore_ament_install']
[0.248s] Level 1:colcon.colcon_core.package_identification:_identify(src/ThirdParty/pal_robotiq_gripper/pal_robotiq_description) by extension 'ignore'
[0.248s] Level 1:colcon.colcon_core.package_identification:_identify(src/ThirdParty/pal_robotiq_gripper/pal_robotiq_description) by extension 'ignore_ament_install'
[0.248s] Level 1:colcon.colcon_core.package_identification:_identify(src/ThirdParty/pal_robotiq_gripper/pal_robotiq_description) by extensions ['colcon_pkg']
[0.248s] Level 1:colcon.colcon_core.package_identification:_identify(src/ThirdParty/pal_robotiq_gripper/pal_robotiq_description) by extension 'colcon_pkg'
[0.248s] Level 1:colcon.colcon_core.package_identification:_identify(src/ThirdParty/pal_robotiq_gripper/pal_robotiq_description) by extensions ['colcon_meta']
[0.248s] Level 1:colcon.colcon_core.package_identification:_identify(src/ThirdParty/pal_robotiq_gripper/pal_robotiq_description) by extension 'colcon_meta'
[0.249s] Level 1:colcon.colcon_core.package_identification:_identify(src/ThirdParty/pal_robotiq_gripper/pal_robotiq_description) by extensions ['ros']
[0.249s] Level 1:colcon.colcon_core.package_identification:_identify(src/ThirdParty/pal_robotiq_gripper/pal_robotiq_description) by extension 'ros'
[0.249s] DEBUG:colcon.colcon_core.package_identification:Package 'src/ThirdParty/pal_robotiq_gripper/pal_robotiq_description' with type 'ros.ament_cmake' and name 'pal_robotiq_description'
[0.249s] Level 1:colcon.colcon_core.package_identification:_identify(src/ThirdParty/pal_robotiq_gripper/pal_robotiq_epick_gripper) by extensions ['ignore', 'ignore_ament_install']
[0.249s] Level 1:colcon.colcon_core.package_identification:_identify(src/ThirdParty/pal_robotiq_gripper/pal_robotiq_epick_gripper) by extension 'ignore'
[0.249s] Level 1:colcon.colcon_core.package_identification:_identify(src/ThirdParty/pal_robotiq_gripper/pal_robotiq_epick_gripper) by extension 'ignore_ament_install'
[0.249s] Level 1:colcon.colcon_core.package_identification:_identify(src/ThirdParty/pal_robotiq_gripper/pal_robotiq_epick_gripper) by extensions ['colcon_pkg']
[0.249s] Level 1:colcon.colcon_core.package_identification:_identify(src/ThirdParty/pal_robotiq_gripper/pal_robotiq_epick_gripper) by extension 'colcon_pkg'
[0.249s] Level 1:colcon.colcon_core.package_identification:_identify(src/ThirdParty/pal_robotiq_gripper/pal_robotiq_epick_gripper) by extensions ['colcon_meta']
[0.249s] Level 1:colcon.colcon_core.package_identification:_identify(src/ThirdParty/pal_robotiq_gripper/pal_robotiq_epick_gripper) by extension 'colcon_meta'
[0.250s] Level 1:colcon.colcon_core.package_identification:_identify(src/ThirdParty/pal_robotiq_gripper/pal_robotiq_epick_gripper) by extensions ['ros']
[0.250s] Level 1:colcon.colcon_core.package_identification:_identify(src/ThirdParty/pal_robotiq_gripper/pal_robotiq_epick_gripper) by extension 'ros'
[0.250s] Level 1:colcon.colcon_core.package_identification:_identify(src/ThirdParty/pal_robotiq_gripper/pal_robotiq_epick_gripper) by extensions ['cmake', 'python']
[0.250s] Level 1:colcon.colcon_core.package_identification:_identify(src/ThirdParty/pal_robotiq_gripper/pal_robotiq_epick_gripper) by extension 'cmake'
[0.250s] Level 1:colcon.colcon_core.package_identification:_identify(src/ThirdParty/pal_robotiq_gripper/pal_robotiq_epick_gripper) by extension 'python'
[0.250s] Level 1:colcon.colcon_core.package_identification:_identify(src/ThirdParty/pal_robotiq_gripper/pal_robotiq_epick_gripper) by extensions ['python_setup_py']
[0.250s] Level 1:colcon.colcon_core.package_identification:_identify(src/ThirdParty/pal_robotiq_gripper/pal_robotiq_epick_gripper) by extension 'python_setup_py'
[0.250s] Level 1:colcon.colcon_core.package_identification:_identify(src/ThirdParty/pal_robotiq_gripper/pal_robotiq_epick_gripper/pal_robotiq_epick_description) by extensions ['ignore', 'ignore_ament_install']
[0.250s] Level 1:colcon.colcon_core.package_identification:_identify(src/ThirdParty/pal_robotiq_gripper/pal_robotiq_epick_gripper/pal_robotiq_epick_description) by extension 'ignore'
[0.250s] Level 1:colcon.colcon_core.package_identification:_identify(src/ThirdParty/pal_robotiq_gripper/pal_robotiq_epick_gripper/pal_robotiq_epick_description) ignored
[0.250s] Level 1:colcon.colcon_core.package_identification:_identify(src/ThirdParty/pal_robotiq_gripper/pal_robotiq_epick_gripper/pal_robotiq_epick_gripper) by extensions ['ignore', 'ignore_ament_install']
[0.250s] Level 1:colcon.colcon_core.package_identification:_identify(src/ThirdParty/pal_robotiq_gripper/pal_robotiq_epick_gripper/pal_robotiq_epick_gripper) by extension 'ignore'
[0.250s] Level 1:colcon.colcon_core.package_identification:_identify(src/ThirdParty/pal_robotiq_gripper/pal_robotiq_epick_gripper/pal_robotiq_epick_gripper) ignored
[0.250s] Level 1:colcon.colcon_core.package_identification:_identify(src/ThirdParty/pal_robotiq_gripper/pal_robotiq_gripper) by extensions ['ignore', 'ignore_ament_install']
[0.250s] Level 1:colcon.colcon_core.package_identification:_identify(src/ThirdParty/pal_robotiq_gripper/pal_robotiq_gripper) by extension 'ignore'
[0.251s] Level 1:colcon.colcon_core.package_identification:_identify(src/ThirdParty/pal_robotiq_gripper/pal_robotiq_gripper) by extension 'ignore_ament_install'
[0.251s] Level 1:colcon.colcon_core.package_identification:_identify(src/ThirdParty/pal_robotiq_gripper/pal_robotiq_gripper) by extensions ['colcon_pkg']
[0.251s] Level 1:colcon.colcon_core.package_identification:_identify(src/ThirdParty/pal_robotiq_gripper/pal_robotiq_gripper) by extension 'colcon_pkg'
[0.251s] Level 1:colcon.colcon_core.package_identification:_identify(src/ThirdParty/pal_robotiq_gripper/pal_robotiq_gripper) by extensions ['colcon_meta']
[0.251s] Level 1:colcon.colcon_core.package_identification:_identify(src/ThirdParty/pal_robotiq_gripper/pal_robotiq_gripper) by extension 'colcon_meta'
[0.251s] Level 1:colcon.colcon_core.package_identification:_identify(src/ThirdParty/pal_robotiq_gripper/pal_robotiq_gripper) by extensions ['ros']
[0.251s] Level 1:colcon.colcon_core.package_identification:_identify(src/ThirdParty/pal_robotiq_gripper/pal_robotiq_gripper) by extension 'ros'
[0.251s] DEBUG:colcon.colcon_core.package_identification:Package 'src/ThirdParty/pal_robotiq_gripper/pal_robotiq_gripper' with type 'ros.ament_cmake' and name 'pal_robotiq_gripper'
[0.251s] Level 1:colcon.colcon_core.package_identification:_identify(src/ThirdParty/pal_robotiq_gripper/pal_robotiq_gripper_wrapper) by extensions ['ignore', 'ignore_ament_install']
[0.251s] Level 1:colcon.colcon_core.package_identification:_identify(src/ThirdParty/pal_robotiq_gripper/pal_robotiq_gripper_wrapper) by extension 'ignore'
[0.252s] Level 1:colcon.colcon_core.package_identification:_identify(src/ThirdParty/pal_robotiq_gripper/pal_robotiq_gripper_wrapper) ignored
[0.252s] Level 1:colcon.colcon_core.package_identification:_identify(src/ThirdParty/pal_urdf_utils) by extensions ['ignore', 'ignore_ament_install']
[0.252s] Level 1:colcon.colcon_core.package_identification:_identify(src/ThirdParty/pal_urdf_utils) by extension 'ignore'
[0.252s] Level 1:colcon.colcon_core.package_identification:_identify(src/ThirdParty/pal_urdf_utils) by extension 'ignore_ament_install'
[0.252s] Level 1:colcon.colcon_core.package_identification:_identify(src/ThirdParty/pal_urdf_utils) by extensions ['colcon_pkg']
[0.252s] Level 1:colcon.colcon_core.package_identification:_identify(src/ThirdParty/pal_urdf_utils) by extension 'colcon_pkg'
[0.252s] Level 1:colcon.colcon_core.package_identification:_identify(src/ThirdParty/pal_urdf_utils) by extensions ['colcon_meta']
[0.252s] Level 1:colcon.colcon_core.package_identification:_identify(src/ThirdParty/pal_urdf_utils) by extension 'colcon_meta'
[0.252s] Level 1:colcon.colcon_core.package_identification:_identify(src/ThirdParty/pal_urdf_utils) by extensions ['ros']
[0.252s] Level 1:colcon.colcon_core.package_identification:_identify(src/ThirdParty/pal_urdf_utils) by extension 'ros'
[0.252s] DEBUG:colcon.colcon_core.package_identification:Package 'src/ThirdParty/pal_urdf_utils' with type 'ros.ament_cmake' and name 'pal_urdf_utils'
[0.253s] Level 1:colcon.colcon_core.package_identification:_identify(src/ThirdParty/play_motion2) by extensions ['ignore', 'ignore_ament_install']
[0.253s] Level 1:colcon.colcon_core.package_identification:_identify(src/ThirdParty/play_motion2) by extension 'ignore'
[0.253s] Level 1:colcon.colcon_core.package_identification:_identify(src/ThirdParty/play_motion2) by extension 'ignore_ament_install'
[0.253s] Level 1:colcon.colcon_core.package_identification:_identify(src/ThirdParty/play_motion2) by extensions ['colcon_pkg']
[0.253s] Level 1:colcon.colcon_core.package_identification:_identify(src/ThirdParty/play_motion2) by extension 'colcon_pkg'
[0.253s] Level 1:colcon.colcon_core.package_identification:_identify(src/ThirdParty/play_motion2) by extensions ['colcon_meta']
[0.253s] Level 1:colcon.colcon_core.package_identification:_identify(src/ThirdParty/play_motion2) by extension 'colcon_meta'
[0.253s] Level 1:colcon.colcon_core.package_identification:_identify(src/ThirdParty/play_motion2) by extensions ['ros']
[0.253s] Level 1:colcon.colcon_core.package_identification:_identify(src/ThirdParty/play_motion2) by extension 'ros'
[0.253s] Level 1:colcon.colcon_core.package_identification:_identify(src/ThirdParty/play_motion2) by extensions ['cmake', 'python']
[0.253s] Level 1:colcon.colcon_core.package_identification:_identify(src/ThirdParty/play_motion2) by extension 'cmake'
[0.253s] Level 1:colcon.colcon_core.package_identification:_identify(src/ThirdParty/play_motion2) by extension 'python'
[0.253s] Level 1:colcon.colcon_core.package_identification:_identify(src/ThirdParty/play_motion2) by extensions ['python_setup_py']
[0.253s] Level 1:colcon.colcon_core.package_identification:_identify(src/ThirdParty/play_motion2) by extension 'python_setup_py'
[0.253s] Level 1:colcon.colcon_core.package_identification:_identify(src/ThirdParty/play_motion2/play_motion2) by extensions ['ignore', 'ignore_ament_install']
[0.253s] Level 1:colcon.colcon_core.package_identification:_identify(src/ThirdParty/play_motion2/play_motion2) by extension 'ignore'
[0.253s] Level 1:colcon.colcon_core.package_identification:_identify(src/ThirdParty/play_motion2/play_motion2) by extension 'ignore_ament_install'
[0.253s] Level 1:colcon.colcon_core.package_identification:_identify(src/ThirdParty/play_motion2/play_motion2) by extensions ['colcon_pkg']
[0.254s] Level 1:colcon.colcon_core.package_identification:_identify(src/ThirdParty/play_motion2/play_motion2) by extension 'colcon_pkg'
[0.254s] Level 1:colcon.colcon_core.package_identification:_identify(src/ThirdParty/play_motion2/play_motion2) by extensions ['colcon_meta']
[0.254s] Level 1:colcon.colcon_core.package_identification:_identify(src/ThirdParty/play_motion2/play_motion2) by extension 'colcon_meta'
[0.254s] Level 1:colcon.colcon_core.package_identification:_identify(src/ThirdParty/play_motion2/play_motion2) by extensions ['ros']
[0.254s] Level 1:colcon.colcon_core.package_identification:_identify(src/ThirdParty/play_motion2/play_motion2) by extension 'ros'
[0.256s] DEBUG:colcon.colcon_core.package_identification:Package 'src/ThirdParty/play_motion2/play_motion2' with type 'ros.ament_cmake' and name 'play_motion2'
[0.256s] Level 1:colcon.colcon_core.package_identification:_identify(src/ThirdParty/play_motion2/play_motion2_msgs) by extensions ['ignore', 'ignore_ament_install']
[0.256s] Level 1:colcon.colcon_core.package_identification:_identify(src/ThirdParty/play_motion2/play_motion2_msgs) by extension 'ignore'
[0.256s] Level 1:colcon.colcon_core.package_identification:_identify(src/ThirdParty/play_motion2/play_motion2_msgs) by extension 'ignore_ament_install'
[0.256s] Level 1:colcon.colcon_core.package_identification:_identify(src/ThirdParty/play_motion2/play_motion2_msgs) by extensions ['colcon_pkg']
[0.256s] Level 1:colcon.colcon_core.package_identification:_identify(src/ThirdParty/play_motion2/play_motion2_msgs) by extension 'colcon_pkg'
[0.256s] Level 1:colcon.colcon_core.package_identification:_identify(src/ThirdParty/play_motion2/play_motion2_msgs) by extensions ['colcon_meta']
[0.256s] Level 1:colcon.colcon_core.package_identification:_identify(src/ThirdParty/play_motion2/play_motion2_msgs) by extension 'colcon_meta'
[0.256s] Level 1:colcon.colcon_core.package_identification:_identify(src/ThirdParty/play_motion2/play_motion2_msgs) by extensions ['ros']
[0.256s] Level 1:colcon.colcon_core.package_identification:_identify(src/ThirdParty/play_motion2/play_motion2_msgs) by extension 'ros'
[0.257s] DEBUG:colcon.colcon_core.package_identification:Package 'src/ThirdParty/play_motion2/play_motion2_msgs' with type 'ros.ament_cmake' and name 'play_motion2_msgs'
[0.257s] Level 1:colcon.colcon_core.package_identification:_identify(src/ThirdParty/pmb2_navigation) by extensions ['ignore', 'ignore_ament_install']
[0.257s] Level 1:colcon.colcon_core.package_identification:_identify(src/ThirdParty/pmb2_navigation) by extension 'ignore'
[0.257s] Level 1:colcon.colcon_core.package_identification:_identify(src/ThirdParty/pmb2_navigation) by extension 'ignore_ament_install'
[0.257s] Level 1:colcon.colcon_core.package_identification:_identify(src/ThirdParty/pmb2_navigation) by extensions ['colcon_pkg']
[0.257s] Level 1:colcon.colcon_core.package_identification:_identify(src/ThirdParty/pmb2_navigation) by extension 'colcon_pkg'
[0.257s] Level 1:colcon.colcon_core.package_identification:_identify(src/ThirdParty/pmb2_navigation) by extensions ['colcon_meta']
[0.257s] Level 1:colcon.colcon_core.package_identification:_identify(src/ThirdParty/pmb2_navigation) by extension 'colcon_meta'
[0.257s] Level 1:colcon.colcon_core.package_identification:_identify(src/ThirdParty/pmb2_navigation) by extensions ['ros']
[0.257s] Level 1:colcon.colcon_core.package_identification:_identify(src/ThirdParty/pmb2_navigation) by extension 'ros'
[0.257s] Level 1:colcon.colcon_core.package_identification:_identify(src/ThirdParty/pmb2_navigation) by extensions ['cmake', 'python']
[0.257s] Level 1:colcon.colcon_core.package_identification:_identify(src/ThirdParty/pmb2_navigation) by extension 'cmake'
[0.257s] Level 1:colcon.colcon_core.package_identification:_identify(src/ThirdParty/pmb2_navigation) by extension 'python'
[0.258s] Level 1:colcon.colcon_core.package_identification:_identify(src/ThirdParty/pmb2_navigation) by extensions ['python_setup_py']
[0.258s] Level 1:colcon.colcon_core.package_identification:_identify(src/ThirdParty/pmb2_navigation) by extension 'python_setup_py'
[0.258s] Level 1:colcon.colcon_core.package_identification:_identify(src/ThirdParty/pmb2_navigation/pmb2_2dnav) by extensions ['ignore', 'ignore_ament_install']
[0.258s] Level 1:colcon.colcon_core.package_identification:_identify(src/ThirdParty/pmb2_navigation/pmb2_2dnav) by extension 'ignore'
[0.258s] Level 1:colcon.colcon_core.package_identification:_identify(src/ThirdParty/pmb2_navigation/pmb2_2dnav) by extension 'ignore_ament_install'
[0.258s] Level 1:colcon.colcon_core.package_identification:_identify(src/ThirdParty/pmb2_navigation/pmb2_2dnav) by extensions ['colcon_pkg']
[0.258s] Level 1:colcon.colcon_core.package_identification:_identify(src/ThirdParty/pmb2_navigation/pmb2_2dnav) by extension 'colcon_pkg'
[0.258s] Level 1:colcon.colcon_core.package_identification:_identify(src/ThirdParty/pmb2_navigation/pmb2_2dnav) by extensions ['colcon_meta']
[0.258s] Level 1:colcon.colcon_core.package_identification:_identify(src/ThirdParty/pmb2_navigation/pmb2_2dnav) by extension 'colcon_meta'
[0.258s] Level 1:colcon.colcon_core.package_identification:_identify(src/ThirdParty/pmb2_navigation/pmb2_2dnav) by extensions ['ros']
[0.258s] Level 1:colcon.colcon_core.package_identification:_identify(src/ThirdParty/pmb2_navigation/pmb2_2dnav) by extension 'ros'
[0.263s] DEBUG:colcon.colcon_core.package_identification:Package 'src/ThirdParty/pmb2_navigation/pmb2_2dnav' with type 'ros.ament_cmake' and name 'pmb2_2dnav'
[0.264s] Level 1:colcon.colcon_core.package_identification:_identify(src/ThirdParty/pmb2_navigation/pmb2_laser_sensors) by extensions ['ignore', 'ignore_ament_install']
[0.264s] Level 1:colcon.colcon_core.package_identification:_identify(src/ThirdParty/pmb2_navigation/pmb2_laser_sensors) by extension 'ignore'
[0.264s] Level 1:colcon.colcon_core.package_identification:_identify(src/ThirdParty/pmb2_navigation/pmb2_laser_sensors) by extension 'ignore_ament_install'
[0.264s] Level 1:colcon.colcon_core.package_identification:_identify(src/ThirdParty/pmb2_navigation/pmb2_laser_sensors) by extensions ['colcon_pkg']
[0.264s] Level 1:colcon.colcon_core.package_identification:_identify(src/ThirdParty/pmb2_navigation/pmb2_laser_sensors) by extension 'colcon_pkg'
[0.264s] Level 1:colcon.colcon_core.package_identification:_identify(src/ThirdParty/pmb2_navigation/pmb2_laser_sensors) by extensions ['colcon_meta']
[0.264s] Level 1:colcon.colcon_core.package_identification:_identify(src/ThirdParty/pmb2_navigation/pmb2_laser_sensors) by extension 'colcon_meta'
[0.264s] Level 1:colcon.colcon_core.package_identification:_identify(src/ThirdParty/pmb2_navigation/pmb2_laser_sensors) by extensions ['ros']
[0.264s] Level 1:colcon.colcon_core.package_identification:_identify(src/ThirdParty/pmb2_navigation/pmb2_laser_sensors) by extension 'ros'
[0.267s] DEBUG:colcon.colcon_core.package_identification:Package 'src/ThirdParty/pmb2_navigation/pmb2_laser_sensors' with type 'ros.ament_cmake' and name 'pmb2_laser_sensors'
[0.267s] Level 1:colcon.colcon_core.package_identification:_identify(src/ThirdParty/pmb2_navigation/pmb2_navigation) by extensions ['ignore', 'ignore_ament_install']
[0.267s] Level 1:colcon.colcon_core.package_identification:_identify(src/ThirdParty/pmb2_navigation/pmb2_navigation) by extension 'ignore'
[0.267s] Level 1:colcon.colcon_core.package_identification:_identify(src/ThirdParty/pmb2_navigation/pmb2_navigation) by extension 'ignore_ament_install'
[0.267s] Level 1:colcon.colcon_core.package_identification:_identify(src/ThirdParty/pmb2_navigation/pmb2_navigation) by extensions ['colcon_pkg']
[0.267s] Level 1:colcon.colcon_core.package_identification:_identify(src/ThirdParty/pmb2_navigation/pmb2_navigation) by extension 'colcon_pkg'
[0.267s] Level 1:colcon.colcon_core.package_identification:_identify(src/ThirdParty/pmb2_navigation/pmb2_navigation) by extensions ['colcon_meta']
[0.267s] Level 1:colcon.colcon_core.package_identification:_identify(src/ThirdParty/pmb2_navigation/pmb2_navigation) by extension 'colcon_meta'
[0.267s] Level 1:colcon.colcon_core.package_identification:_identify(src/ThirdParty/pmb2_navigation/pmb2_navigation) by extensions ['ros']
[0.267s] Level 1:colcon.colcon_core.package_identification:_identify(src/ThirdParty/pmb2_navigation/pmb2_navigation) by extension 'ros'
[0.268s] DEBUG:colcon.colcon_core.package_identification:Package 'src/ThirdParty/pmb2_navigation/pmb2_navigation' with type 'ros.ament_cmake' and name 'pmb2_navigation'
[0.268s] Level 1:colcon.colcon_core.package_identification:_identify(src/ThirdParty/pmb2_navigation/pmb2_rgbd_sensors) by extensions ['ignore', 'ignore_ament_install']
[0.268s] Level 1:colcon.colcon_core.package_identification:_identify(src/ThirdParty/pmb2_navigation/pmb2_rgbd_sensors) by extension 'ignore'
[0.268s] Level 1:colcon.colcon_core.package_identification:_identify(src/ThirdParty/pmb2_navigation/pmb2_rgbd_sensors) by extension 'ignore_ament_install'
[0.268s] Level 1:colcon.colcon_core.package_identification:_identify(src/ThirdParty/pmb2_navigation/pmb2_rgbd_sensors) by extensions ['colcon_pkg']
[0.268s] Level 1:colcon.colcon_core.package_identification:_identify(src/ThirdParty/pmb2_navigation/pmb2_rgbd_sensors) by extension 'colcon_pkg'
[0.269s] Level 1:colcon.colcon_core.package_identification:_identify(src/ThirdParty/pmb2_navigation/pmb2_rgbd_sensors) by extensions ['colcon_meta']
[0.269s] Level 1:colcon.colcon_core.package_identification:_identify(src/ThirdParty/pmb2_navigation/pmb2_rgbd_sensors) by extension 'colcon_meta'
[0.269s] Level 1:colcon.colcon_core.package_identification:_identify(src/ThirdParty/pmb2_navigation/pmb2_rgbd_sensors) by extensions ['ros']
[0.269s] Level 1:colcon.colcon_core.package_identification:_identify(src/ThirdParty/pmb2_navigation/pmb2_rgbd_sensors) by extension 'ros'
[0.271s] DEBUG:colcon.colcon_core.package_identification:Package 'src/ThirdParty/pmb2_navigation/pmb2_rgbd_sensors' with type 'ros.ament_cmake' and name 'pmb2_rgbd_sensors'
[0.271s] Level 1:colcon.colcon_core.package_identification:_identify(src/ThirdParty/pmb2_robot) by extensions ['ignore', 'ignore_ament_install']
[0.272s] Level 1:colcon.colcon_core.package_identification:_identify(src/ThirdParty/pmb2_robot) by extension 'ignore'
[0.272s] Level 1:colcon.colcon_core.package_identification:_identify(src/ThirdParty/pmb2_robot) by extension 'ignore_ament_install'
[0.272s] Level 1:colcon.colcon_core.package_identification:_identify(src/ThirdParty/pmb2_robot) by extensions ['colcon_pkg']
[0.272s] Level 1:colcon.colcon_core.package_identification:_identify(src/ThirdParty/pmb2_robot) by extension 'colcon_pkg'
[0.272s] Level 1:colcon.colcon_core.package_identification:_identify(src/ThirdParty/pmb2_robot) by extensions ['colcon_meta']
[0.272s] Level 1:colcon.colcon_core.package_identification:_identify(src/ThirdParty/pmb2_robot) by extension 'colcon_meta'
[0.272s] Level 1:colcon.colcon_core.package_identification:_identify(src/ThirdParty/pmb2_robot) by extensions ['ros']
[0.272s] Level 1:colcon.colcon_core.package_identification:_identify(src/ThirdParty/pmb2_robot) by extension 'ros'
[0.272s] Level 1:colcon.colcon_core.package_identification:_identify(src/ThirdParty/pmb2_robot) by extensions ['cmake', 'python']
[0.272s] Level 1:colcon.colcon_core.package_identification:_identify(src/ThirdParty/pmb2_robot) by extension 'cmake'
[0.272s] Level 1:colcon.colcon_core.package_identification:_identify(src/ThirdParty/pmb2_robot) by extension 'python'
[0.272s] Level 1:colcon.colcon_core.package_identification:_identify(src/ThirdParty/pmb2_robot) by extensions ['python_setup_py']
[0.272s] Level 1:colcon.colcon_core.package_identification:_identify(src/ThirdParty/pmb2_robot) by extension 'python_setup_py'
[0.272s] Level 1:colcon.colcon_core.package_identification:_identify(src/ThirdParty/pmb2_robot/pmb2_bringup) by extensions ['ignore', 'ignore_ament_install']
[0.272s] Level 1:colcon.colcon_core.package_identification:_identify(src/ThirdParty/pmb2_robot/pmb2_bringup) by extension 'ignore'
[0.273s] Level 1:colcon.colcon_core.package_identification:_identify(src/ThirdParty/pmb2_robot/pmb2_bringup) by extension 'ignore_ament_install'
[0.273s] Level 1:colcon.colcon_core.package_identification:_identify(src/ThirdParty/pmb2_robot/pmb2_bringup) by extensions ['colcon_pkg']
[0.273s] Level 1:colcon.colcon_core.package_identification:_identify(src/ThirdParty/pmb2_robot/pmb2_bringup) by extension 'colcon_pkg'
[0.273s] Level 1:colcon.colcon_core.package_identification:_identify(src/ThirdParty/pmb2_robot/pmb2_bringup) by extensions ['colcon_meta']
[0.273s] Level 1:colcon.colcon_core.package_identification:_identify(src/ThirdParty/pmb2_robot/pmb2_bringup) by extension 'colcon_meta'
[0.273s] Level 1:colcon.colcon_core.package_identification:_identify(src/ThirdParty/pmb2_robot/pmb2_bringup) by extensions ['ros']
[0.273s] Level 1:colcon.colcon_core.package_identification:_identify(src/ThirdParty/pmb2_robot/pmb2_bringup) by extension 'ros'
[0.274s] DEBUG:colcon.colcon_core.package_identification:Package 'src/ThirdParty/pmb2_robot/pmb2_bringup' with type 'ros.ament_cmake' and name 'pmb2_bringup'
[0.274s] Level 1:colcon.colcon_core.package_identification:_identify(src/ThirdParty/pmb2_robot/pmb2_controller_configuration) by extensions ['ignore', 'ignore_ament_install']
[0.274s] Level 1:colcon.colcon_core.package_identification:_identify(src/ThirdParty/pmb2_robot/pmb2_controller_configuration) by extension 'ignore'
[0.274s] Level 1:colcon.colcon_core.package_identification:_identify(src/ThirdParty/pmb2_robot/pmb2_controller_configuration) by extension 'ignore_ament_install'
[0.274s] Level 1:colcon.colcon_core.package_identification:_identify(src/ThirdParty/pmb2_robot/pmb2_controller_configuration) by extensions ['colcon_pkg']
[0.274s] Level 1:colcon.colcon_core.package_identification:_identify(src/ThirdParty/pmb2_robot/pmb2_controller_configuration) by extension 'colcon_pkg'
[0.274s] Level 1:colcon.colcon_core.package_identification:_identify(src/ThirdParty/pmb2_robot/pmb2_controller_configuration) by extensions ['colcon_meta']
[0.274s] Level 1:colcon.colcon_core.package_identification:_identify(src/ThirdParty/pmb2_robot/pmb2_controller_configuration) by extension 'colcon_meta'
[0.274s] Level 1:colcon.colcon_core.package_identification:_identify(src/ThirdParty/pmb2_robot/pmb2_controller_configuration) by extensions ['ros']
[0.274s] Level 1:colcon.colcon_core.package_identification:_identify(src/ThirdParty/pmb2_robot/pmb2_controller_configuration) by extension 'ros'
[0.275s] DEBUG:colcon.colcon_core.package_identification:Package 'src/ThirdParty/pmb2_robot/pmb2_controller_configuration' with type 'ros.ament_cmake' and name 'pmb2_controller_configuration'
[0.275s] Level 1:colcon.colcon_core.package_identification:_identify(src/ThirdParty/pmb2_robot/pmb2_description) by extensions ['ignore', 'ignore_ament_install']
[0.276s] Level 1:colcon.colcon_core.package_identification:_identify(src/ThirdParty/pmb2_robot/pmb2_description) by extension 'ignore'
[0.276s] Level 1:colcon.colcon_core.package_identification:_identify(src/ThirdParty/pmb2_robot/pmb2_description) by extension 'ignore_ament_install'
[0.276s] Level 1:colcon.colcon_core.package_identification:_identify(src/ThirdParty/pmb2_robot/pmb2_description) by extensions ['colcon_pkg']
[0.276s] Level 1:colcon.colcon_core.package_identification:_identify(src/ThirdParty/pmb2_robot/pmb2_description) by extension 'colcon_pkg'
[0.276s] Level 1:colcon.colcon_core.package_identification:_identify(src/ThirdParty/pmb2_robot/pmb2_description) by extensions ['colcon_meta']
[0.276s] Level 1:colcon.colcon_core.package_identification:_identify(src/ThirdParty/pmb2_robot/pmb2_description) by extension 'colcon_meta'
[0.276s] Level 1:colcon.colcon_core.package_identification:_identify(src/ThirdParty/pmb2_robot/pmb2_description) by extensions ['ros']
[0.276s] Level 1:colcon.colcon_core.package_identification:_identify(src/ThirdParty/pmb2_robot/pmb2_description) by extension 'ros'
[0.277s] DEBUG:colcon.colcon_core.package_identification:Package 'src/ThirdParty/pmb2_robot/pmb2_description' with type 'ros.ament_cmake' and name 'pmb2_description'
[0.277s] Level 1:colcon.colcon_core.package_identification:_identify(src/ThirdParty/pmb2_robot/pmb2_robot) by extensions ['ignore', 'ignore_ament_install']
[0.277s] Level 1:colcon.colcon_core.package_identification:_identify(src/ThirdParty/pmb2_robot/pmb2_robot) by extension 'ignore'
[0.277s] Level 1:colcon.colcon_core.package_identification:_identify(src/ThirdParty/pmb2_robot/pmb2_robot) by extension 'ignore_ament_install'
[0.277s] Level 1:colcon.colcon_core.package_identification:_identify(src/ThirdParty/pmb2_robot/pmb2_robot) by extensions ['colcon_pkg']
[0.277s] Level 1:colcon.colcon_core.package_identification:_identify(src/ThirdParty/pmb2_robot/pmb2_robot) by extension 'colcon_pkg'
[0.277s] Level 1:colcon.colcon_core.package_identification:_identify(src/ThirdParty/pmb2_robot/pmb2_robot) by extensions ['colcon_meta']
[0.278s] Level 1:colcon.colcon_core.package_identification:_identify(src/ThirdParty/pmb2_robot/pmb2_robot) by extension 'colcon_meta'
[0.278s] Level 1:colcon.colcon_core.package_identification:_identify(src/ThirdParty/pmb2_robot/pmb2_robot) by extensions ['ros']
[0.278s] Level 1:colcon.colcon_core.package_identification:_identify(src/ThirdParty/pmb2_robot/pmb2_robot) by extension 'ros'
[0.278s] DEBUG:colcon.colcon_core.package_identification:Package 'src/ThirdParty/pmb2_robot/pmb2_robot' with type 'ros.ament_cmake' and name 'pmb2_robot'
[0.278s] Level 1:colcon.colcon_core.package_identification:_identify(src/ThirdParty/tiago_moveit_config) by extensions ['ignore', 'ignore_ament_install']
[0.279s] Level 1:colcon.colcon_core.package_identification:_identify(src/ThirdParty/tiago_moveit_config) by extension 'ignore'
[0.279s] Level 1:colcon.colcon_core.package_identification:_identify(src/ThirdParty/tiago_moveit_config) by extension 'ignore_ament_install'
[0.279s] Level 1:colcon.colcon_core.package_identification:_identify(src/ThirdParty/tiago_moveit_config) by extensions ['colcon_pkg']
[0.279s] Level 1:colcon.colcon_core.package_identification:_identify(src/ThirdParty/tiago_moveit_config) by extension 'colcon_pkg'
[0.279s] Level 1:colcon.colcon_core.package_identification:_identify(src/ThirdParty/tiago_moveit_config) by extensions ['colcon_meta']
[0.279s] Level 1:colcon.colcon_core.package_identification:_identify(src/ThirdParty/tiago_moveit_config) by extension 'colcon_meta'
[0.279s] Level 1:colcon.colcon_core.package_identification:_identify(src/ThirdParty/tiago_moveit_config) by extensions ['ros']
[0.279s] Level 1:colcon.colcon_core.package_identification:_identify(src/ThirdParty/tiago_moveit_config) by extension 'ros'
[0.280s] DEBUG:colcon.colcon_core.package_identification:Package 'src/ThirdParty/tiago_moveit_config' with type 'ros.ament_cmake' and name 'tiago_moveit_config'
[0.280s] Level 1:colcon.colcon_core.package_identification:_identify(src/ThirdParty/tiago_navigation) by extensions ['ignore', 'ignore_ament_install']
[0.280s] Level 1:colcon.colcon_core.package_identification:_identify(src/ThirdParty/tiago_navigation) by extension 'ignore'
[0.280s] Level 1:colcon.colcon_core.package_identification:_identify(src/ThirdParty/tiago_navigation) by extension 'ignore_ament_install'
[0.280s] Level 1:colcon.colcon_core.package_identification:_identify(src/ThirdParty/tiago_navigation) by extensions ['colcon_pkg']
[0.280s] Level 1:colcon.colcon_core.package_identification:_identify(src/ThirdParty/tiago_navigation) by extension 'colcon_pkg'
[0.280s] Level 1:colcon.colcon_core.package_identification:_identify(src/ThirdParty/tiago_navigation) by extensions ['colcon_meta']
[0.280s] Level 1:colcon.colcon_core.package_identification:_identify(src/ThirdParty/tiago_navigation) by extension 'colcon_meta'
[0.280s] Level 1:colcon.colcon_core.package_identification:_identify(src/ThirdParty/tiago_navigation) by extensions ['ros']
[0.280s] Level 1:colcon.colcon_core.package_identification:_identify(src/ThirdParty/tiago_navigation) by extension 'ros'
[0.281s] Level 1:colcon.colcon_core.package_identification:_identify(src/ThirdParty/tiago_navigation) by extensions ['cmake', 'python']
[0.281s] Level 1:colcon.colcon_core.package_identification:_identify(src/ThirdParty/tiago_navigation) by extension 'cmake'
[0.281s] Level 1:colcon.colcon_core.package_identification:_identify(src/ThirdParty/tiago_navigation) by extension 'python'
[0.281s] Level 1:colcon.colcon_core.package_identification:_identify(src/ThirdParty/tiago_navigation) by extensions ['python_setup_py']
[0.281s] Level 1:colcon.colcon_core.package_identification:_identify(src/ThirdParty/tiago_navigation) by extension 'python_setup_py'
[0.281s] Level 1:colcon.colcon_core.package_identification:_identify(src/ThirdParty/tiago_navigation/tiago_2dnav) by extensions ['ignore', 'ignore_ament_install']
[0.281s] Level 1:colcon.colcon_core.package_identification:_identify(src/ThirdParty/tiago_navigation/tiago_2dnav) by extension 'ignore'
[0.281s] Level 1:colcon.colcon_core.package_identification:_identify(src/ThirdParty/tiago_navigation/tiago_2dnav) by extension 'ignore_ament_install'
[0.281s] Level 1:colcon.colcon_core.package_identification:_identify(src/ThirdParty/tiago_navigation/tiago_2dnav) by extensions ['colcon_pkg']
[0.281s] Level 1:colcon.colcon_core.package_identification:_identify(src/ThirdParty/tiago_navigation/tiago_2dnav) by extension 'colcon_pkg'
[0.281s] Level 1:colcon.colcon_core.package_identification:_identify(src/ThirdParty/tiago_navigation/tiago_2dnav) by extensions ['colcon_meta']
[0.281s] Level 1:colcon.colcon_core.package_identification:_identify(src/ThirdParty/tiago_navigation/tiago_2dnav) by extension 'colcon_meta'
[0.281s] Level 1:colcon.colcon_core.package_identification:_identify(src/ThirdParty/tiago_navigation/tiago_2dnav) by extensions ['ros']
[0.281s] Level 1:colcon.colcon_core.package_identification:_identify(src/ThirdParty/tiago_navigation/tiago_2dnav) by extension 'ros'
[0.283s] DEBUG:colcon.colcon_core.package_identification:Package 'src/ThirdParty/tiago_navigation/tiago_2dnav' with type 'ros.ament_cmake' and name 'tiago_2dnav'
[0.283s] Level 1:colcon.colcon_core.package_identification:_identify(src/ThirdParty/tiago_navigation/tiago_laser_sensors) by extensions ['ignore', 'ignore_ament_install']
[0.283s] Level 1:colcon.colcon_core.package_identification:_identify(src/ThirdParty/tiago_navigation/tiago_laser_sensors) by extension 'ignore'
[0.283s] Level 1:colcon.colcon_core.package_identification:_identify(src/ThirdParty/tiago_navigation/tiago_laser_sensors) by extension 'ignore_ament_install'
[0.283s] Level 1:colcon.colcon_core.package_identification:_identify(src/ThirdParty/tiago_navigation/tiago_laser_sensors) by extensions ['colcon_pkg']
[0.283s] Level 1:colcon.colcon_core.package_identification:_identify(src/ThirdParty/tiago_navigation/tiago_laser_sensors) by extension 'colcon_pkg'
[0.283s] Level 1:colcon.colcon_core.package_identification:_identify(src/ThirdParty/tiago_navigation/tiago_laser_sensors) by extensions ['colcon_meta']
[0.283s] Level 1:colcon.colcon_core.package_identification:_identify(src/ThirdParty/tiago_navigation/tiago_laser_sensors) by extension 'colcon_meta'
[0.283s] Level 1:colcon.colcon_core.package_identification:_identify(src/ThirdParty/tiago_navigation/tiago_laser_sensors) by extensions ['ros']
[0.283s] Level 1:colcon.colcon_core.package_identification:_identify(src/ThirdParty/tiago_navigation/tiago_laser_sensors) by extension 'ros'
[0.285s] DEBUG:colcon.colcon_core.package_identification:Package 'src/ThirdParty/tiago_navigation/tiago_laser_sensors' with type 'ros.ament_cmake' and name 'tiago_laser_sensors'
[0.286s] Level 1:colcon.colcon_core.package_identification:_identify(src/ThirdParty/tiago_navigation/tiago_navigation) by extensions ['ignore', 'ignore_ament_install']
[0.286s] Level 1:colcon.colcon_core.package_identification:_identify(src/ThirdParty/tiago_navigation/tiago_navigation) by extension 'ignore'
[0.286s] Level 1:colcon.colcon_core.package_identification:_identify(src/ThirdParty/tiago_navigation/tiago_navigation) by extension 'ignore_ament_install'
[0.286s] Level 1:colcon.colcon_core.package_identification:_identify(src/ThirdParty/tiago_navigation/tiago_navigation) by extensions ['colcon_pkg']
[0.286s] Level 1:colcon.colcon_core.package_identification:_identify(src/ThirdParty/tiago_navigation/tiago_navigation) by extension 'colcon_pkg'
[0.286s] Level 1:colcon.colcon_core.package_identification:_identify(src/ThirdParty/tiago_navigation/tiago_navigation) by extensions ['colcon_meta']
[0.286s] Level 1:colcon.colcon_core.package_identification:_identify(src/ThirdParty/tiago_navigation/tiago_navigation) by extension 'colcon_meta'
[0.286s] Level 1:colcon.colcon_core.package_identification:_identify(src/ThirdParty/tiago_navigation/tiago_navigation) by extensions ['ros']
[0.286s] Level 1:colcon.colcon_core.package_identification:_identify(src/ThirdParty/tiago_navigation/tiago_navigation) by extension 'ros'
[0.287s] DEBUG:colcon.colcon_core.package_identification:Package 'src/ThirdParty/tiago_navigation/tiago_navigation' with type 'ros.ament_cmake' and name 'tiago_navigation'
[0.287s] Level 1:colcon.colcon_core.package_identification:_identify(src/ThirdParty/tiago_omni_base) by extensions ['ignore', 'ignore_ament_install']
[0.287s] Level 1:colcon.colcon_core.package_identification:_identify(src/ThirdParty/tiago_omni_base) by extension 'ignore'
[0.287s] Level 1:colcon.colcon_core.package_identification:_identify(src/ThirdParty/tiago_omni_base) by extension 'ignore_ament_install'
[0.287s] Level 1:colcon.colcon_core.package_identification:_identify(src/ThirdParty/tiago_omni_base) by extensions ['colcon_pkg']
[0.287s] Level 1:colcon.colcon_core.package_identification:_identify(src/ThirdParty/tiago_omni_base) by extension 'colcon_pkg'
[0.287s] Level 1:colcon.colcon_core.package_identification:_identify(src/ThirdParty/tiago_omni_base) by extensions ['colcon_meta']
[0.287s] Level 1:colcon.colcon_core.package_identification:_identify(src/ThirdParty/tiago_omni_base) by extension 'colcon_meta'
[0.287s] Level 1:colcon.colcon_core.package_identification:_identify(src/ThirdParty/tiago_omni_base) by extensions ['ros']
[0.287s] Level 1:colcon.colcon_core.package_identification:_identify(src/ThirdParty/tiago_omni_base) by extension 'ros'
[0.287s] Level 1:colcon.colcon_core.package_identification:_identify(src/ThirdParty/tiago_omni_base) by extensions ['cmake', 'python']
[0.287s] Level 1:colcon.colcon_core.package_identification:_identify(src/ThirdParty/tiago_omni_base) by extension 'cmake'
[0.287s] Level 1:colcon.colcon_core.package_identification:_identify(src/ThirdParty/tiago_omni_base) by extension 'python'
[0.287s] Level 1:colcon.colcon_core.package_identification:_identify(src/ThirdParty/tiago_omni_base) by extensions ['python_setup_py']
[0.287s] Level 1:colcon.colcon_core.package_identification:_identify(src/ThirdParty/tiago_omni_base) by extension 'python_setup_py'
[0.287s] Level 1:colcon.colcon_core.package_identification:_identify(src/ThirdParty/tiago_omni_base/omni_base_bringup) by extensions ['ignore', 'ignore_ament_install']
[0.288s] Level 1:colcon.colcon_core.package_identification:_identify(src/ThirdParty/tiago_omni_base/omni_base_bringup) by extension 'ignore'
[0.288s] Level 1:colcon.colcon_core.package_identification:_identify(src/ThirdParty/tiago_omni_base/omni_base_bringup) by extension 'ignore_ament_install'
[0.288s] Level 1:colcon.colcon_core.package_identification:_identify(src/ThirdParty/tiago_omni_base/omni_base_bringup) by extensions ['colcon_pkg']
[0.288s] Level 1:colcon.colcon_core.package_identification:_identify(src/ThirdParty/tiago_omni_base/omni_base_bringup) by extension 'colcon_pkg'
[0.288s] Level 1:colcon.colcon_core.package_identification:_identify(src/ThirdParty/tiago_omni_base/omni_base_bringup) by extensions ['colcon_meta']
[0.288s] Level 1:colcon.colcon_core.package_identification:_identify(src/ThirdParty/tiago_omni_base/omni_base_bringup) by extension 'colcon_meta'
[0.288s] Level 1:colcon.colcon_core.package_identification:_identify(src/ThirdParty/tiago_omni_base/omni_base_bringup) by extensions ['ros']
[0.288s] Level 1:colcon.colcon_core.package_identification:_identify(src/ThirdParty/tiago_omni_base/omni_base_bringup) by extension 'ros'
[0.289s] DEBUG:colcon.colcon_core.package_identification:Package 'src/ThirdParty/tiago_omni_base/omni_base_bringup' with type 'ros.ament_cmake' and name 'omni_base_bringup'
[0.289s] Level 1:colcon.colcon_core.package_identification:_identify(src/ThirdParty/tiago_omni_base/omni_base_controller_configuration) by extensions ['ignore', 'ignore_ament_install']
[0.289s] Level 1:colcon.colcon_core.package_identification:_identify(src/ThirdParty/tiago_omni_base/omni_base_controller_configuration) by extension 'ignore'
[0.289s] Level 1:colcon.colcon_core.package_identification:_identify(src/ThirdParty/tiago_omni_base/omni_base_controller_configuration) by extension 'ignore_ament_install'
[0.289s] Level 1:colcon.colcon_core.package_identification:_identify(src/ThirdParty/tiago_omni_base/omni_base_controller_configuration) by extensions ['colcon_pkg']
[0.289s] Level 1:colcon.colcon_core.package_identification:_identify(src/ThirdParty/tiago_omni_base/omni_base_controller_configuration) by extension 'colcon_pkg'
[0.289s] Level 1:colcon.colcon_core.package_identification:_identify(src/ThirdParty/tiago_omni_base/omni_base_controller_configuration) by extensions ['colcon_meta']
[0.289s] Level 1:colcon.colcon_core.package_identification:_identify(src/ThirdParty/tiago_omni_base/omni_base_controller_configuration) by extension 'colcon_meta'
[0.289s] Level 1:colcon.colcon_core.package_identification:_identify(src/ThirdParty/tiago_omni_base/omni_base_controller_configuration) by extensions ['ros']
[0.289s] Level 1:colcon.colcon_core.package_identification:_identify(src/ThirdParty/tiago_omni_base/omni_base_controller_configuration) by extension 'ros'
[0.291s] DEBUG:colcon.colcon_core.package_identification:Package 'src/ThirdParty/tiago_omni_base/omni_base_controller_configuration' with type 'ros.ament_cmake' and name 'omni_base_controller_configuration'
[0.291s] Level 1:colcon.colcon_core.package_identification:_identify(src/ThirdParty/tiago_omni_base/omni_base_description) by extensions ['ignore', 'ignore_ament_install']
[0.291s] Level 1:colcon.colcon_core.package_identification:_identify(src/ThirdParty/tiago_omni_base/omni_base_description) by extension 'ignore'
[0.291s] Level 1:colcon.colcon_core.package_identification:_identify(src/ThirdParty/tiago_omni_base/omni_base_description) by extension 'ignore_ament_install'
[0.291s] Level 1:colcon.colcon_core.package_identification:_identify(src/ThirdParty/tiago_omni_base/omni_base_description) by extensions ['colcon_pkg']
[0.291s] Level 1:colcon.colcon_core.package_identification:_identify(src/ThirdParty/tiago_omni_base/omni_base_description) by extension 'colcon_pkg'
[0.291s] Level 1:colcon.colcon_core.package_identification:_identify(src/ThirdParty/tiago_omni_base/omni_base_description) by extensions ['colcon_meta']
[0.291s] Level 1:colcon.colcon_core.package_identification:_identify(src/ThirdParty/tiago_omni_base/omni_base_description) by extension 'colcon_meta'
[0.291s] Level 1:colcon.colcon_core.package_identification:_identify(src/ThirdParty/tiago_omni_base/omni_base_description) by extensions ['ros']
[0.291s] Level 1:colcon.colcon_core.package_identification:_identify(src/ThirdParty/tiago_omni_base/omni_base_description) by extension 'ros'
[0.292s] DEBUG:colcon.colcon_core.package_identification:Package 'src/ThirdParty/tiago_omni_base/omni_base_description' with type 'ros.ament_cmake' and name 'omni_base_description'
[0.292s] Level 1:colcon.colcon_core.package_identification:_identify(src/ThirdParty/tiago_omni_base/omni_base_robot) by extensions ['ignore', 'ignore_ament_install']
[0.293s] Level 1:colcon.colcon_core.package_identification:_identify(src/ThirdParty/tiago_omni_base/omni_base_robot) by extension 'ignore'
[0.293s] Level 1:colcon.colcon_core.package_identification:_identify(src/ThirdParty/tiago_omni_base/omni_base_robot) by extension 'ignore_ament_install'
[0.293s] Level 1:colcon.colcon_core.package_identification:_identify(src/ThirdParty/tiago_omni_base/omni_base_robot) by extensions ['colcon_pkg']
[0.293s] Level 1:colcon.colcon_core.package_identification:_identify(src/ThirdParty/tiago_omni_base/omni_base_robot) by extension 'colcon_pkg'
[0.293s] Level 1:colcon.colcon_core.package_identification:_identify(src/ThirdParty/tiago_omni_base/omni_base_robot) by extensions ['colcon_meta']
[0.293s] Level 1:colcon.colcon_core.package_identification:_identify(src/ThirdParty/tiago_omni_base/omni_base_robot) by extension 'colcon_meta'
[0.293s] Level 1:colcon.colcon_core.package_identification:_identify(src/ThirdParty/tiago_omni_base/omni_base_robot) by extensions ['ros']
[0.293s] Level 1:colcon.colcon_core.package_identification:_identify(src/ThirdParty/tiago_omni_base/omni_base_robot) by extension 'ros'
[0.293s] DEBUG:colcon.colcon_core.package_identification:Package 'src/ThirdParty/tiago_omni_base/omni_base_robot' with type 'ros.ament_cmake' and name 'omni_base_robot'
[0.294s] Level 1:colcon.colcon_core.package_identification:_identify(src/ThirdParty/tiago_robot) by extensions ['ignore', 'ignore_ament_install']
[0.294s] Level 1:colcon.colcon_core.package_identification:_identify(src/ThirdParty/tiago_robot) by extension 'ignore'
[0.294s] Level 1:colcon.colcon_core.package_identification:_identify(src/ThirdParty/tiago_robot) by extension 'ignore_ament_install'
[0.294s] Level 1:colcon.colcon_core.package_identification:_identify(src/ThirdParty/tiago_robot) by extensions ['colcon_pkg']
[0.294s] Level 1:colcon.colcon_core.package_identification:_identify(src/ThirdParty/tiago_robot) by extension 'colcon_pkg'
[0.294s] Level 1:colcon.colcon_core.package_identification:_identify(src/ThirdParty/tiago_robot) by extensions ['colcon_meta']
[0.294s] Level 1:colcon.colcon_core.package_identification:_identify(src/ThirdParty/tiago_robot) by extension 'colcon_meta'
[0.294s] Level 1:colcon.colcon_core.package_identification:_identify(src/ThirdParty/tiago_robot) by extensions ['ros']
[0.294s] Level 1:colcon.colcon_core.package_identification:_identify(src/ThirdParty/tiago_robot) by extension 'ros'
[0.294s] Level 1:colcon.colcon_core.package_identification:_identify(src/ThirdParty/tiago_robot) by extensions ['cmake', 'python']
[0.294s] Level 1:colcon.colcon_core.package_identification:_identify(src/ThirdParty/tiago_robot) by extension 'cmake'
[0.294s] Level 1:colcon.colcon_core.package_identification:_identify(src/ThirdParty/tiago_robot) by extension 'python'
[0.294s] Level 1:colcon.colcon_core.package_identification:_identify(src/ThirdParty/tiago_robot) by extensions ['python_setup_py']
[0.294s] Level 1:colcon.colcon_core.package_identification:_identify(src/ThirdParty/tiago_robot) by extension 'python_setup_py'
[0.294s] Level 1:colcon.colcon_core.package_identification:_identify(src/ThirdParty/tiago_robot/tiago_bringup) by extensions ['ignore', 'ignore_ament_install']
[0.295s] Level 1:colcon.colcon_core.package_identification:_identify(src/ThirdParty/tiago_robot/tiago_bringup) by extension 'ignore'
[0.295s] Level 1:colcon.colcon_core.package_identification:_identify(src/ThirdParty/tiago_robot/tiago_bringup) by extension 'ignore_ament_install'
[0.295s] Level 1:colcon.colcon_core.package_identification:_identify(src/ThirdParty/tiago_robot/tiago_bringup) by extensions ['colcon_pkg']
[0.295s] Level 1:colcon.colcon_core.package_identification:_identify(src/ThirdParty/tiago_robot/tiago_bringup) by extension 'colcon_pkg'
[0.295s] Level 1:colcon.colcon_core.package_identification:_identify(src/ThirdParty/tiago_robot/tiago_bringup) by extensions ['colcon_meta']
[0.295s] Level 1:colcon.colcon_core.package_identification:_identify(src/ThirdParty/tiago_robot/tiago_bringup) by extension 'colcon_meta'
[0.295s] Level 1:colcon.colcon_core.package_identification:_identify(src/ThirdParty/tiago_robot/tiago_bringup) by extensions ['ros']
[0.295s] Level 1:colcon.colcon_core.package_identification:_identify(src/ThirdParty/tiago_robot/tiago_bringup) by extension 'ros'
[0.296s] DEBUG:colcon.colcon_core.package_identification:Package 'src/ThirdParty/tiago_robot/tiago_bringup' with type 'ros.ament_cmake' and name 'tiago_bringup'
[0.296s] Level 1:colcon.colcon_core.package_identification:_identify(src/ThirdParty/tiago_robot/tiago_controller_configuration) by extensions ['ignore', 'ignore_ament_install']
[0.296s] Level 1:colcon.colcon_core.package_identification:_identify(src/ThirdParty/tiago_robot/tiago_controller_configuration) by extension 'ignore'
[0.296s] Level 1:colcon.colcon_core.package_identification:_identify(src/ThirdParty/tiago_robot/tiago_controller_configuration) by extension 'ignore_ament_install'
[0.296s] Level 1:colcon.colcon_core.package_identification:_identify(src/ThirdParty/tiago_robot/tiago_controller_configuration) by extensions ['colcon_pkg']
[0.296s] Level 1:colcon.colcon_core.package_identification:_identify(src/ThirdParty/tiago_robot/tiago_controller_configuration) by extension 'colcon_pkg'
[0.296s] Level 1:colcon.colcon_core.package_identification:_identify(src/ThirdParty/tiago_robot/tiago_controller_configuration) by extensions ['colcon_meta']
[0.296s] Level 1:colcon.colcon_core.package_identification:_identify(src/ThirdParty/tiago_robot/tiago_controller_configuration) by extension 'colcon_meta'
[0.296s] Level 1:colcon.colcon_core.package_identification:_identify(src/ThirdParty/tiago_robot/tiago_controller_configuration) by extensions ['ros']
[0.296s] Level 1:colcon.colcon_core.package_identification:_identify(src/ThirdParty/tiago_robot/tiago_controller_configuration) by extension 'ros'
[0.298s] DEBUG:colcon.colcon_core.package_identification:Package 'src/ThirdParty/tiago_robot/tiago_controller_configuration' with type 'ros.ament_cmake' and name 'tiago_controller_configuration'
[0.298s] Level 1:colcon.colcon_core.package_identification:_identify(src/ThirdParty/tiago_robot/tiago_description) by extensions ['ignore', 'ignore_ament_install']
[0.298s] Level 1:colcon.colcon_core.package_identification:_identify(src/ThirdParty/tiago_robot/tiago_description) by extension 'ignore'
[0.298s] Level 1:colcon.colcon_core.package_identification:_identify(src/ThirdParty/tiago_robot/tiago_description) by extension 'ignore_ament_install'
[0.298s] Level 1:colcon.colcon_core.package_identification:_identify(src/ThirdParty/tiago_robot/tiago_description) by extensions ['colcon_pkg']
[0.298s] Level 1:colcon.colcon_core.package_identification:_identify(src/ThirdParty/tiago_robot/tiago_description) by extension 'colcon_pkg'
[0.298s] Level 1:colcon.colcon_core.package_identification:_identify(src/ThirdParty/tiago_robot/tiago_description) by extensions ['colcon_meta']
[0.298s] Level 1:colcon.colcon_core.package_identification:_identify(src/ThirdParty/tiago_robot/tiago_description) by extension 'colcon_meta'
[0.298s] Level 1:colcon.colcon_core.package_identification:_identify(src/ThirdParty/tiago_robot/tiago_description) by extensions ['ros']
[0.298s] Level 1:colcon.colcon_core.package_identification:_identify(src/ThirdParty/tiago_robot/tiago_description) by extension 'ros'
[0.300s] DEBUG:colcon.colcon_core.package_identification:Package 'src/ThirdParty/tiago_robot/tiago_description' with type 'ros.ament_cmake' and name 'tiago_description'
[0.300s] Level 1:colcon.colcon_core.package_identification:_identify(src/ThirdParty/tiago_robot/tiago_robot) by extensions ['ignore', 'ignore_ament_install']
[0.300s] Level 1:colcon.colcon_core.package_identification:_identify(src/ThirdParty/tiago_robot/tiago_robot) by extension 'ignore'
[0.300s] Level 1:colcon.colcon_core.package_identification:_identify(src/ThirdParty/tiago_robot/tiago_robot) by extension 'ignore_ament_install'
[0.300s] Level 1:colcon.colcon_core.package_identification:_identify(src/ThirdParty/tiago_robot/tiago_robot) by extensions ['colcon_pkg']
[0.300s] Level 1:colcon.colcon_core.package_identification:_identify(src/ThirdParty/tiago_robot/tiago_robot) by extension 'colcon_pkg'
[0.300s] Level 1:colcon.colcon_core.package_identification:_identify(src/ThirdParty/tiago_robot/tiago_robot) by extensions ['colcon_meta']
[0.300s] Level 1:colcon.colcon_core.package_identification:_identify(src/ThirdParty/tiago_robot/tiago_robot) by extension 'colcon_meta'
[0.300s] Level 1:colcon.colcon_core.package_identification:_identify(src/ThirdParty/tiago_robot/tiago_robot) by extensions ['ros']
[0.300s] Level 1:colcon.colcon_core.package_identification:_identify(src/ThirdParty/tiago_robot/tiago_robot) by extension 'ros'
[0.301s] DEBUG:colcon.colcon_core.package_identification:Package 'src/ThirdParty/tiago_robot/tiago_robot' with type 'ros.ament_cmake' and name 'tiago_robot'
[0.301s] Level 1:colcon.colcon_core.package_identification:_identify(src/ThirdParty/tiago_simulation) by extensions ['ignore', 'ignore_ament_install']
[0.301s] Level 1:colcon.colcon_core.package_identification:_identify(src/ThirdParty/tiago_simulation) by extension 'ignore'
[0.301s] Level 1:colcon.colcon_core.package_identification:_identify(src/ThirdParty/tiago_simulation) by extension 'ignore_ament_install'
[0.301s] Level 1:colcon.colcon_core.package_identification:_identify(src/ThirdParty/tiago_simulation) by extensions ['colcon_pkg']
[0.302s] Level 1:colcon.colcon_core.package_identification:_identify(src/ThirdParty/tiago_simulation) by extension 'colcon_pkg'
[0.302s] Level 1:colcon.colcon_core.package_identification:_identify(src/ThirdParty/tiago_simulation) by extensions ['colcon_meta']
[0.302s] Level 1:colcon.colcon_core.package_identification:_identify(src/ThirdParty/tiago_simulation) by extension 'colcon_meta'
[0.302s] Level 1:colcon.colcon_core.package_identification:_identify(src/ThirdParty/tiago_simulation) by extensions ['ros']
[0.302s] Level 1:colcon.colcon_core.package_identification:_identify(src/ThirdParty/tiago_simulation) by extension 'ros'
[0.302s] Level 1:colcon.colcon_core.package_identification:_identify(src/ThirdParty/tiago_simulation) by extensions ['cmake', 'python']
[0.302s] Level 1:colcon.colcon_core.package_identification:_identify(src/ThirdParty/tiago_simulation) by extension 'cmake'
[0.302s] Level 1:colcon.colcon_core.package_identification:_identify(src/ThirdParty/tiago_simulation) by extension 'python'
[0.302s] Level 1:colcon.colcon_core.package_identification:_identify(src/ThirdParty/tiago_simulation) by extensions ['python_setup_py']
[0.302s] Level 1:colcon.colcon_core.package_identification:_identify(src/ThirdParty/tiago_simulation) by extension 'python_setup_py'
[0.302s] Level 1:colcon.colcon_core.package_identification:_identify(src/ThirdParty/tiago_simulation/doc) by extensions ['ignore', 'ignore_ament_install']
[0.302s] Level 1:colcon.colcon_core.package_identification:_identify(src/ThirdParty/tiago_simulation/doc) by extension 'ignore'
[0.302s] Level 1:colcon.colcon_core.package_identification:_identify(src/ThirdParty/tiago_simulation/doc) by extension 'ignore_ament_install'
[0.302s] Level 1:colcon.colcon_core.package_identification:_identify(src/ThirdParty/tiago_simulation/doc) by extensions ['colcon_pkg']
[0.302s] Level 1:colcon.colcon_core.package_identification:_identify(src/ThirdParty/tiago_simulation/doc) by extension 'colcon_pkg'
[0.302s] Level 1:colcon.colcon_core.package_identification:_identify(src/ThirdParty/tiago_simulation/doc) by extensions ['colcon_meta']
[0.302s] Level 1:colcon.colcon_core.package_identification:_identify(src/ThirdParty/tiago_simulation/doc) by extension 'colcon_meta'
[0.303s] Level 1:colcon.colcon_core.package_identification:_identify(src/ThirdParty/tiago_simulation/doc) by extensions ['ros']
[0.303s] Level 1:colcon.colcon_core.package_identification:_identify(src/ThirdParty/tiago_simulation/doc) by extension 'ros'
[0.303s] Level 1:colcon.colcon_core.package_identification:_identify(src/ThirdParty/tiago_simulation/doc) by extensions ['cmake', 'python']
[0.303s] Level 1:colcon.colcon_core.package_identification:_identify(src/ThirdParty/tiago_simulation/doc) by extension 'cmake'
[0.303s] Level 1:colcon.colcon_core.package_identification:_identify(src/ThirdParty/tiago_simulation/doc) by extension 'python'
[0.303s] Level 1:colcon.colcon_core.package_identification:_identify(src/ThirdParty/tiago_simulation/doc) by extensions ['python_setup_py']
[0.303s] Level 1:colcon.colcon_core.package_identification:_identify(src/ThirdParty/tiago_simulation/doc) by extension 'python_setup_py'
[0.303s] Level 1:colcon.colcon_core.package_identification:_identify(src/ThirdParty/tiago_simulation/doc/media) by extensions ['ignore', 'ignore_ament_install']
[0.303s] Level 1:colcon.colcon_core.package_identification:_identify(src/ThirdParty/tiago_simulation/doc/media) by extension 'ignore'
[0.303s] Level 1:colcon.colcon_core.package_identification:_identify(src/ThirdParty/tiago_simulation/doc/media) by extension 'ignore_ament_install'
[0.303s] Level 1:colcon.colcon_core.package_identification:_identify(src/ThirdParty/tiago_simulation/doc/media) by extensions ['colcon_pkg']
[0.303s] Level 1:colcon.colcon_core.package_identification:_identify(src/ThirdParty/tiago_simulation/doc/media) by extension 'colcon_pkg'
[0.303s] Level 1:colcon.colcon_core.package_identification:_identify(src/ThirdParty/tiago_simulation/doc/media) by extensions ['colcon_meta']
[0.303s] Level 1:colcon.colcon_core.package_identification:_identify(src/ThirdParty/tiago_simulation/doc/media) by extension 'colcon_meta'
[0.303s] Level 1:colcon.colcon_core.package_identification:_identify(src/ThirdParty/tiago_simulation/doc/media) by extensions ['ros']
[0.303s] Level 1:colcon.colcon_core.package_identification:_identify(src/ThirdParty/tiago_simulation/doc/media) by extension 'ros'
[0.303s] Level 1:colcon.colcon_core.package_identification:_identify(src/ThirdParty/tiago_simulation/doc/media) by extensions ['cmake', 'python']
[0.303s] Level 1:colcon.colcon_core.package_identification:_identify(src/ThirdParty/tiago_simulation/doc/media) by extension 'cmake'
[0.303s] Level 1:colcon.colcon_core.package_identification:_identify(src/ThirdParty/tiago_simulation/doc/media) by extension 'python'
[0.303s] Level 1:colcon.colcon_core.package_identification:_identify(src/ThirdParty/tiago_simulation/doc/media) by extensions ['python_setup_py']
[0.303s] Level 1:colcon.colcon_core.package_identification:_identify(src/ThirdParty/tiago_simulation/doc/media) by extension 'python_setup_py'
[0.304s] Level 1:colcon.colcon_core.package_identification:_identify(src/ThirdParty/tiago_simulation/tiago_gazebo) by extensions ['ignore', 'ignore_ament_install']
[0.304s] Level 1:colcon.colcon_core.package_identification:_identify(src/ThirdParty/tiago_simulation/tiago_gazebo) by extension 'ignore'
[0.304s] Level 1:colcon.colcon_core.package_identification:_identify(src/ThirdParty/tiago_simulation/tiago_gazebo) by extension 'ignore_ament_install'
[0.304s] Level 1:colcon.colcon_core.package_identification:_identify(src/ThirdParty/tiago_simulation/tiago_gazebo) by extensions ['colcon_pkg']
[0.304s] Level 1:colcon.colcon_core.package_identification:_identify(src/ThirdParty/tiago_simulation/tiago_gazebo) by extension 'colcon_pkg'
[0.304s] Level 1:colcon.colcon_core.package_identification:_identify(src/ThirdParty/tiago_simulation/tiago_gazebo) by extensions ['colcon_meta']
[0.304s] Level 1:colcon.colcon_core.package_identification:_identify(src/ThirdParty/tiago_simulation/tiago_gazebo) by extension 'colcon_meta'
[0.304s] Level 1:colcon.colcon_core.package_identification:_identify(src/ThirdParty/tiago_simulation/tiago_gazebo) by extensions ['ros']
[0.304s] Level 1:colcon.colcon_core.package_identification:_identify(src/ThirdParty/tiago_simulation/tiago_gazebo) by extension 'ros'
[0.305s] DEBUG:colcon.colcon_core.package_identification:Package 'src/ThirdParty/tiago_simulation/tiago_gazebo' with type 'ros.ament_cmake' and name 'tiago_gazebo'
[0.305s] Level 1:colcon.colcon_core.package_identification:_identify(src/ThirdParty/tiago_simulation/tiago_multi) by extensions ['ignore', 'ignore_ament_install']
[0.305s] Level 1:colcon.colcon_core.package_identification:_identify(src/ThirdParty/tiago_simulation/tiago_multi) by extension 'ignore'
[0.305s] Level 1:colcon.colcon_core.package_identification:_identify(src/ThirdParty/tiago_simulation/tiago_multi) ignored
[0.305s] Level 1:colcon.colcon_core.package_identification:_identify(src/ThirdParty/tiago_simulation/tiago_simulation) by extensions ['ignore', 'ignore_ament_install']
[0.305s] Level 1:colcon.colcon_core.package_identification:_identify(src/ThirdParty/tiago_simulation/tiago_simulation) by extension 'ignore'
[0.305s] Level 1:colcon.colcon_core.package_identification:_identify(src/ThirdParty/tiago_simulation/tiago_simulation) by extension 'ignore_ament_install'
[0.305s] Level 1:colcon.colcon_core.package_identification:_identify(src/ThirdParty/tiago_simulation/tiago_simulation) by extensions ['colcon_pkg']
[0.305s] Level 1:colcon.colcon_core.package_identification:_identify(src/ThirdParty/tiago_simulation/tiago_simulation) by extension 'colcon_pkg'
[0.305s] Level 1:colcon.colcon_core.package_identification:_identify(src/ThirdParty/tiago_simulation/tiago_simulation) by extensions ['colcon_meta']
[0.305s] Level 1:colcon.colcon_core.package_identification:_identify(src/ThirdParty/tiago_simulation/tiago_simulation) by extension 'colcon_meta'
[0.305s] Level 1:colcon.colcon_core.package_identification:_identify(src/ThirdParty/tiago_simulation/tiago_simulation) by extensions ['ros']
[0.305s] Level 1:colcon.colcon_core.package_identification:_identify(src/ThirdParty/tiago_simulation/tiago_simulation) by extension 'ros'
[0.306s] DEBUG:colcon.colcon_core.package_identification:Package 'src/ThirdParty/tiago_simulation/tiago_simulation' with type 'ros.ament_cmake' and name 'tiago_simulation'
[0.306s] Level 1:colcon.colcon_core.package_identification:_identify(src/ThirdParty/yaets) by extensions ['ignore', 'ignore_ament_install']
[0.306s] Level 1:colcon.colcon_core.package_identification:_identify(src/ThirdParty/yaets) by extension 'ignore'
[0.306s] Level 1:colcon.colcon_core.package_identification:_identify(src/ThirdParty/yaets) by extension 'ignore_ament_install'
[0.306s] Level 1:colcon.colcon_core.package_identification:_identify(src/ThirdParty/yaets) by extensions ['colcon_pkg']
[0.306s] Level 1:colcon.colcon_core.package_identification:_identify(src/ThirdParty/yaets) by extension 'colcon_pkg'
[0.306s] Level 1:colcon.colcon_core.package_identification:_identify(src/ThirdParty/yaets) by extensions ['colcon_meta']
[0.306s] Level 1:colcon.colcon_core.package_identification:_identify(src/ThirdParty/yaets) by extension 'colcon_meta'
[0.306s] Level 1:colcon.colcon_core.package_identification:_identify(src/ThirdParty/yaets) by extensions ['ros']
[0.306s] Level 1:colcon.colcon_core.package_identification:_identify(src/ThirdParty/yaets) by extension 'ros'
[0.307s] DEBUG:colcon.colcon_core.package_identification:Package 'src/ThirdParty/yaets' with type 'ros.ament_cmake' and name 'yaets'
[0.307s] Level 1:colcon.colcon_core.package_identification:_identify(src/book_ros2) by extensions ['ignore', 'ignore_ament_install']
[0.308s] Level 1:colcon.colcon_core.package_identification:_identify(src/book_ros2) by extension 'ignore'
[0.308s] Level 1:colcon.colcon_core.package_identification:_identify(src/book_ros2) by extension 'ignore_ament_install'
[0.308s] Level 1:colcon.colcon_core.package_identification:_identify(src/book_ros2) by extensions ['colcon_pkg']
[0.308s] Level 1:colcon.colcon_core.package_identification:_identify(src/book_ros2) by extension 'colcon_pkg'
[0.308s] Level 1:colcon.colcon_core.package_identification:_identify(src/book_ros2) by extensions ['colcon_meta']
[0.308s] Level 1:colcon.colcon_core.package_identification:_identify(src/book_ros2) by extension 'colcon_meta'
[0.308s] Level 1:colcon.colcon_core.package_identification:_identify(src/book_ros2) by extensions ['ros']
[0.308s] Level 1:colcon.colcon_core.package_identification:_identify(src/book_ros2) by extension 'ros'
[0.308s] Level 1:colcon.colcon_core.package_identification:_identify(src/book_ros2) by extensions ['cmake', 'python']
[0.308s] Level 1:colcon.colcon_core.package_identification:_identify(src/book_ros2) by extension 'cmake'
[0.308s] Level 1:colcon.colcon_core.package_identification:_identify(src/book_ros2) by extension 'python'
[0.308s] Level 1:colcon.colcon_core.package_identification:_identify(src/book_ros2) by extensions ['python_setup_py']
[0.308s] Level 1:colcon.colcon_core.package_identification:_identify(src/book_ros2) by extension 'python_setup_py'
[0.309s] Level 1:colcon.colcon_core.package_identification:_identify(src/book_ros2/br2_basics) by extensions ['ignore', 'ignore_ament_install']
[0.309s] Level 1:colcon.colcon_core.package_identification:_identify(src/book_ros2/br2_basics) by extension 'ignore'
[0.309s] Level 1:colcon.colcon_core.package_identification:_identify(src/book_ros2/br2_basics) by extension 'ignore_ament_install'
[0.309s] Level 1:colcon.colcon_core.package_identification:_identify(src/book_ros2/br2_basics) by extensions ['colcon_pkg']
[0.309s] Level 1:colcon.colcon_core.package_identification:_identify(src/book_ros2/br2_basics) by extension 'colcon_pkg'
[0.309s] Level 1:colcon.colcon_core.package_identification:_identify(src/book_ros2/br2_basics) by extensions ['colcon_meta']
[0.309s] Level 1:colcon.colcon_core.package_identification:_identify(src/book_ros2/br2_basics) by extension 'colcon_meta'
[0.309s] Level 1:colcon.colcon_core.package_identification:_identify(src/book_ros2/br2_basics) by extensions ['ros']
[0.309s] Level 1:colcon.colcon_core.package_identification:_identify(src/book_ros2/br2_basics) by extension 'ros'
[0.310s] DEBUG:colcon.colcon_core.package_identification:Package 'src/book_ros2/br2_basics' with type 'ros.ament_cmake' and name 'br2_basics'
[0.310s] Level 1:colcon.colcon_core.package_identification:_identify(src/book_ros2/br2_bt_bumpgo) by extensions ['ignore', 'ignore_ament_install']
[0.310s] Level 1:colcon.colcon_core.package_identification:_identify(src/book_ros2/br2_bt_bumpgo) by extension 'ignore'
[0.310s] Level 1:colcon.colcon_core.package_identification:_identify(src/book_ros2/br2_bt_bumpgo) by extension 'ignore_ament_install'
[0.310s] Level 1:colcon.colcon_core.package_identification:_identify(src/book_ros2/br2_bt_bumpgo) by extensions ['colcon_pkg']
[0.310s] Level 1:colcon.colcon_core.package_identification:_identify(src/book_ros2/br2_bt_bumpgo) by extension 'colcon_pkg'
[0.310s] Level 1:colcon.colcon_core.package_identification:_identify(src/book_ros2/br2_bt_bumpgo) by extensions ['colcon_meta']
[0.310s] Level 1:colcon.colcon_core.package_identification:_identify(src/book_ros2/br2_bt_bumpgo) by extension 'colcon_meta'
[0.310s] Level 1:colcon.colcon_core.package_identification:_identify(src/book_ros2/br2_bt_bumpgo) by extensions ['ros']
[0.310s] Level 1:colcon.colcon_core.package_identification:_identify(src/book_ros2/br2_bt_bumpgo) by extension 'ros'
[0.311s] DEBUG:colcon.colcon_core.package_identification:Package 'src/book_ros2/br2_bt_bumpgo' with type 'ros.ament_cmake' and name 'br2_bt_bumpgo'
[0.311s] Level 1:colcon.colcon_core.package_identification:_identify(src/book_ros2/br2_bt_patrolling) by extensions ['ignore', 'ignore_ament_install']
[0.311s] Level 1:colcon.colcon_core.package_identification:_identify(src/book_ros2/br2_bt_patrolling) by extension 'ignore'
[0.311s] Level 1:colcon.colcon_core.package_identification:_identify(src/book_ros2/br2_bt_patrolling) by extension 'ignore_ament_install'
[0.311s] Level 1:colcon.colcon_core.package_identification:_identify(src/book_ros2/br2_bt_patrolling) by extensions ['colcon_pkg']
[0.311s] Level 1:colcon.colcon_core.package_identification:_identify(src/book_ros2/br2_bt_patrolling) by extension 'colcon_pkg'
[0.311s] Level 1:colcon.colcon_core.package_identification:_identify(src/book_ros2/br2_bt_patrolling) by extensions ['colcon_meta']
[0.311s] Level 1:colcon.colcon_core.package_identification:_identify(src/book_ros2/br2_bt_patrolling) by extension 'colcon_meta'
[0.311s] Level 1:colcon.colcon_core.package_identification:_identify(src/book_ros2/br2_bt_patrolling) by extensions ['ros']
[0.311s] Level 1:colcon.colcon_core.package_identification:_identify(src/book_ros2/br2_bt_patrolling) by extension 'ros'
[0.312s] DEBUG:colcon.colcon_core.package_identification:Package 'src/book_ros2/br2_bt_patrolling' with type 'ros.ament_cmake' and name 'br2_bt_patrolling'
[0.312s] Level 1:colcon.colcon_core.package_identification:_identify(src/book_ros2/br2_deep_ros) by extensions ['ignore', 'ignore_ament_install']
[0.312s] Level 1:colcon.colcon_core.package_identification:_identify(src/book_ros2/br2_deep_ros) by extension 'ignore'
[0.312s] Level 1:colcon.colcon_core.package_identification:_identify(src/book_ros2/br2_deep_ros) by extension 'ignore_ament_install'
[0.313s] Level 1:colcon.colcon_core.package_identification:_identify(src/book_ros2/br2_deep_ros) by extensions ['colcon_pkg']
[0.313s] Level 1:colcon.colcon_core.package_identification:_identify(src/book_ros2/br2_deep_ros) by extension 'colcon_pkg'
[0.313s] Level 1:colcon.colcon_core.package_identification:_identify(src/book_ros2/br2_deep_ros) by extensions ['colcon_meta']
[0.313s] Level 1:colcon.colcon_core.package_identification:_identify(src/book_ros2/br2_deep_ros) by extension 'colcon_meta'
[0.313s] Level 1:colcon.colcon_core.package_identification:_identify(src/book_ros2/br2_deep_ros) by extensions ['ros']
[0.313s] Level 1:colcon.colcon_core.package_identification:_identify(src/book_ros2/br2_deep_ros) by extension 'ros'
[0.313s] DEBUG:colcon.colcon_core.package_identification:Package 'src/book_ros2/br2_deep_ros' with type 'ros.ament_cmake' and name 'br2_deep_ros'
[0.313s] Level 1:colcon.colcon_core.package_identification:_identify(src/book_ros2/br2_fsm_bumpgo_cpp) by extensions ['ignore', 'ignore_ament_install']
[0.314s] Level 1:colcon.colcon_core.package_identification:_identify(src/book_ros2/br2_fsm_bumpgo_cpp) by extension 'ignore'
[0.314s] Level 1:colcon.colcon_core.package_identification:_identify(src/book_ros2/br2_fsm_bumpgo_cpp) by extension 'ignore_ament_install'
[0.314s] Level 1:colcon.colcon_core.package_identification:_identify(src/book_ros2/br2_fsm_bumpgo_cpp) by extensions ['colcon_pkg']
[0.314s] Level 1:colcon.colcon_core.package_identification:_identify(src/book_ros2/br2_fsm_bumpgo_cpp) by extension 'colcon_pkg'
[0.314s] Level 1:colcon.colcon_core.package_identification:_identify(src/book_ros2/br2_fsm_bumpgo_cpp) by extensions ['colcon_meta']
[0.314s] Level 1:colcon.colcon_core.package_identification:_identify(src/book_ros2/br2_fsm_bumpgo_cpp) by extension 'colcon_meta'
[0.314s] Level 1:colcon.colcon_core.package_identification:_identify(src/book_ros2/br2_fsm_bumpgo_cpp) by extensions ['ros']
[0.314s] Level 1:colcon.colcon_core.package_identification:_identify(src/book_ros2/br2_fsm_bumpgo_cpp) by extension 'ros'
[0.314s] DEBUG:colcon.colcon_core.package_identification:Package 'src/book_ros2/br2_fsm_bumpgo_cpp' with type 'ros.ament_cmake' and name 'br2_fsm_bumpgo_cpp'
[0.315s] Level 1:colcon.colcon_core.package_identification:_identify(src/book_ros2/br2_fsm_bumpgo_py) by extensions ['ignore', 'ignore_ament_install']
[0.315s] Level 1:colcon.colcon_core.package_identification:_identify(src/book_ros2/br2_fsm_bumpgo_py) by extension 'ignore'
[0.315s] Level 1:colcon.colcon_core.package_identification:_identify(src/book_ros2/br2_fsm_bumpgo_py) by extension 'ignore_ament_install'
[0.315s] Level 1:colcon.colcon_core.package_identification:_identify(src/book_ros2/br2_fsm_bumpgo_py) by extensions ['colcon_pkg']
[0.315s] Level 1:colcon.colcon_core.package_identification:_identify(src/book_ros2/br2_fsm_bumpgo_py) by extension 'colcon_pkg'
[0.315s] Level 1:colcon.colcon_core.package_identification:_identify(src/book_ros2/br2_fsm_bumpgo_py) by extensions ['colcon_meta']
[0.315s] Level 1:colcon.colcon_core.package_identification:_identify(src/book_ros2/br2_fsm_bumpgo_py) by extension 'colcon_meta'
[0.315s] Level 1:colcon.colcon_core.package_identification:_identify(src/book_ros2/br2_fsm_bumpgo_py) by extensions ['ros']
[0.315s] Level 1:colcon.colcon_core.package_identification:_identify(src/book_ros2/br2_fsm_bumpgo_py) by extension 'ros'
[0.326s] DEBUG:colcon.colcon_core.package_identification:Package 'src/book_ros2/br2_fsm_bumpgo_py' with type 'ros.ament_python' and name 'br2_fsm_bumpgo_py'
[0.326s] Level 1:colcon.colcon_core.package_identification:_identify(src/book_ros2/br2_navigation) by extensions ['ignore', 'ignore_ament_install']
[0.326s] Level 1:colcon.colcon_core.package_identification:_identify(src/book_ros2/br2_navigation) by extension 'ignore'
[0.327s] Level 1:colcon.colcon_core.package_identification:_identify(src/book_ros2/br2_navigation) by extension 'ignore_ament_install'
[0.327s] Level 1:colcon.colcon_core.package_identification:_identify(src/book_ros2/br2_navigation) by extensions ['colcon_pkg']
[0.327s] Level 1:colcon.colcon_core.package_identification:_identify(src/book_ros2/br2_navigation) by extension 'colcon_pkg'
[0.327s] Level 1:colcon.colcon_core.package_identification:_identify(src/book_ros2/br2_navigation) by extensions ['colcon_meta']
[0.327s] Level 1:colcon.colcon_core.package_identification:_identify(src/book_ros2/br2_navigation) by extension 'colcon_meta'
[0.327s] Level 1:colcon.colcon_core.package_identification:_identify(src/book_ros2/br2_navigation) by extensions ['ros']
[0.327s] Level 1:colcon.colcon_core.package_identification:_identify(src/book_ros2/br2_navigation) by extension 'ros'
[0.327s] DEBUG:colcon.colcon_core.package_identification:Package 'src/book_ros2/br2_navigation' with type 'ros.ament_cmake' and name 'br2_navigation'
[0.328s] Level 1:colcon.colcon_core.package_identification:_identify(src/book_ros2/br2_tf2_detector) by extensions ['ignore', 'ignore_ament_install']
[0.328s] Level 1:colcon.colcon_core.package_identification:_identify(src/book_ros2/br2_tf2_detector) by extension 'ignore'
[0.328s] Level 1:colcon.colcon_core.package_identification:_identify(src/book_ros2/br2_tf2_detector) by extension 'ignore_ament_install'
[0.328s] Level 1:colcon.colcon_core.package_identification:_identify(src/book_ros2/br2_tf2_detector) by extensions ['colcon_pkg']
[0.328s] Level 1:colcon.colcon_core.package_identification:_identify(src/book_ros2/br2_tf2_detector) by extension 'colcon_pkg'
[0.328s] Level 1:colcon.colcon_core.package_identification:_identify(src/book_ros2/br2_tf2_detector) by extensions ['colcon_meta']
[0.328s] Level 1:colcon.colcon_core.package_identification:_identify(src/book_ros2/br2_tf2_detector) by extension 'colcon_meta'
[0.328s] Level 1:colcon.colcon_core.package_identification:_identify(src/book_ros2/br2_tf2_detector) by extensions ['ros']
[0.328s] Level 1:colcon.colcon_core.package_identification:_identify(src/book_ros2/br2_tf2_detector) by extension 'ros'
[0.329s] DEBUG:colcon.colcon_core.package_identification:Package 'src/book_ros2/br2_tf2_detector' with type 'ros.ament_cmake' and name 'br2_tf2_detector'
[0.329s] Level 1:colcon.colcon_core.package_identification:_identify(src/book_ros2/br2_tiago) by extensions ['ignore', 'ignore_ament_install']
[0.329s] Level 1:colcon.colcon_core.package_identification:_identify(src/book_ros2/br2_tiago) by extension 'ignore'
[0.329s] Level 1:colcon.colcon_core.package_identification:_identify(src/book_ros2/br2_tiago) by extension 'ignore_ament_install'
[0.329s] Level 1:colcon.colcon_core.package_identification:_identify(src/book_ros2/br2_tiago) by extensions ['colcon_pkg']
[0.329s] Level 1:colcon.colcon_core.package_identification:_identify(src/book_ros2/br2_tiago) by extension 'colcon_pkg'
[0.329s] Level 1:colcon.colcon_core.package_identification:_identify(src/book_ros2/br2_tiago) by extensions ['colcon_meta']
[0.329s] Level 1:colcon.colcon_core.package_identification:_identify(src/book_ros2/br2_tiago) by extension 'colcon_meta'
[0.329s] Level 1:colcon.colcon_core.package_identification:_identify(src/book_ros2/br2_tiago) by extensions ['ros']
[0.329s] Level 1:colcon.colcon_core.package_identification:_identify(src/book_ros2/br2_tiago) by extension 'ros'
[0.330s] DEBUG:colcon.colcon_core.package_identification:Package 'src/book_ros2/br2_tiago' with type 'ros.ament_cmake' and name 'br2_tiago'
[0.330s] Level 1:colcon.colcon_core.package_identification:_identify(src/book_ros2/br2_tracking) by extensions ['ignore', 'ignore_ament_install']
[0.330s] Level 1:colcon.colcon_core.package_identification:_identify(src/book_ros2/br2_tracking) by extension 'ignore'
[0.330s] Level 1:colcon.colcon_core.package_identification:_identify(src/book_ros2/br2_tracking) by extension 'ignore_ament_install'
[0.330s] Level 1:colcon.colcon_core.package_identification:_identify(src/book_ros2/br2_tracking) by extensions ['colcon_pkg']
[0.330s] Level 1:colcon.colcon_core.package_identification:_identify(src/book_ros2/br2_tracking) by extension 'colcon_pkg'
[0.330s] Level 1:colcon.colcon_core.package_identification:_identify(src/book_ros2/br2_tracking) by extensions ['colcon_meta']
[0.330s] Level 1:colcon.colcon_core.package_identification:_identify(src/book_ros2/br2_tracking) by extension 'colcon_meta'
[0.330s] Level 1:colcon.colcon_core.package_identification:_identify(src/book_ros2/br2_tracking) by extensions ['ros']
[0.330s] Level 1:colcon.colcon_core.package_identification:_identify(src/book_ros2/br2_tracking) by extension 'ros'
[0.331s] DEBUG:colcon.colcon_core.package_identification:Package 'src/book_ros2/br2_tracking' with type 'ros.ament_cmake' and name 'br2_tracking'
[0.331s] Level 1:colcon.colcon_core.package_identification:_identify(src/book_ros2/br2_tracking_msgs) by extensions ['ignore', 'ignore_ament_install']
[0.331s] Level 1:colcon.colcon_core.package_identification:_identify(src/book_ros2/br2_tracking_msgs) by extension 'ignore'
[0.331s] Level 1:colcon.colcon_core.package_identification:_identify(src/book_ros2/br2_tracking_msgs) by extension 'ignore_ament_install'
[0.331s] Level 1:colcon.colcon_core.package_identification:_identify(src/book_ros2/br2_tracking_msgs) by extensions ['colcon_pkg']
[0.331s] Level 1:colcon.colcon_core.package_identification:_identify(src/book_ros2/br2_tracking_msgs) by extension 'colcon_pkg'
[0.332s] Level 1:colcon.colcon_core.package_identification:_identify(src/book_ros2/br2_tracking_msgs) by extensions ['colcon_meta']
[0.332s] Level 1:colcon.colcon_core.package_identification:_identify(src/book_ros2/br2_tracking_msgs) by extension 'colcon_meta'
[0.332s] Level 1:colcon.colcon_core.package_identification:_identify(src/book_ros2/br2_tracking_msgs) by extensions ['ros']
[0.332s] Level 1:colcon.colcon_core.package_identification:_identify(src/book_ros2/br2_tracking_msgs) by extension 'ros'
[0.332s] DEBUG:colcon.colcon_core.package_identification:Package 'src/book_ros2/br2_tracking_msgs' with type 'ros.ament_cmake' and name 'br2_tracking_msgs'
[0.333s] Level 1:colcon.colcon_core.package_identification:_identify(src/book_ros2/br2_vff_avoidance) by extensions ['ignore', 'ignore_ament_install']
[0.333s] Level 1:colcon.colcon_core.package_identification:_identify(src/book_ros2/br2_vff_avoidance) by extension 'ignore'
[0.333s] Level 1:colcon.colcon_core.package_identification:_identify(src/book_ros2/br2_vff_avoidance) by extension 'ignore_ament_install'
[0.333s] Level 1:colcon.colcon_core.package_identification:_identify(src/book_ros2/br2_vff_avoidance) by extensions ['colcon_pkg']
[0.333s] Level 1:colcon.colcon_core.package_identification:_identify(src/book_ros2/br2_vff_avoidance) by extension 'colcon_pkg'
[0.333s] Level 1:colcon.colcon_core.package_identification:_identify(src/book_ros2/br2_vff_avoidance) by extensions ['colcon_meta']
[0.333s] Level 1:colcon.colcon_core.package_identification:_identify(src/book_ros2/br2_vff_avoidance) by extension 'colcon_meta'
[0.333s] Level 1:colcon.colcon_core.package_identification:_identify(src/book_ros2/br2_vff_avoidance) by extensions ['ros']
[0.333s] Level 1:colcon.colcon_core.package_identification:_identify(src/book_ros2/br2_vff_avoidance) by extension 'ros'
[0.334s] DEBUG:colcon.colcon_core.package_identification:Package 'src/book_ros2/br2_vff_avoidance' with type 'ros.ament_cmake' and name 'br2_vff_avoidance'
[0.334s] Level 1:colcon.colcon_core.package_identification:_identify(src/my_package) by extensions ['ignore', 'ignore_ament_install']
[0.334s] Level 1:colcon.colcon_core.package_identification:_identify(src/my_package) by extension 'ignore'
[0.334s] Level 1:colcon.colcon_core.package_identification:_identify(src/my_package) by extension 'ignore_ament_install'
[0.334s] Level 1:colcon.colcon_core.package_identification:_identify(src/my_package) by extensions ['colcon_pkg']
[0.334s] Level 1:colcon.colcon_core.package_identification:_identify(src/my_package) by extension 'colcon_pkg'
[0.334s] Level 1:colcon.colcon_core.package_identification:_identify(src/my_package) by extensions ['colcon_meta']
[0.334s] Level 1:colcon.colcon_core.package_identification:_identify(src/my_package) by extension 'colcon_meta'
[0.334s] Level 1:colcon.colcon_core.package_identification:_identify(src/my_package) by extensions ['ros']
[0.334s] Level 1:colcon.colcon_core.package_identification:_identify(src/my_package) by extension 'ros'
[0.335s] DEBUG:colcon.colcon_core.package_identification:Package 'src/my_package' with type 'ros.ament_cmake' and name 'my_package'
[0.335s] Level 1:colcon.colcon_core.package_discovery:discover_packages(recursive) using defaults
[0.335s] Level 1:colcon.colcon_core.package_discovery:discover_packages(ignore) discover
[0.335s] Level 1:colcon.colcon_core.package_discovery:discover_packages(ignore) using defaults
[0.335s] Level 1:colcon.colcon_core.package_discovery:discover_packages(path) discover
[0.335s] Level 1:colcon.colcon_core.package_discovery:discover_packages(path) using defaults
[0.371s] Level 1:colcon.colcon_core.package_discovery:discover_packages(prefix_path) check parameters
[0.371s] Level 1:colcon.colcon_core.package_discovery:discover_packages(prefix_path) discover
[0.374s] DEBUG:colcon.colcon_installed_package_information.package_discovery:Found 437 installed packages in /opt/ros/jazzy
[0.375s] Level 1:colcon.colcon_core.package_discovery:discover_packages(prefix_path) using defaults
[0.425s] Level 5:colcon.colcon_core.verb:set package 'behaviortree_cpp_v3' build argument 'cmake_args' from command line to 'None'
[0.425s] Level 5:colcon.colcon_core.verb:set package 'behaviortree_cpp_v3' build argument 'cmake_target' from command line to 'None'
[0.425s] Level 5:colcon.colcon_core.verb:set package 'behaviortree_cpp_v3' build argument 'cmake_target_skip_unavailable' from command line to 'False'
[0.425s] Level 5:colcon.colcon_core.verb:set package 'behaviortree_cpp_v3' build argument 'cmake_clean_cache' from command line to 'False'
[0.425s] Level 5:colcon.colcon_core.verb:set package 'behaviortree_cpp_v3' build argument 'cmake_clean_first' from command line to 'False'
[0.425s] Level 5:colcon.colcon_core.verb:set package 'behaviortree_cpp_v3' build argument 'cmake_force_configure' from command line to 'False'
[0.425s] Level 5:colcon.colcon_core.verb:set package 'behaviortree_cpp_v3' build argument 'ament_cmake_args' from command line to 'None'
[0.425s] Level 5:colcon.colcon_core.verb:set package 'behaviortree_cpp_v3' build argument 'catkin_cmake_args' from command line to 'None'
[0.425s] Level 5:colcon.colcon_core.verb:set package 'behaviortree_cpp_v3' build argument 'catkin_skip_building_tests' from command line to 'False'
[0.426s] DEBUG:colcon.colcon_core.verb:Building package 'behaviortree_cpp_v3' with the following arguments: {'ament_cmake_args': None, 'build_base': '/home/edmund-munene/Documents/Programming-language-basics/Linux/Robotics/AConciseIntroductiontoRobotProgrammingwithROS2/bookros2_ws/build/behaviortree_cpp_v3', 'catkin_cmake_args': None, 'catkin_skip_building_tests': False, 'cmake_args': None, 'cmake_clean_cache': False, 'cmake_clean_first': False, 'cmake_force_configure': False, 'cmake_target': None, 'cmake_target_skip_unavailable': False, 'install_base': '/home/edmund-munene/Documents/Programming-language-basics/Linux/Robotics/AConciseIntroductiontoRobotProgrammingwithROS2/bookros2_ws/install/behaviortree_cpp_v3', 'merge_install': False, 'path': '/home/edmund-munene/Documents/Programming-language-basics/Linux/Robotics/AConciseIntroductiontoRobotProgrammingwithROS2/bookros2_ws/src/ThirdParty/BehaviorTree.CPP', 'symlink_install': True, 'test_result_base': None}
[0.426s] Level 5:colcon.colcon_core.verb:set package 'br2_basics' build argument 'cmake_args' from command line to 'None'
[0.426s] Level 5:colcon.colcon_core.verb:set package 'br2_basics' build argument 'cmake_target' from command line to 'None'
[0.426s] Level 5:colcon.colcon_core.verb:set package 'br2_basics' build argument 'cmake_target_skip_unavailable' from command line to 'False'
[0.426s] Level 5:colcon.colcon_core.verb:set package 'br2_basics' build argument 'cmake_clean_cache' from command line to 'False'
[0.426s] Level 5:colcon.colcon_core.verb:set package 'br2_basics' build argument 'cmake_clean_first' from command line to 'False'
[0.426s] Level 5:colcon.colcon_core.verb:set package 'br2_basics' build argument 'cmake_force_configure' from command line to 'False'
[0.426s] Level 5:colcon.colcon_core.verb:set package 'br2_basics' build argument 'ament_cmake_args' from command line to 'None'
[0.426s] Level 5:colcon.colcon_core.verb:set package 'br2_basics' build argument 'catkin_cmake_args' from command line to 'None'
[0.426s] Level 5:colcon.colcon_core.verb:set package 'br2_basics' build argument 'catkin_skip_building_tests' from command line to 'False'
[0.426s] DEBUG:colcon.colcon_core.verb:Building package 'br2_basics' with the following arguments: {'ament_cmake_args': None, 'build_base': '/home/edmund-munene/Documents/Programming-language-basics/Linux/Robotics/AConciseIntroductiontoRobotProgrammingwithROS2/bookros2_ws/build/br2_basics', 'catkin_cmake_args': None, 'catkin_skip_building_tests': False, 'cmake_args': None, 'cmake_clean_cache': False, 'cmake_clean_first': False, 'cmake_force_configure': False, 'cmake_target': None, 'cmake_target_skip_unavailable': False, 'install_base': '/home/edmund-munene/Documents/Programming-language-basics/Linux/Robotics/AConciseIntroductiontoRobotProgrammingwithROS2/bookros2_ws/install/br2_basics', 'merge_install': False, 'path': '/home/edmund-munene/Documents/Programming-language-basics/Linux/Robotics/AConciseIntroductiontoRobotProgrammingwithROS2/bookros2_ws/src/book_ros2/br2_basics', 'symlink_install': True, 'test_result_base': None}
[0.426s] Level 5:colcon.colcon_core.verb:set package 'br2_fsm_bumpgo_cpp' build argument 'cmake_args' from command line to 'None'
[0.426s] Level 5:colcon.colcon_core.verb:set package 'br2_fsm_bumpgo_cpp' build argument 'cmake_target' from command line to 'None'
[0.426s] Level 5:colcon.colcon_core.verb:set package 'br2_fsm_bumpgo_cpp' build argument 'cmake_target_skip_unavailable' from command line to 'False'
[0.426s] Level 5:colcon.colcon_core.verb:set package 'br2_fsm_bumpgo_cpp' build argument 'cmake_clean_cache' from command line to 'False'
[0.426s] Level 5:colcon.colcon_core.verb:set package 'br2_fsm_bumpgo_cpp' build argument 'cmake_clean_first' from command line to 'False'
[0.426s] Level 5:colcon.colcon_core.verb:set package 'br2_fsm_bumpgo_cpp' build argument 'cmake_force_configure' from command line to 'False'
[0.426s] Level 5:colcon.colcon_core.verb:set package 'br2_fsm_bumpgo_cpp' build argument 'ament_cmake_args' from command line to 'None'
[0.427s] Level 5:colcon.colcon_core.verb:set package 'br2_fsm_bumpgo_cpp' build argument 'catkin_cmake_args' from command line to 'None'
[0.427s] Level 5:colcon.colcon_core.verb:set package 'br2_fsm_bumpgo_cpp' build argument 'catkin_skip_building_tests' from command line to 'False'
[0.427s] DEBUG:colcon.colcon_core.verb:Building package 'br2_fsm_bumpgo_cpp' with the following arguments: {'ament_cmake_args': None, 'build_base': '/home/edmund-munene/Documents/Programming-language-basics/Linux/Robotics/AConciseIntroductiontoRobotProgrammingwithROS2/bookros2_ws/build/br2_fsm_bumpgo_cpp', 'catkin_cmake_args': None, 'catkin_skip_building_tests': False, 'cmake_args': None, 'cmake_clean_cache': False, 'cmake_clean_first': False, 'cmake_force_configure': False, 'cmake_target': None, 'cmake_target_skip_unavailable': False, 'install_base': '/home/edmund-munene/Documents/Programming-language-basics/Linux/Robotics/AConciseIntroductiontoRobotProgrammingwithROS2/bookros2_ws/install/br2_fsm_bumpgo_cpp', 'merge_install': False, 'path': '/home/edmund-munene/Documents/Programming-language-basics/Linux/Robotics/AConciseIntroductiontoRobotProgrammingwithROS2/bookros2_ws/src/book_ros2/br2_fsm_bumpgo_cpp', 'symlink_install': True, 'test_result_base': None}
[0.427s] Level 5:colcon.colcon_core.verb:set package 'br2_fsm_bumpgo_py' build argument 'cmake_args' from command line to 'None'
[0.427s] Level 5:colcon.colcon_core.verb:set package 'br2_fsm_bumpgo_py' build argument 'cmake_target' from command line to 'None'
[0.427s] Level 5:colcon.colcon_core.verb:set package 'br2_fsm_bumpgo_py' build argument 'cmake_target_skip_unavailable' from command line to 'False'
[0.427s] Level 5:colcon.colcon_core.verb:set package 'br2_fsm_bumpgo_py' build argument 'cmake_clean_cache' from command line to 'False'
[0.427s] Level 5:colcon.colcon_core.verb:set package 'br2_fsm_bumpgo_py' build argument 'cmake_clean_first' from command line to 'False'
[0.427s] Level 5:colcon.colcon_core.verb:set package 'br2_fsm_bumpgo_py' build argument 'cmake_force_configure' from command line to 'False'
[0.427s] Level 5:colcon.colcon_core.verb:set package 'br2_fsm_bumpgo_py' build argument 'ament_cmake_args' from command line to 'None'
[0.427s] Level 5:colcon.colcon_core.verb:set package 'br2_fsm_bumpgo_py' build argument 'catkin_cmake_args' from command line to 'None'
[0.427s] Level 5:colcon.colcon_core.verb:set package 'br2_fsm_bumpgo_py' build argument 'catkin_skip_building_tests' from command line to 'False'
[0.427s] DEBUG:colcon.colcon_core.verb:Building package 'br2_fsm_bumpgo_py' with the following arguments: {'ament_cmake_args': None, 'build_base': '/home/edmund-munene/Documents/Programming-language-basics/Linux/Robotics/AConciseIntroductiontoRobotProgrammingwithROS2/bookros2_ws/build/br2_fsm_bumpgo_py', 'catkin_cmake_args': None, 'catkin_skip_building_tests': False, 'cmake_args': None, 'cmake_clean_cache': False, 'cmake_clean_first': False, 'cmake_force_configure': False, 'cmake_target': None, 'cmake_target_skip_unavailable': False, 'install_base': '/home/edmund-munene/Documents/Programming-language-basics/Linux/Robotics/AConciseIntroductiontoRobotProgrammingwithROS2/bookros2_ws/install/br2_fsm_bumpgo_py', 'merge_install': False, 'path': '/home/edmund-munene/Documents/Programming-language-basics/Linux/Robotics/AConciseIntroductiontoRobotProgrammingwithROS2/bookros2_ws/src/book_ros2/br2_fsm_bumpgo_py', 'symlink_install': True, 'test_result_base': None}
[0.427s] Level 5:colcon.colcon_core.verb:set package 'br2_gazebo_worlds' build argument 'cmake_args' from command line to 'None'
[0.427s] Level 5:colcon.colcon_core.verb:set package 'br2_gazebo_worlds' build argument 'cmake_target' from command line to 'None'
[0.427s] Level 5:colcon.colcon_core.verb:set package 'br2_gazebo_worlds' build argument 'cmake_target_skip_unavailable' from command line to 'False'
[0.427s] Level 5:colcon.colcon_core.verb:set package 'br2_gazebo_worlds' build argument 'cmake_clean_cache' from command line to 'False'
[0.427s] Level 5:colcon.colcon_core.verb:set package 'br2_gazebo_worlds' build argument 'cmake_clean_first' from command line to 'False'
[0.427s] Level 5:colcon.colcon_core.verb:set package 'br2_gazebo_worlds' build argument 'cmake_force_configure' from command line to 'False'
[0.427s] Level 5:colcon.colcon_core.verb:set package 'br2_gazebo_worlds' build argument 'ament_cmake_args' from command line to 'None'
[0.427s] Level 5:colcon.colcon_core.verb:set package 'br2_gazebo_worlds' build argument 'catkin_cmake_args' from command line to 'None'
[0.427s] Level 5:colcon.colcon_core.verb:set package 'br2_gazebo_worlds' build argument 'catkin_skip_building_tests' from command line to 'False'
[0.427s] DEBUG:colcon.colcon_core.verb:Building package 'br2_gazebo_worlds' with the following arguments: {'ament_cmake_args': None, 'build_base': '/home/edmund-munene/Documents/Programming-language-basics/Linux/Robotics/AConciseIntroductiontoRobotProgrammingwithROS2/bookros2_ws/build/br2_gazebo_worlds', 'catkin_cmake_args': None, 'catkin_skip_building_tests': False, 'cmake_args': None, 'cmake_clean_cache': False, 'cmake_clean_first': False, 'cmake_force_configure': False, 'cmake_target': None, 'cmake_target_skip_unavailable': False, 'install_base': '/home/edmund-munene/Documents/Programming-language-basics/Linux/Robotics/AConciseIntroductiontoRobotProgrammingwithROS2/bookros2_ws/install/br2_gazebo_worlds', 'merge_install': False, 'path': '/home/edmund-munene/Documents/Programming-language-basics/Linux/Robotics/AConciseIntroductiontoRobotProgrammingwithROS2/bookros2_ws/src/ThirdParty/br2_gazebo_worlds', 'symlink_install': True, 'test_result_base': None}
[0.427s] Level 5:colcon.colcon_core.verb:set package 'br2_navigation' build argument 'cmake_args' from command line to 'None'
[0.427s] Level 5:colcon.colcon_core.verb:set package 'br2_navigation' build argument 'cmake_target' from command line to 'None'
[0.428s] Level 5:colcon.colcon_core.verb:set package 'br2_navigation' build argument 'cmake_target_skip_unavailable' from command line to 'False'
[0.428s] Level 5:colcon.colcon_core.verb:set package 'br2_navigation' build argument 'cmake_clean_cache' from command line to 'False'
[0.428s] Level 5:colcon.colcon_core.verb:set package 'br2_navigation' build argument 'cmake_clean_first' from command line to 'False'
[0.428s] Level 5:colcon.colcon_core.verb:set package 'br2_navigation' build argument 'cmake_force_configure' from command line to 'False'
[0.428s] Level 5:colcon.colcon_core.verb:set package 'br2_navigation' build argument 'ament_cmake_args' from command line to 'None'
[0.428s] Level 5:colcon.colcon_core.verb:set package 'br2_navigation' build argument 'catkin_cmake_args' from command line to 'None'
[0.428s] Level 5:colcon.colcon_core.verb:set package 'br2_navigation' build argument 'catkin_skip_building_tests' from command line to 'False'
[0.428s] DEBUG:colcon.colcon_core.verb:Building package 'br2_navigation' with the following arguments: {'ament_cmake_args': None, 'build_base': '/home/edmund-munene/Documents/Programming-language-basics/Linux/Robotics/AConciseIntroductiontoRobotProgrammingwithROS2/bookros2_ws/build/br2_navigation', 'catkin_cmake_args': None, 'catkin_skip_building_tests': False, 'cmake_args': None, 'cmake_clean_cache': False, 'cmake_clean_first': False, 'cmake_force_configure': False, 'cmake_target': None, 'cmake_target_skip_unavailable': False, 'install_base': '/home/edmund-munene/Documents/Programming-language-basics/Linux/Robotics/AConciseIntroductiontoRobotProgrammingwithROS2/bookros2_ws/install/br2_navigation', 'merge_install': False, 'path': '/home/edmund-munene/Documents/Programming-language-basics/Linux/Robotics/AConciseIntroductiontoRobotProgrammingwithROS2/bookros2_ws/src/book_ros2/br2_navigation', 'symlink_install': True, 'test_result_base': None}
[0.428s] Level 5:colcon.colcon_core.verb:set package 'br2_tf2_detector' build argument 'cmake_args' from command line to 'None'
[0.428s] Level 5:colcon.colcon_core.verb:set package 'br2_tf2_detector' build argument 'cmake_target' from command line to 'None'
[0.428s] Level 5:colcon.colcon_core.verb:set package 'br2_tf2_detector' build argument 'cmake_target_skip_unavailable' from command line to 'False'
[0.428s] Level 5:colcon.colcon_core.verb:set package 'br2_tf2_detector' build argument 'cmake_clean_cache' from command line to 'False'
[0.428s] Level 5:colcon.colcon_core.verb:set package 'br2_tf2_detector' build argument 'cmake_clean_first' from command line to 'False'
[0.428s] Level 5:colcon.colcon_core.verb:set package 'br2_tf2_detector' build argument 'cmake_force_configure' from command line to 'False'
[0.428s] Level 5:colcon.colcon_core.verb:set package 'br2_tf2_detector' build argument 'ament_cmake_args' from command line to 'None'
[0.428s] Level 5:colcon.colcon_core.verb:set package 'br2_tf2_detector' build argument 'catkin_cmake_args' from command line to 'None'
[0.428s] Level 5:colcon.colcon_core.verb:set package 'br2_tf2_detector' build argument 'catkin_skip_building_tests' from command line to 'False'
[0.428s] DEBUG:colcon.colcon_core.verb:Building package 'br2_tf2_detector' with the following arguments: {'ament_cmake_args': None, 'build_base': '/home/edmund-munene/Documents/Programming-language-basics/Linux/Robotics/AConciseIntroductiontoRobotProgrammingwithROS2/bookros2_ws/build/br2_tf2_detector', 'catkin_cmake_args': None, 'catkin_skip_building_tests': False, 'cmake_args': None, 'cmake_clean_cache': False, 'cmake_clean_first': False, 'cmake_force_configure': False, 'cmake_target': None, 'cmake_target_skip_unavailable': False, 'install_base': '/home/edmund-munene/Documents/Programming-language-basics/Linux/Robotics/AConciseIntroductiontoRobotProgrammingwithROS2/bookros2_ws/install/br2_tf2_detector', 'merge_install': False, 'path': '/home/edmund-munene/Documents/Programming-language-basics/Linux/Robotics/AConciseIntroductiontoRobotProgrammingwithROS2/bookros2_ws/src/book_ros2/br2_tf2_detector', 'symlink_install': True, 'test_result_base': None}
[0.428s] Level 5:colcon.colcon_core.verb:set package 'br2_tiago' build argument 'cmake_args' from command line to 'None'
[0.428s] Level 5:colcon.colcon_core.verb:set package 'br2_tiago' build argument 'cmake_target' from command line to 'None'
[0.428s] Level 5:colcon.colcon_core.verb:set package 'br2_tiago' build argument 'cmake_target_skip_unavailable' from command line to 'False'
[0.428s] Level 5:colcon.colcon_core.verb:set package 'br2_tiago' build argument 'cmake_clean_cache' from command line to 'False'
[0.428s] Level 5:colcon.colcon_core.verb:set package 'br2_tiago' build argument 'cmake_clean_first' from command line to 'False'
[0.428s] Level 5:colcon.colcon_core.verb:set package 'br2_tiago' build argument 'cmake_force_configure' from command line to 'False'
[0.428s] Level 5:colcon.colcon_core.verb:set package 'br2_tiago' build argument 'ament_cmake_args' from command line to 'None'
[0.428s] Level 5:colcon.colcon_core.verb:set package 'br2_tiago' build argument 'catkin_cmake_args' from command line to 'None'
[0.428s] Level 5:colcon.colcon_core.verb:set package 'br2_tiago' build argument 'catkin_skip_building_tests' from command line to 'False'
[0.428s] DEBUG:colcon.colcon_core.verb:Building package 'br2_tiago' with the following arguments: {'ament_cmake_args': None, 'build_base': '/home/edmund-munene/Documents/Programming-language-basics/Linux/Robotics/AConciseIntroductiontoRobotProgrammingwithROS2/bookros2_ws/build/br2_tiago', 'catkin_cmake_args': None, 'catkin_skip_building_tests': False, 'cmake_args': None, 'cmake_clean_cache': False, 'cmake_clean_first': False, 'cmake_force_configure': False, 'cmake_target': None, 'cmake_target_skip_unavailable': False, 'install_base': '/home/edmund-munene/Documents/Programming-language-basics/Linux/Robotics/AConciseIntroductiontoRobotProgrammingwithROS2/bookros2_ws/install/br2_tiago', 'merge_install': False, 'path': '/home/edmund-munene/Documents/Programming-language-basics/Linux/Robotics/AConciseIntroductiontoRobotProgrammingwithROS2/bookros2_ws/src/book_ros2/br2_tiago', 'symlink_install': True, 'test_result_base': None}
[0.429s] Level 5:colcon.colcon_core.verb:set package 'br2_tracking_msgs' build argument 'cmake_args' from command line to 'None'
[0.429s] Level 5:colcon.colcon_core.verb:set package 'br2_tracking_msgs' build argument 'cmake_target' from command line to 'None'
[0.429s] Level 5:colcon.colcon_core.verb:set package 'br2_tracking_msgs' build argument 'cmake_target_skip_unavailable' from command line to 'False'
[0.429s] Level 5:colcon.colcon_core.verb:set package 'br2_tracking_msgs' build argument 'cmake_clean_cache' from command line to 'False'
[0.429s] Level 5:colcon.colcon_core.verb:set package 'br2_tracking_msgs' build argument 'cmake_clean_first' from command line to 'False'
[0.429s] Level 5:colcon.colcon_core.verb:set package 'br2_tracking_msgs' build argument 'cmake_force_configure' from command line to 'False'
[0.429s] Level 5:colcon.colcon_core.verb:set package 'br2_tracking_msgs' build argument 'ament_cmake_args' from command line to 'None'
[0.429s] Level 5:colcon.colcon_core.verb:set package 'br2_tracking_msgs' build argument 'catkin_cmake_args' from command line to 'None'
[0.429s] Level 5:colcon.colcon_core.verb:set package 'br2_tracking_msgs' build argument 'catkin_skip_building_tests' from command line to 'False'
[0.429s] DEBUG:colcon.colcon_core.verb:Building package 'br2_tracking_msgs' with the following arguments: {'ament_cmake_args': None, 'build_base': '/home/edmund-munene/Documents/Programming-language-basics/Linux/Robotics/AConciseIntroductiontoRobotProgrammingwithROS2/bookros2_ws/build/br2_tracking_msgs', 'catkin_cmake_args': None, 'catkin_skip_building_tests': False, 'cmake_args': None, 'cmake_clean_cache': False, 'cmake_clean_first': False, 'cmake_force_configure': False, 'cmake_target': None, 'cmake_target_skip_unavailable': False, 'install_base': '/home/edmund-munene/Documents/Programming-language-basics/Linux/Robotics/AConciseIntroductiontoRobotProgrammingwithROS2/bookros2_ws/install/br2_tracking_msgs', 'merge_install': False, 'path': '/home/edmund-munene/Documents/Programming-language-basics/Linux/Robotics/AConciseIntroductiontoRobotProgrammingwithROS2/bookros2_ws/src/book_ros2/br2_tracking_msgs', 'symlink_install': True, 'test_result_base': None}
[0.429s] Level 5:colcon.colcon_core.verb:set package 'br2_vff_avoidance' build argument 'cmake_args' from command line to 'None'
[0.429s] Level 5:colcon.colcon_core.verb:set package 'br2_vff_avoidance' build argument 'cmake_target' from command line to 'None'
[0.429s] Level 5:colcon.colcon_core.verb:set package 'br2_vff_avoidance' build argument 'cmake_target_skip_unavailable' from command line to 'False'
[0.429s] Level 5:colcon.colcon_core.verb:set package 'br2_vff_avoidance' build argument 'cmake_clean_cache' from command line to 'False'
[0.429s] Level 5:colcon.colcon_core.verb:set package 'br2_vff_avoidance' build argument 'cmake_clean_first' from command line to 'False'
[0.429s] Level 5:colcon.colcon_core.verb:set package 'br2_vff_avoidance' build argument 'cmake_force_configure' from command line to 'False'
[0.429s] Level 5:colcon.colcon_core.verb:set package 'br2_vff_avoidance' build argument 'ament_cmake_args' from command line to 'None'
[0.429s] Level 5:colcon.colcon_core.verb:set package 'br2_vff_avoidance' build argument 'catkin_cmake_args' from command line to 'None'
[0.429s] Level 5:colcon.colcon_core.verb:set package 'br2_vff_avoidance' build argument 'catkin_skip_building_tests' from command line to 'False'
[0.429s] DEBUG:colcon.colcon_core.verb:Building package 'br2_vff_avoidance' with the following arguments: {'ament_cmake_args': None, 'build_base': '/home/edmund-munene/Documents/Programming-language-basics/Linux/Robotics/AConciseIntroductiontoRobotProgrammingwithROS2/bookros2_ws/build/br2_vff_avoidance', 'catkin_cmake_args': None, 'catkin_skip_building_tests': False, 'cmake_args': None, 'cmake_clean_cache': False, 'cmake_clean_first': False, 'cmake_force_configure': False, 'cmake_target': None, 'cmake_target_skip_unavailable': False, 'install_base': '/home/edmund-munene/Documents/Programming-language-basics/Linux/Robotics/AConciseIntroductiontoRobotProgrammingwithROS2/bookros2_ws/install/br2_vff_avoidance', 'merge_install': False, 'path': '/home/edmund-munene/Documents/Programming-language-basics/Linux/Robotics/AConciseIntroductiontoRobotProgrammingwithROS2/bookros2_ws/src/book_ros2/br2_vff_avoidance', 'symlink_install': True, 'test_result_base': None}
[0.429s] Level 5:colcon.colcon_core.verb:set package 'launch_pal' build argument 'cmake_args' from command line to 'None'
[0.429s] Level 5:colcon.colcon_core.verb:set package 'launch_pal' build argument 'cmake_target' from command line to 'None'
[0.429s] Level 5:colcon.colcon_core.verb:set package 'launch_pal' build argument 'cmake_target_skip_unavailable' from command line to 'False'
[0.429s] Level 5:colcon.colcon_core.verb:set package 'launch_pal' build argument 'cmake_clean_cache' from command line to 'False'
[0.429s] Level 5:colcon.colcon_core.verb:set package 'launch_pal' build argument 'cmake_clean_first' from command line to 'False'
[0.429s] Level 5:colcon.colcon_core.verb:set package 'launch_pal' build argument 'cmake_force_configure' from command line to 'False'
[0.429s] Level 5:colcon.colcon_core.verb:set package 'launch_pal' build argument 'ament_cmake_args' from command line to 'None'
[0.429s] Level 5:colcon.colcon_core.verb:set package 'launch_pal' build argument 'catkin_cmake_args' from command line to 'None'
[0.429s] Level 5:colcon.colcon_core.verb:set package 'launch_pal' build argument 'catkin_skip_building_tests' from command line to 'False'
[0.429s] DEBUG:colcon.colcon_core.verb:Building package 'launch_pal' with the following arguments: {'ament_cmake_args': None, 'build_base': '/home/edmund-munene/Documents/Programming-language-basics/Linux/Robotics/AConciseIntroductiontoRobotProgrammingwithROS2/bookros2_ws/build/launch_pal', 'catkin_cmake_args': None, 'catkin_skip_building_tests': False, 'cmake_args': None, 'cmake_clean_cache': False, 'cmake_clean_first': False, 'cmake_force_configure': False, 'cmake_target': None, 'cmake_target_skip_unavailable': False, 'install_base': '/home/edmund-munene/Documents/Programming-language-basics/Linux/Robotics/AConciseIntroductiontoRobotProgrammingwithROS2/bookros2_ws/install/launch_pal', 'merge_install': False, 'path': '/home/edmund-munene/Documents/Programming-language-basics/Linux/Robotics/AConciseIntroductiontoRobotProgrammingwithROS2/bookros2_ws/src/ThirdParty/launch_pal', 'symlink_install': True, 'test_result_base': None}
[0.430s] Level 5:colcon.colcon_core.verb:set package 'my_package' build argument 'cmake_args' from command line to 'None'
[0.430s] Level 5:colcon.colcon_core.verb:set package 'my_package' build argument 'cmake_target' from command line to 'None'
[0.430s] Level 5:colcon.colcon_core.verb:set package 'my_package' build argument 'cmake_target_skip_unavailable' from command line to 'False'
[0.430s] Level 5:colcon.colcon_core.verb:set package 'my_package' build argument 'cmake_clean_cache' from command line to 'False'
[0.430s] Level 5:colcon.colcon_core.verb:set package 'my_package' build argument 'cmake_clean_first' from command line to 'False'
[0.430s] Level 5:colcon.colcon_core.verb:set package 'my_package' build argument 'cmake_force_configure' from command line to 'False'
[0.430s] Level 5:colcon.colcon_core.verb:set package 'my_package' build argument 'ament_cmake_args' from command line to 'None'
[0.430s] Level 5:colcon.colcon_core.verb:set package 'my_package' build argument 'catkin_cmake_args' from command line to 'None'
[0.430s] Level 5:colcon.colcon_core.verb:set package 'my_package' build argument 'catkin_skip_building_tests' from command line to 'False'
[0.430s] DEBUG:colcon.colcon_core.verb:Building package 'my_package' with the following arguments: {'ament_cmake_args': None, 'build_base': '/home/edmund-munene/Documents/Programming-language-basics/Linux/Robotics/AConciseIntroductiontoRobotProgrammingwithROS2/bookros2_ws/build/my_package', 'catkin_cmake_args': None, 'catkin_skip_building_tests': False, 'cmake_args': None, 'cmake_clean_cache': False, 'cmake_clean_first': False, 'cmake_force_configure': False, 'cmake_target': None, 'cmake_target_skip_unavailable': False, 'install_base': '/home/edmund-munene/Documents/Programming-language-basics/Linux/Robotics/AConciseIntroductiontoRobotProgrammingwithROS2/bookros2_ws/install/my_package', 'merge_install': False, 'path': '/home/edmund-munene/Documents/Programming-language-basics/Linux/Robotics/AConciseIntroductiontoRobotProgrammingwithROS2/bookros2_ws/src/my_package', 'symlink_install': True, 'test_result_base': None}
[0.430s] Level 5:colcon.colcon_core.verb:set package 'omni_base_controller_configuration' build argument 'cmake_args' from command line to 'None'
[0.430s] Level 5:colcon.colcon_core.verb:set package 'omni_base_controller_configuration' build argument 'cmake_target' from command line to 'None'
[0.430s] Level 5:colcon.colcon_core.verb:set package 'omni_base_controller_configuration' build argument 'cmake_target_skip_unavailable' from command line to 'False'
[0.430s] Level 5:colcon.colcon_core.verb:set package 'omni_base_controller_configuration' build argument 'cmake_clean_cache' from command line to 'False'
[0.430s] Level 5:colcon.colcon_core.verb:set package 'omni_base_controller_configuration' build argument 'cmake_clean_first' from command line to 'False'
[0.430s] Level 5:colcon.colcon_core.verb:set package 'omni_base_controller_configuration' build argument 'cmake_force_configure' from command line to 'False'
[0.430s] Level 5:colcon.colcon_core.verb:set package 'omni_base_controller_configuration' build argument 'ament_cmake_args' from command line to 'None'
[0.430s] Level 5:colcon.colcon_core.verb:set package 'omni_base_controller_configuration' build argument 'catkin_cmake_args' from command line to 'None'
[0.430s] Level 5:colcon.colcon_core.verb:set package 'omni_base_controller_configuration' build argument 'catkin_skip_building_tests' from command line to 'False'
[0.430s] DEBUG:colcon.colcon_core.verb:Building package 'omni_base_controller_configuration' with the following arguments: {'ament_cmake_args': None, 'build_base': '/home/edmund-munene/Documents/Programming-language-basics/Linux/Robotics/AConciseIntroductiontoRobotProgrammingwithROS2/bookros2_ws/build/omni_base_controller_configuration', 'catkin_cmake_args': None, 'catkin_skip_building_tests': False, 'cmake_args': None, 'cmake_clean_cache': False, 'cmake_clean_first': False, 'cmake_force_configure': False, 'cmake_target': None, 'cmake_target_skip_unavailable': False, 'install_base': '/home/edmund-munene/Documents/Programming-language-basics/Linux/Robotics/AConciseIntroductiontoRobotProgrammingwithROS2/bookros2_ws/install/omni_base_controller_configuration', 'merge_install': False, 'path': '/home/edmund-munene/Documents/Programming-language-basics/Linux/Robotics/AConciseIntroductiontoRobotProgrammingwithROS2/bookros2_ws/src/ThirdParty/tiago_omni_base/omni_base_controller_configuration', 'symlink_install': True, 'test_result_base': None}
[0.430s] Level 5:colcon.colcon_core.verb:set package 'pal_gripper_controller_configuration' build argument 'cmake_args' from command line to 'None'
[0.430s] Level 5:colcon.colcon_core.verb:set package 'pal_gripper_controller_configuration' build argument 'cmake_target' from command line to 'None'
[0.430s] Level 5:colcon.colcon_core.verb:set package 'pal_gripper_controller_configuration' build argument 'cmake_target_skip_unavailable' from command line to 'False'
[0.430s] Level 5:colcon.colcon_core.verb:set package 'pal_gripper_controller_configuration' build argument 'cmake_clean_cache' from command line to 'False'
[0.430s] Level 5:colcon.colcon_core.verb:set package 'pal_gripper_controller_configuration' build argument 'cmake_clean_first' from command line to 'False'
[0.431s] Level 5:colcon.colcon_core.verb:set package 'pal_gripper_controller_configuration' build argument 'cmake_force_configure' from command line to 'False'
[0.431s] Level 5:colcon.colcon_core.verb:set package 'pal_gripper_controller_configuration' build argument 'ament_cmake_args' from command line to 'None'
[0.431s] Level 5:colcon.colcon_core.verb:set package 'pal_gripper_controller_configuration' build argument 'catkin_cmake_args' from command line to 'None'
[0.431s] Level 5:colcon.colcon_core.verb:set package 'pal_gripper_controller_configuration' build argument 'catkin_skip_building_tests' from command line to 'False'
[0.431s] DEBUG:colcon.colcon_core.verb:Building package 'pal_gripper_controller_configuration' with the following arguments: {'ament_cmake_args': None, 'build_base': '/home/edmund-munene/Documents/Programming-language-basics/Linux/Robotics/AConciseIntroductiontoRobotProgrammingwithROS2/bookros2_ws/build/pal_gripper_controller_configuration', 'catkin_cmake_args': None, 'catkin_skip_building_tests': False, 'cmake_args': None, 'cmake_clean_cache': False, 'cmake_clean_first': False, 'cmake_force_configure': False, 'cmake_target': None, 'cmake_target_skip_unavailable': False, 'install_base': '/home/edmund-munene/Documents/Programming-language-basics/Linux/Robotics/AConciseIntroductiontoRobotProgrammingwithROS2/bookros2_ws/install/pal_gripper_controller_configuration', 'merge_install': False, 'path': '/home/edmund-munene/Documents/Programming-language-basics/Linux/Robotics/AConciseIntroductiontoRobotProgrammingwithROS2/bookros2_ws/src/ThirdParty/pal_gripper/pal_gripper_controller_configuration', 'symlink_install': True, 'test_result_base': None}
[0.431s] Level 5:colcon.colcon_core.verb:set package 'pal_hey5_controller_configuration' build argument 'cmake_args' from command line to 'None'
[0.431s] Level 5:colcon.colcon_core.verb:set package 'pal_hey5_controller_configuration' build argument 'cmake_target' from command line to 'None'
[0.431s] Level 5:colcon.colcon_core.verb:set package 'pal_hey5_controller_configuration' build argument 'cmake_target_skip_unavailable' from command line to 'False'
[0.431s] Level 5:colcon.colcon_core.verb:set package 'pal_hey5_controller_configuration' build argument 'cmake_clean_cache' from command line to 'False'
[0.431s] Level 5:colcon.colcon_core.verb:set package 'pal_hey5_controller_configuration' build argument 'cmake_clean_first' from command line to 'False'
[0.431s] Level 5:colcon.colcon_core.verb:set package 'pal_hey5_controller_configuration' build argument 'cmake_force_configure' from command line to 'False'
[0.431s] Level 5:colcon.colcon_core.verb:set package 'pal_hey5_controller_configuration' build argument 'ament_cmake_args' from command line to 'None'
[0.431s] Level 5:colcon.colcon_core.verb:set package 'pal_hey5_controller_configuration' build argument 'catkin_cmake_args' from command line to 'None'
[0.431s] Level 5:colcon.colcon_core.verb:set package 'pal_hey5_controller_configuration' build argument 'catkin_skip_building_tests' from command line to 'False'
[0.431s] DEBUG:colcon.colcon_core.verb:Building package 'pal_hey5_controller_configuration' with the following arguments: {'ament_cmake_args': None, 'build_base': '/home/edmund-munene/Documents/Programming-language-basics/Linux/Robotics/AConciseIntroductiontoRobotProgrammingwithROS2/bookros2_ws/build/pal_hey5_controller_configuration', 'catkin_cmake_args': None, 'catkin_skip_building_tests': False, 'cmake_args': None, 'cmake_clean_cache': False, 'cmake_clean_first': False, 'cmake_force_configure': False, 'cmake_target': None, 'cmake_target_skip_unavailable': False, 'install_base': '/home/edmund-munene/Documents/Programming-language-basics/Linux/Robotics/AConciseIntroductiontoRobotProgrammingwithROS2/bookros2_ws/install/pal_hey5_controller_configuration', 'merge_install': False, 'path': '/home/edmund-munene/Documents/Programming-language-basics/Linux/Robotics/AConciseIntroductiontoRobotProgrammingwithROS2/bookros2_ws/src/ThirdParty/pal_hey5/pal_hey5_controller_configuration', 'symlink_install': True, 'test_result_base': None}
[0.431s] Level 5:colcon.colcon_core.verb:set package 'pal_maps' build argument 'cmake_args' from command line to 'None'
[0.431s] Level 5:colcon.colcon_core.verb:set package 'pal_maps' build argument 'cmake_target' from command line to 'None'
[0.431s] Level 5:colcon.colcon_core.verb:set package 'pal_maps' build argument 'cmake_target_skip_unavailable' from command line to 'False'
[0.431s] Level 5:colcon.colcon_core.verb:set package 'pal_maps' build argument 'cmake_clean_cache' from command line to 'False'
[0.431s] Level 5:colcon.colcon_core.verb:set package 'pal_maps' build argument 'cmake_clean_first' from command line to 'False'
[0.431s] Level 5:colcon.colcon_core.verb:set package 'pal_maps' build argument 'cmake_force_configure' from command line to 'False'
[0.431s] Level 5:colcon.colcon_core.verb:set package 'pal_maps' build argument 'ament_cmake_args' from command line to 'None'
[0.431s] Level 5:colcon.colcon_core.verb:set package 'pal_maps' build argument 'catkin_cmake_args' from command line to 'None'
[0.431s] Level 5:colcon.colcon_core.verb:set package 'pal_maps' build argument 'catkin_skip_building_tests' from command line to 'False'
[0.431s] DEBUG:colcon.colcon_core.verb:Building package 'pal_maps' with the following arguments: {'ament_cmake_args': None, 'build_base': '/home/edmund-munene/Documents/Programming-language-basics/Linux/Robotics/AConciseIntroductiontoRobotProgrammingwithROS2/bookros2_ws/build/pal_maps', 'catkin_cmake_args': None, 'catkin_skip_building_tests': False, 'cmake_args': None, 'cmake_clean_cache': False, 'cmake_clean_first': False, 'cmake_force_configure': False, 'cmake_target': None, 'cmake_target_skip_unavailable': False, 'install_base': '/home/edmund-munene/Documents/Programming-language-basics/Linux/Robotics/AConciseIntroductiontoRobotProgrammingwithROS2/bookros2_ws/install/pal_maps', 'merge_install': False, 'path': '/home/edmund-munene/Documents/Programming-language-basics/Linux/Robotics/AConciseIntroductiontoRobotProgrammingwithROS2/bookros2_ws/src/ThirdParty/pal_maps', 'symlink_install': True, 'test_result_base': None}
[0.432s] Level 5:colcon.colcon_core.verb:set package 'pal_robotiq_controller_configuration' build argument 'cmake_args' from command line to 'None'
[0.432s] Level 5:colcon.colcon_core.verb:set package 'pal_robotiq_controller_configuration' build argument 'cmake_target' from command line to 'None'
[0.432s] Level 5:colcon.colcon_core.verb:set package 'pal_robotiq_controller_configuration' build argument 'cmake_target_skip_unavailable' from command line to 'False'
[0.432s] Level 5:colcon.colcon_core.verb:set package 'pal_robotiq_controller_configuration' build argument 'cmake_clean_cache' from command line to 'False'
[0.432s] Level 5:colcon.colcon_core.verb:set package 'pal_robotiq_controller_configuration' build argument 'cmake_clean_first' from command line to 'False'
[0.432s] Level 5:colcon.colcon_core.verb:set package 'pal_robotiq_controller_configuration' build argument 'cmake_force_configure' from command line to 'False'
[0.432s] Level 5:colcon.colcon_core.verb:set package 'pal_robotiq_controller_configuration' build argument 'ament_cmake_args' from command line to 'None'
[0.432s] Level 5:colcon.colcon_core.verb:set package 'pal_robotiq_controller_configuration' build argument 'catkin_cmake_args' from command line to 'None'
[0.432s] Level 5:colcon.colcon_core.verb:set package 'pal_robotiq_controller_configuration' build argument 'catkin_skip_building_tests' from command line to 'False'
[0.432s] DEBUG:colcon.colcon_core.verb:Building package 'pal_robotiq_controller_configuration' with the following arguments: {'ament_cmake_args': None, 'build_base': '/home/edmund-munene/Documents/Programming-language-basics/Linux/Robotics/AConciseIntroductiontoRobotProgrammingwithROS2/bookros2_ws/build/pal_robotiq_controller_configuration', 'catkin_cmake_args': None, 'catkin_skip_building_tests': False, 'cmake_args': None, 'cmake_clean_cache': False, 'cmake_clean_first': False, 'cmake_force_configure': False, 'cmake_target': None, 'cmake_target_skip_unavailable': False, 'install_base': '/home/edmund-munene/Documents/Programming-language-basics/Linux/Robotics/AConciseIntroductiontoRobotProgrammingwithROS2/bookros2_ws/install/pal_robotiq_controller_configuration', 'merge_install': False, 'path': '/home/edmund-munene/Documents/Programming-language-basics/Linux/Robotics/AConciseIntroductiontoRobotProgrammingwithROS2/bookros2_ws/src/ThirdParty/pal_robotiq_gripper/pal_robotiq_controller_configuration', 'symlink_install': True, 'test_result_base': None}
[0.432s] Level 5:colcon.colcon_core.verb:set package 'pal_robotiq_description' build argument 'cmake_args' from command line to 'None'
[0.432s] Level 5:colcon.colcon_core.verb:set package 'pal_robotiq_description' build argument 'cmake_target' from command line to 'None'
[0.432s] Level 5:colcon.colcon_core.verb:set package 'pal_robotiq_description' build argument 'cmake_target_skip_unavailable' from command line to 'False'
[0.432s] Level 5:colcon.colcon_core.verb:set package 'pal_robotiq_description' build argument 'cmake_clean_cache' from command line to 'False'
[0.432s] Level 5:colcon.colcon_core.verb:set package 'pal_robotiq_description' build argument 'cmake_clean_first' from command line to 'False'
[0.432s] Level 5:colcon.colcon_core.verb:set package 'pal_robotiq_description' build argument 'cmake_force_configure' from command line to 'False'
[0.432s] Level 5:colcon.colcon_core.verb:set package 'pal_robotiq_description' build argument 'ament_cmake_args' from command line to 'None'
[0.432s] Level 5:colcon.colcon_core.verb:set package 'pal_robotiq_description' build argument 'catkin_cmake_args' from command line to 'None'
[0.432s] Level 5:colcon.colcon_core.verb:set package 'pal_robotiq_description' build argument 'catkin_skip_building_tests' from command line to 'False'
[0.432s] DEBUG:colcon.colcon_core.verb:Building package 'pal_robotiq_description' with the following arguments: {'ament_cmake_args': None, 'build_base': '/home/edmund-munene/Documents/Programming-language-basics/Linux/Robotics/AConciseIntroductiontoRobotProgrammingwithROS2/bookros2_ws/build/pal_robotiq_description', 'catkin_cmake_args': None, 'catkin_skip_building_tests': False, 'cmake_args': None, 'cmake_clean_cache': False, 'cmake_clean_first': False, 'cmake_force_configure': False, 'cmake_target': None, 'cmake_target_skip_unavailable': False, 'install_base': '/home/edmund-munene/Documents/Programming-language-basics/Linux/Robotics/AConciseIntroductiontoRobotProgrammingwithROS2/bookros2_ws/install/pal_robotiq_description', 'merge_install': False, 'path': '/home/edmund-munene/Documents/Programming-language-basics/Linux/Robotics/AConciseIntroductiontoRobotProgrammingwithROS2/bookros2_ws/src/ThirdParty/pal_robotiq_gripper/pal_robotiq_description', 'symlink_install': True, 'test_result_base': None}
[0.432s] Level 5:colcon.colcon_core.verb:set package 'pal_urdf_utils' build argument 'cmake_args' from command line to 'None'
[0.432s] Level 5:colcon.colcon_core.verb:set package 'pal_urdf_utils' build argument 'cmake_target' from command line to 'None'
[0.432s] Level 5:colcon.colcon_core.verb:set package 'pal_urdf_utils' build argument 'cmake_target_skip_unavailable' from command line to 'False'
[0.432s] Level 5:colcon.colcon_core.verb:set package 'pal_urdf_utils' build argument 'cmake_clean_cache' from command line to 'False'
[0.432s] Level 5:colcon.colcon_core.verb:set package 'pal_urdf_utils' build argument 'cmake_clean_first' from command line to 'False'
[0.432s] Level 5:colcon.colcon_core.verb:set package 'pal_urdf_utils' build argument 'cmake_force_configure' from command line to 'False'
[0.432s] Level 5:colcon.colcon_core.verb:set package 'pal_urdf_utils' build argument 'ament_cmake_args' from command line to 'None'
[0.432s] Level 5:colcon.colcon_core.verb:set package 'pal_urdf_utils' build argument 'catkin_cmake_args' from command line to 'None'
[0.432s] Level 5:colcon.colcon_core.verb:set package 'pal_urdf_utils' build argument 'catkin_skip_building_tests' from command line to 'False'
[0.432s] DEBUG:colcon.colcon_core.verb:Building package 'pal_urdf_utils' with the following arguments: {'ament_cmake_args': None, 'build_base': '/home/edmund-munene/Documents/Programming-language-basics/Linux/Robotics/AConciseIntroductiontoRobotProgrammingwithROS2/bookros2_ws/build/pal_urdf_utils', 'catkin_cmake_args': None, 'catkin_skip_building_tests': False, 'cmake_args': None, 'cmake_clean_cache': False, 'cmake_clean_first': False, 'cmake_force_configure': False, 'cmake_target': None, 'cmake_target_skip_unavailable': False, 'install_base': '/home/edmund-munene/Documents/Programming-language-basics/Linux/Robotics/AConciseIntroductiontoRobotProgrammingwithROS2/bookros2_ws/install/pal_urdf_utils', 'merge_install': False, 'path': '/home/edmund-munene/Documents/Programming-language-basics/Linux/Robotics/AConciseIntroductiontoRobotProgrammingwithROS2/bookros2_ws/src/ThirdParty/pal_urdf_utils', 'symlink_install': True, 'test_result_base': None}
[0.433s] Level 5:colcon.colcon_core.verb:set package 'play_motion2_msgs' build argument 'cmake_args' from command line to 'None'
[0.433s] Level 5:colcon.colcon_core.verb:set package 'play_motion2_msgs' build argument 'cmake_target' from command line to 'None'
[0.433s] Level 5:colcon.colcon_core.verb:set package 'play_motion2_msgs' build argument 'cmake_target_skip_unavailable' from command line to 'False'
[0.433s] Level 5:colcon.colcon_core.verb:set package 'play_motion2_msgs' build argument 'cmake_clean_cache' from command line to 'False'
[0.433s] Level 5:colcon.colcon_core.verb:set package 'play_motion2_msgs' build argument 'cmake_clean_first' from command line to 'False'
[0.433s] Level 5:colcon.colcon_core.verb:set package 'play_motion2_msgs' build argument 'cmake_force_configure' from command line to 'False'
[0.433s] Level 5:colcon.colcon_core.verb:set package 'play_motion2_msgs' build argument 'ament_cmake_args' from command line to 'None'
[0.433s] Level 5:colcon.colcon_core.verb:set package 'play_motion2_msgs' build argument 'catkin_cmake_args' from command line to 'None'
[0.433s] Level 5:colcon.colcon_core.verb:set package 'play_motion2_msgs' build argument 'catkin_skip_building_tests' from command line to 'False'
[0.433s] DEBUG:colcon.colcon_core.verb:Building package 'play_motion2_msgs' with the following arguments: {'ament_cmake_args': None, 'build_base': '/home/edmund-munene/Documents/Programming-language-basics/Linux/Robotics/AConciseIntroductiontoRobotProgrammingwithROS2/bookros2_ws/build/play_motion2_msgs', 'catkin_cmake_args': None, 'catkin_skip_building_tests': False, 'cmake_args': None, 'cmake_clean_cache': False, 'cmake_clean_first': False, 'cmake_force_configure': False, 'cmake_target': None, 'cmake_target_skip_unavailable': False, 'install_base': '/home/edmund-munene/Documents/Programming-language-basics/Linux/Robotics/AConciseIntroductiontoRobotProgrammingwithROS2/bookros2_ws/install/play_motion2_msgs', 'merge_install': False, 'path': '/home/edmund-munene/Documents/Programming-language-basics/Linux/Robotics/AConciseIntroductiontoRobotProgrammingwithROS2/bookros2_ws/src/ThirdParty/play_motion2/play_motion2_msgs', 'symlink_install': True, 'test_result_base': None}
[0.433s] Level 5:colcon.colcon_core.verb:set package 'pmb2_laser_sensors' build argument 'cmake_args' from command line to 'None'
[0.433s] Level 5:colcon.colcon_core.verb:set package 'pmb2_laser_sensors' build argument 'cmake_target' from command line to 'None'
[0.433s] Level 5:colcon.colcon_core.verb:set package 'pmb2_laser_sensors' build argument 'cmake_target_skip_unavailable' from command line to 'False'
[0.433s] Level 5:colcon.colcon_core.verb:set package 'pmb2_laser_sensors' build argument 'cmake_clean_cache' from command line to 'False'
[0.433s] Level 5:colcon.colcon_core.verb:set package 'pmb2_laser_sensors' build argument 'cmake_clean_first' from command line to 'False'
[0.433s] Level 5:colcon.colcon_core.verb:set package 'pmb2_laser_sensors' build argument 'cmake_force_configure' from command line to 'False'
[0.433s] Level 5:colcon.colcon_core.verb:set package 'pmb2_laser_sensors' build argument 'ament_cmake_args' from command line to 'None'
[0.433s] Level 5:colcon.colcon_core.verb:set package 'pmb2_laser_sensors' build argument 'catkin_cmake_args' from command line to 'None'
[0.433s] Level 5:colcon.colcon_core.verb:set package 'pmb2_laser_sensors' build argument 'catkin_skip_building_tests' from command line to 'False'
[0.433s] DEBUG:colcon.colcon_core.verb:Building package 'pmb2_laser_sensors' with the following arguments: {'ament_cmake_args': None, 'build_base': '/home/edmund-munene/Documents/Programming-language-basics/Linux/Robotics/AConciseIntroductiontoRobotProgrammingwithROS2/bookros2_ws/build/pmb2_laser_sensors', 'catkin_cmake_args': None, 'catkin_skip_building_tests': False, 'cmake_args': None, 'cmake_clean_cache': False, 'cmake_clean_first': False, 'cmake_force_configure': False, 'cmake_target': None, 'cmake_target_skip_unavailable': False, 'install_base': '/home/edmund-munene/Documents/Programming-language-basics/Linux/Robotics/AConciseIntroductiontoRobotProgrammingwithROS2/bookros2_ws/install/pmb2_laser_sensors', 'merge_install': False, 'path': '/home/edmund-munene/Documents/Programming-language-basics/Linux/Robotics/AConciseIntroductiontoRobotProgrammingwithROS2/bookros2_ws/src/ThirdParty/pmb2_navigation/pmb2_laser_sensors', 'symlink_install': True, 'test_result_base': None}
[0.433s] Level 5:colcon.colcon_core.verb:set package 'tiago_laser_sensors' build argument 'cmake_args' from command line to 'None'
[0.433s] Level 5:colcon.colcon_core.verb:set package 'tiago_laser_sensors' build argument 'cmake_target' from command line to 'None'
[0.433s] Level 5:colcon.colcon_core.verb:set package 'tiago_laser_sensors' build argument 'cmake_target_skip_unavailable' from command line to 'False'
[0.433s] Level 5:colcon.colcon_core.verb:set package 'tiago_laser_sensors' build argument 'cmake_clean_cache' from command line to 'False'
[0.434s] Level 5:colcon.colcon_core.verb:set package 'tiago_laser_sensors' build argument 'cmake_clean_first' from command line to 'False'
[0.434s] Level 5:colcon.colcon_core.verb:set package 'tiago_laser_sensors' build argument 'cmake_force_configure' from command line to 'False'
[0.434s] Level 5:colcon.colcon_core.verb:set package 'tiago_laser_sensors' build argument 'ament_cmake_args' from command line to 'None'
[0.434s] Level 5:colcon.colcon_core.verb:set package 'tiago_laser_sensors' build argument 'catkin_cmake_args' from command line to 'None'
[0.434s] Level 5:colcon.colcon_core.verb:set package 'tiago_laser_sensors' build argument 'catkin_skip_building_tests' from command line to 'False'
[0.434s] DEBUG:colcon.colcon_core.verb:Building package 'tiago_laser_sensors' with the following arguments: {'ament_cmake_args': None, 'build_base': '/home/edmund-munene/Documents/Programming-language-basics/Linux/Robotics/AConciseIntroductiontoRobotProgrammingwithROS2/bookros2_ws/build/tiago_laser_sensors', 'catkin_cmake_args': None, 'catkin_skip_building_tests': False, 'cmake_args': None, 'cmake_clean_cache': False, 'cmake_clean_first': False, 'cmake_force_configure': False, 'cmake_target': None, 'cmake_target_skip_unavailable': False, 'install_base': '/home/edmund-munene/Documents/Programming-language-basics/Linux/Robotics/AConciseIntroductiontoRobotProgrammingwithROS2/bookros2_ws/install/tiago_laser_sensors', 'merge_install': False, 'path': '/home/edmund-munene/Documents/Programming-language-basics/Linux/Robotics/AConciseIntroductiontoRobotProgrammingwithROS2/bookros2_ws/src/ThirdParty/tiago_navigation/tiago_laser_sensors', 'symlink_install': True, 'test_result_base': None}
[0.434s] Level 5:colcon.colcon_core.verb:set package 'yaets' build argument 'cmake_args' from command line to 'None'
[0.434s] Level 5:colcon.colcon_core.verb:set package 'yaets' build argument 'cmake_target' from command line to 'None'
[0.434s] Level 5:colcon.colcon_core.verb:set package 'yaets' build argument 'cmake_target_skip_unavailable' from command line to 'False'
[0.434s] Level 5:colcon.colcon_core.verb:set package 'yaets' build argument 'cmake_clean_cache' from command line to 'False'
[0.434s] Level 5:colcon.colcon_core.verb:set package 'yaets' build argument 'cmake_clean_first' from command line to 'False'
[0.434s] Level 5:colcon.colcon_core.verb:set package 'yaets' build argument 'cmake_force_configure' from command line to 'False'
[0.434s] Level 5:colcon.colcon_core.verb:set package 'yaets' build argument 'ament_cmake_args' from command line to 'None'
[0.434s] Level 5:colcon.colcon_core.verb:set package 'yaets' build argument 'catkin_cmake_args' from command line to 'None'
[0.434s] Level 5:colcon.colcon_core.verb:set package 'yaets' build argument 'catkin_skip_building_tests' from command line to 'False'
[0.434s] DEBUG:colcon.colcon_core.verb:Building package 'yaets' with the following arguments: {'ament_cmake_args': None, 'build_base': '/home/edmund-munene/Documents/Programming-language-basics/Linux/Robotics/AConciseIntroductiontoRobotProgrammingwithROS2/bookros2_ws/build/yaets', 'catkin_cmake_args': None, 'catkin_skip_building_tests': False, 'cmake_args': None, 'cmake_clean_cache': False, 'cmake_clean_first': False, 'cmake_force_configure': False, 'cmake_target': None, 'cmake_target_skip_unavailable': False, 'install_base': '/home/edmund-munene/Documents/Programming-language-basics/Linux/Robotics/AConciseIntroductiontoRobotProgrammingwithROS2/bookros2_ws/install/yaets', 'merge_install': False, 'path': '/home/edmund-munene/Documents/Programming-language-basics/Linux/Robotics/AConciseIntroductiontoRobotProgrammingwithROS2/bookros2_ws/src/ThirdParty/yaets', 'symlink_install': True, 'test_result_base': None}
[0.434s] Level 5:colcon.colcon_core.verb:set package 'br2_bt_bumpgo' build argument 'cmake_args' from command line to 'None'
[0.434s] Level 5:colcon.colcon_core.verb:set package 'br2_bt_bumpgo' build argument 'cmake_target' from command line to 'None'
[0.434s] Level 5:colcon.colcon_core.verb:set package 'br2_bt_bumpgo' build argument 'cmake_target_skip_unavailable' from command line to 'False'
[0.434s] Level 5:colcon.colcon_core.verb:set package 'br2_bt_bumpgo' build argument 'cmake_clean_cache' from command line to 'False'
[0.434s] Level 5:colcon.colcon_core.verb:set package 'br2_bt_bumpgo' build argument 'cmake_clean_first' from command line to 'False'
[0.434s] Level 5:colcon.colcon_core.verb:set package 'br2_bt_bumpgo' build argument 'cmake_force_configure' from command line to 'False'
[0.434s] Level 5:colcon.colcon_core.verb:set package 'br2_bt_bumpgo' build argument 'ament_cmake_args' from command line to 'None'
[0.434s] Level 5:colcon.colcon_core.verb:set package 'br2_bt_bumpgo' build argument 'catkin_cmake_args' from command line to 'None'
[0.434s] Level 5:colcon.colcon_core.verb:set package 'br2_bt_bumpgo' build argument 'catkin_skip_building_tests' from command line to 'False'
[0.434s] DEBUG:colcon.colcon_core.verb:Building package 'br2_bt_bumpgo' with the following arguments: {'ament_cmake_args': None, 'build_base': '/home/edmund-munene/Documents/Programming-language-basics/Linux/Robotics/AConciseIntroductiontoRobotProgrammingwithROS2/bookros2_ws/build/br2_bt_bumpgo', 'catkin_cmake_args': None, 'catkin_skip_building_tests': False, 'cmake_args': None, 'cmake_clean_cache': False, 'cmake_clean_first': False, 'cmake_force_configure': False, 'cmake_target': None, 'cmake_target_skip_unavailable': False, 'install_base': '/home/edmund-munene/Documents/Programming-language-basics/Linux/Robotics/AConciseIntroductiontoRobotProgrammingwithROS2/bookros2_ws/install/br2_bt_bumpgo', 'merge_install': False, 'path': '/home/edmund-munene/Documents/Programming-language-basics/Linux/Robotics/AConciseIntroductiontoRobotProgrammingwithROS2/bookros2_ws/src/book_ros2/br2_bt_bumpgo', 'symlink_install': True, 'test_result_base': None}
[0.435s] Level 5:colcon.colcon_core.verb:set package 'br2_bt_patrolling' build argument 'cmake_args' from command line to 'None'
[0.435s] Level 5:colcon.colcon_core.verb:set package 'br2_bt_patrolling' build argument 'cmake_target' from command line to 'None'
[0.435s] Level 5:colcon.colcon_core.verb:set package 'br2_bt_patrolling' build argument 'cmake_target_skip_unavailable' from command line to 'False'
[0.435s] Level 5:colcon.colcon_core.verb:set package 'br2_bt_patrolling' build argument 'cmake_clean_cache' from command line to 'False'
[0.435s] Level 5:colcon.colcon_core.verb:set package 'br2_bt_patrolling' build argument 'cmake_clean_first' from command line to 'False'
[0.435s] Level 5:colcon.colcon_core.verb:set package 'br2_bt_patrolling' build argument 'cmake_force_configure' from command line to 'False'
[0.435s] Level 5:colcon.colcon_core.verb:set package 'br2_bt_patrolling' build argument 'ament_cmake_args' from command line to 'None'
[0.435s] Level 5:colcon.colcon_core.verb:set package 'br2_bt_patrolling' build argument 'catkin_cmake_args' from command line to 'None'
[0.435s] Level 5:colcon.colcon_core.verb:set package 'br2_bt_patrolling' build argument 'catkin_skip_building_tests' from command line to 'False'
[0.435s] DEBUG:colcon.colcon_core.verb:Building package 'br2_bt_patrolling' with the following arguments: {'ament_cmake_args': None, 'build_base': '/home/edmund-munene/Documents/Programming-language-basics/Linux/Robotics/AConciseIntroductiontoRobotProgrammingwithROS2/bookros2_ws/build/br2_bt_patrolling', 'catkin_cmake_args': None, 'catkin_skip_building_tests': False, 'cmake_args': None, 'cmake_clean_cache': False, 'cmake_clean_first': False, 'cmake_force_configure': False, 'cmake_target': None, 'cmake_target_skip_unavailable': False, 'install_base': '/home/edmund-munene/Documents/Programming-language-basics/Linux/Robotics/AConciseIntroductiontoRobotProgrammingwithROS2/bookros2_ws/install/br2_bt_patrolling', 'merge_install': False, 'path': '/home/edmund-munene/Documents/Programming-language-basics/Linux/Robotics/AConciseIntroductiontoRobotProgrammingwithROS2/bookros2_ws/src/book_ros2/br2_bt_patrolling', 'symlink_install': True, 'test_result_base': None}
[0.435s] Level 5:colcon.colcon_core.verb:set package 'br2_deep_ros' build argument 'cmake_args' from command line to 'None'
[0.435s] Level 5:colcon.colcon_core.verb:set package 'br2_deep_ros' build argument 'cmake_target' from command line to 'None'
[0.435s] Level 5:colcon.colcon_core.verb:set package 'br2_deep_ros' build argument 'cmake_target_skip_unavailable' from command line to 'False'
[0.435s] Level 5:colcon.colcon_core.verb:set package 'br2_deep_ros' build argument 'cmake_clean_cache' from command line to 'False'
[0.435s] Level 5:colcon.colcon_core.verb:set package 'br2_deep_ros' build argument 'cmake_clean_first' from command line to 'False'
[0.435s] Level 5:colcon.colcon_core.verb:set package 'br2_deep_ros' build argument 'cmake_force_configure' from command line to 'False'
[0.435s] Level 5:colcon.colcon_core.verb:set package 'br2_deep_ros' build argument 'ament_cmake_args' from command line to 'None'
[0.435s] Level 5:colcon.colcon_core.verb:set package 'br2_deep_ros' build argument 'catkin_cmake_args' from command line to 'None'
[0.435s] Level 5:colcon.colcon_core.verb:set package 'br2_deep_ros' build argument 'catkin_skip_building_tests' from command line to 'False'
[0.435s] DEBUG:colcon.colcon_core.verb:Building package 'br2_deep_ros' with the following arguments: {'ament_cmake_args': None, 'build_base': '/home/edmund-munene/Documents/Programming-language-basics/Linux/Robotics/AConciseIntroductiontoRobotProgrammingwithROS2/bookros2_ws/build/br2_deep_ros', 'catkin_cmake_args': None, 'catkin_skip_building_tests': False, 'cmake_args': None, 'cmake_clean_cache': False, 'cmake_clean_first': False, 'cmake_force_configure': False, 'cmake_target': None, 'cmake_target_skip_unavailable': False, 'install_base': '/home/edmund-munene/Documents/Programming-language-basics/Linux/Robotics/AConciseIntroductiontoRobotProgrammingwithROS2/bookros2_ws/install/br2_deep_ros', 'merge_install': False, 'path': '/home/edmund-munene/Documents/Programming-language-basics/Linux/Robotics/AConciseIntroductiontoRobotProgrammingwithROS2/bookros2_ws/src/book_ros2/br2_deep_ros', 'symlink_install': True, 'test_result_base': None}
[0.435s] Level 5:colcon.colcon_core.verb:set package 'br2_tracking' build argument 'cmake_args' from command line to 'None'
[0.435s] Level 5:colcon.colcon_core.verb:set package 'br2_tracking' build argument 'cmake_target' from command line to 'None'
[0.435s] Level 5:colcon.colcon_core.verb:set package 'br2_tracking' build argument 'cmake_target_skip_unavailable' from command line to 'False'
[0.435s] Level 5:colcon.colcon_core.verb:set package 'br2_tracking' build argument 'cmake_clean_cache' from command line to 'False'
[0.435s] Level 5:colcon.colcon_core.verb:set package 'br2_tracking' build argument 'cmake_clean_first' from command line to 'False'
[0.435s] Level 5:colcon.colcon_core.verb:set package 'br2_tracking' build argument 'cmake_force_configure' from command line to 'False'
[0.435s] Level 5:colcon.colcon_core.verb:set package 'br2_tracking' build argument 'ament_cmake_args' from command line to 'None'
[0.436s] Level 5:colcon.colcon_core.verb:set package 'br2_tracking' build argument 'catkin_cmake_args' from command line to 'None'
[0.436s] Level 5:colcon.colcon_core.verb:set package 'br2_tracking' build argument 'catkin_skip_building_tests' from command line to 'False'
[0.436s] DEBUG:colcon.colcon_core.verb:Building package 'br2_tracking' with the following arguments: {'ament_cmake_args': None, 'build_base': '/home/edmund-munene/Documents/Programming-language-basics/Linux/Robotics/AConciseIntroductiontoRobotProgrammingwithROS2/bookros2_ws/build/br2_tracking', 'catkin_cmake_args': None, 'catkin_skip_building_tests': False, 'cmake_args': None, 'cmake_clean_cache': False, 'cmake_clean_first': False, 'cmake_force_configure': False, 'cmake_target': None, 'cmake_target_skip_unavailable': False, 'install_base': '/home/edmund-munene/Documents/Programming-language-basics/Linux/Robotics/AConciseIntroductiontoRobotProgrammingwithROS2/bookros2_ws/install/br2_tracking', 'merge_install': False, 'path': '/home/edmund-munene/Documents/Programming-language-basics/Linux/Robotics/AConciseIntroductiontoRobotProgrammingwithROS2/bookros2_ws/src/book_ros2/br2_tracking', 'symlink_install': True, 'test_result_base': None}
[0.436s] Level 5:colcon.colcon_core.verb:set package 'groot' build argument 'cmake_args' from command line to 'None'
[0.436s] Level 5:colcon.colcon_core.verb:set package 'groot' build argument 'cmake_target' from command line to 'None'
[0.436s] Level 5:colcon.colcon_core.verb:set package 'groot' build argument 'cmake_target_skip_unavailable' from command line to 'False'
[0.436s] Level 5:colcon.colcon_core.verb:set package 'groot' build argument 'cmake_clean_cache' from command line to 'False'
[0.436s] Level 5:colcon.colcon_core.verb:set package 'groot' build argument 'cmake_clean_first' from command line to 'False'
[0.436s] Level 5:colcon.colcon_core.verb:set package 'groot' build argument 'cmake_force_configure' from command line to 'False'
[0.436s] Level 5:colcon.colcon_core.verb:set package 'groot' build argument 'ament_cmake_args' from command line to 'None'
[0.436s] Level 5:colcon.colcon_core.verb:set package 'groot' build argument 'catkin_cmake_args' from command line to 'None'
[0.436s] Level 5:colcon.colcon_core.verb:set package 'groot' build argument 'catkin_skip_building_tests' from command line to 'False'
[0.436s] DEBUG:colcon.colcon_core.verb:Building package 'groot' with the following arguments: {'ament_cmake_args': None, 'build_base': '/home/edmund-munene/Documents/Programming-language-basics/Linux/Robotics/AConciseIntroductiontoRobotProgrammingwithROS2/bookros2_ws/build/groot', 'catkin_cmake_args': None, 'catkin_skip_building_tests': False, 'cmake_args': None, 'cmake_clean_cache': False, 'cmake_clean_first': False, 'cmake_force_configure': False, 'cmake_target': None, 'cmake_target_skip_unavailable': False, 'install_base': '/home/edmund-munene/Documents/Programming-language-basics/Linux/Robotics/AConciseIntroductiontoRobotProgrammingwithROS2/bookros2_ws/install/groot', 'merge_install': False, 'path': '/home/edmund-munene/Documents/Programming-language-basics/Linux/Robotics/AConciseIntroductiontoRobotProgrammingwithROS2/bookros2_ws/src/ThirdParty/Groot', 'symlink_install': True, 'test_result_base': None}
[0.436s] Level 5:colcon.colcon_core.verb:set package 'omni_base_description' build argument 'cmake_args' from command line to 'None'
[0.436s] Level 5:colcon.colcon_core.verb:set package 'omni_base_description' build argument 'cmake_target' from command line to 'None'
[0.436s] Level 5:colcon.colcon_core.verb:set package 'omni_base_description' build argument 'cmake_target_skip_unavailable' from command line to 'False'
[0.436s] Level 5:colcon.colcon_core.verb:set package 'omni_base_description' build argument 'cmake_clean_cache' from command line to 'False'
[0.436s] Level 5:colcon.colcon_core.verb:set package 'omni_base_description' build argument 'cmake_clean_first' from command line to 'False'
[0.436s] Level 5:colcon.colcon_core.verb:set package 'omni_base_description' build argument 'cmake_force_configure' from command line to 'False'
[0.436s] Level 5:colcon.colcon_core.verb:set package 'omni_base_description' build argument 'ament_cmake_args' from command line to 'None'
[0.436s] Level 5:colcon.colcon_core.verb:set package 'omni_base_description' build argument 'catkin_cmake_args' from command line to 'None'
[0.436s] Level 5:colcon.colcon_core.verb:set package 'omni_base_description' build argument 'catkin_skip_building_tests' from command line to 'False'
[0.436s] DEBUG:colcon.colcon_core.verb:Building package 'omni_base_description' with the following arguments: {'ament_cmake_args': None, 'build_base': '/home/edmund-munene/Documents/Programming-language-basics/Linux/Robotics/AConciseIntroductiontoRobotProgrammingwithROS2/bookros2_ws/build/omni_base_description', 'catkin_cmake_args': None, 'catkin_skip_building_tests': False, 'cmake_args': None, 'cmake_clean_cache': False, 'cmake_clean_first': False, 'cmake_force_configure': False, 'cmake_target': None, 'cmake_target_skip_unavailable': False, 'install_base': '/home/edmund-munene/Documents/Programming-language-basics/Linux/Robotics/AConciseIntroductiontoRobotProgrammingwithROS2/bookros2_ws/install/omni_base_description', 'merge_install': False, 'path': '/home/edmund-munene/Documents/Programming-language-basics/Linux/Robotics/AConciseIntroductiontoRobotProgrammingwithROS2/bookros2_ws/src/ThirdParty/tiago_omni_base/omni_base_description', 'symlink_install': True, 'test_result_base': None}
[0.437s] Level 5:colcon.colcon_core.verb:set package 'pal_gripper_description' build argument 'cmake_args' from command line to 'None'
[0.437s] Level 5:colcon.colcon_core.verb:set package 'pal_gripper_description' build argument 'cmake_target' from command line to 'None'
[0.437s] Level 5:colcon.colcon_core.verb:set package 'pal_gripper_description' build argument 'cmake_target_skip_unavailable' from command line to 'False'
[0.437s] Level 5:colcon.colcon_core.verb:set package 'pal_gripper_description' build argument 'cmake_clean_cache' from command line to 'False'
[0.437s] Level 5:colcon.colcon_core.verb:set package 'pal_gripper_description' build argument 'cmake_clean_first' from command line to 'False'
[0.437s] Level 5:colcon.colcon_core.verb:set package 'pal_gripper_description' build argument 'cmake_force_configure' from command line to 'False'
[0.437s] Level 5:colcon.colcon_core.verb:set package 'pal_gripper_description' build argument 'ament_cmake_args' from command line to 'None'
[0.437s] Level 5:colcon.colcon_core.verb:set package 'pal_gripper_description' build argument 'catkin_cmake_args' from command line to 'None'
[0.437s] Level 5:colcon.colcon_core.verb:set package 'pal_gripper_description' build argument 'catkin_skip_building_tests' from command line to 'False'
[0.437s] DEBUG:colcon.colcon_core.verb:Building package 'pal_gripper_description' with the following arguments: {'ament_cmake_args': None, 'build_base': '/home/edmund-munene/Documents/Programming-language-basics/Linux/Robotics/AConciseIntroductiontoRobotProgrammingwithROS2/bookros2_ws/build/pal_gripper_description', 'catkin_cmake_args': None, 'catkin_skip_building_tests': False, 'cmake_args': None, 'cmake_clean_cache': False, 'cmake_clean_first': False, 'cmake_force_configure': False, 'cmake_target': None, 'cmake_target_skip_unavailable': False, 'install_base': '/home/edmund-munene/Documents/Programming-language-basics/Linux/Robotics/AConciseIntroductiontoRobotProgrammingwithROS2/bookros2_ws/install/pal_gripper_description', 'merge_install': False, 'path': '/home/edmund-munene/Documents/Programming-language-basics/Linux/Robotics/AConciseIntroductiontoRobotProgrammingwithROS2/bookros2_ws/src/ThirdParty/pal_gripper/pal_gripper_description', 'symlink_install': True, 'test_result_base': None}
[0.437s] Level 5:colcon.colcon_core.verb:set package 'pal_hey5_description' build argument 'cmake_args' from command line to 'None'
[0.437s] Level 5:colcon.colcon_core.verb:set package 'pal_hey5_description' build argument 'cmake_target' from command line to 'None'
[0.437s] Level 5:colcon.colcon_core.verb:set package 'pal_hey5_description' build argument 'cmake_target_skip_unavailable' from command line to 'False'
[0.437s] Level 5:colcon.colcon_core.verb:set package 'pal_hey5_description' build argument 'cmake_clean_cache' from command line to 'False'
[0.437s] Level 5:colcon.colcon_core.verb:set package 'pal_hey5_description' build argument 'cmake_clean_first' from command line to 'False'
[0.437s] Level 5:colcon.colcon_core.verb:set package 'pal_hey5_description' build argument 'cmake_force_configure' from command line to 'False'
[0.437s] Level 5:colcon.colcon_core.verb:set package 'pal_hey5_description' build argument 'ament_cmake_args' from command line to 'None'
[0.437s] Level 5:colcon.colcon_core.verb:set package 'pal_hey5_description' build argument 'catkin_cmake_args' from command line to 'None'
[0.437s] Level 5:colcon.colcon_core.verb:set package 'pal_hey5_description' build argument 'catkin_skip_building_tests' from command line to 'False'
[0.437s] DEBUG:colcon.colcon_core.verb:Building package 'pal_hey5_description' with the following arguments: {'ament_cmake_args': None, 'build_base': '/home/edmund-munene/Documents/Programming-language-basics/Linux/Robotics/AConciseIntroductiontoRobotProgrammingwithROS2/bookros2_ws/build/pal_hey5_description', 'catkin_cmake_args': None, 'catkin_skip_building_tests': False, 'cmake_args': None, 'cmake_clean_cache': False, 'cmake_clean_first': False, 'cmake_force_configure': False, 'cmake_target': None, 'cmake_target_skip_unavailable': False, 'install_base': '/home/edmund-munene/Documents/Programming-language-basics/Linux/Robotics/AConciseIntroductiontoRobotProgrammingwithROS2/bookros2_ws/install/pal_hey5_description', 'merge_install': False, 'path': '/home/edmund-munene/Documents/Programming-language-basics/Linux/Robotics/AConciseIntroductiontoRobotProgrammingwithROS2/bookros2_ws/src/ThirdParty/pal_hey5/pal_hey5_description', 'symlink_install': True, 'test_result_base': None}
[0.437s] Level 5:colcon.colcon_core.verb:set package 'pal_robotiq_gripper' build argument 'cmake_args' from command line to 'None'
[0.437s] Level 5:colcon.colcon_core.verb:set package 'pal_robotiq_gripper' build argument 'cmake_target' from command line to 'None'
[0.437s] Level 5:colcon.colcon_core.verb:set package 'pal_robotiq_gripper' build argument 'cmake_target_skip_unavailable' from command line to 'False'
[0.437s] Level 5:colcon.colcon_core.verb:set package 'pal_robotiq_gripper' build argument 'cmake_clean_cache' from command line to 'False'
[0.437s] Level 5:colcon.colcon_core.verb:set package 'pal_robotiq_gripper' build argument 'cmake_clean_first' from command line to 'False'
[0.437s] Level 5:colcon.colcon_core.verb:set package 'pal_robotiq_gripper' build argument 'cmake_force_configure' from command line to 'False'
[0.437s] Level 5:colcon.colcon_core.verb:set package 'pal_robotiq_gripper' build argument 'ament_cmake_args' from command line to 'None'
[0.437s] Level 5:colcon.colcon_core.verb:set package 'pal_robotiq_gripper' build argument 'catkin_cmake_args' from command line to 'None'
[0.438s] Level 5:colcon.colcon_core.verb:set package 'pal_robotiq_gripper' build argument 'catkin_skip_building_tests' from command line to 'False'
[0.438s] DEBUG:colcon.colcon_core.verb:Building package 'pal_robotiq_gripper' with the following arguments: {'ament_cmake_args': None, 'build_base': '/home/edmund-munene/Documents/Programming-language-basics/Linux/Robotics/AConciseIntroductiontoRobotProgrammingwithROS2/bookros2_ws/build/pal_robotiq_gripper', 'catkin_cmake_args': None, 'catkin_skip_building_tests': False, 'cmake_args': None, 'cmake_clean_cache': False, 'cmake_clean_first': False, 'cmake_force_configure': False, 'cmake_target': None, 'cmake_target_skip_unavailable': False, 'install_base': '/home/edmund-munene/Documents/Programming-language-basics/Linux/Robotics/AConciseIntroductiontoRobotProgrammingwithROS2/bookros2_ws/install/pal_robotiq_gripper', 'merge_install': False, 'path': '/home/edmund-munene/Documents/Programming-language-basics/Linux/Robotics/AConciseIntroductiontoRobotProgrammingwithROS2/bookros2_ws/src/ThirdParty/pal_robotiq_gripper/pal_robotiq_gripper', 'symlink_install': True, 'test_result_base': None}
[0.438s] Level 5:colcon.colcon_core.verb:set package 'play_motion2' build argument 'cmake_args' from command line to 'None'
[0.438s] Level 5:colcon.colcon_core.verb:set package 'play_motion2' build argument 'cmake_target' from command line to 'None'
[0.438s] Level 5:colcon.colcon_core.verb:set package 'play_motion2' build argument 'cmake_target_skip_unavailable' from command line to 'False'
[0.438s] Level 5:colcon.colcon_core.verb:set package 'play_motion2' build argument 'cmake_clean_cache' from command line to 'False'
[0.438s] Level 5:colcon.colcon_core.verb:set package 'play_motion2' build argument 'cmake_clean_first' from command line to 'False'
[0.438s] Level 5:colcon.colcon_core.verb:set package 'play_motion2' build argument 'cmake_force_configure' from command line to 'False'
[0.438s] Level 5:colcon.colcon_core.verb:set package 'play_motion2' build argument 'ament_cmake_args' from command line to 'None'
[0.438s] Level 5:colcon.colcon_core.verb:set package 'play_motion2' build argument 'catkin_cmake_args' from command line to 'None'
[0.438s] Level 5:colcon.colcon_core.verb:set package 'play_motion2' build argument 'catkin_skip_building_tests' from command line to 'False'
[0.438s] DEBUG:colcon.colcon_core.verb:Building package 'play_motion2' with the following arguments: {'ament_cmake_args': None, 'build_base': '/home/edmund-munene/Documents/Programming-language-basics/Linux/Robotics/AConciseIntroductiontoRobotProgrammingwithROS2/bookros2_ws/build/play_motion2', 'catkin_cmake_args': None, 'catkin_skip_building_tests': False, 'cmake_args': None, 'cmake_clean_cache': False, 'cmake_clean_first': False, 'cmake_force_configure': False, 'cmake_target': None, 'cmake_target_skip_unavailable': False, 'install_base': '/home/edmund-munene/Documents/Programming-language-basics/Linux/Robotics/AConciseIntroductiontoRobotProgrammingwithROS2/bookros2_ws/install/play_motion2', 'merge_install': False, 'path': '/home/edmund-munene/Documents/Programming-language-basics/Linux/Robotics/AConciseIntroductiontoRobotProgrammingwithROS2/bookros2_ws/src/ThirdParty/play_motion2/play_motion2', 'symlink_install': True, 'test_result_base': None}
[0.438s] Level 5:colcon.colcon_core.verb:set package 'pmb2_2dnav' build argument 'cmake_args' from command line to 'None'
[0.438s] Level 5:colcon.colcon_core.verb:set package 'pmb2_2dnav' build argument 'cmake_target' from command line to 'None'
[0.438s] Level 5:colcon.colcon_core.verb:set package 'pmb2_2dnav' build argument 'cmake_target_skip_unavailable' from command line to 'False'
[0.438s] Level 5:colcon.colcon_core.verb:set package 'pmb2_2dnav' build argument 'cmake_clean_cache' from command line to 'False'
[0.438s] Level 5:colcon.colcon_core.verb:set package 'pmb2_2dnav' build argument 'cmake_clean_first' from command line to 'False'
[0.438s] Level 5:colcon.colcon_core.verb:set package 'pmb2_2dnav' build argument 'cmake_force_configure' from command line to 'False'
[0.438s] Level 5:colcon.colcon_core.verb:set package 'pmb2_2dnav' build argument 'ament_cmake_args' from command line to 'None'
[0.438s] Level 5:colcon.colcon_core.verb:set package 'pmb2_2dnav' build argument 'catkin_cmake_args' from command line to 'None'
[0.438s] Level 5:colcon.colcon_core.verb:set package 'pmb2_2dnav' build argument 'catkin_skip_building_tests' from command line to 'False'
[0.438s] DEBUG:colcon.colcon_core.verb:Building package 'pmb2_2dnav' with the following arguments: {'ament_cmake_args': None, 'build_base': '/home/edmund-munene/Documents/Programming-language-basics/Linux/Robotics/AConciseIntroductiontoRobotProgrammingwithROS2/bookros2_ws/build/pmb2_2dnav', 'catkin_cmake_args': None, 'catkin_skip_building_tests': False, 'cmake_args': None, 'cmake_clean_cache': False, 'cmake_clean_first': False, 'cmake_force_configure': False, 'cmake_target': None, 'cmake_target_skip_unavailable': False, 'install_base': '/home/edmund-munene/Documents/Programming-language-basics/Linux/Robotics/AConciseIntroductiontoRobotProgrammingwithROS2/bookros2_ws/install/pmb2_2dnav', 'merge_install': False, 'path': '/home/edmund-munene/Documents/Programming-language-basics/Linux/Robotics/AConciseIntroductiontoRobotProgrammingwithROS2/bookros2_ws/src/ThirdParty/pmb2_navigation/pmb2_2dnav', 'symlink_install': True, 'test_result_base': None}
[0.439s] Level 5:colcon.colcon_core.verb:set package 'pmb2_controller_configuration' build argument 'cmake_args' from command line to 'None'
[0.439s] Level 5:colcon.colcon_core.verb:set package 'pmb2_controller_configuration' build argument 'cmake_target' from command line to 'None'
[0.439s] Level 5:colcon.colcon_core.verb:set package 'pmb2_controller_configuration' build argument 'cmake_target_skip_unavailable' from command line to 'False'
[0.439s] Level 5:colcon.colcon_core.verb:set package 'pmb2_controller_configuration' build argument 'cmake_clean_cache' from command line to 'False'
[0.439s] Level 5:colcon.colcon_core.verb:set package 'pmb2_controller_configuration' build argument 'cmake_clean_first' from command line to 'False'
[0.439s] Level 5:colcon.colcon_core.verb:set package 'pmb2_controller_configuration' build argument 'cmake_force_configure' from command line to 'False'
[0.439s] Level 5:colcon.colcon_core.verb:set package 'pmb2_controller_configuration' build argument 'ament_cmake_args' from command line to 'None'
[0.439s] Level 5:colcon.colcon_core.verb:set package 'pmb2_controller_configuration' build argument 'catkin_cmake_args' from command line to 'None'
[0.439s] Level 5:colcon.colcon_core.verb:set package 'pmb2_controller_configuration' build argument 'catkin_skip_building_tests' from command line to 'False'
[0.439s] DEBUG:colcon.colcon_core.verb:Building package 'pmb2_controller_configuration' with the following arguments: {'ament_cmake_args': None, 'build_base': '/home/edmund-munene/Documents/Programming-language-basics/Linux/Robotics/AConciseIntroductiontoRobotProgrammingwithROS2/bookros2_ws/build/pmb2_controller_configuration', 'catkin_cmake_args': None, 'catkin_skip_building_tests': False, 'cmake_args': None, 'cmake_clean_cache': False, 'cmake_clean_first': False, 'cmake_force_configure': False, 'cmake_target': None, 'cmake_target_skip_unavailable': False, 'install_base': '/home/edmund-munene/Documents/Programming-language-basics/Linux/Robotics/AConciseIntroductiontoRobotProgrammingwithROS2/bookros2_ws/install/pmb2_controller_configuration', 'merge_install': False, 'path': '/home/edmund-munene/Documents/Programming-language-basics/Linux/Robotics/AConciseIntroductiontoRobotProgrammingwithROS2/bookros2_ws/src/ThirdParty/pmb2_robot/pmb2_controller_configuration', 'symlink_install': True, 'test_result_base': None}
[0.439s] Level 5:colcon.colcon_core.verb:set package 'pmb2_description' build argument 'cmake_args' from command line to 'None'
[0.439s] Level 5:colcon.colcon_core.verb:set package 'pmb2_description' build argument 'cmake_target' from command line to 'None'
[0.439s] Level 5:colcon.colcon_core.verb:set package 'pmb2_description' build argument 'cmake_target_skip_unavailable' from command line to 'False'
[0.439s] Level 5:colcon.colcon_core.verb:set package 'pmb2_description' build argument 'cmake_clean_cache' from command line to 'False'
[0.439s] Level 5:colcon.colcon_core.verb:set package 'pmb2_description' build argument 'cmake_clean_first' from command line to 'False'
[0.439s] Level 5:colcon.colcon_core.verb:set package 'pmb2_description' build argument 'cmake_force_configure' from command line to 'False'
[0.439s] Level 5:colcon.colcon_core.verb:set package 'pmb2_description' build argument 'ament_cmake_args' from command line to 'None'
[0.439s] Level 5:colcon.colcon_core.verb:set package 'pmb2_description' build argument 'catkin_cmake_args' from command line to 'None'
[0.439s] Level 5:colcon.colcon_core.verb:set package 'pmb2_description' build argument 'catkin_skip_building_tests' from command line to 'False'
[0.439s] DEBUG:colcon.colcon_core.verb:Building package 'pmb2_description' with the following arguments: {'ament_cmake_args': None, 'build_base': '/home/edmund-munene/Documents/Programming-language-basics/Linux/Robotics/AConciseIntroductiontoRobotProgrammingwithROS2/bookros2_ws/build/pmb2_description', 'catkin_cmake_args': None, 'catkin_skip_building_tests': False, 'cmake_args': None, 'cmake_clean_cache': False, 'cmake_clean_first': False, 'cmake_force_configure': False, 'cmake_target': None, 'cmake_target_skip_unavailable': False, 'install_base': '/home/edmund-munene/Documents/Programming-language-basics/Linux/Robotics/AConciseIntroductiontoRobotProgrammingwithROS2/bookros2_ws/install/pmb2_description', 'merge_install': False, 'path': '/home/edmund-munene/Documents/Programming-language-basics/Linux/Robotics/AConciseIntroductiontoRobotProgrammingwithROS2/bookros2_ws/src/ThirdParty/pmb2_robot/pmb2_description', 'symlink_install': True, 'test_result_base': None}
[0.439s] Level 5:colcon.colcon_core.verb:set package 'pmb2_rgbd_sensors' build argument 'cmake_args' from command line to 'None'
[0.439s] Level 5:colcon.colcon_core.verb:set package 'pmb2_rgbd_sensors' build argument 'cmake_target' from command line to 'None'
[0.439s] Level 5:colcon.colcon_core.verb:set package 'pmb2_rgbd_sensors' build argument 'cmake_target_skip_unavailable' from command line to 'False'
[0.439s] Level 5:colcon.colcon_core.verb:set package 'pmb2_rgbd_sensors' build argument 'cmake_clean_cache' from command line to 'False'
[0.439s] Level 5:colcon.colcon_core.verb:set package 'pmb2_rgbd_sensors' build argument 'cmake_clean_first' from command line to 'False'
[0.439s] Level 5:colcon.colcon_core.verb:set package 'pmb2_rgbd_sensors' build argument 'cmake_force_configure' from command line to 'False'
[0.439s] Level 5:colcon.colcon_core.verb:set package 'pmb2_rgbd_sensors' build argument 'ament_cmake_args' from command line to 'None'
[0.439s] Level 5:colcon.colcon_core.verb:set package 'pmb2_rgbd_sensors' build argument 'catkin_cmake_args' from command line to 'None'
[0.439s] Level 5:colcon.colcon_core.verb:set package 'pmb2_rgbd_sensors' build argument 'catkin_skip_building_tests' from command line to 'False'
[0.440s] DEBUG:colcon.colcon_core.verb:Building package 'pmb2_rgbd_sensors' with the following arguments: {'ament_cmake_args': None, 'build_base': '/home/edmund-munene/Documents/Programming-language-basics/Linux/Robotics/AConciseIntroductiontoRobotProgrammingwithROS2/bookros2_ws/build/pmb2_rgbd_sensors', 'catkin_cmake_args': None, 'catkin_skip_building_tests': False, 'cmake_args': None, 'cmake_clean_cache': False, 'cmake_clean_first': False, 'cmake_force_configure': False, 'cmake_target': None, 'cmake_target_skip_unavailable': False, 'install_base': '/home/edmund-munene/Documents/Programming-language-basics/Linux/Robotics/AConciseIntroductiontoRobotProgrammingwithROS2/bookros2_ws/install/pmb2_rgbd_sensors', 'merge_install': False, 'path': '/home/edmund-munene/Documents/Programming-language-basics/Linux/Robotics/AConciseIntroductiontoRobotProgrammingwithROS2/bookros2_ws/src/ThirdParty/pmb2_navigation/pmb2_rgbd_sensors', 'symlink_install': True, 'test_result_base': None}
[0.440s] Level 5:colcon.colcon_core.verb:set package 'omni_base_bringup' build argument 'cmake_args' from command line to 'None'
[0.440s] Level 5:colcon.colcon_core.verb:set package 'omni_base_bringup' build argument 'cmake_target' from command line to 'None'
[0.440s] Level 5:colcon.colcon_core.verb:set package 'omni_base_bringup' build argument 'cmake_target_skip_unavailable' from command line to 'False'
[0.440s] Level 5:colcon.colcon_core.verb:set package 'omni_base_bringup' build argument 'cmake_clean_cache' from command line to 'False'
[0.440s] Level 5:colcon.colcon_core.verb:set package 'omni_base_bringup' build argument 'cmake_clean_first' from command line to 'False'
[0.440s] Level 5:colcon.colcon_core.verb:set package 'omni_base_bringup' build argument 'cmake_force_configure' from command line to 'False'
[0.440s] Level 5:colcon.colcon_core.verb:set package 'omni_base_bringup' build argument 'ament_cmake_args' from command line to 'None'
[0.440s] Level 5:colcon.colcon_core.verb:set package 'omni_base_bringup' build argument 'catkin_cmake_args' from command line to 'None'
[0.440s] Level 5:colcon.colcon_core.verb:set package 'omni_base_bringup' build argument 'catkin_skip_building_tests' from command line to 'False'
[0.440s] DEBUG:colcon.colcon_core.verb:Building package 'omni_base_bringup' with the following arguments: {'ament_cmake_args': None, 'build_base': '/home/edmund-munene/Documents/Programming-language-basics/Linux/Robotics/AConciseIntroductiontoRobotProgrammingwithROS2/bookros2_ws/build/omni_base_bringup', 'catkin_cmake_args': None, 'catkin_skip_building_tests': False, 'cmake_args': None, 'cmake_clean_cache': False, 'cmake_clean_first': False, 'cmake_force_configure': False, 'cmake_target': None, 'cmake_target_skip_unavailable': False, 'install_base': '/home/edmund-munene/Documents/Programming-language-basics/Linux/Robotics/AConciseIntroductiontoRobotProgrammingwithROS2/bookros2_ws/install/omni_base_bringup', 'merge_install': False, 'path': '/home/edmund-munene/Documents/Programming-language-basics/Linux/Robotics/AConciseIntroductiontoRobotProgrammingwithROS2/bookros2_ws/src/ThirdParty/tiago_omni_base/omni_base_bringup', 'symlink_install': True, 'test_result_base': None}
[0.440s] Level 5:colcon.colcon_core.verb:set package 'pal_gripper' build argument 'cmake_args' from command line to 'None'
[0.440s] Level 5:colcon.colcon_core.verb:set package 'pal_gripper' build argument 'cmake_target' from command line to 'None'
[0.440s] Level 5:colcon.colcon_core.verb:set package 'pal_gripper' build argument 'cmake_target_skip_unavailable' from command line to 'False'
[0.440s] Level 5:colcon.colcon_core.verb:set package 'pal_gripper' build argument 'cmake_clean_cache' from command line to 'False'
[0.440s] Level 5:colcon.colcon_core.verb:set package 'pal_gripper' build argument 'cmake_clean_first' from command line to 'False'
[0.440s] Level 5:colcon.colcon_core.verb:set package 'pal_gripper' build argument 'cmake_force_configure' from command line to 'False'
[0.440s] Level 5:colcon.colcon_core.verb:set package 'pal_gripper' build argument 'ament_cmake_args' from command line to 'None'
[0.440s] Level 5:colcon.colcon_core.verb:set package 'pal_gripper' build argument 'catkin_cmake_args' from command line to 'None'
[0.440s] Level 5:colcon.colcon_core.verb:set package 'pal_gripper' build argument 'catkin_skip_building_tests' from command line to 'False'
[0.440s] DEBUG:colcon.colcon_core.verb:Building package 'pal_gripper' with the following arguments: {'ament_cmake_args': None, 'build_base': '/home/edmund-munene/Documents/Programming-language-basics/Linux/Robotics/AConciseIntroductiontoRobotProgrammingwithROS2/bookros2_ws/build/pal_gripper', 'catkin_cmake_args': None, 'catkin_skip_building_tests': False, 'cmake_args': None, 'cmake_clean_cache': False, 'cmake_clean_first': False, 'cmake_force_configure': False, 'cmake_target': None, 'cmake_target_skip_unavailable': False, 'install_base': '/home/edmund-munene/Documents/Programming-language-basics/Linux/Robotics/AConciseIntroductiontoRobotProgrammingwithROS2/bookros2_ws/install/pal_gripper', 'merge_install': False, 'path': '/home/edmund-munene/Documents/Programming-language-basics/Linux/Robotics/AConciseIntroductiontoRobotProgrammingwithROS2/bookros2_ws/src/ThirdParty/pal_gripper/pal_gripper', 'symlink_install': True, 'test_result_base': None}
[0.441s] Level 5:colcon.colcon_core.verb:set package 'pal_gripper_simulation' build argument 'cmake_args' from command line to 'None'
[0.441s] Level 5:colcon.colcon_core.verb:set package 'pal_gripper_simulation' build argument 'cmake_target' from command line to 'None'
[0.441s] Level 5:colcon.colcon_core.verb:set package 'pal_gripper_simulation' build argument 'cmake_target_skip_unavailable' from command line to 'False'
[0.441s] Level 5:colcon.colcon_core.verb:set package 'pal_gripper_simulation' build argument 'cmake_clean_cache' from command line to 'False'
[0.441s] Level 5:colcon.colcon_core.verb:set package 'pal_gripper_simulation' build argument 'cmake_clean_first' from command line to 'False'
[0.441s] Level 5:colcon.colcon_core.verb:set package 'pal_gripper_simulation' build argument 'cmake_force_configure' from command line to 'False'
[0.441s] Level 5:colcon.colcon_core.verb:set package 'pal_gripper_simulation' build argument 'ament_cmake_args' from command line to 'None'
[0.441s] Level 5:colcon.colcon_core.verb:set package 'pal_gripper_simulation' build argument 'catkin_cmake_args' from command line to 'None'
[0.441s] Level 5:colcon.colcon_core.verb:set package 'pal_gripper_simulation' build argument 'catkin_skip_building_tests' from command line to 'False'
[0.441s] DEBUG:colcon.colcon_core.verb:Building package 'pal_gripper_simulation' with the following arguments: {'ament_cmake_args': None, 'build_base': '/home/edmund-munene/Documents/Programming-language-basics/Linux/Robotics/AConciseIntroductiontoRobotProgrammingwithROS2/bookros2_ws/build/pal_gripper_simulation', 'catkin_cmake_args': None, 'catkin_skip_building_tests': False, 'cmake_args': None, 'cmake_clean_cache': False, 'cmake_clean_first': False, 'cmake_force_configure': False, 'cmake_target': None, 'cmake_target_skip_unavailable': False, 'install_base': '/home/edmund-munene/Documents/Programming-language-basics/Linux/Robotics/AConciseIntroductiontoRobotProgrammingwithROS2/bookros2_ws/install/pal_gripper_simulation', 'merge_install': False, 'path': '/home/edmund-munene/Documents/Programming-language-basics/Linux/Robotics/AConciseIntroductiontoRobotProgrammingwithROS2/bookros2_ws/src/ThirdParty/pal_gripper/pal_gripper_simulation', 'symlink_install': True, 'test_result_base': None}
[0.441s] Level 5:colcon.colcon_core.verb:set package 'pal_hey5' build argument 'cmake_args' from command line to 'None'
[0.441s] Level 5:colcon.colcon_core.verb:set package 'pal_hey5' build argument 'cmake_target' from command line to 'None'
[0.441s] Level 5:colcon.colcon_core.verb:set package 'pal_hey5' build argument 'cmake_target_skip_unavailable' from command line to 'False'
[0.441s] Level 5:colcon.colcon_core.verb:set package 'pal_hey5' build argument 'cmake_clean_cache' from command line to 'False'
[0.441s] Level 5:colcon.colcon_core.verb:set package 'pal_hey5' build argument 'cmake_clean_first' from command line to 'False'
[0.441s] Level 5:colcon.colcon_core.verb:set package 'pal_hey5' build argument 'cmake_force_configure' from command line to 'False'
[0.441s] Level 5:colcon.colcon_core.verb:set package 'pal_hey5' build argument 'ament_cmake_args' from command line to 'None'
[0.441s] Level 5:colcon.colcon_core.verb:set package 'pal_hey5' build argument 'catkin_cmake_args' from command line to 'None'
[0.441s] Level 5:colcon.colcon_core.verb:set package 'pal_hey5' build argument 'catkin_skip_building_tests' from command line to 'False'
[0.441s] DEBUG:colcon.colcon_core.verb:Building package 'pal_hey5' with the following arguments: {'ament_cmake_args': None, 'build_base': '/home/edmund-munene/Documents/Programming-language-basics/Linux/Robotics/AConciseIntroductiontoRobotProgrammingwithROS2/bookros2_ws/build/pal_hey5', 'catkin_cmake_args': None, 'catkin_skip_building_tests': False, 'cmake_args': None, 'cmake_clean_cache': False, 'cmake_clean_first': False, 'cmake_force_configure': False, 'cmake_target': None, 'cmake_target_skip_unavailable': False, 'install_base': '/home/edmund-munene/Documents/Programming-language-basics/Linux/Robotics/AConciseIntroductiontoRobotProgrammingwithROS2/bookros2_ws/install/pal_hey5', 'merge_install': False, 'path': '/home/edmund-munene/Documents/Programming-language-basics/Linux/Robotics/AConciseIntroductiontoRobotProgrammingwithROS2/bookros2_ws/src/ThirdParty/pal_hey5/pal_hey5', 'symlink_install': True, 'test_result_base': None}
[0.441s] Level 5:colcon.colcon_core.verb:set package 'pmb2_bringup' build argument 'cmake_args' from command line to 'None'
[0.441s] Level 5:colcon.colcon_core.verb:set package 'pmb2_bringup' build argument 'cmake_target' from command line to 'None'
[0.441s] Level 5:colcon.colcon_core.verb:set package 'pmb2_bringup' build argument 'cmake_target_skip_unavailable' from command line to 'False'
[0.441s] Level 5:colcon.colcon_core.verb:set package 'pmb2_bringup' build argument 'cmake_clean_cache' from command line to 'False'
[0.441s] Level 5:colcon.colcon_core.verb:set package 'pmb2_bringup' build argument 'cmake_clean_first' from command line to 'False'
[0.441s] Level 5:colcon.colcon_core.verb:set package 'pmb2_bringup' build argument 'cmake_force_configure' from command line to 'False'
[0.441s] Level 5:colcon.colcon_core.verb:set package 'pmb2_bringup' build argument 'ament_cmake_args' from command line to 'None'
[0.441s] Level 5:colcon.colcon_core.verb:set package 'pmb2_bringup' build argument 'catkin_cmake_args' from command line to 'None'
[0.441s] Level 5:colcon.colcon_core.verb:set package 'pmb2_bringup' build argument 'catkin_skip_building_tests' from command line to 'False'
[0.441s] DEBUG:colcon.colcon_core.verb:Building package 'pmb2_bringup' with the following arguments: {'ament_cmake_args': None, 'build_base': '/home/edmund-munene/Documents/Programming-language-basics/Linux/Robotics/AConciseIntroductiontoRobotProgrammingwithROS2/bookros2_ws/build/pmb2_bringup', 'catkin_cmake_args': None, 'catkin_skip_building_tests': False, 'cmake_args': None, 'cmake_clean_cache': False, 'cmake_clean_first': False, 'cmake_force_configure': False, 'cmake_target': None, 'cmake_target_skip_unavailable': False, 'install_base': '/home/edmund-munene/Documents/Programming-language-basics/Linux/Robotics/AConciseIntroductiontoRobotProgrammingwithROS2/bookros2_ws/install/pmb2_bringup', 'merge_install': False, 'path': '/home/edmund-munene/Documents/Programming-language-basics/Linux/Robotics/AConciseIntroductiontoRobotProgrammingwithROS2/bookros2_ws/src/ThirdParty/pmb2_robot/pmb2_bringup', 'symlink_install': True, 'test_result_base': None}
[0.442s] Level 5:colcon.colcon_core.verb:set package 'pmb2_navigation' build argument 'cmake_args' from command line to 'None'
[0.442s] Level 5:colcon.colcon_core.verb:set package 'pmb2_navigation' build argument 'cmake_target' from command line to 'None'
[0.442s] Level 5:colcon.colcon_core.verb:set package 'pmb2_navigation' build argument 'cmake_target_skip_unavailable' from command line to 'False'
[0.442s] Level 5:colcon.colcon_core.verb:set package 'pmb2_navigation' build argument 'cmake_clean_cache' from command line to 'False'
[0.442s] Level 5:colcon.colcon_core.verb:set package 'pmb2_navigation' build argument 'cmake_clean_first' from command line to 'False'
[0.442s] Level 5:colcon.colcon_core.verb:set package 'pmb2_navigation' build argument 'cmake_force_configure' from command line to 'False'
[0.442s] Level 5:colcon.colcon_core.verb:set package 'pmb2_navigation' build argument 'ament_cmake_args' from command line to 'None'
[0.442s] Level 5:colcon.colcon_core.verb:set package 'pmb2_navigation' build argument 'catkin_cmake_args' from command line to 'None'
[0.442s] Level 5:colcon.colcon_core.verb:set package 'pmb2_navigation' build argument 'catkin_skip_building_tests' from command line to 'False'
[0.442s] DEBUG:colcon.colcon_core.verb:Building package 'pmb2_navigation' with the following arguments: {'ament_cmake_args': None, 'build_base': '/home/edmund-munene/Documents/Programming-language-basics/Linux/Robotics/AConciseIntroductiontoRobotProgrammingwithROS2/bookros2_ws/build/pmb2_navigation', 'catkin_cmake_args': None, 'catkin_skip_building_tests': False, 'cmake_args': None, 'cmake_clean_cache': False, 'cmake_clean_first': False, 'cmake_force_configure': False, 'cmake_target': None, 'cmake_target_skip_unavailable': False, 'install_base': '/home/edmund-munene/Documents/Programming-language-basics/Linux/Robotics/AConciseIntroductiontoRobotProgrammingwithROS2/bookros2_ws/install/pmb2_navigation', 'merge_install': False, 'path': '/home/edmund-munene/Documents/Programming-language-basics/Linux/Robotics/AConciseIntroductiontoRobotProgrammingwithROS2/bookros2_ws/src/ThirdParty/pmb2_navigation/pmb2_navigation', 'symlink_install': True, 'test_result_base': None}
[0.442s] Level 5:colcon.colcon_core.verb:set package 'tiago_controller_configuration' build argument 'cmake_args' from command line to 'None'
[0.442s] Level 5:colcon.colcon_core.verb:set package 'tiago_controller_configuration' build argument 'cmake_target' from command line to 'None'
[0.442s] Level 5:colcon.colcon_core.verb:set package 'tiago_controller_configuration' build argument 'cmake_target_skip_unavailable' from command line to 'False'
[0.442s] Level 5:colcon.colcon_core.verb:set package 'tiago_controller_configuration' build argument 'cmake_clean_cache' from command line to 'False'
[0.442s] Level 5:colcon.colcon_core.verb:set package 'tiago_controller_configuration' build argument 'cmake_clean_first' from command line to 'False'
[0.442s] Level 5:colcon.colcon_core.verb:set package 'tiago_controller_configuration' build argument 'cmake_force_configure' from command line to 'False'
[0.442s] Level 5:colcon.colcon_core.verb:set package 'tiago_controller_configuration' build argument 'ament_cmake_args' from command line to 'None'
[0.442s] Level 5:colcon.colcon_core.verb:set package 'tiago_controller_configuration' build argument 'catkin_cmake_args' from command line to 'None'
[0.442s] Level 5:colcon.colcon_core.verb:set package 'tiago_controller_configuration' build argument 'catkin_skip_building_tests' from command line to 'False'
[0.442s] DEBUG:colcon.colcon_core.verb:Building package 'tiago_controller_configuration' with the following arguments: {'ament_cmake_args': None, 'build_base': '/home/edmund-munene/Documents/Programming-language-basics/Linux/Robotics/AConciseIntroductiontoRobotProgrammingwithROS2/bookros2_ws/build/tiago_controller_configuration', 'catkin_cmake_args': None, 'catkin_skip_building_tests': False, 'cmake_args': None, 'cmake_clean_cache': False, 'cmake_clean_first': False, 'cmake_force_configure': False, 'cmake_target': None, 'cmake_target_skip_unavailable': False, 'install_base': '/home/edmund-munene/Documents/Programming-language-basics/Linux/Robotics/AConciseIntroductiontoRobotProgrammingwithROS2/bookros2_ws/install/tiago_controller_configuration', 'merge_install': False, 'path': '/home/edmund-munene/Documents/Programming-language-basics/Linux/Robotics/AConciseIntroductiontoRobotProgrammingwithROS2/bookros2_ws/src/ThirdParty/tiago_robot/tiago_controller_configuration', 'symlink_install': True, 'test_result_base': None}
[0.443s] Level 5:colcon.colcon_core.verb:set package 'tiago_description' build argument 'cmake_args' from command line to 'None'
[0.443s] Level 5:colcon.colcon_core.verb:set package 'tiago_description' build argument 'cmake_target' from command line to 'None'
[0.443s] Level 5:colcon.colcon_core.verb:set package 'tiago_description' build argument 'cmake_target_skip_unavailable' from command line to 'False'
[0.443s] Level 5:colcon.colcon_core.verb:set package 'tiago_description' build argument 'cmake_clean_cache' from command line to 'False'
[0.443s] Level 5:colcon.colcon_core.verb:set package 'tiago_description' build argument 'cmake_clean_first' from command line to 'False'
[0.443s] Level 5:colcon.colcon_core.verb:set package 'tiago_description' build argument 'cmake_force_configure' from command line to 'False'
[0.443s] Level 5:colcon.colcon_core.verb:set package 'tiago_description' build argument 'ament_cmake_args' from command line to 'None'
[0.443s] Level 5:colcon.colcon_core.verb:set package 'tiago_description' build argument 'catkin_cmake_args' from command line to 'None'
[0.443s] Level 5:colcon.colcon_core.verb:set package 'tiago_description' build argument 'catkin_skip_building_tests' from command line to 'False'
[0.443s] DEBUG:colcon.colcon_core.verb:Building package 'tiago_description' with the following arguments: {'ament_cmake_args': None, 'build_base': '/home/edmund-munene/Documents/Programming-language-basics/Linux/Robotics/AConciseIntroductiontoRobotProgrammingwithROS2/bookros2_ws/build/tiago_description', 'catkin_cmake_args': None, 'catkin_skip_building_tests': False, 'cmake_args': None, 'cmake_clean_cache': False, 'cmake_clean_first': False, 'cmake_force_configure': False, 'cmake_target': None, 'cmake_target_skip_unavailable': False, 'install_base': '/home/edmund-munene/Documents/Programming-language-basics/Linux/Robotics/AConciseIntroductiontoRobotProgrammingwithROS2/bookros2_ws/install/tiago_description', 'merge_install': False, 'path': '/home/edmund-munene/Documents/Programming-language-basics/Linux/Robotics/AConciseIntroductiontoRobotProgrammingwithROS2/bookros2_ws/src/ThirdParty/tiago_robot/tiago_description', 'symlink_install': True, 'test_result_base': None}
[0.443s] Level 5:colcon.colcon_core.verb:set package 'omni_base_robot' build argument 'cmake_args' from command line to 'None'
[0.443s] Level 5:colcon.colcon_core.verb:set package 'omni_base_robot' build argument 'cmake_target' from command line to 'None'
[0.443s] Level 5:colcon.colcon_core.verb:set package 'omni_base_robot' build argument 'cmake_target_skip_unavailable' from command line to 'False'
[0.443s] Level 5:colcon.colcon_core.verb:set package 'omni_base_robot' build argument 'cmake_clean_cache' from command line to 'False'
[0.443s] Level 5:colcon.colcon_core.verb:set package 'omni_base_robot' build argument 'cmake_clean_first' from command line to 'False'
[0.443s] Level 5:colcon.colcon_core.verb:set package 'omni_base_robot' build argument 'cmake_force_configure' from command line to 'False'
[0.443s] Level 5:colcon.colcon_core.verb:set package 'omni_base_robot' build argument 'ament_cmake_args' from command line to 'None'
[0.443s] Level 5:colcon.colcon_core.verb:set package 'omni_base_robot' build argument 'catkin_cmake_args' from command line to 'None'
[0.443s] Level 5:colcon.colcon_core.verb:set package 'omni_base_robot' build argument 'catkin_skip_building_tests' from command line to 'False'
[0.443s] DEBUG:colcon.colcon_core.verb:Building package 'omni_base_robot' with the following arguments: {'ament_cmake_args': None, 'build_base': '/home/edmund-munene/Documents/Programming-language-basics/Linux/Robotics/AConciseIntroductiontoRobotProgrammingwithROS2/bookros2_ws/build/omni_base_robot', 'catkin_cmake_args': None, 'catkin_skip_building_tests': False, 'cmake_args': None, 'cmake_clean_cache': False, 'cmake_clean_first': False, 'cmake_force_configure': False, 'cmake_target': None, 'cmake_target_skip_unavailable': False, 'install_base': '/home/edmund-munene/Documents/Programming-language-basics/Linux/Robotics/AConciseIntroductiontoRobotProgrammingwithROS2/bookros2_ws/install/omni_base_robot', 'merge_install': False, 'path': '/home/edmund-munene/Documents/Programming-language-basics/Linux/Robotics/AConciseIntroductiontoRobotProgrammingwithROS2/bookros2_ws/src/ThirdParty/tiago_omni_base/omni_base_robot', 'symlink_install': True, 'test_result_base': None}
[0.443s] Level 5:colcon.colcon_core.verb:set package 'pmb2_robot' build argument 'cmake_args' from command line to 'None'
[0.443s] Level 5:colcon.colcon_core.verb:set package 'pmb2_robot' build argument 'cmake_target' from command line to 'None'
[0.443s] Level 5:colcon.colcon_core.verb:set package 'pmb2_robot' build argument 'cmake_target_skip_unavailable' from command line to 'False'
[0.443s] Level 5:colcon.colcon_core.verb:set package 'pmb2_robot' build argument 'cmake_clean_cache' from command line to 'False'
[0.443s] Level 5:colcon.colcon_core.verb:set package 'pmb2_robot' build argument 'cmake_clean_first' from command line to 'False'
[0.444s] Level 5:colcon.colcon_core.verb:set package 'pmb2_robot' build argument 'cmake_force_configure' from command line to 'False'
[0.444s] Level 5:colcon.colcon_core.verb:set package 'pmb2_robot' build argument 'ament_cmake_args' from command line to 'None'
[0.444s] Level 5:colcon.colcon_core.verb:set package 'pmb2_robot' build argument 'catkin_cmake_args' from command line to 'None'
[0.444s] Level 5:colcon.colcon_core.verb:set package 'pmb2_robot' build argument 'catkin_skip_building_tests' from command line to 'False'
[0.444s] DEBUG:colcon.colcon_core.verb:Building package 'pmb2_robot' with the following arguments: {'ament_cmake_args': None, 'build_base': '/home/edmund-munene/Documents/Programming-language-basics/Linux/Robotics/AConciseIntroductiontoRobotProgrammingwithROS2/bookros2_ws/build/pmb2_robot', 'catkin_cmake_args': None, 'catkin_skip_building_tests': False, 'cmake_args': None, 'cmake_clean_cache': False, 'cmake_clean_first': False, 'cmake_force_configure': False, 'cmake_target': None, 'cmake_target_skip_unavailable': False, 'install_base': '/home/edmund-munene/Documents/Programming-language-basics/Linux/Robotics/AConciseIntroductiontoRobotProgrammingwithROS2/bookros2_ws/install/pmb2_robot', 'merge_install': False, 'path': '/home/edmund-munene/Documents/Programming-language-basics/Linux/Robotics/AConciseIntroductiontoRobotProgrammingwithROS2/bookros2_ws/src/ThirdParty/pmb2_robot/pmb2_robot', 'symlink_install': True, 'test_result_base': None}
[0.444s] Level 5:colcon.colcon_core.verb:set package 'tiago_2dnav' build argument 'cmake_args' from command line to 'None'
[0.444s] Level 5:colcon.colcon_core.verb:set package 'tiago_2dnav' build argument 'cmake_target' from command line to 'None'
[0.444s] Level 5:colcon.colcon_core.verb:set package 'tiago_2dnav' build argument 'cmake_target_skip_unavailable' from command line to 'False'
[0.444s] Level 5:colcon.colcon_core.verb:set package 'tiago_2dnav' build argument 'cmake_clean_cache' from command line to 'False'
[0.444s] Level 5:colcon.colcon_core.verb:set package 'tiago_2dnav' build argument 'cmake_clean_first' from command line to 'False'
[0.444s] Level 5:colcon.colcon_core.verb:set package 'tiago_2dnav' build argument 'cmake_force_configure' from command line to 'False'
[0.444s] Level 5:colcon.colcon_core.verb:set package 'tiago_2dnav' build argument 'ament_cmake_args' from command line to 'None'
[0.444s] Level 5:colcon.colcon_core.verb:set package 'tiago_2dnav' build argument 'catkin_cmake_args' from command line to 'None'
[0.444s] Level 5:colcon.colcon_core.verb:set package 'tiago_2dnav' build argument 'catkin_skip_building_tests' from command line to 'False'
[0.444s] DEBUG:colcon.colcon_core.verb:Building package 'tiago_2dnav' with the following arguments: {'ament_cmake_args': None, 'build_base': '/home/edmund-munene/Documents/Programming-language-basics/Linux/Robotics/AConciseIntroductiontoRobotProgrammingwithROS2/bookros2_ws/build/tiago_2dnav', 'catkin_cmake_args': None, 'catkin_skip_building_tests': False, 'cmake_args': None, 'cmake_clean_cache': False, 'cmake_clean_first': False, 'cmake_force_configure': False, 'cmake_target': None, 'cmake_target_skip_unavailable': False, 'install_base': '/home/edmund-munene/Documents/Programming-language-basics/Linux/Robotics/AConciseIntroductiontoRobotProgrammingwithROS2/bookros2_ws/install/tiago_2dnav', 'merge_install': False, 'path': '/home/edmund-munene/Documents/Programming-language-basics/Linux/Robotics/AConciseIntroductiontoRobotProgrammingwithROS2/bookros2_ws/src/ThirdParty/tiago_navigation/tiago_2dnav', 'symlink_install': True, 'test_result_base': None}
[0.444s] Level 5:colcon.colcon_core.verb:set package 'tiago_bringup' build argument 'cmake_args' from command line to 'None'
[0.444s] Level 5:colcon.colcon_core.verb:set package 'tiago_bringup' build argument 'cmake_target' from command line to 'None'
[0.444s] Level 5:colcon.colcon_core.verb:set package 'tiago_bringup' build argument 'cmake_target_skip_unavailable' from command line to 'False'
[0.444s] Level 5:colcon.colcon_core.verb:set package 'tiago_bringup' build argument 'cmake_clean_cache' from command line to 'False'
[0.444s] Level 5:colcon.colcon_core.verb:set package 'tiago_bringup' build argument 'cmake_clean_first' from command line to 'False'
[0.444s] Level 5:colcon.colcon_core.verb:set package 'tiago_bringup' build argument 'cmake_force_configure' from command line to 'False'
[0.444s] Level 5:colcon.colcon_core.verb:set package 'tiago_bringup' build argument 'ament_cmake_args' from command line to 'None'
[0.444s] Level 5:colcon.colcon_core.verb:set package 'tiago_bringup' build argument 'catkin_cmake_args' from command line to 'None'
[0.444s] Level 5:colcon.colcon_core.verb:set package 'tiago_bringup' build argument 'catkin_skip_building_tests' from command line to 'False'
[0.444s] DEBUG:colcon.colcon_core.verb:Building package 'tiago_bringup' with the following arguments: {'ament_cmake_args': None, 'build_base': '/home/edmund-munene/Documents/Programming-language-basics/Linux/Robotics/AConciseIntroductiontoRobotProgrammingwithROS2/bookros2_ws/build/tiago_bringup', 'catkin_cmake_args': None, 'catkin_skip_building_tests': False, 'cmake_args': None, 'cmake_clean_cache': False, 'cmake_clean_first': False, 'cmake_force_configure': False, 'cmake_target': None, 'cmake_target_skip_unavailable': False, 'install_base': '/home/edmund-munene/Documents/Programming-language-basics/Linux/Robotics/AConciseIntroductiontoRobotProgrammingwithROS2/bookros2_ws/install/tiago_bringup', 'merge_install': False, 'path': '/home/edmund-munene/Documents/Programming-language-basics/Linux/Robotics/AConciseIntroductiontoRobotProgrammingwithROS2/bookros2_ws/src/ThirdParty/tiago_robot/tiago_bringup', 'symlink_install': True, 'test_result_base': None}
[0.445s] Level 5:colcon.colcon_core.verb:set package 'tiago_moveit_config' build argument 'cmake_args' from command line to 'None'
[0.445s] Level 5:colcon.colcon_core.verb:set package 'tiago_moveit_config' build argument 'cmake_target' from command line to 'None'
[0.445s] Level 5:colcon.colcon_core.verb:set package 'tiago_moveit_config' build argument 'cmake_target_skip_unavailable' from command line to 'False'
[0.445s] Level 5:colcon.colcon_core.verb:set package 'tiago_moveit_config' build argument 'cmake_clean_cache' from command line to 'False'
[0.445s] Level 5:colcon.colcon_core.verb:set package 'tiago_moveit_config' build argument 'cmake_clean_first' from command line to 'False'
[0.445s] Level 5:colcon.colcon_core.verb:set package 'tiago_moveit_config' build argument 'cmake_force_configure' from command line to 'False'
[0.445s] Level 5:colcon.colcon_core.verb:set package 'tiago_moveit_config' build argument 'ament_cmake_args' from command line to 'None'
[0.445s] Level 5:colcon.colcon_core.verb:set package 'tiago_moveit_config' build argument 'catkin_cmake_args' from command line to 'None'
[0.445s] Level 5:colcon.colcon_core.verb:set package 'tiago_moveit_config' build argument 'catkin_skip_building_tests' from command line to 'False'
[0.445s] DEBUG:colcon.colcon_core.verb:Building package 'tiago_moveit_config' with the following arguments: {'ament_cmake_args': None, 'build_base': '/home/edmund-munene/Documents/Programming-language-basics/Linux/Robotics/AConciseIntroductiontoRobotProgrammingwithROS2/bookros2_ws/build/tiago_moveit_config', 'catkin_cmake_args': None, 'catkin_skip_building_tests': False, 'cmake_args': None, 'cmake_clean_cache': False, 'cmake_clean_first': False, 'cmake_force_configure': False, 'cmake_target': None, 'cmake_target_skip_unavailable': False, 'install_base': '/home/edmund-munene/Documents/Programming-language-basics/Linux/Robotics/AConciseIntroductiontoRobotProgrammingwithROS2/bookros2_ws/install/tiago_moveit_config', 'merge_install': False, 'path': '/home/edmund-munene/Documents/Programming-language-basics/Linux/Robotics/AConciseIntroductiontoRobotProgrammingwithROS2/bookros2_ws/src/ThirdParty/tiago_moveit_config', 'symlink_install': True, 'test_result_base': None}
[0.445s] Level 5:colcon.colcon_core.verb:set package 'tiago_gazebo' build argument 'cmake_args' from command line to 'None'
[0.445s] Level 5:colcon.colcon_core.verb:set package 'tiago_gazebo' build argument 'cmake_target' from command line to 'None'
[0.445s] Level 5:colcon.colcon_core.verb:set package 'tiago_gazebo' build argument 'cmake_target_skip_unavailable' from command line to 'False'
[0.445s] Level 5:colcon.colcon_core.verb:set package 'tiago_gazebo' build argument 'cmake_clean_cache' from command line to 'False'
[0.445s] Level 5:colcon.colcon_core.verb:set package 'tiago_gazebo' build argument 'cmake_clean_first' from command line to 'False'
[0.445s] Level 5:colcon.colcon_core.verb:set package 'tiago_gazebo' build argument 'cmake_force_configure' from command line to 'False'
[0.445s] Level 5:colcon.colcon_core.verb:set package 'tiago_gazebo' build argument 'ament_cmake_args' from command line to 'None'
[0.445s] Level 5:colcon.colcon_core.verb:set package 'tiago_gazebo' build argument 'catkin_cmake_args' from command line to 'None'
[0.445s] Level 5:colcon.colcon_core.verb:set package 'tiago_gazebo' build argument 'catkin_skip_building_tests' from command line to 'False'
[0.445s] DEBUG:colcon.colcon_core.verb:Building package 'tiago_gazebo' with the following arguments: {'ament_cmake_args': None, 'build_base': '/home/edmund-munene/Documents/Programming-language-basics/Linux/Robotics/AConciseIntroductiontoRobotProgrammingwithROS2/bookros2_ws/build/tiago_gazebo', 'catkin_cmake_args': None, 'catkin_skip_building_tests': False, 'cmake_args': None, 'cmake_clean_cache': False, 'cmake_clean_first': False, 'cmake_force_configure': False, 'cmake_target': None, 'cmake_target_skip_unavailable': False, 'install_base': '/home/edmund-munene/Documents/Programming-language-basics/Linux/Robotics/AConciseIntroductiontoRobotProgrammingwithROS2/bookros2_ws/install/tiago_gazebo', 'merge_install': False, 'path': '/home/edmund-munene/Documents/Programming-language-basics/Linux/Robotics/AConciseIntroductiontoRobotProgrammingwithROS2/bookros2_ws/src/ThirdParty/tiago_simulation/tiago_gazebo', 'symlink_install': True, 'test_result_base': None}
[0.445s] Level 5:colcon.colcon_core.verb:set package 'tiago_navigation' build argument 'cmake_args' from command line to 'None'
[0.445s] Level 5:colcon.colcon_core.verb:set package 'tiago_navigation' build argument 'cmake_target' from command line to 'None'
[0.445s] Level 5:colcon.colcon_core.verb:set package 'tiago_navigation' build argument 'cmake_target_skip_unavailable' from command line to 'False'
[0.445s] Level 5:colcon.colcon_core.verb:set package 'tiago_navigation' build argument 'cmake_clean_cache' from command line to 'False'
[0.445s] Level 5:colcon.colcon_core.verb:set package 'tiago_navigation' build argument 'cmake_clean_first' from command line to 'False'
[0.446s] Level 5:colcon.colcon_core.verb:set package 'tiago_navigation' build argument 'cmake_force_configure' from command line to 'False'
[0.446s] Level 5:colcon.colcon_core.verb:set package 'tiago_navigation' build argument 'ament_cmake_args' from command line to 'None'
[0.446s] Level 5:colcon.colcon_core.verb:set package 'tiago_navigation' build argument 'catkin_cmake_args' from command line to 'None'
[0.446s] Level 5:colcon.colcon_core.verb:set package 'tiago_navigation' build argument 'catkin_skip_building_tests' from command line to 'False'
[0.446s] DEBUG:colcon.colcon_core.verb:Building package 'tiago_navigation' with the following arguments: {'ament_cmake_args': None, 'build_base': '/home/edmund-munene/Documents/Programming-language-basics/Linux/Robotics/AConciseIntroductiontoRobotProgrammingwithROS2/bookros2_ws/build/tiago_navigation', 'catkin_cmake_args': None, 'catkin_skip_building_tests': False, 'cmake_args': None, 'cmake_clean_cache': False, 'cmake_clean_first': False, 'cmake_force_configure': False, 'cmake_target': None, 'cmake_target_skip_unavailable': False, 'install_base': '/home/edmund-munene/Documents/Programming-language-basics/Linux/Robotics/AConciseIntroductiontoRobotProgrammingwithROS2/bookros2_ws/install/tiago_navigation', 'merge_install': False, 'path': '/home/edmund-munene/Documents/Programming-language-basics/Linux/Robotics/AConciseIntroductiontoRobotProgrammingwithROS2/bookros2_ws/src/ThirdParty/tiago_navigation/tiago_navigation', 'symlink_install': True, 'test_result_base': None}
[0.446s] Level 5:colcon.colcon_core.verb:set package 'tiago_robot' build argument 'cmake_args' from command line to 'None'
[0.446s] Level 5:colcon.colcon_core.verb:set package 'tiago_robot' build argument 'cmake_target' from command line to 'None'
[0.446s] Level 5:colcon.colcon_core.verb:set package 'tiago_robot' build argument 'cmake_target_skip_unavailable' from command line to 'False'
[0.446s] Level 5:colcon.colcon_core.verb:set package 'tiago_robot' build argument 'cmake_clean_cache' from command line to 'False'
[0.446s] Level 5:colcon.colcon_core.verb:set package 'tiago_robot' build argument 'cmake_clean_first' from command line to 'False'
[0.446s] Level 5:colcon.colcon_core.verb:set package 'tiago_robot' build argument 'cmake_force_configure' from command line to 'False'
[0.446s] Level 5:colcon.colcon_core.verb:set package 'tiago_robot' build argument 'ament_cmake_args' from command line to 'None'
[0.446s] Level 5:colcon.colcon_core.verb:set package 'tiago_robot' build argument 'catkin_cmake_args' from command line to 'None'
[0.446s] Level 5:colcon.colcon_core.verb:set package 'tiago_robot' build argument 'catkin_skip_building_tests' from command line to 'False'
[0.446s] DEBUG:colcon.colcon_core.verb:Building package 'tiago_robot' with the following arguments: {'ament_cmake_args': None, 'build_base': '/home/edmund-munene/Documents/Programming-language-basics/Linux/Robotics/AConciseIntroductiontoRobotProgrammingwithROS2/bookros2_ws/build/tiago_robot', 'catkin_cmake_args': None, 'catkin_skip_building_tests': False, 'cmake_args': None, 'cmake_clean_cache': False, 'cmake_clean_first': False, 'cmake_force_configure': False, 'cmake_target': None, 'cmake_target_skip_unavailable': False, 'install_base': '/home/edmund-munene/Documents/Programming-language-basics/Linux/Robotics/AConciseIntroductiontoRobotProgrammingwithROS2/bookros2_ws/install/tiago_robot', 'merge_install': False, 'path': '/home/edmund-munene/Documents/Programming-language-basics/Linux/Robotics/AConciseIntroductiontoRobotProgrammingwithROS2/bookros2_ws/src/ThirdParty/tiago_robot/tiago_robot', 'symlink_install': True, 'test_result_base': None}
[0.446s] Level 5:colcon.colcon_core.verb:set package 'tiago_simulation' build argument 'cmake_args' from command line to 'None'
[0.446s] Level 5:colcon.colcon_core.verb:set package 'tiago_simulation' build argument 'cmake_target' from command line to 'None'
[0.446s] Level 5:colcon.colcon_core.verb:set package 'tiago_simulation' build argument 'cmake_target_skip_unavailable' from command line to 'False'
[0.446s] Level 5:colcon.colcon_core.verb:set package 'tiago_simulation' build argument 'cmake_clean_cache' from command line to 'False'
[0.446s] Level 5:colcon.colcon_core.verb:set package 'tiago_simulation' build argument 'cmake_clean_first' from command line to 'False'
[0.446s] Level 5:colcon.colcon_core.verb:set package 'tiago_simulation' build argument 'cmake_force_configure' from command line to 'False'
[0.446s] Level 5:colcon.colcon_core.verb:set package 'tiago_simulation' build argument 'ament_cmake_args' from command line to 'None'
[0.446s] Level 5:colcon.colcon_core.verb:set package 'tiago_simulation' build argument 'catkin_cmake_args' from command line to 'None'
[0.446s] Level 5:colcon.colcon_core.verb:set package 'tiago_simulation' build argument 'catkin_skip_building_tests' from command line to 'False'
[0.446s] DEBUG:colcon.colcon_core.verb:Building package 'tiago_simulation' with the following arguments: {'ament_cmake_args': None, 'build_base': '/home/edmund-munene/Documents/Programming-language-basics/Linux/Robotics/AConciseIntroductiontoRobotProgrammingwithROS2/bookros2_ws/build/tiago_simulation', 'catkin_cmake_args': None, 'catkin_skip_building_tests': False, 'cmake_args': None, 'cmake_clean_cache': False, 'cmake_clean_first': False, 'cmake_force_configure': False, 'cmake_target': None, 'cmake_target_skip_unavailable': False, 'install_base': '/home/edmund-munene/Documents/Programming-language-basics/Linux/Robotics/AConciseIntroductiontoRobotProgrammingwithROS2/bookros2_ws/install/tiago_simulation', 'merge_install': False, 'path': '/home/edmund-munene/Documents/Programming-language-basics/Linux/Robotics/AConciseIntroductiontoRobotProgrammingwithROS2/bookros2_ws/src/ThirdParty/tiago_simulation/tiago_simulation', 'symlink_install': True, 'test_result_base': None}
[0.446s] INFO:colcon.colcon_core.executor:Executing jobs using 'parallel' executor
[0.448s] DEBUG:colcon.colcon_parallel_executor.executor.parallel:run_until_complete
[0.449s] INFO:colcon.colcon_ros.task.ament_python.build:Building ROS package in '/home/edmund-munene/Documents/Programming-language-basics/Linux/Robotics/AConciseIntroductiontoRobotProgrammingwithROS2/bookros2_ws/src/ThirdParty/launch_pal' with build type 'ament_python'
[0.449s] Level 1:colcon.colcon_core.shell:create_environment_hook('launch_pal', 'ament_prefix_path')
[0.453s] INFO:colcon.colcon_core.plugin_system:Skipping extension 'colcon_core.shell.bat': Not used on non-Windows systems
[0.453s] INFO:colcon.colcon_core.shell:Creating environment hook '/home/edmund-munene/Documents/Programming-language-basics/Linux/Robotics/AConciseIntroductiontoRobotProgrammingwithROS2/bookros2_ws/install/launch_pal/share/launch_pal/hook/ament_prefix_path.ps1'
[0.453s] INFO:colcon.colcon_core.shell:Creating environment descriptor '/home/edmund-munene/Documents/Programming-language-basics/Linux/Robotics/AConciseIntroductiontoRobotProgrammingwithROS2/bookros2_ws/install/launch_pal/share/launch_pal/hook/ament_prefix_path.dsv'
[0.454s] INFO:colcon.colcon_core.shell:Creating environment hook '/home/edmund-munene/Documents/Programming-language-basics/Linux/Robotics/AConciseIntroductiontoRobotProgrammingwithROS2/bookros2_ws/install/launch_pal/share/launch_pal/hook/ament_prefix_path.sh'
[0.455s] INFO:colcon.colcon_core.shell:Skip shell extension 'powershell' for command environment: Not usable outside of PowerShell
[0.455s] DEBUG:colcon.colcon_core.shell:Skip shell extension 'dsv' for command environment
[0.459s] INFO:colcon.colcon_ros.task.ament_cmake.build:Building ROS package in '/home/edmund-munene/Documents/Programming-language-basics/Linux/Robotics/AConciseIntroductiontoRobotProgrammingwithROS2/bookros2_ws/src/ThirdParty/pal_urdf_utils' with build type 'ament_cmake'
[0.459s] INFO:colcon.colcon_cmake.task.cmake.build:Building CMake package in '/home/edmund-munene/Documents/Programming-language-basics/Linux/Robotics/AConciseIntroductiontoRobotProgrammingwithROS2/bookros2_ws/src/ThirdParty/pal_urdf_utils'
[0.459s] INFO:colcon.colcon_core.shell:Skip shell extension 'powershell' for command environment: Not usable outside of PowerShell
[0.460s] DEBUG:colcon.colcon_core.shell:Skip shell extension 'dsv' for command environment
[0.465s] INFO:colcon.colcon_ros.task.ament_cmake.build:Building ROS package in '/home/edmund-munene/Documents/Programming-language-basics/Linux/Robotics/AConciseIntroductiontoRobotProgrammingwithROS2/bookros2_ws/src/ThirdParty/pal_robotiq_gripper/pal_robotiq_description' with build type 'ament_cmake'
[0.465s] INFO:colcon.colcon_cmake.task.cmake.build:Building CMake package in '/home/edmund-munene/Documents/Programming-language-basics/Linux/Robotics/AConciseIntroductiontoRobotProgrammingwithROS2/bookros2_ws/src/ThirdParty/pal_robotiq_gripper/pal_robotiq_description'
[0.465s] INFO:colcon.colcon_core.shell:Skip shell extension 'powershell' for command environment: Not usable outside of PowerShell
[0.465s] DEBUG:colcon.colcon_core.shell:Skip shell extension 'dsv' for command environment
[0.471s] INFO:colcon.colcon_ros.task.ament_cmake.build:Building ROS package in '/home/edmund-munene/Documents/Programming-language-basics/Linux/Robotics/AConciseIntroductiontoRobotProgrammingwithROS2/bookros2_ws/src/ThirdParty/tiago_omni_base/omni_base_controller_configuration' with build type 'ament_cmake'
[0.472s] INFO:colcon.colcon_cmake.task.cmake.build:Building CMake package in '/home/edmund-munene/Documents/Programming-language-basics/Linux/Robotics/AConciseIntroductiontoRobotProgrammingwithROS2/bookros2_ws/src/ThirdParty/tiago_omni_base/omni_base_controller_configuration'
[0.472s] INFO:colcon.colcon_core.shell:Skip shell extension 'powershell' for command environment: Not usable outside of PowerShell
[0.472s] DEBUG:colcon.colcon_core.shell:Skip shell extension 'dsv' for command environment
[0.476s] INFO:colcon.colcon_ros.task.ament_cmake.build:Building ROS package in '/home/edmund-munene/Documents/Programming-language-basics/Linux/Robotics/AConciseIntroductiontoRobotProgrammingwithROS2/bookros2_ws/src/ThirdParty/pal_gripper/pal_gripper_controller_configuration' with build type 'ament_cmake'
[0.476s] INFO:colcon.colcon_cmake.task.cmake.build:Building CMake package in '/home/edmund-munene/Documents/Programming-language-basics/Linux/Robotics/AConciseIntroductiontoRobotProgrammingwithROS2/bookros2_ws/src/ThirdParty/pal_gripper/pal_gripper_controller_configuration'
[0.477s] INFO:colcon.colcon_core.shell:Skip shell extension 'powershell' for command environment: Not usable outside of PowerShell
[0.477s] DEBUG:colcon.colcon_core.shell:Skip shell extension 'dsv' for command environment
[0.482s] INFO:colcon.colcon_ros.task.ament_cmake.build:Building ROS package in '/home/edmund-munene/Documents/Programming-language-basics/Linux/Robotics/AConciseIntroductiontoRobotProgrammingwithROS2/bookros2_ws/src/ThirdParty/pal_hey5/pal_hey5_controller_configuration' with build type 'ament_cmake'
[0.482s] INFO:colcon.colcon_cmake.task.cmake.build:Building CMake package in '/home/edmund-munene/Documents/Programming-language-basics/Linux/Robotics/AConciseIntroductiontoRobotProgrammingwithROS2/bookros2_ws/src/ThirdParty/pal_hey5/pal_hey5_controller_configuration'
[0.482s] INFO:colcon.colcon_core.shell:Skip shell extension 'powershell' for command environment: Not usable outside of PowerShell
[0.482s] DEBUG:colcon.colcon_core.shell:Skip shell extension 'dsv' for command environment
[0.486s] INFO:colcon.colcon_ros.task.ament_cmake.build:Building ROS package in '/home/edmund-munene/Documents/Programming-language-basics/Linux/Robotics/AConciseIntroductiontoRobotProgrammingwithROS2/bookros2_ws/src/ThirdParty/pal_maps' with build type 'ament_cmake'
[0.487s] INFO:colcon.colcon_cmake.task.cmake.build:Building CMake package in '/home/edmund-munene/Documents/Programming-language-basics/Linux/Robotics/AConciseIntroductiontoRobotProgrammingwithROS2/bookros2_ws/src/ThirdParty/pal_maps'
[0.487s] INFO:colcon.colcon_core.shell:Skip shell extension 'powershell' for command environment: Not usable outside of PowerShell
[0.487s] DEBUG:colcon.colcon_core.shell:Skip shell extension 'dsv' for command environment
[0.491s] INFO:colcon.colcon_ros.task.ament_cmake.build:Building ROS package in '/home/edmund-munene/Documents/Programming-language-basics/Linux/Robotics/AConciseIntroductiontoRobotProgrammingwithROS2/bookros2_ws/src/ThirdParty/pal_robotiq_gripper/pal_robotiq_controller_configuration' with build type 'ament_cmake'
[0.491s] INFO:colcon.colcon_cmake.task.cmake.build:Building CMake package in '/home/edmund-munene/Documents/Programming-language-basics/Linux/Robotics/AConciseIntroductiontoRobotProgrammingwithROS2/bookros2_ws/src/ThirdParty/pal_robotiq_gripper/pal_robotiq_controller_configuration'
[0.492s] INFO:colcon.colcon_core.shell:Skip shell extension 'powershell' for command environment: Not usable outside of PowerShell
[0.492s] DEBUG:colcon.colcon_core.shell:Skip shell extension 'dsv' for command environment
[0.496s] INFO:colcon.colcon_ros.task.ament_cmake.build:Building ROS package in '/home/edmund-munene/Documents/Programming-language-basics/Linux/Robotics/AConciseIntroductiontoRobotProgrammingwithROS2/bookros2_ws/src/ThirdParty/play_motion2/play_motion2_msgs' with build type 'ament_cmake'
[0.496s] INFO:colcon.colcon_cmake.task.cmake.build:Building CMake package in '/home/edmund-munene/Documents/Programming-language-basics/Linux/Robotics/AConciseIntroductiontoRobotProgrammingwithROS2/bookros2_ws/src/ThirdParty/play_motion2/play_motion2_msgs'
[0.496s] INFO:colcon.colcon_core.shell:Skip shell extension 'powershell' for command environment: Not usable outside of PowerShell
[0.496s] DEBUG:colcon.colcon_core.shell:Skip shell extension 'dsv' for command environment
[0.502s] INFO:colcon.colcon_ros.task.ament_cmake.build:Building ROS package in '/home/edmund-munene/Documents/Programming-language-basics/Linux/Robotics/AConciseIntroductiontoRobotProgrammingwithROS2/bookros2_ws/src/ThirdParty/tiago_navigation/tiago_laser_sensors' with build type 'ament_cmake'
[0.502s] INFO:colcon.colcon_cmake.task.cmake.build:Building CMake package in '/home/edmund-munene/Documents/Programming-language-basics/Linux/Robotics/AConciseIntroductiontoRobotProgrammingwithROS2/bookros2_ws/src/ThirdParty/tiago_navigation/tiago_laser_sensors'
[0.502s] INFO:colcon.colcon_core.shell:Skip shell extension 'powershell' for command environment: Not usable outside of PowerShell
[0.502s] DEBUG:colcon.colcon_core.shell:Skip shell extension 'dsv' for command environment
[0.508s] INFO:colcon.colcon_ros.task.ament_cmake.build:Building ROS package in '/home/edmund-munene/Documents/Programming-language-basics/Linux/Robotics/AConciseIntroductiontoRobotProgrammingwithROS2/bookros2_ws/src/ThirdParty/BehaviorTree.CPP' with build type 'ament_cmake'
[0.508s] INFO:colcon.colcon_cmake.task.cmake.build:Building CMake package in '/home/edmund-munene/Documents/Programming-language-basics/Linux/Robotics/AConciseIntroductiontoRobotProgrammingwithROS2/bookros2_ws/src/ThirdParty/BehaviorTree.CPP'
[0.508s] INFO:colcon.colcon_core.shell:Skip shell extension 'powershell' for command environment: Not usable outside of PowerShell
[0.508s] DEBUG:colcon.colcon_core.shell:Skip shell extension 'dsv' for command environment
[0.514s] INFO:colcon.colcon_ros.task.ament_cmake.build:Building ROS package in '/home/edmund-munene/Documents/Programming-language-basics/Linux/Robotics/AConciseIntroductiontoRobotProgrammingwithROS2/bookros2_ws/src/book_ros2/br2_tracking_msgs' with build type 'ament_cmake'
[0.514s] INFO:colcon.colcon_cmake.task.cmake.build:Building CMake package in '/home/edmund-munene/Documents/Programming-language-basics/Linux/Robotics/AConciseIntroductiontoRobotProgrammingwithROS2/bookros2_ws/src/book_ros2/br2_tracking_msgs'
[0.514s] INFO:colcon.colcon_core.shell:Skip shell extension 'powershell' for command environment: Not usable outside of PowerShell
[0.514s] DEBUG:colcon.colcon_core.shell:Skip shell extension 'dsv' for command environment
[0.839s] INFO:colcon.colcon_core.task.python.build:Building Python package in '/home/edmund-munene/Documents/Programming-language-basics/Linux/Robotics/AConciseIntroductiontoRobotProgrammingwithROS2/bookros2_ws/src/ThirdParty/launch_pal'
[0.840s] INFO:colcon.colcon_core.shell:Skip shell extension 'powershell' for command environment: Not usable outside of PowerShell
[0.840s] DEBUG:colcon.colcon_core.shell:Skip shell extension 'dsv' for command environment
[0.849s] DEBUG:colcon.colcon_core.event_handler.log_command:Invoking command in '/home/edmund-munene/Documents/Programming-language-basics/Linux/Robotics/AConciseIntroductiontoRobotProgrammingwithROS2/bookros2_ws/build/pal_urdf_utils': CMAKE_PREFIX_PATH=${CMAKE_PREFIX_PATH}:/opt/ros/jazzy DEBUGINFOD_URLS=https://debuginfod.ubuntu.com /usr/bin/cmake --build /home/edmund-munene/Documents/Programming-language-basics/Linux/Robotics/AConciseIntroductiontoRobotProgrammingwithROS2/bookros2_ws/build/pal_urdf_utils -- -j12 -l12
[0.852s] DEBUG:colcon.colcon_core.event_handler.log_command:Invoking command in '/home/edmund-munene/Documents/Programming-language-basics/Linux/Robotics/AConciseIntroductiontoRobotProgrammingwithROS2/bookros2_ws/build/pal_robotiq_description': CMAKE_PREFIX_PATH=${CMAKE_PREFIX_PATH}:/opt/ros/jazzy DEBUGINFOD_URLS=https://debuginfod.ubuntu.com /usr/bin/cmake --build /home/edmund-munene/Documents/Programming-language-basics/Linux/Robotics/AConciseIntroductiontoRobotProgrammingwithROS2/bookros2_ws/build/pal_robotiq_description -- -j12 -l12
[0.854s] DEBUG:colcon.colcon_core.event_handler.log_command:Invoking command in '/home/edmund-munene/Documents/Programming-language-basics/Linux/Robotics/AConciseIntroductiontoRobotProgrammingwithROS2/bookros2_ws/build/omni_base_controller_configuration': CMAKE_PREFIX_PATH=${CMAKE_PREFIX_PATH}:/opt/ros/jazzy DEBUGINFOD_URLS=https://debuginfod.ubuntu.com /usr/bin/cmake --build /home/edmund-munene/Documents/Programming-language-basics/Linux/Robotics/AConciseIntroductiontoRobotProgrammingwithROS2/bookros2_ws/build/omni_base_controller_configuration -- -j12 -l12
[0.857s] DEBUG:colcon.colcon_core.event_handler.log_command:Invoking command in '/home/edmund-munene/Documents/Programming-language-basics/Linux/Robotics/AConciseIntroductiontoRobotProgrammingwithROS2/bookros2_ws/build/pal_gripper_controller_configuration': CMAKE_PREFIX_PATH=${CMAKE_PREFIX_PATH}:/opt/ros/jazzy DEBUGINFOD_URLS=https://debuginfod.ubuntu.com /usr/bin/cmake --build /home/edmund-munene/Documents/Programming-language-basics/Linux/Robotics/AConciseIntroductiontoRobotProgrammingwithROS2/bookros2_ws/build/pal_gripper_controller_configuration -- -j12 -l12
[0.871s] DEBUG:colcon.colcon_core.event_handler.log_command:Invoking command in '/home/edmund-munene/Documents/Programming-language-basics/Linux/Robotics/AConciseIntroductiontoRobotProgrammingwithROS2/bookros2_ws/build/pal_hey5_controller_configuration': CMAKE_PREFIX_PATH=${CMAKE_PREFIX_PATH}:/opt/ros/jazzy DEBUGINFOD_URLS=https://debuginfod.ubuntu.com /usr/bin/cmake --build /home/edmund-munene/Documents/Programming-language-basics/Linux/Robotics/AConciseIntroductiontoRobotProgrammingwithROS2/bookros2_ws/build/pal_hey5_controller_configuration -- -j12 -l12
[0.872s] DEBUG:colcon.colcon_core.event_handler.log_command:Invoking command in '/home/edmund-munene/Documents/Programming-language-basics/Linux/Robotics/AConciseIntroductiontoRobotProgrammingwithROS2/bookros2_ws/build/pal_maps': CMAKE_PREFIX_PATH=${CMAKE_PREFIX_PATH}:/opt/ros/jazzy DEBUGINFOD_URLS=https://debuginfod.ubuntu.com /usr/bin/cmake --build /home/edmund-munene/Documents/Programming-language-basics/Linux/Robotics/AConciseIntroductiontoRobotProgrammingwithROS2/bookros2_ws/build/pal_maps -- -j12 -l12
[0.879s] DEBUG:colcon.colcon_core.event_handler.log_command:Invoking command in '/home/edmund-munene/Documents/Programming-language-basics/Linux/Robotics/AConciseIntroductiontoRobotProgrammingwithROS2/bookros2_ws/build/pal_robotiq_controller_configuration': CMAKE_PREFIX_PATH=${CMAKE_PREFIX_PATH}:/opt/ros/jazzy DEBUGINFOD_URLS=https://debuginfod.ubuntu.com /usr/bin/cmake --build /home/edmund-munene/Documents/Programming-language-basics/Linux/Robotics/AConciseIntroductiontoRobotProgrammingwithROS2/bookros2_ws/build/pal_robotiq_controller_configuration -- -j12 -l12
[0.885s] DEBUG:colcon.colcon_core.event_handler.log_command:Invoking command in '/home/edmund-munene/Documents/Programming-language-basics/Linux/Robotics/AConciseIntroductiontoRobotProgrammingwithROS2/bookros2_ws/build/play_motion2_msgs': CMAKE_PREFIX_PATH=${CMAKE_PREFIX_PATH}:/opt/ros/jazzy DEBUGINFOD_URLS=https://debuginfod.ubuntu.com /usr/bin/cmake --build /home/edmund-munene/Documents/Programming-language-basics/Linux/Robotics/AConciseIntroductiontoRobotProgrammingwithROS2/bookros2_ws/build/play_motion2_msgs -- -j12 -l12
[0.888s] DEBUG:colcon.colcon_core.event_handler.log_command:Invoking command in '/home/edmund-munene/Documents/Programming-language-basics/Linux/Robotics/AConciseIntroductiontoRobotProgrammingwithROS2/bookros2_ws/build/tiago_laser_sensors': CMAKE_PREFIX_PATH=${CMAKE_PREFIX_PATH}:/opt/ros/jazzy DEBUGINFOD_URLS=https://debuginfod.ubuntu.com /usr/bin/cmake --build /home/edmund-munene/Documents/Programming-language-basics/Linux/Robotics/AConciseIntroductiontoRobotProgrammingwithROS2/bookros2_ws/build/tiago_laser_sensors -- -j12 -l12
[0.893s] DEBUG:colcon.colcon_core.event_handler.log_command:Invoking command in '/home/edmund-munene/Documents/Programming-language-basics/Linux/Robotics/AConciseIntroductiontoRobotProgrammingwithROS2/bookros2_ws/build/behaviortree_cpp_v3': CMAKE_PREFIX_PATH=${CMAKE_PREFIX_PATH}:/opt/ros/jazzy DEBUGINFOD_URLS=https://debuginfod.ubuntu.com /usr/bin/cmake --build /home/edmund-munene/Documents/Programming-language-basics/Linux/Robotics/AConciseIntroductiontoRobotProgrammingwithROS2/bookros2_ws/build/behaviortree_cpp_v3 -- -j12 -l12
[0.914s] DEBUG:colcon.colcon_core.event_handler.log_command:Invoking command in '/home/edmund-munene/Documents/Programming-language-basics/Linux/Robotics/AConciseIntroductiontoRobotProgrammingwithROS2/bookros2_ws/build/br2_tracking_msgs': CMAKE_PREFIX_PATH=${CMAKE_PREFIX_PATH}:/opt/ros/jazzy DEBUGINFOD_URLS=https://debuginfod.ubuntu.com /usr/bin/cmake --build /home/edmund-munene/Documents/Programming-language-basics/Linux/Robotics/AConciseIntroductiontoRobotProgrammingwithROS2/bookros2_ws/build/br2_tracking_msgs -- -j12 -l12
[0.927s] DEBUG:colcon.colcon_core.event_handler.log_command:Invoked command in '/home/edmund-munene/Documents/Programming-language-basics/Linux/Robotics/AConciseIntroductiontoRobotProgrammingwithROS2/bookros2_ws/build/pal_robotiq_description' returned '0': CMAKE_PREFIX_PATH=${CMAKE_PREFIX_PATH}:/opt/ros/jazzy DEBUGINFOD_URLS=https://debuginfod.ubuntu.com /usr/bin/cmake --build /home/edmund-munene/Documents/Programming-language-basics/Linux/Robotics/AConciseIntroductiontoRobotProgrammingwithROS2/bookros2_ws/build/pal_robotiq_description -- -j12 -l12
[0.943s] DEBUG:colcon.colcon_core.event_handler.log_command:Invoking command in '/home/edmund-munene/Documents/Programming-language-basics/Linux/Robotics/AConciseIntroductiontoRobotProgrammingwithROS2/bookros2_ws/build/pal_robotiq_description': CMAKE_PREFIX_PATH=${CMAKE_PREFIX_PATH}:/opt/ros/jazzy DEBUGINFOD_URLS=https://debuginfod.ubuntu.com /usr/bin/cmake --install /home/edmund-munene/Documents/Programming-language-basics/Linux/Robotics/AConciseIntroductiontoRobotProgrammingwithROS2/bookros2_ws/build/pal_robotiq_description
[0.945s] DEBUG:colcon.colcon_core.event_handler.log_command:Invoked command in '/home/edmund-munene/Documents/Programming-language-basics/Linux/Robotics/AConciseIntroductiontoRobotProgrammingwithROS2/bookros2_ws/build/omni_base_controller_configuration' returned '0': CMAKE_PREFIX_PATH=${CMAKE_PREFIX_PATH}:/opt/ros/jazzy DEBUGINFOD_URLS=https://debuginfod.ubuntu.com /usr/bin/cmake --build /home/edmund-munene/Documents/Programming-language-basics/Linux/Robotics/AConciseIntroductiontoRobotProgrammingwithROS2/bookros2_ws/build/omni_base_controller_configuration -- -j12 -l12
[0.947s] DEBUG:colcon.colcon_core.event_handler.log_command:Invoking command in '/home/edmund-munene/Documents/Programming-language-basics/Linux/Robotics/AConciseIntroductiontoRobotProgrammingwithROS2/bookros2_ws/build/omni_base_controller_configuration': CMAKE_PREFIX_PATH=${CMAKE_PREFIX_PATH}:/opt/ros/jazzy DEBUGINFOD_URLS=https://debuginfod.ubuntu.com /usr/bin/cmake --install /home/edmund-munene/Documents/Programming-language-basics/Linux/Robotics/AConciseIntroductiontoRobotProgrammingwithROS2/bookros2_ws/build/omni_base_controller_configuration
[0.951s] DEBUG:colcon.colcon_core.event_handler.log_command:Invoked command in '/home/edmund-munene/Documents/Programming-language-basics/Linux/Robotics/AConciseIntroductiontoRobotProgrammingwithROS2/bookros2_ws/build/pal_urdf_utils' returned '0': CMAKE_PREFIX_PATH=${CMAKE_PREFIX_PATH}:/opt/ros/jazzy DEBUGINFOD_URLS=https://debuginfod.ubuntu.com /usr/bin/cmake --build /home/edmund-munene/Documents/Programming-language-basics/Linux/Robotics/AConciseIntroductiontoRobotProgrammingwithROS2/bookros2_ws/build/pal_urdf_utils -- -j12 -l12
[0.956s] DEBUG:colcon.colcon_core.event_handler.log_command:Invoking command in '/home/edmund-munene/Documents/Programming-language-basics/Linux/Robotics/AConciseIntroductiontoRobotProgrammingwithROS2/bookros2_ws/build/pal_urdf_utils': CMAKE_PREFIX_PATH=${CMAKE_PREFIX_PATH}:/opt/ros/jazzy DEBUGINFOD_URLS=https://debuginfod.ubuntu.com /usr/bin/cmake --install /home/edmund-munene/Documents/Programming-language-basics/Linux/Robotics/AConciseIntroductiontoRobotProgrammingwithROS2/bookros2_ws/build/pal_urdf_utils
[0.985s] DEBUG:colcon.colcon_core.event_handler.log_command:Invoked command in '/home/edmund-munene/Documents/Programming-language-basics/Linux/Robotics/AConciseIntroductiontoRobotProgrammingwithROS2/bookros2_ws/build/pal_gripper_controller_configuration' returned '0': CMAKE_PREFIX_PATH=${CMAKE_PREFIX_PATH}:/opt/ros/jazzy DEBUGINFOD_URLS=https://debuginfod.ubuntu.com /usr/bin/cmake --build /home/edmund-munene/Documents/Programming-language-basics/Linux/Robotics/AConciseIntroductiontoRobotProgrammingwithROS2/bookros2_ws/build/pal_gripper_controller_configuration -- -j12 -l12
[1.003s] DEBUG:colcon.colcon_core.event_handler.log_command:Invoking command in '/home/edmund-munene/Documents/Programming-language-basics/Linux/Robotics/AConciseIntroductiontoRobotProgrammingwithROS2/bookros2_ws/build/pal_gripper_controller_configuration': CMAKE_PREFIX_PATH=${CMAKE_PREFIX_PATH}:/opt/ros/jazzy DEBUGINFOD_URLS=https://debuginfod.ubuntu.com /usr/bin/cmake --install /home/edmund-munene/Documents/Programming-language-basics/Linux/Robotics/AConciseIntroductiontoRobotProgrammingwithROS2/bookros2_ws/build/pal_gripper_controller_configuration
[1.015s] DEBUG:colcon.colcon_core.event_handler.log_command:Invoked command in '/home/edmund-munene/Documents/Programming-language-basics/Linux/Robotics/AConciseIntroductiontoRobotProgrammingwithROS2/bookros2_ws/build/pal_hey5_controller_configuration' returned '0': CMAKE_PREFIX_PATH=${CMAKE_PREFIX_PATH}:/opt/ros/jazzy DEBUGINFOD_URLS=https://debuginfod.ubuntu.com /usr/bin/cmake --build /home/edmund-munene/Documents/Programming-language-basics/Linux/Robotics/AConciseIntroductiontoRobotProgrammingwithROS2/bookros2_ws/build/pal_hey5_controller_configuration -- -j12 -l12
[1.017s] Level 1:colcon.colcon_core.environment:create_environment_scripts_only(pal_robotiq_description)
[1.018s] DEBUG:colcon.colcon_core.event_handler.log_command:Invoking command in '/home/edmund-munene/Documents/Programming-language-basics/Linux/Robotics/AConciseIntroductiontoRobotProgrammingwithROS2/bookros2_ws/build/pal_hey5_controller_configuration': CMAKE_PREFIX_PATH=${CMAKE_PREFIX_PATH}:/opt/ros/jazzy DEBUGINFOD_URLS=https://debuginfod.ubuntu.com /usr/bin/cmake --install /home/edmund-munene/Documents/Programming-language-basics/Linux/Robotics/AConciseIntroductiontoRobotProgrammingwithROS2/bookros2_ws/build/pal_hey5_controller_configuration
[1.024s] DEBUG:colcon.colcon_core.event_handler.log_command:Invoked command in '/home/edmund-munene/Documents/Programming-language-basics/Linux/Robotics/AConciseIntroductiontoRobotProgrammingwithROS2/bookros2_ws/build/pal_robotiq_controller_configuration' returned '0': CMAKE_PREFIX_PATH=${CMAKE_PREFIX_PATH}:/opt/ros/jazzy DEBUGINFOD_URLS=https://debuginfod.ubuntu.com /usr/bin/cmake --build /home/edmund-munene/Documents/Programming-language-basics/Linux/Robotics/AConciseIntroductiontoRobotProgrammingwithROS2/bookros2_ws/build/pal_robotiq_controller_configuration -- -j12 -l12
[1.024s] DEBUG:colcon.colcon_core.event_handler.log_command:Invoking command in '/home/edmund-munene/Documents/Programming-language-basics/Linux/Robotics/AConciseIntroductiontoRobotProgrammingwithROS2/bookros2_ws/build/pal_robotiq_controller_configuration': CMAKE_PREFIX_PATH=${CMAKE_PREFIX_PATH}:/opt/ros/jazzy DEBUGINFOD_URLS=https://debuginfod.ubuntu.com /usr/bin/cmake --install /home/edmund-munene/Documents/Programming-language-basics/Linux/Robotics/AConciseIntroductiontoRobotProgrammingwithROS2/bookros2_ws/build/pal_robotiq_controller_configuration
[1.023s] Level 1:colcon.colcon_core.environment:checking '/home/edmund-munene/Documents/Programming-language-basics/Linux/Robotics/AConciseIntroductiontoRobotProgrammingwithROS2/bookros2_ws/install/pal_robotiq_description' for CMake module files
[1.029s] DEBUG:colcon.colcon_core.event_handler.log_command:Invoked command in '/home/edmund-munene/Documents/Programming-language-basics/Linux/Robotics/AConciseIntroductiontoRobotProgrammingwithROS2/bookros2_ws/build/pal_maps' returned '0': CMAKE_PREFIX_PATH=${CMAKE_PREFIX_PATH}:/opt/ros/jazzy DEBUGINFOD_URLS=https://debuginfod.ubuntu.com /usr/bin/cmake --build /home/edmund-munene/Documents/Programming-language-basics/Linux/Robotics/AConciseIntroductiontoRobotProgrammingwithROS2/bookros2_ws/build/pal_maps -- -j12 -l12
[1.029s] DEBUG:colcon.colcon_core.event_handler.log_command:Invoking command in '/home/edmund-munene/Documents/Programming-language-basics/Linux/Robotics/AConciseIntroductiontoRobotProgrammingwithROS2/bookros2_ws/build/pal_maps': CMAKE_PREFIX_PATH=${CMAKE_PREFIX_PATH}:/opt/ros/jazzy DEBUGINFOD_URLS=https://debuginfod.ubuntu.com /usr/bin/cmake --install /home/edmund-munene/Documents/Programming-language-basics/Linux/Robotics/AConciseIntroductiontoRobotProgrammingwithROS2/bookros2_ws/build/pal_maps
[1.033s] DEBUG:colcon.colcon_core.event_handler.log_command:Invoked command in '/home/edmund-munene/Documents/Programming-language-basics/Linux/Robotics/AConciseIntroductiontoRobotProgrammingwithROS2/bookros2_ws/build/tiago_laser_sensors' returned '0': CMAKE_PREFIX_PATH=${CMAKE_PREFIX_PATH}:/opt/ros/jazzy DEBUGINFOD_URLS=https://debuginfod.ubuntu.com /usr/bin/cmake --build /home/edmund-munene/Documents/Programming-language-basics/Linux/Robotics/AConciseIntroductiontoRobotProgrammingwithROS2/bookros2_ws/build/tiago_laser_sensors -- -j12 -l12
[1.035s] DEBUG:colcon.colcon_core.event_handler.log_command:Invoking command in '/home/edmund-munene/Documents/Programming-language-basics/Linux/Robotics/AConciseIntroductiontoRobotProgrammingwithROS2/bookros2_ws/build/tiago_laser_sensors': CMAKE_PREFIX_PATH=${CMAKE_PREFIX_PATH}:/opt/ros/jazzy DEBUGINFOD_URLS=https://debuginfod.ubuntu.com /usr/bin/cmake --install /home/edmund-munene/Documents/Programming-language-basics/Linux/Robotics/AConciseIntroductiontoRobotProgrammingwithROS2/bookros2_ws/build/tiago_laser_sensors
[1.035s] Level 1:colcon.colcon_core.environment:checking '/home/edmund-munene/Documents/Programming-language-basics/Linux/Robotics/AConciseIntroductiontoRobotProgrammingwithROS2/bookros2_ws/install/pal_robotiq_description' for CMake config files
[1.038s] Level 1:colcon.colcon_core.shell:create_environment_hook('pal_robotiq_description', 'cmake_prefix_path')
[1.038s] INFO:colcon.colcon_core.shell:Creating environment hook '/home/edmund-munene/Documents/Programming-language-basics/Linux/Robotics/AConciseIntroductiontoRobotProgrammingwithROS2/bookros2_ws/install/pal_robotiq_description/share/pal_robotiq_description/hook/cmake_prefix_path.ps1'
[1.043s] INFO:colcon.colcon_core.shell:Creating environment descriptor '/home/edmund-munene/Documents/Programming-language-basics/Linux/Robotics/AConciseIntroductiontoRobotProgrammingwithROS2/bookros2_ws/install/pal_robotiq_description/share/pal_robotiq_description/hook/cmake_prefix_path.dsv'
[1.045s] INFO:colcon.colcon_core.shell:Creating environment hook '/home/edmund-munene/Documents/Programming-language-basics/Linux/Robotics/AConciseIntroductiontoRobotProgrammingwithROS2/bookros2_ws/install/pal_robotiq_description/share/pal_robotiq_description/hook/cmake_prefix_path.sh'
[1.052s] DEBUG:colcon.colcon_core.event_handler.log_command:Invoked command in '/home/edmund-munene/Documents/Programming-language-basics/Linux/Robotics/AConciseIntroductiontoRobotProgrammingwithROS2/bookros2_ws/build/pal_robotiq_description' returned '0': CMAKE_PREFIX_PATH=${CMAKE_PREFIX_PATH}:/opt/ros/jazzy DEBUGINFOD_URLS=https://debuginfod.ubuntu.com /usr/bin/cmake --install /home/edmund-munene/Documents/Programming-language-basics/Linux/Robotics/AConciseIntroductiontoRobotProgrammingwithROS2/bookros2_ws/build/pal_robotiq_description
[1.053s] Level 1:colcon.colcon_core.environment:checking '/home/edmund-munene/Documents/Programming-language-basics/Linux/Robotics/AConciseIntroductiontoRobotProgrammingwithROS2/bookros2_ws/install/pal_robotiq_description/bin'
[1.053s] Level 1:colcon.colcon_core.environment:checking '/home/edmund-munene/Documents/Programming-language-basics/Linux/Robotics/AConciseIntroductiontoRobotProgrammingwithROS2/bookros2_ws/install/pal_robotiq_description/lib/pkgconfig/pal_robotiq_description.pc'
[1.054s] Level 1:colcon.colcon_core.environment:checking '/home/edmund-munene/Documents/Programming-language-basics/Linux/Robotics/AConciseIntroductiontoRobotProgrammingwithROS2/bookros2_ws/install/pal_robotiq_description/lib/python3.12/site-packages'
[1.054s] Level 1:colcon.colcon_core.environment:checking '/home/edmund-munene/Documents/Programming-language-basics/Linux/Robotics/AConciseIntroductiontoRobotProgrammingwithROS2/bookros2_ws/install/pal_robotiq_description/bin'
[1.055s] INFO:colcon.colcon_core.shell:Creating package script '/home/edmund-munene/Documents/Programming-language-basics/Linux/Robotics/AConciseIntroductiontoRobotProgrammingwithROS2/bookros2_ws/install/pal_robotiq_description/share/pal_robotiq_description/package.ps1'
[1.060s] INFO:colcon.colcon_core.shell:Creating package descriptor '/home/edmund-munene/Documents/Programming-language-basics/Linux/Robotics/AConciseIntroductiontoRobotProgrammingwithROS2/bookros2_ws/install/pal_robotiq_description/share/pal_robotiq_description/package.dsv'
[1.061s] INFO:colcon.colcon_core.shell:Creating package script '/home/edmund-munene/Documents/Programming-language-basics/Linux/Robotics/AConciseIntroductiontoRobotProgrammingwithROS2/bookros2_ws/install/pal_robotiq_description/share/pal_robotiq_description/package.sh'
[1.063s] INFO:colcon.colcon_core.shell:Creating package script '/home/edmund-munene/Documents/Programming-language-basics/Linux/Robotics/AConciseIntroductiontoRobotProgrammingwithROS2/bookros2_ws/install/pal_robotiq_description/share/pal_robotiq_description/package.bash'
[1.068s] INFO:colcon.colcon_core.shell:Creating package script '/home/edmund-munene/Documents/Programming-language-basics/Linux/Robotics/AConciseIntroductiontoRobotProgrammingwithROS2/bookros2_ws/install/pal_robotiq_description/share/pal_robotiq_description/package.zsh'
[1.081s] Level 1:colcon.colcon_core.environment:create_file_with_runtime_dependencies(/home/edmund-munene/Documents/Programming-language-basics/Linux/Robotics/AConciseIntroductiontoRobotProgrammingwithROS2/bookros2_ws/install/pal_robotiq_description/share/colcon-core/packages/pal_robotiq_description)
[1.082s] Level 1:colcon.colcon_core.environment:create_environment_scripts_only(pal_robotiq_description)
[1.083s] Level 1:colcon.colcon_core.environment:checking '/home/edmund-munene/Documents/Programming-language-basics/Linux/Robotics/AConciseIntroductiontoRobotProgrammingwithROS2/bookros2_ws/install/pal_robotiq_description' for CMake module files
[1.084s] Level 1:colcon.colcon_core.environment:checking '/home/edmund-munene/Documents/Programming-language-basics/Linux/Robotics/AConciseIntroductiontoRobotProgrammingwithROS2/bookros2_ws/install/pal_robotiq_description' for CMake config files
[1.085s] Level 1:colcon.colcon_core.shell:create_environment_hook('pal_robotiq_description', 'cmake_prefix_path')
[1.085s] INFO:colcon.colcon_core.shell:Creating environment hook '/home/edmund-munene/Documents/Programming-language-basics/Linux/Robotics/AConciseIntroductiontoRobotProgrammingwithROS2/bookros2_ws/install/pal_robotiq_description/share/pal_robotiq_description/hook/cmake_prefix_path.ps1'
[1.087s] INFO:colcon.colcon_core.shell:Creating environment descriptor '/home/edmund-munene/Documents/Programming-language-basics/Linux/Robotics/AConciseIntroductiontoRobotProgrammingwithROS2/bookros2_ws/install/pal_robotiq_description/share/pal_robotiq_description/hook/cmake_prefix_path.dsv'
[1.087s] INFO:colcon.colcon_core.shell:Creating environment hook '/home/edmund-munene/Documents/Programming-language-basics/Linux/Robotics/AConciseIntroductiontoRobotProgrammingwithROS2/bookros2_ws/install/pal_robotiq_description/share/pal_robotiq_description/hook/cmake_prefix_path.sh'
[1.089s] Level 1:colcon.colcon_core.environment:checking '/home/edmund-munene/Documents/Programming-language-basics/Linux/Robotics/AConciseIntroductiontoRobotProgrammingwithROS2/bookros2_ws/install/pal_robotiq_description/bin'
[1.089s] Level 1:colcon.colcon_core.environment:checking '/home/edmund-munene/Documents/Programming-language-basics/Linux/Robotics/AConciseIntroductiontoRobotProgrammingwithROS2/bookros2_ws/install/pal_robotiq_description/lib/pkgconfig/pal_robotiq_description.pc'
[1.089s] Level 1:colcon.colcon_core.environment:checking '/home/edmund-munene/Documents/Programming-language-basics/Linux/Robotics/AConciseIntroductiontoRobotProgrammingwithROS2/bookros2_ws/install/pal_robotiq_description/lib/python3.12/site-packages'
[1.090s] Level 1:colcon.colcon_core.environment:checking '/home/edmund-munene/Documents/Programming-language-basics/Linux/Robotics/AConciseIntroductiontoRobotProgrammingwithROS2/bookros2_ws/install/pal_robotiq_description/bin'
[1.090s] INFO:colcon.colcon_core.shell:Creating package script '/home/edmund-munene/Documents/Programming-language-basics/Linux/Robotics/AConciseIntroductiontoRobotProgrammingwithROS2/bookros2_ws/install/pal_robotiq_description/share/pal_robotiq_description/package.ps1'
[1.092s] INFO:colcon.colcon_core.shell:Creating package descriptor '/home/edmund-munene/Documents/Programming-language-basics/Linux/Robotics/AConciseIntroductiontoRobotProgrammingwithROS2/bookros2_ws/install/pal_robotiq_description/share/pal_robotiq_description/package.dsv'
[1.094s] INFO:colcon.colcon_core.shell:Creating package script '/home/edmund-munene/Documents/Programming-language-basics/Linux/Robotics/AConciseIntroductiontoRobotProgrammingwithROS2/bookros2_ws/install/pal_robotiq_description/share/pal_robotiq_description/package.sh'
[1.095s] INFO:colcon.colcon_core.shell:Creating package script '/home/edmund-munene/Documents/Programming-language-basics/Linux/Robotics/AConciseIntroductiontoRobotProgrammingwithROS2/bookros2_ws/install/pal_robotiq_description/share/pal_robotiq_description/package.bash'
[1.096s] INFO:colcon.colcon_core.shell:Creating package script '/home/edmund-munene/Documents/Programming-language-basics/Linux/Robotics/AConciseIntroductiontoRobotProgrammingwithROS2/bookros2_ws/install/pal_robotiq_description/share/pal_robotiq_description/package.zsh'
[1.096s] Level 1:colcon.colcon_core.environment:create_file_with_runtime_dependencies(/home/edmund-munene/Documents/Programming-language-basics/Linux/Robotics/AConciseIntroductiontoRobotProgrammingwithROS2/bookros2_ws/install/pal_robotiq_description/share/colcon-core/packages/pal_robotiq_description)
[1.097s] Level 1:colcon.colcon_core.environment:create_environment_scripts_only(omni_base_controller_configuration)
[1.098s] DEBUG:colcon.colcon_core.event_handler.log_command:Invoked command in '/home/edmund-munene/Documents/Programming-language-basics/Linux/Robotics/AConciseIntroductiontoRobotProgrammingwithROS2/bookros2_ws/build/omni_base_controller_configuration' returned '0': CMAKE_PREFIX_PATH=${CMAKE_PREFIX_PATH}:/opt/ros/jazzy DEBUGINFOD_URLS=https://debuginfod.ubuntu.com /usr/bin/cmake --install /home/edmund-munene/Documents/Programming-language-basics/Linux/Robotics/AConciseIntroductiontoRobotProgrammingwithROS2/bookros2_ws/build/omni_base_controller_configuration
[1.099s] Level 1:colcon.colcon_core.environment:checking '/home/edmund-munene/Documents/Programming-language-basics/Linux/Robotics/AConciseIntroductiontoRobotProgrammingwithROS2/bookros2_ws/install/omni_base_controller_configuration' for CMake module files
[1.100s] Level 1:colcon.colcon_core.environment:checking '/home/edmund-munene/Documents/Programming-language-basics/Linux/Robotics/AConciseIntroductiontoRobotProgrammingwithROS2/bookros2_ws/install/omni_base_controller_configuration' for CMake config files
[1.102s] Level 1:colcon.colcon_core.shell:create_environment_hook('omni_base_controller_configuration', 'cmake_prefix_path')
[1.104s] INFO:colcon.colcon_core.shell:Creating environment hook '/home/edmund-munene/Documents/Programming-language-basics/Linux/Robotics/AConciseIntroductiontoRobotProgrammingwithROS2/bookros2_ws/install/omni_base_controller_configuration/share/omni_base_controller_configuration/hook/cmake_prefix_path.ps1'
[1.105s] INFO:colcon.colcon_core.shell:Creating environment descriptor '/home/edmund-munene/Documents/Programming-language-basics/Linux/Robotics/AConciseIntroductiontoRobotProgrammingwithROS2/bookros2_ws/install/omni_base_controller_configuration/share/omni_base_controller_configuration/hook/cmake_prefix_path.dsv'
[1.108s] INFO:colcon.colcon_core.shell:Creating environment hook '/home/edmund-munene/Documents/Programming-language-basics/Linux/Robotics/AConciseIntroductiontoRobotProgrammingwithROS2/bookros2_ws/install/omni_base_controller_configuration/share/omni_base_controller_configuration/hook/cmake_prefix_path.sh'
[1.109s] Level 1:colcon.colcon_core.environment:checking '/home/edmund-munene/Documents/Programming-language-basics/Linux/Robotics/AConciseIntroductiontoRobotProgrammingwithROS2/bookros2_ws/install/omni_base_controller_configuration/bin'
[1.110s] Level 1:colcon.colcon_core.environment:checking '/home/edmund-munene/Documents/Programming-language-basics/Linux/Robotics/AConciseIntroductiontoRobotProgrammingwithROS2/bookros2_ws/install/omni_base_controller_configuration/lib/pkgconfig/omni_base_controller_configuration.pc'
[1.110s] Level 1:colcon.colcon_core.environment:checking '/home/edmund-munene/Documents/Programming-language-basics/Linux/Robotics/AConciseIntroductiontoRobotProgrammingwithROS2/bookros2_ws/install/omni_base_controller_configuration/lib/python3.12/site-packages'
[1.111s] Level 1:colcon.colcon_core.environment:checking '/home/edmund-munene/Documents/Programming-language-basics/Linux/Robotics/AConciseIntroductiontoRobotProgrammingwithROS2/bookros2_ws/install/omni_base_controller_configuration/bin'
[1.111s] INFO:colcon.colcon_core.shell:Creating package script '/home/edmund-munene/Documents/Programming-language-basics/Linux/Robotics/AConciseIntroductiontoRobotProgrammingwithROS2/bookros2_ws/install/omni_base_controller_configuration/share/omni_base_controller_configuration/package.ps1'
[1.113s] INFO:colcon.colcon_core.shell:Creating package descriptor '/home/edmund-munene/Documents/Programming-language-basics/Linux/Robotics/AConciseIntroductiontoRobotProgrammingwithROS2/bookros2_ws/install/omni_base_controller_configuration/share/omni_base_controller_configuration/package.dsv'
[1.114s] INFO:colcon.colcon_core.shell:Creating package script '/home/edmund-munene/Documents/Programming-language-basics/Linux/Robotics/AConciseIntroductiontoRobotProgrammingwithROS2/bookros2_ws/install/omni_base_controller_configuration/share/omni_base_controller_configuration/package.sh'
[1.118s] INFO:colcon.colcon_core.shell:Creating package script '/home/edmund-munene/Documents/Programming-language-basics/Linux/Robotics/AConciseIntroductiontoRobotProgrammingwithROS2/bookros2_ws/install/omni_base_controller_configuration/share/omni_base_controller_configuration/package.bash'
[1.119s] INFO:colcon.colcon_core.shell:Creating package script '/home/edmund-munene/Documents/Programming-language-basics/Linux/Robotics/AConciseIntroductiontoRobotProgrammingwithROS2/bookros2_ws/install/omni_base_controller_configuration/share/omni_base_controller_configuration/package.zsh'
[1.122s] Level 1:colcon.colcon_core.environment:create_file_with_runtime_dependencies(/home/edmund-munene/Documents/Programming-language-basics/Linux/Robotics/AConciseIntroductiontoRobotProgrammingwithROS2/bookros2_ws/install/omni_base_controller_configuration/share/colcon-core/packages/omni_base_controller_configuration)
[1.125s] Level 1:colcon.colcon_core.environment:create_environment_scripts_only(omni_base_controller_configuration)
[1.125s] Level 1:colcon.colcon_core.environment:checking '/home/edmund-munene/Documents/Programming-language-basics/Linux/Robotics/AConciseIntroductiontoRobotProgrammingwithROS2/bookros2_ws/install/omni_base_controller_configuration' for CMake module files
[1.127s] Level 1:colcon.colcon_core.environment:checking '/home/edmund-munene/Documents/Programming-language-basics/Linux/Robotics/AConciseIntroductiontoRobotProgrammingwithROS2/bookros2_ws/install/omni_base_controller_configuration' for CMake config files
[1.128s] Level 1:colcon.colcon_core.shell:create_environment_hook('omni_base_controller_configuration', 'cmake_prefix_path')
[1.128s] INFO:colcon.colcon_core.shell:Creating environment hook '/home/edmund-munene/Documents/Programming-language-basics/Linux/Robotics/AConciseIntroductiontoRobotProgrammingwithROS2/bookros2_ws/install/omni_base_controller_configuration/share/omni_base_controller_configuration/hook/cmake_prefix_path.ps1'
[1.131s] INFO:colcon.colcon_core.shell:Creating environment descriptor '/home/edmund-munene/Documents/Programming-language-basics/Linux/Robotics/AConciseIntroductiontoRobotProgrammingwithROS2/bookros2_ws/install/omni_base_controller_configuration/share/omni_base_controller_configuration/hook/cmake_prefix_path.dsv'
[1.132s] INFO:colcon.colcon_core.shell:Creating environment hook '/home/edmund-munene/Documents/Programming-language-basics/Linux/Robotics/AConciseIntroductiontoRobotProgrammingwithROS2/bookros2_ws/install/omni_base_controller_configuration/share/omni_base_controller_configuration/hook/cmake_prefix_path.sh'
[1.135s] Level 1:colcon.colcon_core.environment:checking '/home/edmund-munene/Documents/Programming-language-basics/Linux/Robotics/AConciseIntroductiontoRobotProgrammingwithROS2/bookros2_ws/install/omni_base_controller_configuration/bin'
[1.135s] Level 1:colcon.colcon_core.environment:checking '/home/edmund-munene/Documents/Programming-language-basics/Linux/Robotics/AConciseIntroductiontoRobotProgrammingwithROS2/bookros2_ws/install/omni_base_controller_configuration/lib/pkgconfig/omni_base_controller_configuration.pc'
[1.136s] Level 1:colcon.colcon_core.environment:checking '/home/edmund-munene/Documents/Programming-language-basics/Linux/Robotics/AConciseIntroductiontoRobotProgrammingwithROS2/bookros2_ws/install/omni_base_controller_configuration/lib/python3.12/site-packages'
[1.137s] Level 1:colcon.colcon_core.environment:checking '/home/edmund-munene/Documents/Programming-language-basics/Linux/Robotics/AConciseIntroductiontoRobotProgrammingwithROS2/bookros2_ws/install/omni_base_controller_configuration/bin'
[1.138s] INFO:colcon.colcon_core.shell:Creating package script '/home/edmund-munene/Documents/Programming-language-basics/Linux/Robotics/AConciseIntroductiontoRobotProgrammingwithROS2/bookros2_ws/install/omni_base_controller_configuration/share/omni_base_controller_configuration/package.ps1'
[1.139s] INFO:colcon.colcon_core.shell:Creating package descriptor '/home/edmund-munene/Documents/Programming-language-basics/Linux/Robotics/AConciseIntroductiontoRobotProgrammingwithROS2/bookros2_ws/install/omni_base_controller_configuration/share/omni_base_controller_configuration/package.dsv'
[1.140s] INFO:colcon.colcon_core.shell:Creating package script '/home/edmund-munene/Documents/Programming-language-basics/Linux/Robotics/AConciseIntroductiontoRobotProgrammingwithROS2/bookros2_ws/install/omni_base_controller_configuration/share/omni_base_controller_configuration/package.sh'
[1.142s] INFO:colcon.colcon_core.shell:Creating package script '/home/edmund-munene/Documents/Programming-language-basics/Linux/Robotics/AConciseIntroductiontoRobotProgrammingwithROS2/bookros2_ws/install/omni_base_controller_configuration/share/omni_base_controller_configuration/package.bash'
[1.146s] INFO:colcon.colcon_core.shell:Creating package script '/home/edmund-munene/Documents/Programming-language-basics/Linux/Robotics/AConciseIntroductiontoRobotProgrammingwithROS2/bookros2_ws/install/omni_base_controller_configuration/share/omni_base_controller_configuration/package.zsh'
[1.147s] Level 1:colcon.colcon_core.environment:create_file_with_runtime_dependencies(/home/edmund-munene/Documents/Programming-language-basics/Linux/Robotics/AConciseIntroductiontoRobotProgrammingwithROS2/bookros2_ws/install/omni_base_controller_configuration/share/colcon-core/packages/omni_base_controller_configuration)
[1.147s] Level 1:colcon.colcon_core.environment:create_environment_scripts_only(pal_urdf_utils)
[1.149s] Level 1:colcon.colcon_core.environment:checking '/home/edmund-munene/Documents/Programming-language-basics/Linux/Robotics/AConciseIntroductiontoRobotProgrammingwithROS2/bookros2_ws/install/pal_urdf_utils' for CMake module files
[1.150s] Level 1:colcon.colcon_core.environment:checking '/home/edmund-munene/Documents/Programming-language-basics/Linux/Robotics/AConciseIntroductiontoRobotProgrammingwithROS2/bookros2_ws/install/pal_urdf_utils' for CMake config files
[1.151s] Level 1:colcon.colcon_core.shell:create_environment_hook('pal_urdf_utils', 'cmake_prefix_path')
[1.151s] INFO:colcon.colcon_core.shell:Creating environment hook '/home/edmund-munene/Documents/Programming-language-basics/Linux/Robotics/AConciseIntroductiontoRobotProgrammingwithROS2/bookros2_ws/install/pal_urdf_utils/share/pal_urdf_utils/hook/cmake_prefix_path.ps1'
[1.149s] DEBUG:colcon.colcon_core.event_handler.log_command:Invoked command in '/home/edmund-munene/Documents/Programming-language-basics/Linux/Robotics/AConciseIntroductiontoRobotProgrammingwithROS2/bookros2_ws/build/pal_urdf_utils' returned '0': CMAKE_PREFIX_PATH=${CMAKE_PREFIX_PATH}:/opt/ros/jazzy DEBUGINFOD_URLS=https://debuginfod.ubuntu.com /usr/bin/cmake --install /home/edmund-munene/Documents/Programming-language-basics/Linux/Robotics/AConciseIntroductiontoRobotProgrammingwithROS2/bookros2_ws/build/pal_urdf_utils
[1.155s] INFO:colcon.colcon_core.shell:Creating environment descriptor '/home/edmund-munene/Documents/Programming-language-basics/Linux/Robotics/AConciseIntroductiontoRobotProgrammingwithROS2/bookros2_ws/install/pal_urdf_utils/share/pal_urdf_utils/hook/cmake_prefix_path.dsv'
[1.157s] INFO:colcon.colcon_core.shell:Creating environment hook '/home/edmund-munene/Documents/Programming-language-basics/Linux/Robotics/AConciseIntroductiontoRobotProgrammingwithROS2/bookros2_ws/install/pal_urdf_utils/share/pal_urdf_utils/hook/cmake_prefix_path.sh'
[1.159s] Level 1:colcon.colcon_core.environment:checking '/home/edmund-munene/Documents/Programming-language-basics/Linux/Robotics/AConciseIntroductiontoRobotProgrammingwithROS2/bookros2_ws/install/pal_urdf_utils/bin'
[1.159s] Level 1:colcon.colcon_core.environment:checking '/home/edmund-munene/Documents/Programming-language-basics/Linux/Robotics/AConciseIntroductiontoRobotProgrammingwithROS2/bookros2_ws/install/pal_urdf_utils/lib/pkgconfig/pal_urdf_utils.pc'
[1.160s] Level 1:colcon.colcon_core.environment:checking '/home/edmund-munene/Documents/Programming-language-basics/Linux/Robotics/AConciseIntroductiontoRobotProgrammingwithROS2/bookros2_ws/install/pal_urdf_utils/lib/python3.12/site-packages'
[1.162s] Level 1:colcon.colcon_core.environment:checking '/home/edmund-munene/Documents/Programming-language-basics/Linux/Robotics/AConciseIntroductiontoRobotProgrammingwithROS2/bookros2_ws/install/pal_urdf_utils/bin'
[1.165s] INFO:colcon.colcon_core.shell:Creating package script '/home/edmund-munene/Documents/Programming-language-basics/Linux/Robotics/AConciseIntroductiontoRobotProgrammingwithROS2/bookros2_ws/install/pal_urdf_utils/share/pal_urdf_utils/package.ps1'
[1.169s] INFO:colcon.colcon_core.shell:Creating package descriptor '/home/edmund-munene/Documents/Programming-language-basics/Linux/Robotics/AConciseIntroductiontoRobotProgrammingwithROS2/bookros2_ws/install/pal_urdf_utils/share/pal_urdf_utils/package.dsv'
[1.171s] INFO:colcon.colcon_core.shell:Creating package script '/home/edmund-munene/Documents/Programming-language-basics/Linux/Robotics/AConciseIntroductiontoRobotProgrammingwithROS2/bookros2_ws/install/pal_urdf_utils/share/pal_urdf_utils/package.sh'
[1.174s] INFO:colcon.colcon_core.shell:Creating package script '/home/edmund-munene/Documents/Programming-language-basics/Linux/Robotics/AConciseIntroductiontoRobotProgrammingwithROS2/bookros2_ws/install/pal_urdf_utils/share/pal_urdf_utils/package.bash'
[1.178s] INFO:colcon.colcon_core.shell:Creating package script '/home/edmund-munene/Documents/Programming-language-basics/Linux/Robotics/AConciseIntroductiontoRobotProgrammingwithROS2/bookros2_ws/install/pal_urdf_utils/share/pal_urdf_utils/package.zsh'
[1.182s] Level 1:colcon.colcon_core.environment:create_file_with_runtime_dependencies(/home/edmund-munene/Documents/Programming-language-basics/Linux/Robotics/AConciseIntroductiontoRobotProgrammingwithROS2/bookros2_ws/install/pal_urdf_utils/share/colcon-core/packages/pal_urdf_utils)
[1.184s] Level 1:colcon.colcon_core.environment:create_environment_scripts_only(pal_urdf_utils)
[1.184s] Level 1:colcon.colcon_core.environment:checking '/home/edmund-munene/Documents/Programming-language-basics/Linux/Robotics/AConciseIntroductiontoRobotProgrammingwithROS2/bookros2_ws/install/pal_urdf_utils' for CMake module files
[1.185s] Level 1:colcon.colcon_core.environment:checking '/home/edmund-munene/Documents/Programming-language-basics/Linux/Robotics/AConciseIntroductiontoRobotProgrammingwithROS2/bookros2_ws/install/pal_urdf_utils' for CMake config files
[1.185s] Level 1:colcon.colcon_core.shell:create_environment_hook('pal_urdf_utils', 'cmake_prefix_path')
[1.186s] INFO:colcon.colcon_core.shell:Creating environment hook '/home/edmund-munene/Documents/Programming-language-basics/Linux/Robotics/AConciseIntroductiontoRobotProgrammingwithROS2/bookros2_ws/install/pal_urdf_utils/share/pal_urdf_utils/hook/cmake_prefix_path.ps1'
[1.190s] INFO:colcon.colcon_core.shell:Creating environment descriptor '/home/edmund-munene/Documents/Programming-language-basics/Linux/Robotics/AConciseIntroductiontoRobotProgrammingwithROS2/bookros2_ws/install/pal_urdf_utils/share/pal_urdf_utils/hook/cmake_prefix_path.dsv'
[1.192s] INFO:colcon.colcon_core.shell:Creating environment hook '/home/edmund-munene/Documents/Programming-language-basics/Linux/Robotics/AConciseIntroductiontoRobotProgrammingwithROS2/bookros2_ws/install/pal_urdf_utils/share/pal_urdf_utils/hook/cmake_prefix_path.sh'
[1.197s] Level 1:colcon.colcon_core.environment:checking '/home/edmund-munene/Documents/Programming-language-basics/Linux/Robotics/AConciseIntroductiontoRobotProgrammingwithROS2/bookros2_ws/install/pal_urdf_utils/bin'
[1.197s] Level 1:colcon.colcon_core.environment:checking '/home/edmund-munene/Documents/Programming-language-basics/Linux/Robotics/AConciseIntroductiontoRobotProgrammingwithROS2/bookros2_ws/install/pal_urdf_utils/lib/pkgconfig/pal_urdf_utils.pc'
[1.198s] Level 1:colcon.colcon_core.environment:checking '/home/edmund-munene/Documents/Programming-language-basics/Linux/Robotics/AConciseIntroductiontoRobotProgrammingwithROS2/bookros2_ws/install/pal_urdf_utils/lib/python3.12/site-packages'
[1.198s] Level 1:colcon.colcon_core.environment:checking '/home/edmund-munene/Documents/Programming-language-basics/Linux/Robotics/AConciseIntroductiontoRobotProgrammingwithROS2/bookros2_ws/install/pal_urdf_utils/bin'
[1.199s] INFO:colcon.colcon_core.shell:Creating package script '/home/edmund-munene/Documents/Programming-language-basics/Linux/Robotics/AConciseIntroductiontoRobotProgrammingwithROS2/bookros2_ws/install/pal_urdf_utils/share/pal_urdf_utils/package.ps1'
[1.200s] INFO:colcon.colcon_core.shell:Creating package descriptor '/home/edmund-munene/Documents/Programming-language-basics/Linux/Robotics/AConciseIntroductiontoRobotProgrammingwithROS2/bookros2_ws/install/pal_urdf_utils/share/pal_urdf_utils/package.dsv'
[1.202s] INFO:colcon.colcon_core.shell:Creating package script '/home/edmund-munene/Documents/Programming-language-basics/Linux/Robotics/AConciseIntroductiontoRobotProgrammingwithROS2/bookros2_ws/install/pal_urdf_utils/share/pal_urdf_utils/package.sh'
[1.203s] INFO:colcon.colcon_core.shell:Creating package script '/home/edmund-munene/Documents/Programming-language-basics/Linux/Robotics/AConciseIntroductiontoRobotProgrammingwithROS2/bookros2_ws/install/pal_urdf_utils/share/pal_urdf_utils/package.bash'
[1.203s] INFO:colcon.colcon_core.shell:Creating package script '/home/edmund-munene/Documents/Programming-language-basics/Linux/Robotics/AConciseIntroductiontoRobotProgrammingwithROS2/bookros2_ws/install/pal_urdf_utils/share/pal_urdf_utils/package.zsh'
[1.204s] Level 1:colcon.colcon_core.environment:create_file_with_runtime_dependencies(/home/edmund-munene/Documents/Programming-language-basics/Linux/Robotics/AConciseIntroductiontoRobotProgrammingwithROS2/bookros2_ws/install/pal_urdf_utils/share/colcon-core/packages/pal_urdf_utils)
[1.205s] INFO:colcon.colcon_ros.task.ament_cmake.build:Building ROS package in '/home/edmund-munene/Documents/Programming-language-basics/Linux/Robotics/AConciseIntroductiontoRobotProgrammingwithROS2/bookros2_ws/src/ThirdParty/pal_gripper/pal_gripper_description' with build type 'ament_cmake'
[1.205s] INFO:colcon.colcon_cmake.task.cmake.build:Building CMake package in '/home/edmund-munene/Documents/Programming-language-basics/Linux/Robotics/AConciseIntroductiontoRobotProgrammingwithROS2/bookros2_ws/src/ThirdParty/pal_gripper/pal_gripper_description'
[1.206s] INFO:colcon.colcon_core.shell:Skip shell extension 'powershell' for command environment: Not usable outside of PowerShell
[1.206s] DEBUG:colcon.colcon_core.shell:Skip shell extension 'dsv' for command environment
[1.216s] INFO:colcon.colcon_ros.task.ament_cmake.build:Building ROS package in '/home/edmund-munene/Documents/Programming-language-basics/Linux/Robotics/AConciseIntroductiontoRobotProgrammingwithROS2/bookros2_ws/src/ThirdParty/pal_hey5/pal_hey5_description' with build type 'ament_cmake'
[1.216s] INFO:colcon.colcon_cmake.task.cmake.build:Building CMake package in '/home/edmund-munene/Documents/Programming-language-basics/Linux/Robotics/AConciseIntroductiontoRobotProgrammingwithROS2/bookros2_ws/src/ThirdParty/pal_hey5/pal_hey5_description'
[1.217s] INFO:colcon.colcon_core.shell:Skip shell extension 'powershell' for command environment: Not usable outside of PowerShell
[1.217s] DEBUG:colcon.colcon_core.shell:Skip shell extension 'dsv' for command environment
[1.228s] INFO:colcon.colcon_ros.task.ament_cmake.build:Building ROS package in '/home/edmund-munene/Documents/Programming-language-basics/Linux/Robotics/AConciseIntroductiontoRobotProgrammingwithROS2/bookros2_ws/src/ThirdParty/pmb2_navigation/pmb2_laser_sensors' with build type 'ament_cmake'
[1.229s] INFO:colcon.colcon_cmake.task.cmake.build:Building CMake package in '/home/edmund-munene/Documents/Programming-language-basics/Linux/Robotics/AConciseIntroductiontoRobotProgrammingwithROS2/bookros2_ws/src/ThirdParty/pmb2_navigation/pmb2_laser_sensors'
[1.229s] INFO:colcon.colcon_core.shell:Skip shell extension 'powershell' for command environment: Not usable outside of PowerShell
[1.229s] DEBUG:colcon.colcon_core.shell:Skip shell extension 'dsv' for command environment
[1.239s] Level 1:colcon.colcon_core.environment:create_environment_scripts_only(pal_gripper_controller_configuration)
[1.239s] Level 1:colcon.colcon_core.environment:checking '/home/edmund-munene/Documents/Programming-language-basics/Linux/Robotics/AConciseIntroductiontoRobotProgrammingwithROS2/bookros2_ws/install/pal_gripper_controller_configuration' for CMake module files
[1.241s] Level 1:colcon.colcon_core.environment:checking '/home/edmund-munene/Documents/Programming-language-basics/Linux/Robotics/AConciseIntroductiontoRobotProgrammingwithROS2/bookros2_ws/install/pal_gripper_controller_configuration' for CMake config files
[1.241s] DEBUG:colcon.colcon_core.event_handler.log_command:Invoked command in '/home/edmund-munene/Documents/Programming-language-basics/Linux/Robotics/AConciseIntroductiontoRobotProgrammingwithROS2/bookros2_ws/build/pal_gripper_controller_configuration' returned '0': CMAKE_PREFIX_PATH=${CMAKE_PREFIX_PATH}:/opt/ros/jazzy DEBUGINFOD_URLS=https://debuginfod.ubuntu.com /usr/bin/cmake --install /home/edmund-munene/Documents/Programming-language-basics/Linux/Robotics/AConciseIntroductiontoRobotProgrammingwithROS2/bookros2_ws/build/pal_gripper_controller_configuration
[1.242s] Level 1:colcon.colcon_core.shell:create_environment_hook('pal_gripper_controller_configuration', 'cmake_prefix_path')
[1.242s] INFO:colcon.colcon_core.shell:Creating environment hook '/home/edmund-munene/Documents/Programming-language-basics/Linux/Robotics/AConciseIntroductiontoRobotProgrammingwithROS2/bookros2_ws/install/pal_gripper_controller_configuration/share/pal_gripper_controller_configuration/hook/cmake_prefix_path.ps1'
[1.243s] INFO:colcon.colcon_core.shell:Creating environment descriptor '/home/edmund-munene/Documents/Programming-language-basics/Linux/Robotics/AConciseIntroductiontoRobotProgrammingwithROS2/bookros2_ws/install/pal_gripper_controller_configuration/share/pal_gripper_controller_configuration/hook/cmake_prefix_path.dsv'
[1.245s] INFO:colcon.colcon_core.shell:Creating environment hook '/home/edmund-munene/Documents/Programming-language-basics/Linux/Robotics/AConciseIntroductiontoRobotProgrammingwithROS2/bookros2_ws/install/pal_gripper_controller_configuration/share/pal_gripper_controller_configuration/hook/cmake_prefix_path.sh'
[1.246s] Level 1:colcon.colcon_core.environment:checking '/home/edmund-munene/Documents/Programming-language-basics/Linux/Robotics/AConciseIntroductiontoRobotProgrammingwithROS2/bookros2_ws/install/pal_gripper_controller_configuration/bin'
[1.246s] Level 1:colcon.colcon_core.environment:checking '/home/edmund-munene/Documents/Programming-language-basics/Linux/Robotics/AConciseIntroductiontoRobotProgrammingwithROS2/bookros2_ws/install/pal_gripper_controller_configuration/lib/pkgconfig/pal_gripper_controller_configuration.pc'
[1.246s] Level 1:colcon.colcon_core.environment:checking '/home/edmund-munene/Documents/Programming-language-basics/Linux/Robotics/AConciseIntroductiontoRobotProgrammingwithROS2/bookros2_ws/install/pal_gripper_controller_configuration/lib/python3.12/site-packages'
[1.247s] Level 1:colcon.colcon_core.environment:checking '/home/edmund-munene/Documents/Programming-language-basics/Linux/Robotics/AConciseIntroductiontoRobotProgrammingwithROS2/bookros2_ws/install/pal_gripper_controller_configuration/bin'
[1.248s] INFO:colcon.colcon_core.shell:Creating package script '/home/edmund-munene/Documents/Programming-language-basics/Linux/Robotics/AConciseIntroductiontoRobotProgrammingwithROS2/bookros2_ws/install/pal_gripper_controller_configuration/share/pal_gripper_controller_configuration/package.ps1'
[1.249s] INFO:colcon.colcon_core.shell:Creating package descriptor '/home/edmund-munene/Documents/Programming-language-basics/Linux/Robotics/AConciseIntroductiontoRobotProgrammingwithROS2/bookros2_ws/install/pal_gripper_controller_configuration/share/pal_gripper_controller_configuration/package.dsv'
[1.249s] INFO:colcon.colcon_core.shell:Creating package script '/home/edmund-munene/Documents/Programming-language-basics/Linux/Robotics/AConciseIntroductiontoRobotProgrammingwithROS2/bookros2_ws/install/pal_gripper_controller_configuration/share/pal_gripper_controller_configuration/package.sh'
[1.250s] INFO:colcon.colcon_core.shell:Creating package script '/home/edmund-munene/Documents/Programming-language-basics/Linux/Robotics/AConciseIntroductiontoRobotProgrammingwithROS2/bookros2_ws/install/pal_gripper_controller_configuration/share/pal_gripper_controller_configuration/package.bash'
[1.251s] INFO:colcon.colcon_core.shell:Creating package script '/home/edmund-munene/Documents/Programming-language-basics/Linux/Robotics/AConciseIntroductiontoRobotProgrammingwithROS2/bookros2_ws/install/pal_gripper_controller_configuration/share/pal_gripper_controller_configuration/package.zsh'
[1.251s] Level 1:colcon.colcon_core.environment:create_file_with_runtime_dependencies(/home/edmund-munene/Documents/Programming-language-basics/Linux/Robotics/AConciseIntroductiontoRobotProgrammingwithROS2/bookros2_ws/install/pal_gripper_controller_configuration/share/colcon-core/packages/pal_gripper_controller_configuration)
[1.253s] Level 1:colcon.colcon_core.environment:create_environment_scripts_only(pal_gripper_controller_configuration)
[1.253s] Level 1:colcon.colcon_core.environment:checking '/home/edmund-munene/Documents/Programming-language-basics/Linux/Robotics/AConciseIntroductiontoRobotProgrammingwithROS2/bookros2_ws/install/pal_gripper_controller_configuration' for CMake module files
[1.254s] Level 1:colcon.colcon_core.environment:checking '/home/edmund-munene/Documents/Programming-language-basics/Linux/Robotics/AConciseIntroductiontoRobotProgrammingwithROS2/bookros2_ws/install/pal_gripper_controller_configuration' for CMake config files
[1.255s] Level 1:colcon.colcon_core.shell:create_environment_hook('pal_gripper_controller_configuration', 'cmake_prefix_path')
[1.255s] INFO:colcon.colcon_core.shell:Creating environment hook '/home/edmund-munene/Documents/Programming-language-basics/Linux/Robotics/AConciseIntroductiontoRobotProgrammingwithROS2/bookros2_ws/install/pal_gripper_controller_configuration/share/pal_gripper_controller_configuration/hook/cmake_prefix_path.ps1'
[1.257s] INFO:colcon.colcon_core.shell:Creating environment descriptor '/home/edmund-munene/Documents/Programming-language-basics/Linux/Robotics/AConciseIntroductiontoRobotProgrammingwithROS2/bookros2_ws/install/pal_gripper_controller_configuration/share/pal_gripper_controller_configuration/hook/cmake_prefix_path.dsv'
[1.257s] INFO:colcon.colcon_core.shell:Creating environment hook '/home/edmund-munene/Documents/Programming-language-basics/Linux/Robotics/AConciseIntroductiontoRobotProgrammingwithROS2/bookros2_ws/install/pal_gripper_controller_configuration/share/pal_gripper_controller_configuration/hook/cmake_prefix_path.sh'
[1.258s] Level 1:colcon.colcon_core.environment:checking '/home/edmund-munene/Documents/Programming-language-basics/Linux/Robotics/AConciseIntroductiontoRobotProgrammingwithROS2/bookros2_ws/install/pal_gripper_controller_configuration/bin'
[1.258s] Level 1:colcon.colcon_core.environment:checking '/home/edmund-munene/Documents/Programming-language-basics/Linux/Robotics/AConciseIntroductiontoRobotProgrammingwithROS2/bookros2_ws/install/pal_gripper_controller_configuration/lib/pkgconfig/pal_gripper_controller_configuration.pc'
[1.259s] Level 1:colcon.colcon_core.environment:checking '/home/edmund-munene/Documents/Programming-language-basics/Linux/Robotics/AConciseIntroductiontoRobotProgrammingwithROS2/bookros2_ws/install/pal_gripper_controller_configuration/lib/python3.12/site-packages'
[1.260s] Level 1:colcon.colcon_core.environment:checking '/home/edmund-munene/Documents/Programming-language-basics/Linux/Robotics/AConciseIntroductiontoRobotProgrammingwithROS2/bookros2_ws/install/pal_gripper_controller_configuration/bin'
[1.260s] INFO:colcon.colcon_core.shell:Creating package script '/home/edmund-munene/Documents/Programming-language-basics/Linux/Robotics/AConciseIntroductiontoRobotProgrammingwithROS2/bookros2_ws/install/pal_gripper_controller_configuration/share/pal_gripper_controller_configuration/package.ps1'
[1.261s] INFO:colcon.colcon_core.shell:Creating package descriptor '/home/edmund-munene/Documents/Programming-language-basics/Linux/Robotics/AConciseIntroductiontoRobotProgrammingwithROS2/bookros2_ws/install/pal_gripper_controller_configuration/share/pal_gripper_controller_configuration/package.dsv'
[1.262s] INFO:colcon.colcon_core.shell:Creating package script '/home/edmund-munene/Documents/Programming-language-basics/Linux/Robotics/AConciseIntroductiontoRobotProgrammingwithROS2/bookros2_ws/install/pal_gripper_controller_configuration/share/pal_gripper_controller_configuration/package.sh'
[1.263s] INFO:colcon.colcon_core.shell:Creating package script '/home/edmund-munene/Documents/Programming-language-basics/Linux/Robotics/AConciseIntroductiontoRobotProgrammingwithROS2/bookros2_ws/install/pal_gripper_controller_configuration/share/pal_gripper_controller_configuration/package.bash'
[1.264s] INFO:colcon.colcon_core.shell:Creating package script '/home/edmund-munene/Documents/Programming-language-basics/Linux/Robotics/AConciseIntroductiontoRobotProgrammingwithROS2/bookros2_ws/install/pal_gripper_controller_configuration/share/pal_gripper_controller_configuration/package.zsh'
[1.264s] Level 1:colcon.colcon_core.environment:create_file_with_runtime_dependencies(/home/edmund-munene/Documents/Programming-language-basics/Linux/Robotics/AConciseIntroductiontoRobotProgrammingwithROS2/bookros2_ws/install/pal_gripper_controller_configuration/share/colcon-core/packages/pal_gripper_controller_configuration)
[1.265s] Level 1:colcon.colcon_core.environment:create_environment_scripts_only(pal_hey5_controller_configuration)
[1.265s] Level 1:colcon.colcon_core.environment:checking '/home/edmund-munene/Documents/Programming-language-basics/Linux/Robotics/AConciseIntroductiontoRobotProgrammingwithROS2/bookros2_ws/install/pal_hey5_controller_configuration' for CMake module files
[1.266s] DEBUG:colcon.colcon_core.event_handler.log_command:Invoked command in '/home/edmund-munene/Documents/Programming-language-basics/Linux/Robotics/AConciseIntroductiontoRobotProgrammingwithROS2/bookros2_ws/build/pal_hey5_controller_configuration' returned '0': CMAKE_PREFIX_PATH=${CMAKE_PREFIX_PATH}:/opt/ros/jazzy DEBUGINFOD_URLS=https://debuginfod.ubuntu.com /usr/bin/cmake --install /home/edmund-munene/Documents/Programming-language-basics/Linux/Robotics/AConciseIntroductiontoRobotProgrammingwithROS2/bookros2_ws/build/pal_hey5_controller_configuration
[1.268s] Level 1:colcon.colcon_core.environment:checking '/home/edmund-munene/Documents/Programming-language-basics/Linux/Robotics/AConciseIntroductiontoRobotProgrammingwithROS2/bookros2_ws/install/pal_hey5_controller_configuration' for CMake config files
[1.269s] Level 1:colcon.colcon_core.shell:create_environment_hook('pal_hey5_controller_configuration', 'cmake_prefix_path')
[1.269s] INFO:colcon.colcon_core.shell:Creating environment hook '/home/edmund-munene/Documents/Programming-language-basics/Linux/Robotics/AConciseIntroductiontoRobotProgrammingwithROS2/bookros2_ws/install/pal_hey5_controller_configuration/share/pal_hey5_controller_configuration/hook/cmake_prefix_path.ps1'
[1.270s] INFO:colcon.colcon_core.shell:Creating environment descriptor '/home/edmund-munene/Documents/Programming-language-basics/Linux/Robotics/AConciseIntroductiontoRobotProgrammingwithROS2/bookros2_ws/install/pal_hey5_controller_configuration/share/pal_hey5_controller_configuration/hook/cmake_prefix_path.dsv'
[1.270s] INFO:colcon.colcon_core.shell:Creating environment hook '/home/edmund-munene/Documents/Programming-language-basics/Linux/Robotics/AConciseIntroductiontoRobotProgrammingwithROS2/bookros2_ws/install/pal_hey5_controller_configuration/share/pal_hey5_controller_configuration/hook/cmake_prefix_path.sh'
[1.271s] Level 1:colcon.colcon_core.environment:checking '/home/edmund-munene/Documents/Programming-language-basics/Linux/Robotics/AConciseIntroductiontoRobotProgrammingwithROS2/bookros2_ws/install/pal_hey5_controller_configuration/bin'
[1.272s] Level 1:colcon.colcon_core.environment:checking '/home/edmund-munene/Documents/Programming-language-basics/Linux/Robotics/AConciseIntroductiontoRobotProgrammingwithROS2/bookros2_ws/install/pal_hey5_controller_configuration/lib/pkgconfig/pal_hey5_controller_configuration.pc'
[1.272s] Level 1:colcon.colcon_core.environment:checking '/home/edmund-munene/Documents/Programming-language-basics/Linux/Robotics/AConciseIntroductiontoRobotProgrammingwithROS2/bookros2_ws/install/pal_hey5_controller_configuration/lib/python3.12/site-packages'
[1.273s] Level 1:colcon.colcon_core.environment:checking '/home/edmund-munene/Documents/Programming-language-basics/Linux/Robotics/AConciseIntroductiontoRobotProgrammingwithROS2/bookros2_ws/install/pal_hey5_controller_configuration/bin'
[1.273s] INFO:colcon.colcon_core.shell:Creating package script '/home/edmund-munene/Documents/Programming-language-basics/Linux/Robotics/AConciseIntroductiontoRobotProgrammingwithROS2/bookros2_ws/install/pal_hey5_controller_configuration/share/pal_hey5_controller_configuration/package.ps1'
[1.274s] INFO:colcon.colcon_core.shell:Creating package descriptor '/home/edmund-munene/Documents/Programming-language-basics/Linux/Robotics/AConciseIntroductiontoRobotProgrammingwithROS2/bookros2_ws/install/pal_hey5_controller_configuration/share/pal_hey5_controller_configuration/package.dsv'
[1.275s] INFO:colcon.colcon_core.shell:Creating package script '/home/edmund-munene/Documents/Programming-language-basics/Linux/Robotics/AConciseIntroductiontoRobotProgrammingwithROS2/bookros2_ws/install/pal_hey5_controller_configuration/share/pal_hey5_controller_configuration/package.sh'
[1.276s] INFO:colcon.colcon_core.shell:Creating package script '/home/edmund-munene/Documents/Programming-language-basics/Linux/Robotics/AConciseIntroductiontoRobotProgrammingwithROS2/bookros2_ws/install/pal_hey5_controller_configuration/share/pal_hey5_controller_configuration/package.bash'
[1.277s] INFO:colcon.colcon_core.shell:Creating package script '/home/edmund-munene/Documents/Programming-language-basics/Linux/Robotics/AConciseIntroductiontoRobotProgrammingwithROS2/bookros2_ws/install/pal_hey5_controller_configuration/share/pal_hey5_controller_configuration/package.zsh'
[1.277s] Level 1:colcon.colcon_core.environment:create_file_with_runtime_dependencies(/home/edmund-munene/Documents/Programming-language-basics/Linux/Robotics/AConciseIntroductiontoRobotProgrammingwithROS2/bookros2_ws/install/pal_hey5_controller_configuration/share/colcon-core/packages/pal_hey5_controller_configuration)
[1.278s] Level 1:colcon.colcon_core.environment:create_environment_scripts_only(pal_hey5_controller_configuration)
[1.278s] Level 1:colcon.colcon_core.environment:checking '/home/edmund-munene/Documents/Programming-language-basics/Linux/Robotics/AConciseIntroductiontoRobotProgrammingwithROS2/bookros2_ws/install/pal_hey5_controller_configuration' for CMake module files
[1.279s] Level 1:colcon.colcon_core.environment:checking '/home/edmund-munene/Documents/Programming-language-basics/Linux/Robotics/AConciseIntroductiontoRobotProgrammingwithROS2/bookros2_ws/install/pal_hey5_controller_configuration' for CMake config files
[1.279s] Level 1:colcon.colcon_core.shell:create_environment_hook('pal_hey5_controller_configuration', 'cmake_prefix_path')
[1.279s] INFO:colcon.colcon_core.shell:Creating environment hook '/home/edmund-munene/Documents/Programming-language-basics/Linux/Robotics/AConciseIntroductiontoRobotProgrammingwithROS2/bookros2_ws/install/pal_hey5_controller_configuration/share/pal_hey5_controller_configuration/hook/cmake_prefix_path.ps1'
[1.280s] INFO:colcon.colcon_core.shell:Creating environment descriptor '/home/edmund-munene/Documents/Programming-language-basics/Linux/Robotics/AConciseIntroductiontoRobotProgrammingwithROS2/bookros2_ws/install/pal_hey5_controller_configuration/share/pal_hey5_controller_configuration/hook/cmake_prefix_path.dsv'
[1.281s] INFO:colcon.colcon_core.shell:Creating environment hook '/home/edmund-munene/Documents/Programming-language-basics/Linux/Robotics/AConciseIntroductiontoRobotProgrammingwithROS2/bookros2_ws/install/pal_hey5_controller_configuration/share/pal_hey5_controller_configuration/hook/cmake_prefix_path.sh'
[1.282s] Level 1:colcon.colcon_core.environment:checking '/home/edmund-munene/Documents/Programming-language-basics/Linux/Robotics/AConciseIntroductiontoRobotProgrammingwithROS2/bookros2_ws/install/pal_hey5_controller_configuration/bin'
[1.282s] Level 1:colcon.colcon_core.environment:checking '/home/edmund-munene/Documents/Programming-language-basics/Linux/Robotics/AConciseIntroductiontoRobotProgrammingwithROS2/bookros2_ws/install/pal_hey5_controller_configuration/lib/pkgconfig/pal_hey5_controller_configuration.pc'
[1.282s] Level 1:colcon.colcon_core.environment:checking '/home/edmund-munene/Documents/Programming-language-basics/Linux/Robotics/AConciseIntroductiontoRobotProgrammingwithROS2/bookros2_ws/install/pal_hey5_controller_configuration/lib/python3.12/site-packages'
[1.283s] Level 1:colcon.colcon_core.environment:checking '/home/edmund-munene/Documents/Programming-language-basics/Linux/Robotics/AConciseIntroductiontoRobotProgrammingwithROS2/bookros2_ws/install/pal_hey5_controller_configuration/bin'
[1.284s] INFO:colcon.colcon_core.shell:Creating package script '/home/edmund-munene/Documents/Programming-language-basics/Linux/Robotics/AConciseIntroductiontoRobotProgrammingwithROS2/bookros2_ws/install/pal_hey5_controller_configuration/share/pal_hey5_controller_configuration/package.ps1'
[1.285s] INFO:colcon.colcon_core.shell:Creating package descriptor '/home/edmund-munene/Documents/Programming-language-basics/Linux/Robotics/AConciseIntroductiontoRobotProgrammingwithROS2/bookros2_ws/install/pal_hey5_controller_configuration/share/pal_hey5_controller_configuration/package.dsv'
[1.286s] INFO:colcon.colcon_core.shell:Creating package script '/home/edmund-munene/Documents/Programming-language-basics/Linux/Robotics/AConciseIntroductiontoRobotProgrammingwithROS2/bookros2_ws/install/pal_hey5_controller_configuration/share/pal_hey5_controller_configuration/package.sh'
[1.287s] INFO:colcon.colcon_core.shell:Creating package script '/home/edmund-munene/Documents/Programming-language-basics/Linux/Robotics/AConciseIntroductiontoRobotProgrammingwithROS2/bookros2_ws/install/pal_hey5_controller_configuration/share/pal_hey5_controller_configuration/package.bash'
[1.287s] INFO:colcon.colcon_core.shell:Creating package script '/home/edmund-munene/Documents/Programming-language-basics/Linux/Robotics/AConciseIntroductiontoRobotProgrammingwithROS2/bookros2_ws/install/pal_hey5_controller_configuration/share/pal_hey5_controller_configuration/package.zsh'
[1.288s] Level 1:colcon.colcon_core.environment:create_file_with_runtime_dependencies(/home/edmund-munene/Documents/Programming-language-basics/Linux/Robotics/AConciseIntroductiontoRobotProgrammingwithROS2/bookros2_ws/install/pal_hey5_controller_configuration/share/colcon-core/packages/pal_hey5_controller_configuration)
[1.290s] INFO:colcon.colcon_ros.task.ament_cmake.build:Building ROS package in '/home/edmund-munene/Documents/Programming-language-basics/Linux/Robotics/AConciseIntroductiontoRobotProgrammingwithROS2/bookros2_ws/src/ThirdParty/yaets' with build type 'ament_cmake'
[1.290s] INFO:colcon.colcon_cmake.task.cmake.build:Building CMake package in '/home/edmund-munene/Documents/Programming-language-basics/Linux/Robotics/AConciseIntroductiontoRobotProgrammingwithROS2/bookros2_ws/src/ThirdParty/yaets'
[1.291s] INFO:colcon.colcon_core.shell:Skip shell extension 'powershell' for command environment: Not usable outside of PowerShell
[1.291s] DEBUG:colcon.colcon_core.shell:Skip shell extension 'dsv' for command environment
[1.302s] INFO:colcon.colcon_ros.task.ament_cmake.build:Building ROS package in '/home/edmund-munene/Documents/Programming-language-basics/Linux/Robotics/AConciseIntroductiontoRobotProgrammingwithROS2/bookros2_ws/src/book_ros2/br2_basics' with build type 'ament_cmake'
[1.302s] INFO:colcon.colcon_cmake.task.cmake.build:Building CMake package in '/home/edmund-munene/Documents/Programming-language-basics/Linux/Robotics/AConciseIntroductiontoRobotProgrammingwithROS2/bookros2_ws/src/book_ros2/br2_basics'
[1.303s] INFO:colcon.colcon_core.shell:Skip shell extension 'powershell' for command environment: Not usable outside of PowerShell
[1.303s] DEBUG:colcon.colcon_core.shell:Skip shell extension 'dsv' for command environment
[1.309s] Level 1:colcon.colcon_core.environment:create_environment_scripts_only(pal_maps)
[1.310s] Level 1:colcon.colcon_core.environment:checking '/home/edmund-munene/Documents/Programming-language-basics/Linux/Robotics/AConciseIntroductiontoRobotProgrammingwithROS2/bookros2_ws/install/pal_maps' for CMake module files
[1.311s] DEBUG:colcon.colcon_core.event_handler.log_command:Invoked command in '/home/edmund-munene/Documents/Programming-language-basics/Linux/Robotics/AConciseIntroductiontoRobotProgrammingwithROS2/bookros2_ws/build/pal_maps' returned '0': CMAKE_PREFIX_PATH=${CMAKE_PREFIX_PATH}:/opt/ros/jazzy DEBUGINFOD_URLS=https://debuginfod.ubuntu.com /usr/bin/cmake --install /home/edmund-munene/Documents/Programming-language-basics/Linux/Robotics/AConciseIntroductiontoRobotProgrammingwithROS2/bookros2_ws/build/pal_maps
[1.311s] Level 1:colcon.colcon_core.environment:checking '/home/edmund-munene/Documents/Programming-language-basics/Linux/Robotics/AConciseIntroductiontoRobotProgrammingwithROS2/bookros2_ws/install/pal_maps' for CMake config files
[1.314s] Level 1:colcon.colcon_core.shell:create_environment_hook('pal_maps', 'cmake_prefix_path')
[1.314s] INFO:colcon.colcon_core.shell:Creating environment hook '/home/edmund-munene/Documents/Programming-language-basics/Linux/Robotics/AConciseIntroductiontoRobotProgrammingwithROS2/bookros2_ws/install/pal_maps/share/pal_maps/hook/cmake_prefix_path.ps1'
[1.315s] INFO:colcon.colcon_core.shell:Creating environment descriptor '/home/edmund-munene/Documents/Programming-language-basics/Linux/Robotics/AConciseIntroductiontoRobotProgrammingwithROS2/bookros2_ws/install/pal_maps/share/pal_maps/hook/cmake_prefix_path.dsv'
[1.316s] INFO:colcon.colcon_core.shell:Creating environment hook '/home/edmund-munene/Documents/Programming-language-basics/Linux/Robotics/AConciseIntroductiontoRobotProgrammingwithROS2/bookros2_ws/install/pal_maps/share/pal_maps/hook/cmake_prefix_path.sh'
[1.317s] Level 1:colcon.colcon_core.environment:checking '/home/edmund-munene/Documents/Programming-language-basics/Linux/Robotics/AConciseIntroductiontoRobotProgrammingwithROS2/bookros2_ws/install/pal_maps/bin'
[1.317s] Level 1:colcon.colcon_core.environment:checking '/home/edmund-munene/Documents/Programming-language-basics/Linux/Robotics/AConciseIntroductiontoRobotProgrammingwithROS2/bookros2_ws/install/pal_maps/lib/pkgconfig/pal_maps.pc'
[1.317s] Level 1:colcon.colcon_core.environment:checking '/home/edmund-munene/Documents/Programming-language-basics/Linux/Robotics/AConciseIntroductiontoRobotProgrammingwithROS2/bookros2_ws/install/pal_maps/lib/python3.12/site-packages'
[1.318s] Level 1:colcon.colcon_core.environment:checking '/home/edmund-munene/Documents/Programming-language-basics/Linux/Robotics/AConciseIntroductiontoRobotProgrammingwithROS2/bookros2_ws/install/pal_maps/bin'
[1.318s] INFO:colcon.colcon_core.shell:Creating package script '/home/edmund-munene/Documents/Programming-language-basics/Linux/Robotics/AConciseIntroductiontoRobotProgrammingwithROS2/bookros2_ws/install/pal_maps/share/pal_maps/package.ps1'
[1.320s] INFO:colcon.colcon_core.shell:Creating package descriptor '/home/edmund-munene/Documents/Programming-language-basics/Linux/Robotics/AConciseIntroductiontoRobotProgrammingwithROS2/bookros2_ws/install/pal_maps/share/pal_maps/package.dsv'
[1.320s] INFO:colcon.colcon_core.shell:Creating package script '/home/edmund-munene/Documents/Programming-language-basics/Linux/Robotics/AConciseIntroductiontoRobotProgrammingwithROS2/bookros2_ws/install/pal_maps/share/pal_maps/package.sh'
[1.321s] INFO:colcon.colcon_core.shell:Creating package script '/home/edmund-munene/Documents/Programming-language-basics/Linux/Robotics/AConciseIntroductiontoRobotProgrammingwithROS2/bookros2_ws/install/pal_maps/share/pal_maps/package.bash'
[1.322s] INFO:colcon.colcon_core.shell:Creating package script '/home/edmund-munene/Documents/Programming-language-basics/Linux/Robotics/AConciseIntroductiontoRobotProgrammingwithROS2/bookros2_ws/install/pal_maps/share/pal_maps/package.zsh'
[1.322s] Level 1:colcon.colcon_core.environment:create_file_with_runtime_dependencies(/home/edmund-munene/Documents/Programming-language-basics/Linux/Robotics/AConciseIntroductiontoRobotProgrammingwithROS2/bookros2_ws/install/pal_maps/share/colcon-core/packages/pal_maps)
[1.323s] Level 1:colcon.colcon_core.environment:create_environment_scripts_only(pal_maps)
[1.323s] Level 1:colcon.colcon_core.environment:checking '/home/edmund-munene/Documents/Programming-language-basics/Linux/Robotics/AConciseIntroductiontoRobotProgrammingwithROS2/bookros2_ws/install/pal_maps' for CMake module files
[1.324s] Level 1:colcon.colcon_core.environment:checking '/home/edmund-munene/Documents/Programming-language-basics/Linux/Robotics/AConciseIntroductiontoRobotProgrammingwithROS2/bookros2_ws/install/pal_maps' for CMake config files
[1.326s] Level 1:colcon.colcon_core.shell:create_environment_hook('pal_maps', 'cmake_prefix_path')
[1.326s] INFO:colcon.colcon_core.shell:Creating environment hook '/home/edmund-munene/Documents/Programming-language-basics/Linux/Robotics/AConciseIntroductiontoRobotProgrammingwithROS2/bookros2_ws/install/pal_maps/share/pal_maps/hook/cmake_prefix_path.ps1'
[1.327s] INFO:colcon.colcon_core.shell:Creating environment descriptor '/home/edmund-munene/Documents/Programming-language-basics/Linux/Robotics/AConciseIntroductiontoRobotProgrammingwithROS2/bookros2_ws/install/pal_maps/share/pal_maps/hook/cmake_prefix_path.dsv'
[1.328s] INFO:colcon.colcon_core.shell:Creating environment hook '/home/edmund-munene/Documents/Programming-language-basics/Linux/Robotics/AConciseIntroductiontoRobotProgrammingwithROS2/bookros2_ws/install/pal_maps/share/pal_maps/hook/cmake_prefix_path.sh'
[1.329s] Level 1:colcon.colcon_core.environment:checking '/home/edmund-munene/Documents/Programming-language-basics/Linux/Robotics/AConciseIntroductiontoRobotProgrammingwithROS2/bookros2_ws/install/pal_maps/bin'
[1.329s] Level 1:colcon.colcon_core.environment:checking '/home/edmund-munene/Documents/Programming-language-basics/Linux/Robotics/AConciseIntroductiontoRobotProgrammingwithROS2/bookros2_ws/install/pal_maps/lib/pkgconfig/pal_maps.pc'
[1.329s] Level 1:colcon.colcon_core.environment:checking '/home/edmund-munene/Documents/Programming-language-basics/Linux/Robotics/AConciseIntroductiontoRobotProgrammingwithROS2/bookros2_ws/install/pal_maps/lib/python3.12/site-packages'
[1.330s] Level 1:colcon.colcon_core.environment:checking '/home/edmund-munene/Documents/Programming-language-basics/Linux/Robotics/AConciseIntroductiontoRobotProgrammingwithROS2/bookros2_ws/install/pal_maps/bin'
[1.331s] INFO:colcon.colcon_core.shell:Creating package script '/home/edmund-munene/Documents/Programming-language-basics/Linux/Robotics/AConciseIntroductiontoRobotProgrammingwithROS2/bookros2_ws/install/pal_maps/share/pal_maps/package.ps1'
[1.332s] INFO:colcon.colcon_core.shell:Creating package descriptor '/home/edmund-munene/Documents/Programming-language-basics/Linux/Robotics/AConciseIntroductiontoRobotProgrammingwithROS2/bookros2_ws/install/pal_maps/share/pal_maps/package.dsv'
[1.333s] INFO:colcon.colcon_core.shell:Creating package script '/home/edmund-munene/Documents/Programming-language-basics/Linux/Robotics/AConciseIntroductiontoRobotProgrammingwithROS2/bookros2_ws/install/pal_maps/share/pal_maps/package.sh'
[1.334s] INFO:colcon.colcon_core.shell:Creating package script '/home/edmund-munene/Documents/Programming-language-basics/Linux/Robotics/AConciseIntroductiontoRobotProgrammingwithROS2/bookros2_ws/install/pal_maps/share/pal_maps/package.bash'
[1.335s] INFO:colcon.colcon_core.shell:Creating package script '/home/edmund-munene/Documents/Programming-language-basics/Linux/Robotics/AConciseIntroductiontoRobotProgrammingwithROS2/bookros2_ws/install/pal_maps/share/pal_maps/package.zsh'
[1.336s] Level 1:colcon.colcon_core.environment:create_file_with_runtime_dependencies(/home/edmund-munene/Documents/Programming-language-basics/Linux/Robotics/AConciseIntroductiontoRobotProgrammingwithROS2/bookros2_ws/install/pal_maps/share/colcon-core/packages/pal_maps)
[1.336s] Level 1:colcon.colcon_core.environment:create_environment_scripts_only(tiago_laser_sensors)
[1.337s] Level 1:colcon.colcon_core.environment:checking '/home/edmund-munene/Documents/Programming-language-basics/Linux/Robotics/AConciseIntroductiontoRobotProgrammingwithROS2/bookros2_ws/install/tiago_laser_sensors' for CMake module files
[1.338s] Level 1:colcon.colcon_core.environment:checking '/home/edmund-munene/Documents/Programming-language-basics/Linux/Robotics/AConciseIntroductiontoRobotProgrammingwithROS2/bookros2_ws/install/tiago_laser_sensors' for CMake config files
[1.337s] DEBUG:colcon.colcon_core.event_handler.log_command:Invoked command in '/home/edmund-munene/Documents/Programming-language-basics/Linux/Robotics/AConciseIntroductiontoRobotProgrammingwithROS2/bookros2_ws/build/tiago_laser_sensors' returned '0': CMAKE_PREFIX_PATH=${CMAKE_PREFIX_PATH}:/opt/ros/jazzy DEBUGINFOD_URLS=https://debuginfod.ubuntu.com /usr/bin/cmake --install /home/edmund-munene/Documents/Programming-language-basics/Linux/Robotics/AConciseIntroductiontoRobotProgrammingwithROS2/bookros2_ws/build/tiago_laser_sensors
[1.339s] Level 1:colcon.colcon_core.shell:create_environment_hook('tiago_laser_sensors', 'cmake_prefix_path')
[1.339s] INFO:colcon.colcon_core.shell:Creating environment hook '/home/edmund-munene/Documents/Programming-language-basics/Linux/Robotics/AConciseIntroductiontoRobotProgrammingwithROS2/bookros2_ws/install/tiago_laser_sensors/share/tiago_laser_sensors/hook/cmake_prefix_path.ps1'
[1.340s] INFO:colcon.colcon_core.shell:Creating environment descriptor '/home/edmund-munene/Documents/Programming-language-basics/Linux/Robotics/AConciseIntroductiontoRobotProgrammingwithROS2/bookros2_ws/install/tiago_laser_sensors/share/tiago_laser_sensors/hook/cmake_prefix_path.dsv'
[1.341s] INFO:colcon.colcon_core.shell:Creating environment hook '/home/edmund-munene/Documents/Programming-language-basics/Linux/Robotics/AConciseIntroductiontoRobotProgrammingwithROS2/bookros2_ws/install/tiago_laser_sensors/share/tiago_laser_sensors/hook/cmake_prefix_path.sh'
[1.342s] Level 1:colcon.colcon_core.environment:checking '/home/edmund-munene/Documents/Programming-language-basics/Linux/Robotics/AConciseIntroductiontoRobotProgrammingwithROS2/bookros2_ws/install/tiago_laser_sensors/bin'
[1.342s] Level 1:colcon.colcon_core.environment:checking '/home/edmund-munene/Documents/Programming-language-basics/Linux/Robotics/AConciseIntroductiontoRobotProgrammingwithROS2/bookros2_ws/install/tiago_laser_sensors/lib/pkgconfig/tiago_laser_sensors.pc'
[1.343s] Level 1:colcon.colcon_core.environment:checking '/home/edmund-munene/Documents/Programming-language-basics/Linux/Robotics/AConciseIntroductiontoRobotProgrammingwithROS2/bookros2_ws/install/tiago_laser_sensors/lib/python3.12/site-packages'
[1.343s] Level 1:colcon.colcon_core.environment:checking '/home/edmund-munene/Documents/Programming-language-basics/Linux/Robotics/AConciseIntroductiontoRobotProgrammingwithROS2/bookros2_ws/install/tiago_laser_sensors/bin'
[1.344s] INFO:colcon.colcon_core.shell:Creating package script '/home/edmund-munene/Documents/Programming-language-basics/Linux/Robotics/AConciseIntroductiontoRobotProgrammingwithROS2/bookros2_ws/install/tiago_laser_sensors/share/tiago_laser_sensors/package.ps1'
[1.345s] INFO:colcon.colcon_core.shell:Creating package descriptor '/home/edmund-munene/Documents/Programming-language-basics/Linux/Robotics/AConciseIntroductiontoRobotProgrammingwithROS2/bookros2_ws/install/tiago_laser_sensors/share/tiago_laser_sensors/package.dsv'
[1.346s] INFO:colcon.colcon_core.shell:Creating package script '/home/edmund-munene/Documents/Programming-language-basics/Linux/Robotics/AConciseIntroductiontoRobotProgrammingwithROS2/bookros2_ws/install/tiago_laser_sensors/share/tiago_laser_sensors/package.sh'
[1.346s] INFO:colcon.colcon_core.shell:Creating package script '/home/edmund-munene/Documents/Programming-language-basics/Linux/Robotics/AConciseIntroductiontoRobotProgrammingwithROS2/bookros2_ws/install/tiago_laser_sensors/share/tiago_laser_sensors/package.bash'
[1.347s] INFO:colcon.colcon_core.shell:Creating package script '/home/edmund-munene/Documents/Programming-language-basics/Linux/Robotics/AConciseIntroductiontoRobotProgrammingwithROS2/bookros2_ws/install/tiago_laser_sensors/share/tiago_laser_sensors/package.zsh'
[1.348s] Level 1:colcon.colcon_core.environment:create_file_with_runtime_dependencies(/home/edmund-munene/Documents/Programming-language-basics/Linux/Robotics/AConciseIntroductiontoRobotProgrammingwithROS2/bookros2_ws/install/tiago_laser_sensors/share/colcon-core/packages/tiago_laser_sensors)
[1.349s] Level 1:colcon.colcon_core.environment:create_environment_scripts_only(tiago_laser_sensors)
[1.349s] Level 1:colcon.colcon_core.environment:checking '/home/edmund-munene/Documents/Programming-language-basics/Linux/Robotics/AConciseIntroductiontoRobotProgrammingwithROS2/bookros2_ws/install/tiago_laser_sensors' for CMake module files
[1.350s] Level 1:colcon.colcon_core.environment:checking '/home/edmund-munene/Documents/Programming-language-basics/Linux/Robotics/AConciseIntroductiontoRobotProgrammingwithROS2/bookros2_ws/install/tiago_laser_sensors' for CMake config files
[1.351s] Level 1:colcon.colcon_core.shell:create_environment_hook('tiago_laser_sensors', 'cmake_prefix_path')
[1.351s] INFO:colcon.colcon_core.shell:Creating environment hook '/home/edmund-munene/Documents/Programming-language-basics/Linux/Robotics/AConciseIntroductiontoRobotProgrammingwithROS2/bookros2_ws/install/tiago_laser_sensors/share/tiago_laser_sensors/hook/cmake_prefix_path.ps1'
[1.352s] INFO:colcon.colcon_core.shell:Creating environment descriptor '/home/edmund-munene/Documents/Programming-language-basics/Linux/Robotics/AConciseIntroductiontoRobotProgrammingwithROS2/bookros2_ws/install/tiago_laser_sensors/share/tiago_laser_sensors/hook/cmake_prefix_path.dsv'
[1.352s] INFO:colcon.colcon_core.shell:Creating environment hook '/home/edmund-munene/Documents/Programming-language-basics/Linux/Robotics/AConciseIntroductiontoRobotProgrammingwithROS2/bookros2_ws/install/tiago_laser_sensors/share/tiago_laser_sensors/hook/cmake_prefix_path.sh'
[1.354s] Level 1:colcon.colcon_core.environment:checking '/home/edmund-munene/Documents/Programming-language-basics/Linux/Robotics/AConciseIntroductiontoRobotProgrammingwithROS2/bookros2_ws/install/tiago_laser_sensors/bin'
[1.354s] Level 1:colcon.colcon_core.environment:checking '/home/edmund-munene/Documents/Programming-language-basics/Linux/Robotics/AConciseIntroductiontoRobotProgrammingwithROS2/bookros2_ws/install/tiago_laser_sensors/lib/pkgconfig/tiago_laser_sensors.pc'
[1.354s] Level 1:colcon.colcon_core.environment:checking '/home/edmund-munene/Documents/Programming-language-basics/Linux/Robotics/AConciseIntroductiontoRobotProgrammingwithROS2/bookros2_ws/install/tiago_laser_sensors/lib/python3.12/site-packages'
[1.355s] Level 1:colcon.colcon_core.environment:checking '/home/edmund-munene/Documents/Programming-language-basics/Linux/Robotics/AConciseIntroductiontoRobotProgrammingwithROS2/bookros2_ws/install/tiago_laser_sensors/bin'
[1.356s] INFO:colcon.colcon_core.shell:Creating package script '/home/edmund-munene/Documents/Programming-language-basics/Linux/Robotics/AConciseIntroductiontoRobotProgrammingwithROS2/bookros2_ws/install/tiago_laser_sensors/share/tiago_laser_sensors/package.ps1'
[1.357s] INFO:colcon.colcon_core.shell:Creating package descriptor '/home/edmund-munene/Documents/Programming-language-basics/Linux/Robotics/AConciseIntroductiontoRobotProgrammingwithROS2/bookros2_ws/install/tiago_laser_sensors/share/tiago_laser_sensors/package.dsv'
[1.358s] INFO:colcon.colcon_core.shell:Creating package script '/home/edmund-munene/Documents/Programming-language-basics/Linux/Robotics/AConciseIntroductiontoRobotProgrammingwithROS2/bookros2_ws/install/tiago_laser_sensors/share/tiago_laser_sensors/package.sh'
[1.359s] INFO:colcon.colcon_core.shell:Creating package script '/home/edmund-munene/Documents/Programming-language-basics/Linux/Robotics/AConciseIntroductiontoRobotProgrammingwithROS2/bookros2_ws/install/tiago_laser_sensors/share/tiago_laser_sensors/package.bash'
[1.360s] INFO:colcon.colcon_core.shell:Creating package script '/home/edmund-munene/Documents/Programming-language-basics/Linux/Robotics/AConciseIntroductiontoRobotProgrammingwithROS2/bookros2_ws/install/tiago_laser_sensors/share/tiago_laser_sensors/package.zsh'
[1.360s] Level 1:colcon.colcon_core.environment:create_file_with_runtime_dependencies(/home/edmund-munene/Documents/Programming-language-basics/Linux/Robotics/AConciseIntroductiontoRobotProgrammingwithROS2/bookros2_ws/install/tiago_laser_sensors/share/colcon-core/packages/tiago_laser_sensors)
[1.361s] Level 1:colcon.colcon_core.environment:create_environment_scripts_only(pal_robotiq_controller_configuration)
[1.361s] Level 1:colcon.colcon_core.environment:checking '/home/edmund-munene/Documents/Programming-language-basics/Linux/Robotics/AConciseIntroductiontoRobotProgrammingwithROS2/bookros2_ws/install/pal_robotiq_controller_configuration' for CMake module files
[1.362s] Level 1:colcon.colcon_core.environment:checking '/home/edmund-munene/Documents/Programming-language-basics/Linux/Robotics/AConciseIntroductiontoRobotProgrammingwithROS2/bookros2_ws/install/pal_robotiq_controller_configuration' for CMake config files
[1.364s] DEBUG:colcon.colcon_core.event_handler.log_command:Invoked command in '/home/edmund-munene/Documents/Programming-language-basics/Linux/Robotics/AConciseIntroductiontoRobotProgrammingwithROS2/bookros2_ws/build/pal_robotiq_controller_configuration' returned '0': CMAKE_PREFIX_PATH=${CMAKE_PREFIX_PATH}:/opt/ros/jazzy DEBUGINFOD_URLS=https://debuginfod.ubuntu.com /usr/bin/cmake --install /home/edmund-munene/Documents/Programming-language-basics/Linux/Robotics/AConciseIntroductiontoRobotProgrammingwithROS2/bookros2_ws/build/pal_robotiq_controller_configuration
[1.367s] Level 1:colcon.colcon_core.shell:create_environment_hook('pal_robotiq_controller_configuration', 'cmake_prefix_path')
[1.367s] INFO:colcon.colcon_core.shell:Creating environment hook '/home/edmund-munene/Documents/Programming-language-basics/Linux/Robotics/AConciseIntroductiontoRobotProgrammingwithROS2/bookros2_ws/install/pal_robotiq_controller_configuration/share/pal_robotiq_controller_configuration/hook/cmake_prefix_path.ps1'
[1.368s] INFO:colcon.colcon_core.shell:Creating environment descriptor '/home/edmund-munene/Documents/Programming-language-basics/Linux/Robotics/AConciseIntroductiontoRobotProgrammingwithROS2/bookros2_ws/install/pal_robotiq_controller_configuration/share/pal_robotiq_controller_configuration/hook/cmake_prefix_path.dsv'
[1.369s] INFO:colcon.colcon_core.shell:Creating environment hook '/home/edmund-munene/Documents/Programming-language-basics/Linux/Robotics/AConciseIntroductiontoRobotProgrammingwithROS2/bookros2_ws/install/pal_robotiq_controller_configuration/share/pal_robotiq_controller_configuration/hook/cmake_prefix_path.sh'
[1.370s] Level 1:colcon.colcon_core.environment:checking '/home/edmund-munene/Documents/Programming-language-basics/Linux/Robotics/AConciseIntroductiontoRobotProgrammingwithROS2/bookros2_ws/install/pal_robotiq_controller_configuration/bin'
[1.370s] Level 1:colcon.colcon_core.environment:checking '/home/edmund-munene/Documents/Programming-language-basics/Linux/Robotics/AConciseIntroductiontoRobotProgrammingwithROS2/bookros2_ws/install/pal_robotiq_controller_configuration/lib/pkgconfig/pal_robotiq_controller_configuration.pc'
[1.371s] Level 1:colcon.colcon_core.environment:checking '/home/edmund-munene/Documents/Programming-language-basics/Linux/Robotics/AConciseIntroductiontoRobotProgrammingwithROS2/bookros2_ws/install/pal_robotiq_controller_configuration/lib/python3.12/site-packages'
[1.371s] Level 1:colcon.colcon_core.environment:checking '/home/edmund-munene/Documents/Programming-language-basics/Linux/Robotics/AConciseIntroductiontoRobotProgrammingwithROS2/bookros2_ws/install/pal_robotiq_controller_configuration/bin'
[1.372s] INFO:colcon.colcon_core.shell:Creating package script '/home/edmund-munene/Documents/Programming-language-basics/Linux/Robotics/AConciseIntroductiontoRobotProgrammingwithROS2/bookros2_ws/install/pal_robotiq_controller_configuration/share/pal_robotiq_controller_configuration/package.ps1'
[1.373s] INFO:colcon.colcon_core.shell:Creating package descriptor '/home/edmund-munene/Documents/Programming-language-basics/Linux/Robotics/AConciseIntroductiontoRobotProgrammingwithROS2/bookros2_ws/install/pal_robotiq_controller_configuration/share/pal_robotiq_controller_configuration/package.dsv'
[1.374s] INFO:colcon.colcon_core.shell:Creating package script '/home/edmund-munene/Documents/Programming-language-basics/Linux/Robotics/AConciseIntroductiontoRobotProgrammingwithROS2/bookros2_ws/install/pal_robotiq_controller_configuration/share/pal_robotiq_controller_configuration/package.sh'
[1.375s] INFO:colcon.colcon_core.shell:Creating package script '/home/edmund-munene/Documents/Programming-language-basics/Linux/Robotics/AConciseIntroductiontoRobotProgrammingwithROS2/bookros2_ws/install/pal_robotiq_controller_configuration/share/pal_robotiq_controller_configuration/package.bash'
[1.376s] INFO:colcon.colcon_core.shell:Creating package script '/home/edmund-munene/Documents/Programming-language-basics/Linux/Robotics/AConciseIntroductiontoRobotProgrammingwithROS2/bookros2_ws/install/pal_robotiq_controller_configuration/share/pal_robotiq_controller_configuration/package.zsh'
[1.377s] Level 1:colcon.colcon_core.environment:create_file_with_runtime_dependencies(/home/edmund-munene/Documents/Programming-language-basics/Linux/Robotics/AConciseIntroductiontoRobotProgrammingwithROS2/bookros2_ws/install/pal_robotiq_controller_configuration/share/colcon-core/packages/pal_robotiq_controller_configuration)
[1.378s] Level 1:colcon.colcon_core.environment:create_environment_scripts_only(pal_robotiq_controller_configuration)
[1.379s] Level 1:colcon.colcon_core.environment:checking '/home/edmund-munene/Documents/Programming-language-basics/Linux/Robotics/AConciseIntroductiontoRobotProgrammingwithROS2/bookros2_ws/install/pal_robotiq_controller_configuration' for CMake module files
[1.380s] Level 1:colcon.colcon_core.environment:checking '/home/edmund-munene/Documents/Programming-language-basics/Linux/Robotics/AConciseIntroductiontoRobotProgrammingwithROS2/bookros2_ws/install/pal_robotiq_controller_configuration' for CMake config files
[1.380s] Level 1:colcon.colcon_core.shell:create_environment_hook('pal_robotiq_controller_configuration', 'cmake_prefix_path')
[1.381s] INFO:colcon.colcon_core.shell:Creating environment hook '/home/edmund-munene/Documents/Programming-language-basics/Linux/Robotics/AConciseIntroductiontoRobotProgrammingwithROS2/bookros2_ws/install/pal_robotiq_controller_configuration/share/pal_robotiq_controller_configuration/hook/cmake_prefix_path.ps1'
[1.381s] INFO:colcon.colcon_core.shell:Creating environment descriptor '/home/edmund-munene/Documents/Programming-language-basics/Linux/Robotics/AConciseIntroductiontoRobotProgrammingwithROS2/bookros2_ws/install/pal_robotiq_controller_configuration/share/pal_robotiq_controller_configuration/hook/cmake_prefix_path.dsv'
[1.382s] INFO:colcon.colcon_core.shell:Creating environment hook '/home/edmund-munene/Documents/Programming-language-basics/Linux/Robotics/AConciseIntroductiontoRobotProgrammingwithROS2/bookros2_ws/install/pal_robotiq_controller_configuration/share/pal_robotiq_controller_configuration/hook/cmake_prefix_path.sh'
[1.383s] Level 1:colcon.colcon_core.environment:checking '/home/edmund-munene/Documents/Programming-language-basics/Linux/Robotics/AConciseIntroductiontoRobotProgrammingwithROS2/bookros2_ws/install/pal_robotiq_controller_configuration/bin'
[1.383s] Level 1:colcon.colcon_core.environment:checking '/home/edmund-munene/Documents/Programming-language-basics/Linux/Robotics/AConciseIntroductiontoRobotProgrammingwithROS2/bookros2_ws/install/pal_robotiq_controller_configuration/lib/pkgconfig/pal_robotiq_controller_configuration.pc'
[1.384s] Level 1:colcon.colcon_core.environment:checking '/home/edmund-munene/Documents/Programming-language-basics/Linux/Robotics/AConciseIntroductiontoRobotProgrammingwithROS2/bookros2_ws/install/pal_robotiq_controller_configuration/lib/python3.12/site-packages'
[1.385s] Level 1:colcon.colcon_core.environment:checking '/home/edmund-munene/Documents/Programming-language-basics/Linux/Robotics/AConciseIntroductiontoRobotProgrammingwithROS2/bookros2_ws/install/pal_robotiq_controller_configuration/bin'
[1.385s] INFO:colcon.colcon_core.shell:Creating package script '/home/edmund-munene/Documents/Programming-language-basics/Linux/Robotics/AConciseIntroductiontoRobotProgrammingwithROS2/bookros2_ws/install/pal_robotiq_controller_configuration/share/pal_robotiq_controller_configuration/package.ps1'
[1.387s] INFO:colcon.colcon_core.shell:Creating package descriptor '/home/edmund-munene/Documents/Programming-language-basics/Linux/Robotics/AConciseIntroductiontoRobotProgrammingwithROS2/bookros2_ws/install/pal_robotiq_controller_configuration/share/pal_robotiq_controller_configuration/package.dsv'
[1.388s] INFO:colcon.colcon_core.shell:Creating package script '/home/edmund-munene/Documents/Programming-language-basics/Linux/Robotics/AConciseIntroductiontoRobotProgrammingwithROS2/bookros2_ws/install/pal_robotiq_controller_configuration/share/pal_robotiq_controller_configuration/package.sh'
[1.389s] INFO:colcon.colcon_core.shell:Creating package script '/home/edmund-munene/Documents/Programming-language-basics/Linux/Robotics/AConciseIntroductiontoRobotProgrammingwithROS2/bookros2_ws/install/pal_robotiq_controller_configuration/share/pal_robotiq_controller_configuration/package.bash'
[1.389s] INFO:colcon.colcon_core.shell:Creating package script '/home/edmund-munene/Documents/Programming-language-basics/Linux/Robotics/AConciseIntroductiontoRobotProgrammingwithROS2/bookros2_ws/install/pal_robotiq_controller_configuration/share/pal_robotiq_controller_configuration/package.zsh'
[1.390s] Level 1:colcon.colcon_core.environment:create_file_with_runtime_dependencies(/home/edmund-munene/Documents/Programming-language-basics/Linux/Robotics/AConciseIntroductiontoRobotProgrammingwithROS2/bookros2_ws/install/pal_robotiq_controller_configuration/share/colcon-core/packages/pal_robotiq_controller_configuration)
[1.396s] DEBUG:colcon.colcon_core.event_handler.log_command:Invoking command in '/home/edmund-munene/Documents/Programming-language-basics/Linux/Robotics/AConciseIntroductiontoRobotProgrammingwithROS2/bookros2_ws/build/pal_gripper_description': AMENT_PREFIX_PATH=/home/edmund-munene/Documents/Programming-language-basics/Linux/Robotics/AConciseIntroductiontoRobotProgrammingwithROS2/bookros2_ws/install/pal_urdf_utils:${AMENT_PREFIX_PATH} CMAKE_PREFIX_PATH=/home/edmund-munene/Documents/Programming-language-basics/Linux/Robotics/AConciseIntroductiontoRobotProgrammingwithROS2/bookros2_ws/install/pal_urdf_utils:/opt/ros/jazzy/opt/gz_sim_vendor:/opt/ros/jazzy/opt/gz_sensors_vendor:/opt/ros/jazzy/opt/gz_physics_vendor:/opt/ros/jazzy/opt/sdformat_vendor:/opt/ros/jazzy/opt/gz_gui_vendor:/opt/ros/jazzy/opt/gz_transport_vendor:/opt/ros/jazzy/opt/gz_rendering_vendor:/opt/ros/jazzy/opt/gz_plugin_vendor:/opt/ros/jazzy/opt/gz_fuel_tools_vendor:/opt/ros/jazzy/opt/gz_msgs_vendor:/opt/ros/jazzy/opt/gz_common_vendor:/opt/ros/jazzy/opt/gz_math_vendor:/opt/ros/jazzy/opt/gz_utils_vendor:/opt/ros/jazzy/opt/gz_tools_vendor:/opt/ros/jazzy/opt/gz_ogre_next_vendor:/opt/ros/jazzy/opt/gz_dartsim_vendor:/opt/ros/jazzy/opt/gz_cmake_vendor:/opt/ros/jazzy DEBUGINFOD_URLS=https://debuginfod.ubuntu.com /usr/bin/cmake --build /home/edmund-munene/Documents/Programming-language-basics/Linux/Robotics/AConciseIntroductiontoRobotProgrammingwithROS2/bookros2_ws/build/pal_gripper_description -- -j12 -l12
[1.399s] INFO:colcon.colcon_ros.task.ament_cmake.build:Building ROS package in '/home/edmund-munene/Documents/Programming-language-basics/Linux/Robotics/AConciseIntroductiontoRobotProgrammingwithROS2/bookros2_ws/src/book_ros2/br2_fsm_bumpgo_cpp' with build type 'ament_cmake'
[1.399s] INFO:colcon.colcon_cmake.task.cmake.build:Building CMake package in '/home/edmund-munene/Documents/Programming-language-basics/Linux/Robotics/AConciseIntroductiontoRobotProgrammingwithROS2/bookros2_ws/src/book_ros2/br2_fsm_bumpgo_cpp'
[1.400s] INFO:colcon.colcon_core.shell:Skip shell extension 'powershell' for command environment: Not usable outside of PowerShell
[1.400s] DEBUG:colcon.colcon_core.shell:Skip shell extension 'dsv' for command environment
[1.401s] DEBUG:colcon.colcon_core.event_handler.log_command:Invoking command in '/home/edmund-munene/Documents/Programming-language-basics/Linux/Robotics/AConciseIntroductiontoRobotProgrammingwithROS2/bookros2_ws/build/pal_hey5_description': AMENT_PREFIX_PATH=/home/edmund-munene/Documents/Programming-language-basics/Linux/Robotics/AConciseIntroductiontoRobotProgrammingwithROS2/bookros2_ws/install/pal_urdf_utils:${AMENT_PREFIX_PATH} CMAKE_PREFIX_PATH=/home/edmund-munene/Documents/Programming-language-basics/Linux/Robotics/AConciseIntroductiontoRobotProgrammingwithROS2/bookros2_ws/install/pal_urdf_utils:/opt/ros/jazzy/opt/gz_sim_vendor:/opt/ros/jazzy/opt/gz_sensors_vendor:/opt/ros/jazzy/opt/gz_physics_vendor:/opt/ros/jazzy/opt/sdformat_vendor:/opt/ros/jazzy/opt/gz_gui_vendor:/opt/ros/jazzy/opt/gz_transport_vendor:/opt/ros/jazzy/opt/gz_rendering_vendor:/opt/ros/jazzy/opt/gz_plugin_vendor:/opt/ros/jazzy/opt/gz_fuel_tools_vendor:/opt/ros/jazzy/opt/gz_msgs_vendor:/opt/ros/jazzy/opt/gz_common_vendor:/opt/ros/jazzy/opt/gz_math_vendor:/opt/ros/jazzy/opt/gz_utils_vendor:/opt/ros/jazzy/opt/gz_tools_vendor:/opt/ros/jazzy/opt/gz_ogre_next_vendor:/opt/ros/jazzy/opt/gz_dartsim_vendor:/opt/ros/jazzy/opt/gz_cmake_vendor:/opt/ros/jazzy DEBUGINFOD_URLS=https://debuginfod.ubuntu.com /usr/bin/cmake --build /home/edmund-munene/Documents/Programming-language-basics/Linux/Robotics/AConciseIntroductiontoRobotProgrammingwithROS2/bookros2_ws/build/pal_hey5_description -- -j12 -l12
[1.406s] INFO:colcon.colcon_ros.task.ament_python.build:Building ROS package in '/home/edmund-munene/Documents/Programming-language-basics/Linux/Robotics/AConciseIntroductiontoRobotProgrammingwithROS2/bookros2_ws/src/book_ros2/br2_fsm_bumpgo_py' with build type 'ament_python'
[1.406s] Level 1:colcon.colcon_core.shell:create_environment_hook('br2_fsm_bumpgo_py', 'ament_prefix_path')
[1.406s] INFO:colcon.colcon_core.shell:Creating environment hook '/home/edmund-munene/Documents/Programming-language-basics/Linux/Robotics/AConciseIntroductiontoRobotProgrammingwithROS2/bookros2_ws/install/br2_fsm_bumpgo_py/share/br2_fsm_bumpgo_py/hook/ament_prefix_path.ps1'
[1.407s] INFO:colcon.colcon_core.shell:Creating environment descriptor '/home/edmund-munene/Documents/Programming-language-basics/Linux/Robotics/AConciseIntroductiontoRobotProgrammingwithROS2/bookros2_ws/install/br2_fsm_bumpgo_py/share/br2_fsm_bumpgo_py/hook/ament_prefix_path.dsv'
[1.408s] INFO:colcon.colcon_core.shell:Creating environment hook '/home/edmund-munene/Documents/Programming-language-basics/Linux/Robotics/AConciseIntroductiontoRobotProgrammingwithROS2/bookros2_ws/install/br2_fsm_bumpgo_py/share/br2_fsm_bumpgo_py/hook/ament_prefix_path.sh'
[1.409s] INFO:colcon.colcon_core.shell:Skip shell extension 'powershell' for command environment: Not usable outside of PowerShell
[1.409s] DEBUG:colcon.colcon_core.shell:Skip shell extension 'dsv' for command environment
[1.420s] INFO:colcon.colcon_ros.task.ament_cmake.build:Building ROS package in '/home/edmund-munene/Documents/Programming-language-basics/Linux/Robotics/AConciseIntroductiontoRobotProgrammingwithROS2/bookros2_ws/src/ThirdParty/br2_gazebo_worlds' with build type 'ament_cmake'
[1.420s] INFO:colcon.colcon_cmake.task.cmake.build:Building CMake package in '/home/edmund-munene/Documents/Programming-language-basics/Linux/Robotics/AConciseIntroductiontoRobotProgrammingwithROS2/bookros2_ws/src/ThirdParty/br2_gazebo_worlds'
[1.420s] INFO:colcon.colcon_core.shell:Skip shell extension 'powershell' for command environment: Not usable outside of PowerShell
[1.421s] DEBUG:colcon.colcon_core.shell:Skip shell extension 'dsv' for command environment
[1.433s] DEBUG:colcon.colcon_core.event_handler.log_command:Invoking command in '/home/edmund-munene/Documents/Programming-language-basics/Linux/Robotics/AConciseIntroductiontoRobotProgrammingwithROS2/bookros2_ws/build/pmb2_laser_sensors': CMAKE_PREFIX_PATH=${CMAKE_PREFIX_PATH}:/opt/ros/jazzy DEBUGINFOD_URLS=https://debuginfod.ubuntu.com /usr/bin/cmake --build /home/edmund-munene/Documents/Programming-language-basics/Linux/Robotics/AConciseIntroductiontoRobotProgrammingwithROS2/bookros2_ws/build/pmb2_laser_sensors -- -j12 -l12
[1.436s] DEBUG:colcon.colcon_core.event_handler.log_command:Invoked command in '/home/edmund-munene/Documents/Programming-language-basics/Linux/Robotics/AConciseIntroductiontoRobotProgrammingwithROS2/bookros2_ws/build/behaviortree_cpp_v3' returned '0': CMAKE_PREFIX_PATH=${CMAKE_PREFIX_PATH}:/opt/ros/jazzy DEBUGINFOD_URLS=https://debuginfod.ubuntu.com /usr/bin/cmake --build /home/edmund-munene/Documents/Programming-language-basics/Linux/Robotics/AConciseIntroductiontoRobotProgrammingwithROS2/bookros2_ws/build/behaviortree_cpp_v3 -- -j12 -l12
[1.437s] DEBUG:colcon.colcon_core.event_handler.log_command:Invoking command in '/home/edmund-munene/Documents/Programming-language-basics/Linux/Robotics/AConciseIntroductiontoRobotProgrammingwithROS2/bookros2_ws/build/behaviortree_cpp_v3': CMAKE_PREFIX_PATH=${CMAKE_PREFIX_PATH}:/opt/ros/jazzy DEBUGINFOD_URLS=https://debuginfod.ubuntu.com /usr/bin/cmake --install /home/edmund-munene/Documents/Programming-language-basics/Linux/Robotics/AConciseIntroductiontoRobotProgrammingwithROS2/bookros2_ws/build/behaviortree_cpp_v3
[1.442s] DEBUG:colcon.colcon_core.event_handler.log_command:Invoking command in '/home/edmund-munene/Documents/Programming-language-basics/Linux/Robotics/AConciseIntroductiontoRobotProgrammingwithROS2/bookros2_ws/build/yaets': CMAKE_PREFIX_PATH=${CMAKE_PREFIX_PATH}:/opt/ros/jazzy DEBUGINFOD_URLS=https://debuginfod.ubuntu.com /usr/bin/cmake --build /home/edmund-munene/Documents/Programming-language-basics/Linux/Robotics/AConciseIntroductiontoRobotProgrammingwithROS2/bookros2_ws/build/yaets -- -j12 -l12
[1.451s] DEBUG:colcon.colcon_core.event_handler.log_command:Invoking command in '/home/edmund-munene/Documents/Programming-language-basics/Linux/Robotics/AConciseIntroductiontoRobotProgrammingwithROS2/bookros2_ws/build/br2_basics': CMAKE_PREFIX_PATH=${CMAKE_PREFIX_PATH}:/opt/ros/jazzy DEBUGINFOD_URLS=https://debuginfod.ubuntu.com /usr/bin/cmake --build /home/edmund-munene/Documents/Programming-language-basics/Linux/Robotics/AConciseIntroductiontoRobotProgrammingwithROS2/bookros2_ws/build/br2_basics -- -j12 -l12
[1.462s] DEBUG:colcon.colcon_core.event_handler.log_command:Invoking command in '/home/edmund-munene/Documents/Programming-language-basics/Linux/Robotics/AConciseIntroductiontoRobotProgrammingwithROS2/bookros2_ws/build/br2_fsm_bumpgo_cpp': CMAKE_PREFIX_PATH=${CMAKE_PREFIX_PATH}:/opt/ros/jazzy DEBUGINFOD_URLS=https://debuginfod.ubuntu.com /usr/bin/cmake --build /home/edmund-munene/Documents/Programming-language-basics/Linux/Robotics/AConciseIntroductiontoRobotProgrammingwithROS2/bookros2_ws/build/br2_fsm_bumpgo_cpp -- -j12 -l12
[1.854s] INFO:colcon.colcon_core.task.python.build:Building Python package in '/home/edmund-munene/Documents/Programming-language-basics/Linux/Robotics/AConciseIntroductiontoRobotProgrammingwithROS2/bookros2_ws/src/book_ros2/br2_fsm_bumpgo_py'
[1.855s] INFO:colcon.colcon_core.shell:Skip shell extension 'powershell' for command environment: Not usable outside of PowerShell
[1.855s] DEBUG:colcon.colcon_core.shell:Skip shell extension 'dsv' for command environment
[1.865s] DEBUG:colcon.colcon_core.event_handler.log_command:Invoking command in '/home/edmund-munene/Documents/Programming-language-basics/Linux/Robotics/AConciseIntroductiontoRobotProgrammingwithROS2/bookros2_ws/build/br2_gazebo_worlds': CMAKE_PREFIX_PATH=${CMAKE_PREFIX_PATH}:/opt/ros/jazzy DEBUGINFOD_URLS=https://debuginfod.ubuntu.com /usr/bin/cmake --build /home/edmund-munene/Documents/Programming-language-basics/Linux/Robotics/AConciseIntroductiontoRobotProgrammingwithROS2/bookros2_ws/build/br2_gazebo_worlds -- -j12 -l12
[1.867s] DEBUG:colcon.colcon_core.event_handler.log_command:Invoked command in '/home/edmund-munene/Documents/Programming-language-basics/Linux/Robotics/AConciseIntroductiontoRobotProgrammingwithROS2/bookros2_ws/build/pal_gripper_description' returned '0': AMENT_PREFIX_PATH=/home/edmund-munene/Documents/Programming-language-basics/Linux/Robotics/AConciseIntroductiontoRobotProgrammingwithROS2/bookros2_ws/install/pal_urdf_utils:${AMENT_PREFIX_PATH} CMAKE_PREFIX_PATH=/home/edmund-munene/Documents/Programming-language-basics/Linux/Robotics/AConciseIntroductiontoRobotProgrammingwithROS2/bookros2_ws/install/pal_urdf_utils:/opt/ros/jazzy/opt/gz_sim_vendor:/opt/ros/jazzy/opt/gz_sensors_vendor:/opt/ros/jazzy/opt/gz_physics_vendor:/opt/ros/jazzy/opt/sdformat_vendor:/opt/ros/jazzy/opt/gz_gui_vendor:/opt/ros/jazzy/opt/gz_transport_vendor:/opt/ros/jazzy/opt/gz_rendering_vendor:/opt/ros/jazzy/opt/gz_plugin_vendor:/opt/ros/jazzy/opt/gz_fuel_tools_vendor:/opt/ros/jazzy/opt/gz_msgs_vendor:/opt/ros/jazzy/opt/gz_common_vendor:/opt/ros/jazzy/opt/gz_math_vendor:/opt/ros/jazzy/opt/gz_utils_vendor:/opt/ros/jazzy/opt/gz_tools_vendor:/opt/ros/jazzy/opt/gz_ogre_next_vendor:/opt/ros/jazzy/opt/gz_dartsim_vendor:/opt/ros/jazzy/opt/gz_cmake_vendor:/opt/ros/jazzy DEBUGINFOD_URLS=https://debuginfod.ubuntu.com /usr/bin/cmake --build /home/edmund-munene/Documents/Programming-language-basics/Linux/Robotics/AConciseIntroductiontoRobotProgrammingwithROS2/bookros2_ws/build/pal_gripper_description -- -j12 -l12
[1.868s] DEBUG:colcon.colcon_core.event_handler.log_command:Invoking command in '/home/edmund-munene/Documents/Programming-language-basics/Linux/Robotics/AConciseIntroductiontoRobotProgrammingwithROS2/bookros2_ws/build/pal_gripper_description': AMENT_PREFIX_PATH=/home/edmund-munene/Documents/Programming-language-basics/Linux/Robotics/AConciseIntroductiontoRobotProgrammingwithROS2/bookros2_ws/install/pal_urdf_utils:${AMENT_PREFIX_PATH} CMAKE_PREFIX_PATH=/home/edmund-munene/Documents/Programming-language-basics/Linux/Robotics/AConciseIntroductiontoRobotProgrammingwithROS2/bookros2_ws/install/pal_urdf_utils:/opt/ros/jazzy/opt/gz_sim_vendor:/opt/ros/jazzy/opt/gz_sensors_vendor:/opt/ros/jazzy/opt/gz_physics_vendor:/opt/ros/jazzy/opt/sdformat_vendor:/opt/ros/jazzy/opt/gz_gui_vendor:/opt/ros/jazzy/opt/gz_transport_vendor:/opt/ros/jazzy/opt/gz_rendering_vendor:/opt/ros/jazzy/opt/gz_plugin_vendor:/opt/ros/jazzy/opt/gz_fuel_tools_vendor:/opt/ros/jazzy/opt/gz_msgs_vendor:/opt/ros/jazzy/opt/gz_common_vendor:/opt/ros/jazzy/opt/gz_math_vendor:/opt/ros/jazzy/opt/gz_utils_vendor:/opt/ros/jazzy/opt/gz_tools_vendor:/opt/ros/jazzy/opt/gz_ogre_next_vendor:/opt/ros/jazzy/opt/gz_dartsim_vendor:/opt/ros/jazzy/opt/gz_cmake_vendor:/opt/ros/jazzy DEBUGINFOD_URLS=https://debuginfod.ubuntu.com /usr/bin/cmake --install /home/edmund-munene/Documents/Programming-language-basics/Linux/Robotics/AConciseIntroductiontoRobotProgrammingwithROS2/bookros2_ws/build/pal_gripper_description
[1.869s] DEBUG:colcon.colcon_core.event_handler.log_command:Invoked command in '/home/edmund-munene/Documents/Programming-language-basics/Linux/Robotics/AConciseIntroductiontoRobotProgrammingwithROS2/bookros2_ws/build/pmb2_laser_sensors' returned '0': CMAKE_PREFIX_PATH=${CMAKE_PREFIX_PATH}:/opt/ros/jazzy DEBUGINFOD_URLS=https://debuginfod.ubuntu.com /usr/bin/cmake --build /home/edmund-munene/Documents/Programming-language-basics/Linux/Robotics/AConciseIntroductiontoRobotProgrammingwithROS2/bookros2_ws/build/pmb2_laser_sensors -- -j12 -l12
[1.873s] Level 1:colcon.colcon_core.environment:create_environment_scripts_only(behaviortree_cpp_v3)
[1.874s] Level 1:colcon.colcon_core.environment:checking '/home/edmund-munene/Documents/Programming-language-basics/Linux/Robotics/AConciseIntroductiontoRobotProgrammingwithROS2/bookros2_ws/install/behaviortree_cpp_v3' for CMake module files
[1.878s] Level 1:colcon.colcon_core.environment:checking '/home/edmund-munene/Documents/Programming-language-basics/Linux/Robotics/AConciseIntroductiontoRobotProgrammingwithROS2/bookros2_ws/install/behaviortree_cpp_v3' for CMake config files
[1.879s] Level 1:colcon.colcon_core.shell:create_environment_hook('behaviortree_cpp_v3', 'cmake_prefix_path')
[1.879s] INFO:colcon.colcon_core.shell:Creating environment hook '/home/edmund-munene/Documents/Programming-language-basics/Linux/Robotics/AConciseIntroductiontoRobotProgrammingwithROS2/bookros2_ws/install/behaviortree_cpp_v3/share/behaviortree_cpp_v3/hook/cmake_prefix_path.ps1'
[1.880s] INFO:colcon.colcon_core.shell:Creating environment descriptor '/home/edmund-munene/Documents/Programming-language-basics/Linux/Robotics/AConciseIntroductiontoRobotProgrammingwithROS2/bookros2_ws/install/behaviortree_cpp_v3/share/behaviortree_cpp_v3/hook/cmake_prefix_path.dsv'
[1.881s] DEBUG:colcon.colcon_core.event_handler.log_command:Invoking command in '/home/edmund-munene/Documents/Programming-language-basics/Linux/Robotics/AConciseIntroductiontoRobotProgrammingwithROS2/bookros2_ws/build/pmb2_laser_sensors': CMAKE_PREFIX_PATH=${CMAKE_PREFIX_PATH}:/opt/ros/jazzy DEBUGINFOD_URLS=https://debuginfod.ubuntu.com /usr/bin/cmake --install /home/edmund-munene/Documents/Programming-language-basics/Linux/Robotics/AConciseIntroductiontoRobotProgrammingwithROS2/bookros2_ws/build/pmb2_laser_sensors
[1.881s] DEBUG:colcon.colcon_core.event_handler.log_command:Invoked command in '/home/edmund-munene/Documents/Programming-language-basics/Linux/Robotics/AConciseIntroductiontoRobotProgrammingwithROS2/bookros2_ws/build/behaviortree_cpp_v3' returned '0': CMAKE_PREFIX_PATH=${CMAKE_PREFIX_PATH}:/opt/ros/jazzy DEBUGINFOD_URLS=https://debuginfod.ubuntu.com /usr/bin/cmake --install /home/edmund-munene/Documents/Programming-language-basics/Linux/Robotics/AConciseIntroductiontoRobotProgrammingwithROS2/bookros2_ws/build/behaviortree_cpp_v3
[1.882s] INFO:colcon.colcon_core.shell:Creating environment hook '/home/edmund-munene/Documents/Programming-language-basics/Linux/Robotics/AConciseIntroductiontoRobotProgrammingwithROS2/bookros2_ws/install/behaviortree_cpp_v3/share/behaviortree_cpp_v3/hook/cmake_prefix_path.sh'
[1.887s] Level 1:colcon.colcon_core.environment:checking '/home/edmund-munene/Documents/Programming-language-basics/Linux/Robotics/AConciseIntroductiontoRobotProgrammingwithROS2/bookros2_ws/install/behaviortree_cpp_v3/lib'
[1.887s] Level 1:colcon.colcon_core.shell:create_environment_hook('behaviortree_cpp_v3', 'ld_library_path_lib')
[1.887s] INFO:colcon.colcon_core.shell:Creating environment hook '/home/edmund-munene/Documents/Programming-language-basics/Linux/Robotics/AConciseIntroductiontoRobotProgrammingwithROS2/bookros2_ws/install/behaviortree_cpp_v3/share/behaviortree_cpp_v3/hook/ld_library_path_lib.ps1'
[1.888s] INFO:colcon.colcon_core.shell:Creating environment descriptor '/home/edmund-munene/Documents/Programming-language-basics/Linux/Robotics/AConciseIntroductiontoRobotProgrammingwithROS2/bookros2_ws/install/behaviortree_cpp_v3/share/behaviortree_cpp_v3/hook/ld_library_path_lib.dsv'
[1.889s] INFO:colcon.colcon_core.shell:Creating environment hook '/home/edmund-munene/Documents/Programming-language-basics/Linux/Robotics/AConciseIntroductiontoRobotProgrammingwithROS2/bookros2_ws/install/behaviortree_cpp_v3/share/behaviortree_cpp_v3/hook/ld_library_path_lib.sh'
[1.890s] Level 1:colcon.colcon_core.environment:checking '/home/edmund-munene/Documents/Programming-language-basics/Linux/Robotics/AConciseIntroductiontoRobotProgrammingwithROS2/bookros2_ws/install/behaviortree_cpp_v3/bin'
[1.890s] Level 1:colcon.colcon_core.shell:create_environment_hook('behaviortree_cpp_v3', 'path')
[1.890s] INFO:colcon.colcon_core.shell:Creating environment hook '/home/edmund-munene/Documents/Programming-language-basics/Linux/Robotics/AConciseIntroductiontoRobotProgrammingwithROS2/bookros2_ws/install/behaviortree_cpp_v3/share/behaviortree_cpp_v3/hook/path.ps1'
[1.891s] INFO:colcon.colcon_core.shell:Creating environment descriptor '/home/edmund-munene/Documents/Programming-language-basics/Linux/Robotics/AConciseIntroductiontoRobotProgrammingwithROS2/bookros2_ws/install/behaviortree_cpp_v3/share/behaviortree_cpp_v3/hook/path.dsv'
[1.892s] INFO:colcon.colcon_core.shell:Creating environment hook '/home/edmund-munene/Documents/Programming-language-basics/Linux/Robotics/AConciseIntroductiontoRobotProgrammingwithROS2/bookros2_ws/install/behaviortree_cpp_v3/share/behaviortree_cpp_v3/hook/path.sh'
[1.893s] Level 1:colcon.colcon_core.environment:checking '/home/edmund-munene/Documents/Programming-language-basics/Linux/Robotics/AConciseIntroductiontoRobotProgrammingwithROS2/bookros2_ws/install/behaviortree_cpp_v3/lib/pkgconfig/behaviortree_cpp_v3.pc'
[1.893s] Level 1:colcon.colcon_core.environment:checking '/home/edmund-munene/Documents/Programming-language-basics/Linux/Robotics/AConciseIntroductiontoRobotProgrammingwithROS2/bookros2_ws/install/behaviortree_cpp_v3/lib/python3.12/site-packages'
[1.894s] Level 1:colcon.colcon_core.environment:checking '/home/edmund-munene/Documents/Programming-language-basics/Linux/Robotics/AConciseIntroductiontoRobotProgrammingwithROS2/bookros2_ws/install/behaviortree_cpp_v3/bin'
[1.894s] Level 1:colcon.colcon_core.shell:create_environment_hook('behaviortree_cpp_v3', 'pythonscriptspath')
[1.894s] INFO:colcon.colcon_core.shell:Creating environment hook '/home/edmund-munene/Documents/Programming-language-basics/Linux/Robotics/AConciseIntroductiontoRobotProgrammingwithROS2/bookros2_ws/install/behaviortree_cpp_v3/share/behaviortree_cpp_v3/hook/pythonscriptspath.ps1'
[1.895s] INFO:colcon.colcon_core.shell:Creating environment descriptor '/home/edmund-munene/Documents/Programming-language-basics/Linux/Robotics/AConciseIntroductiontoRobotProgrammingwithROS2/bookros2_ws/install/behaviortree_cpp_v3/share/behaviortree_cpp_v3/hook/pythonscriptspath.dsv'
[1.896s] INFO:colcon.colcon_core.shell:Creating environment hook '/home/edmund-munene/Documents/Programming-language-basics/Linux/Robotics/AConciseIntroductiontoRobotProgrammingwithROS2/bookros2_ws/install/behaviortree_cpp_v3/share/behaviortree_cpp_v3/hook/pythonscriptspath.sh'
[1.897s] INFO:colcon.colcon_core.shell:Creating package script '/home/edmund-munene/Documents/Programming-language-basics/Linux/Robotics/AConciseIntroductiontoRobotProgrammingwithROS2/bookros2_ws/install/behaviortree_cpp_v3/share/behaviortree_cpp_v3/package.ps1'
[1.898s] INFO:colcon.colcon_core.shell:Creating package descriptor '/home/edmund-munene/Documents/Programming-language-basics/Linux/Robotics/AConciseIntroductiontoRobotProgrammingwithROS2/bookros2_ws/install/behaviortree_cpp_v3/share/behaviortree_cpp_v3/package.dsv'
[1.899s] INFO:colcon.colcon_core.shell:Creating package script '/home/edmund-munene/Documents/Programming-language-basics/Linux/Robotics/AConciseIntroductiontoRobotProgrammingwithROS2/bookros2_ws/install/behaviortree_cpp_v3/share/behaviortree_cpp_v3/package.sh'
[1.900s] INFO:colcon.colcon_core.shell:Creating package script '/home/edmund-munene/Documents/Programming-language-basics/Linux/Robotics/AConciseIntroductiontoRobotProgrammingwithROS2/bookros2_ws/install/behaviortree_cpp_v3/share/behaviortree_cpp_v3/package.bash'
[1.901s] INFO:colcon.colcon_core.shell:Creating package script '/home/edmund-munene/Documents/Programming-language-basics/Linux/Robotics/AConciseIntroductiontoRobotProgrammingwithROS2/bookros2_ws/install/behaviortree_cpp_v3/share/behaviortree_cpp_v3/package.zsh'
[1.901s] Level 1:colcon.colcon_core.environment:create_file_with_runtime_dependencies(/home/edmund-munene/Documents/Programming-language-basics/Linux/Robotics/AConciseIntroductiontoRobotProgrammingwithROS2/bookros2_ws/install/behaviortree_cpp_v3/share/colcon-core/packages/behaviortree_cpp_v3)
[1.902s] Level 1:colcon.colcon_core.environment:create_environment_scripts_only(behaviortree_cpp_v3)
[1.903s] Level 1:colcon.colcon_core.environment:checking '/home/edmund-munene/Documents/Programming-language-basics/Linux/Robotics/AConciseIntroductiontoRobotProgrammingwithROS2/bookros2_ws/install/behaviortree_cpp_v3' for CMake module files
[1.904s] Level 1:colcon.colcon_core.environment:checking '/home/edmund-munene/Documents/Programming-language-basics/Linux/Robotics/AConciseIntroductiontoRobotProgrammingwithROS2/bookros2_ws/install/behaviortree_cpp_v3' for CMake config files
[1.904s] Level 1:colcon.colcon_core.shell:create_environment_hook('behaviortree_cpp_v3', 'cmake_prefix_path')
[1.905s] INFO:colcon.colcon_core.shell:Creating environment hook '/home/edmund-munene/Documents/Programming-language-basics/Linux/Robotics/AConciseIntroductiontoRobotProgrammingwithROS2/bookros2_ws/install/behaviortree_cpp_v3/share/behaviortree_cpp_v3/hook/cmake_prefix_path.ps1'
[1.905s] INFO:colcon.colcon_core.shell:Creating environment descriptor '/home/edmund-munene/Documents/Programming-language-basics/Linux/Robotics/AConciseIntroductiontoRobotProgrammingwithROS2/bookros2_ws/install/behaviortree_cpp_v3/share/behaviortree_cpp_v3/hook/cmake_prefix_path.dsv'
[1.906s] INFO:colcon.colcon_core.shell:Creating environment hook '/home/edmund-munene/Documents/Programming-language-basics/Linux/Robotics/AConciseIntroductiontoRobotProgrammingwithROS2/bookros2_ws/install/behaviortree_cpp_v3/share/behaviortree_cpp_v3/hook/cmake_prefix_path.sh'
[1.907s] Level 1:colcon.colcon_core.environment:checking '/home/edmund-munene/Documents/Programming-language-basics/Linux/Robotics/AConciseIntroductiontoRobotProgrammingwithROS2/bookros2_ws/install/behaviortree_cpp_v3/lib'
[1.907s] Level 1:colcon.colcon_core.shell:create_environment_hook('behaviortree_cpp_v3', 'ld_library_path_lib')
[1.908s] INFO:colcon.colcon_core.shell:Creating environment hook '/home/edmund-munene/Documents/Programming-language-basics/Linux/Robotics/AConciseIntroductiontoRobotProgrammingwithROS2/bookros2_ws/install/behaviortree_cpp_v3/share/behaviortree_cpp_v3/hook/ld_library_path_lib.ps1'
[1.908s] INFO:colcon.colcon_core.shell:Creating environment descriptor '/home/edmund-munene/Documents/Programming-language-basics/Linux/Robotics/AConciseIntroductiontoRobotProgrammingwithROS2/bookros2_ws/install/behaviortree_cpp_v3/share/behaviortree_cpp_v3/hook/ld_library_path_lib.dsv'
[1.909s] INFO:colcon.colcon_core.shell:Creating environment hook '/home/edmund-munene/Documents/Programming-language-basics/Linux/Robotics/AConciseIntroductiontoRobotProgrammingwithROS2/bookros2_ws/install/behaviortree_cpp_v3/share/behaviortree_cpp_v3/hook/ld_library_path_lib.sh'
[1.910s] Level 1:colcon.colcon_core.environment:checking '/home/edmund-munene/Documents/Programming-language-basics/Linux/Robotics/AConciseIntroductiontoRobotProgrammingwithROS2/bookros2_ws/install/behaviortree_cpp_v3/bin'
[1.910s] Level 1:colcon.colcon_core.shell:create_environment_hook('behaviortree_cpp_v3', 'path')
[1.910s] INFO:colcon.colcon_core.shell:Creating environment hook '/home/edmund-munene/Documents/Programming-language-basics/Linux/Robotics/AConciseIntroductiontoRobotProgrammingwithROS2/bookros2_ws/install/behaviortree_cpp_v3/share/behaviortree_cpp_v3/hook/path.ps1'
[1.911s] INFO:colcon.colcon_core.shell:Creating environment descriptor '/home/edmund-munene/Documents/Programming-language-basics/Linux/Robotics/AConciseIntroductiontoRobotProgrammingwithROS2/bookros2_ws/install/behaviortree_cpp_v3/share/behaviortree_cpp_v3/hook/path.dsv'
[1.911s] INFO:colcon.colcon_core.shell:Creating environment hook '/home/edmund-munene/Documents/Programming-language-basics/Linux/Robotics/AConciseIntroductiontoRobotProgrammingwithROS2/bookros2_ws/install/behaviortree_cpp_v3/share/behaviortree_cpp_v3/hook/path.sh'
[1.912s] Level 1:colcon.colcon_core.environment:checking '/home/edmund-munene/Documents/Programming-language-basics/Linux/Robotics/AConciseIntroductiontoRobotProgrammingwithROS2/bookros2_ws/install/behaviortree_cpp_v3/lib/pkgconfig/behaviortree_cpp_v3.pc'
[1.913s] Level 1:colcon.colcon_core.environment:checking '/home/edmund-munene/Documents/Programming-language-basics/Linux/Robotics/AConciseIntroductiontoRobotProgrammingwithROS2/bookros2_ws/install/behaviortree_cpp_v3/lib/python3.12/site-packages'
[1.913s] Level 1:colcon.colcon_core.environment:checking '/home/edmund-munene/Documents/Programming-language-basics/Linux/Robotics/AConciseIntroductiontoRobotProgrammingwithROS2/bookros2_ws/install/behaviortree_cpp_v3/bin'
[1.914s] Level 1:colcon.colcon_core.shell:create_environment_hook('behaviortree_cpp_v3', 'pythonscriptspath')
[1.914s] INFO:colcon.colcon_core.shell:Creating environment hook '/home/edmund-munene/Documents/Programming-language-basics/Linux/Robotics/AConciseIntroductiontoRobotProgrammingwithROS2/bookros2_ws/install/behaviortree_cpp_v3/share/behaviortree_cpp_v3/hook/pythonscriptspath.ps1'
[1.915s] INFO:colcon.colcon_core.shell:Creating environment descriptor '/home/edmund-munene/Documents/Programming-language-basics/Linux/Robotics/AConciseIntroductiontoRobotProgrammingwithROS2/bookros2_ws/install/behaviortree_cpp_v3/share/behaviortree_cpp_v3/hook/pythonscriptspath.dsv'
[1.915s] INFO:colcon.colcon_core.shell:Creating environment hook '/home/edmund-munene/Documents/Programming-language-basics/Linux/Robotics/AConciseIntroductiontoRobotProgrammingwithROS2/bookros2_ws/install/behaviortree_cpp_v3/share/behaviortree_cpp_v3/hook/pythonscriptspath.sh'
[1.916s] INFO:colcon.colcon_core.shell:Creating package script '/home/edmund-munene/Documents/Programming-language-basics/Linux/Robotics/AConciseIntroductiontoRobotProgrammingwithROS2/bookros2_ws/install/behaviortree_cpp_v3/share/behaviortree_cpp_v3/package.ps1'
[1.917s] INFO:colcon.colcon_core.shell:Creating package descriptor '/home/edmund-munene/Documents/Programming-language-basics/Linux/Robotics/AConciseIntroductiontoRobotProgrammingwithROS2/bookros2_ws/install/behaviortree_cpp_v3/share/behaviortree_cpp_v3/package.dsv'
[1.918s] INFO:colcon.colcon_core.shell:Creating package script '/home/edmund-munene/Documents/Programming-language-basics/Linux/Robotics/AConciseIntroductiontoRobotProgrammingwithROS2/bookros2_ws/install/behaviortree_cpp_v3/share/behaviortree_cpp_v3/package.sh'
[1.919s] INFO:colcon.colcon_core.shell:Creating package script '/home/edmund-munene/Documents/Programming-language-basics/Linux/Robotics/AConciseIntroductiontoRobotProgrammingwithROS2/bookros2_ws/install/behaviortree_cpp_v3/share/behaviortree_cpp_v3/package.bash'
[1.920s] INFO:colcon.colcon_core.shell:Creating package script '/home/edmund-munene/Documents/Programming-language-basics/Linux/Robotics/AConciseIntroductiontoRobotProgrammingwithROS2/bookros2_ws/install/behaviortree_cpp_v3/share/behaviortree_cpp_v3/package.zsh'
[1.921s] Level 1:colcon.colcon_core.environment:create_file_with_runtime_dependencies(/home/edmund-munene/Documents/Programming-language-basics/Linux/Robotics/AConciseIntroductiontoRobotProgrammingwithROS2/bookros2_ws/install/behaviortree_cpp_v3/share/colcon-core/packages/behaviortree_cpp_v3)
[1.924s] DEBUG:colcon.colcon_core.event_handler.log_command:Invoked command in '/home/edmund-munene/Documents/Programming-language-basics/Linux/Robotics/AConciseIntroductiontoRobotProgrammingwithROS2/bookros2_ws/build/pal_hey5_description' returned '0': AMENT_PREFIX_PATH=/home/edmund-munene/Documents/Programming-language-basics/Linux/Robotics/AConciseIntroductiontoRobotProgrammingwithROS2/bookros2_ws/install/pal_urdf_utils:${AMENT_PREFIX_PATH} CMAKE_PREFIX_PATH=/home/edmund-munene/Documents/Programming-language-basics/Linux/Robotics/AConciseIntroductiontoRobotProgrammingwithROS2/bookros2_ws/install/pal_urdf_utils:/opt/ros/jazzy/opt/gz_sim_vendor:/opt/ros/jazzy/opt/gz_sensors_vendor:/opt/ros/jazzy/opt/gz_physics_vendor:/opt/ros/jazzy/opt/sdformat_vendor:/opt/ros/jazzy/opt/gz_gui_vendor:/opt/ros/jazzy/opt/gz_transport_vendor:/opt/ros/jazzy/opt/gz_rendering_vendor:/opt/ros/jazzy/opt/gz_plugin_vendor:/opt/ros/jazzy/opt/gz_fuel_tools_vendor:/opt/ros/jazzy/opt/gz_msgs_vendor:/opt/ros/jazzy/opt/gz_common_vendor:/opt/ros/jazzy/opt/gz_math_vendor:/opt/ros/jazzy/opt/gz_utils_vendor:/opt/ros/jazzy/opt/gz_tools_vendor:/opt/ros/jazzy/opt/gz_ogre_next_vendor:/opt/ros/jazzy/opt/gz_dartsim_vendor:/opt/ros/jazzy/opt/gz_cmake_vendor:/opt/ros/jazzy DEBUGINFOD_URLS=https://debuginfod.ubuntu.com /usr/bin/cmake --build /home/edmund-munene/Documents/Programming-language-basics/Linux/Robotics/AConciseIntroductiontoRobotProgrammingwithROS2/bookros2_ws/build/pal_hey5_description -- -j12 -l12
[1.925s] DEBUG:colcon.colcon_core.event_handler.log_command:Invoking command in '/home/edmund-munene/Documents/Programming-language-basics/Linux/Robotics/AConciseIntroductiontoRobotProgrammingwithROS2/bookros2_ws/build/pal_hey5_description': AMENT_PREFIX_PATH=/home/edmund-munene/Documents/Programming-language-basics/Linux/Robotics/AConciseIntroductiontoRobotProgrammingwithROS2/bookros2_ws/install/pal_urdf_utils:${AMENT_PREFIX_PATH} CMAKE_PREFIX_PATH=/home/edmund-munene/Documents/Programming-language-basics/Linux/Robotics/AConciseIntroductiontoRobotProgrammingwithROS2/bookros2_ws/install/pal_urdf_utils:/opt/ros/jazzy/opt/gz_sim_vendor:/opt/ros/jazzy/opt/gz_sensors_vendor:/opt/ros/jazzy/opt/gz_physics_vendor:/opt/ros/jazzy/opt/sdformat_vendor:/opt/ros/jazzy/opt/gz_gui_vendor:/opt/ros/jazzy/opt/gz_transport_vendor:/opt/ros/jazzy/opt/gz_rendering_vendor:/opt/ros/jazzy/opt/gz_plugin_vendor:/opt/ros/jazzy/opt/gz_fuel_tools_vendor:/opt/ros/jazzy/opt/gz_msgs_vendor:/opt/ros/jazzy/opt/gz_common_vendor:/opt/ros/jazzy/opt/gz_math_vendor:/opt/ros/jazzy/opt/gz_utils_vendor:/opt/ros/jazzy/opt/gz_tools_vendor:/opt/ros/jazzy/opt/gz_ogre_next_vendor:/opt/ros/jazzy/opt/gz_dartsim_vendor:/opt/ros/jazzy/opt/gz_cmake_vendor:/opt/ros/jazzy DEBUGINFOD_URLS=https://debuginfod.ubuntu.com /usr/bin/cmake --install /home/edmund-munene/Documents/Programming-language-basics/Linux/Robotics/AConciseIntroductiontoRobotProgrammingwithROS2/bookros2_ws/build/pal_hey5_description
[1.926s] DEBUG:colcon.colcon_core.event_handler.log_command:Invoked command in '/home/edmund-munene/Documents/Programming-language-basics/Linux/Robotics/AConciseIntroductiontoRobotProgrammingwithROS2/bookros2_ws/build/br2_fsm_bumpgo_cpp' returned '0': CMAKE_PREFIX_PATH=${CMAKE_PREFIX_PATH}:/opt/ros/jazzy DEBUGINFOD_URLS=https://debuginfod.ubuntu.com /usr/bin/cmake --build /home/edmund-munene/Documents/Programming-language-basics/Linux/Robotics/AConciseIntroductiontoRobotProgrammingwithROS2/bookros2_ws/build/br2_fsm_bumpgo_cpp -- -j12 -l12
[1.927s] DEBUG:colcon.colcon_core.event_handler.log_command:Invoking command in '/home/edmund-munene/Documents/Programming-language-basics/Linux/Robotics/AConciseIntroductiontoRobotProgrammingwithROS2/bookros2_ws/build/br2_fsm_bumpgo_cpp': CMAKE_PREFIX_PATH=${CMAKE_PREFIX_PATH}:/opt/ros/jazzy DEBUGINFOD_URLS=https://debuginfod.ubuntu.com /usr/bin/cmake --install /home/edmund-munene/Documents/Programming-language-basics/Linux/Robotics/AConciseIntroductiontoRobotProgrammingwithROS2/bookros2_ws/build/br2_fsm_bumpgo_cpp
[1.927s] DEBUG:colcon.colcon_core.event_handler.log_command:Invoked command in '/home/edmund-munene/Documents/Programming-language-basics/Linux/Robotics/AConciseIntroductiontoRobotProgrammingwithROS2/bookros2_ws/build/br2_basics' returned '0': CMAKE_PREFIX_PATH=${CMAKE_PREFIX_PATH}:/opt/ros/jazzy DEBUGINFOD_URLS=https://debuginfod.ubuntu.com /usr/bin/cmake --build /home/edmund-munene/Documents/Programming-language-basics/Linux/Robotics/AConciseIntroductiontoRobotProgrammingwithROS2/bookros2_ws/build/br2_basics -- -j12 -l12
[1.930s] DEBUG:colcon.colcon_core.event_handler.log_command:Invoking command in '/home/edmund-munene/Documents/Programming-language-basics/Linux/Robotics/AConciseIntroductiontoRobotProgrammingwithROS2/bookros2_ws/build/br2_basics': CMAKE_PREFIX_PATH=${CMAKE_PREFIX_PATH}:/opt/ros/jazzy DEBUGINFOD_URLS=https://debuginfod.ubuntu.com /usr/bin/cmake --install /home/edmund-munene/Documents/Programming-language-basics/Linux/Robotics/AConciseIntroductiontoRobotProgrammingwithROS2/bookros2_ws/build/br2_basics
[1.930s] DEBUG:colcon.colcon_core.event_handler.log_command:Invoked command in '/home/edmund-munene/Documents/Programming-language-basics/Linux/Robotics/AConciseIntroductiontoRobotProgrammingwithROS2/bookros2_ws/build/yaets' returned '0': CMAKE_PREFIX_PATH=${CMAKE_PREFIX_PATH}:/opt/ros/jazzy DEBUGINFOD_URLS=https://debuginfod.ubuntu.com /usr/bin/cmake --build /home/edmund-munene/Documents/Programming-language-basics/Linux/Robotics/AConciseIntroductiontoRobotProgrammingwithROS2/bookros2_ws/build/yaets -- -j12 -l12
[1.932s] DEBUG:colcon.colcon_core.event_handler.log_command:Invoking command in '/home/edmund-munene/Documents/Programming-language-basics/Linux/Robotics/AConciseIntroductiontoRobotProgrammingwithROS2/bookros2_ws/build/yaets': CMAKE_PREFIX_PATH=${CMAKE_PREFIX_PATH}:/opt/ros/jazzy DEBUGINFOD_URLS=https://debuginfod.ubuntu.com /usr/bin/cmake --install /home/edmund-munene/Documents/Programming-language-basics/Linux/Robotics/AConciseIntroductiontoRobotProgrammingwithROS2/bookros2_ws/build/yaets
[1.933s] DEBUG:colcon.colcon_core.event_handler.log_command:Invoked command in '/home/edmund-munene/Documents/Programming-language-basics/Linux/Robotics/AConciseIntroductiontoRobotProgrammingwithROS2/bookros2_ws/build/br2_tracking_msgs' returned '0': CMAKE_PREFIX_PATH=${CMAKE_PREFIX_PATH}:/opt/ros/jazzy DEBUGINFOD_URLS=https://debuginfod.ubuntu.com /usr/bin/cmake --build /home/edmund-munene/Documents/Programming-language-basics/Linux/Robotics/AConciseIntroductiontoRobotProgrammingwithROS2/bookros2_ws/build/br2_tracking_msgs -- -j12 -l12
[1.935s] DEBUG:colcon.colcon_core.event_handler.log_command:Invoking command in '/home/edmund-munene/Documents/Programming-language-basics/Linux/Robotics/AConciseIntroductiontoRobotProgrammingwithROS2/bookros2_ws/build/br2_tracking_msgs': CMAKE_PREFIX_PATH=${CMAKE_PREFIX_PATH}:/opt/ros/jazzy DEBUGINFOD_URLS=https://debuginfod.ubuntu.com /usr/bin/cmake --install /home/edmund-munene/Documents/Programming-language-basics/Linux/Robotics/AConciseIntroductiontoRobotProgrammingwithROS2/bookros2_ws/build/br2_tracking_msgs
[1.937s] DEBUG:colcon.colcon_core.event_handler.log_command:Invoked command in '/home/edmund-munene/Documents/Programming-language-basics/Linux/Robotics/AConciseIntroductiontoRobotProgrammingwithROS2/bookros2_ws/build/play_motion2_msgs' returned '0': CMAKE_PREFIX_PATH=${CMAKE_PREFIX_PATH}:/opt/ros/jazzy DEBUGINFOD_URLS=https://debuginfod.ubuntu.com /usr/bin/cmake --build /home/edmund-munene/Documents/Programming-language-basics/Linux/Robotics/AConciseIntroductiontoRobotProgrammingwithROS2/bookros2_ws/build/play_motion2_msgs -- -j12 -l12
[1.939s] DEBUG:colcon.colcon_core.event_handler.log_command:Invoking command in '/home/edmund-munene/Documents/Programming-language-basics/Linux/Robotics/AConciseIntroductiontoRobotProgrammingwithROS2/bookros2_ws/build/play_motion2_msgs': CMAKE_PREFIX_PATH=${CMAKE_PREFIX_PATH}:/opt/ros/jazzy DEBUGINFOD_URLS=https://debuginfod.ubuntu.com /usr/bin/cmake --install /home/edmund-munene/Documents/Programming-language-basics/Linux/Robotics/AConciseIntroductiontoRobotProgrammingwithROS2/bookros2_ws/build/play_motion2_msgs
[1.941s] INFO:colcon.colcon_ros.task.ament_cmake.build:Building ROS package in '/home/edmund-munene/Documents/Programming-language-basics/Linux/Robotics/AConciseIntroductiontoRobotProgrammingwithROS2/bookros2_ws/src/book_ros2/br2_navigation' with build type 'ament_cmake'
[1.942s] INFO:colcon.colcon_cmake.task.cmake.build:Building CMake package in '/home/edmund-munene/Documents/Programming-language-basics/Linux/Robotics/AConciseIntroductiontoRobotProgrammingwithROS2/bookros2_ws/src/book_ros2/br2_navigation'
[1.942s] INFO:colcon.colcon_core.shell:Skip shell extension 'powershell' for command environment: Not usable outside of PowerShell
[1.942s] DEBUG:colcon.colcon_core.shell:Skip shell extension 'dsv' for command environment
[1.970s] Level 1:colcon.colcon_core.environment:create_environment_scripts_only(pal_gripper_description)
[1.971s] Level 1:colcon.colcon_core.environment:checking '/home/edmund-munene/Documents/Programming-language-basics/Linux/Robotics/AConciseIntroductiontoRobotProgrammingwithROS2/bookros2_ws/install/pal_gripper_description' for CMake module files
[1.975s] Level 1:colcon.colcon_core.environment:checking '/home/edmund-munene/Documents/Programming-language-basics/Linux/Robotics/AConciseIntroductiontoRobotProgrammingwithROS2/bookros2_ws/install/pal_gripper_description' for CMake config files
[1.976s] Level 1:colcon.colcon_core.shell:create_environment_hook('pal_gripper_description', 'cmake_prefix_path')
[1.976s] INFO:colcon.colcon_core.shell:Creating environment hook '/home/edmund-munene/Documents/Programming-language-basics/Linux/Robotics/AConciseIntroductiontoRobotProgrammingwithROS2/bookros2_ws/install/pal_gripper_description/share/pal_gripper_description/hook/cmake_prefix_path.ps1'
[1.977s] INFO:colcon.colcon_core.shell:Creating environment descriptor '/home/edmund-munene/Documents/Programming-language-basics/Linux/Robotics/AConciseIntroductiontoRobotProgrammingwithROS2/bookros2_ws/install/pal_gripper_description/share/pal_gripper_description/hook/cmake_prefix_path.dsv'
[1.978s] INFO:colcon.colcon_core.shell:Creating environment hook '/home/edmund-munene/Documents/Programming-language-basics/Linux/Robotics/AConciseIntroductiontoRobotProgrammingwithROS2/bookros2_ws/install/pal_gripper_description/share/pal_gripper_description/hook/cmake_prefix_path.sh'
[1.983s] Level 1:colcon.colcon_core.environment:checking '/home/edmund-munene/Documents/Programming-language-basics/Linux/Robotics/AConciseIntroductiontoRobotProgrammingwithROS2/bookros2_ws/install/pal_gripper_description/bin'
[1.984s] Level 1:colcon.colcon_core.environment:checking '/home/edmund-munene/Documents/Programming-language-basics/Linux/Robotics/AConciseIntroductiontoRobotProgrammingwithROS2/bookros2_ws/install/pal_gripper_description/lib/pkgconfig/pal_gripper_description.pc'
[1.984s] Level 1:colcon.colcon_core.environment:checking '/home/edmund-munene/Documents/Programming-language-basics/Linux/Robotics/AConciseIntroductiontoRobotProgrammingwithROS2/bookros2_ws/install/pal_gripper_description/lib/python3.12/site-packages'
[1.987s] Level 1:colcon.colcon_core.environment:checking '/home/edmund-munene/Documents/Programming-language-basics/Linux/Robotics/AConciseIntroductiontoRobotProgrammingwithROS2/bookros2_ws/install/pal_gripper_description/bin'
[1.988s] INFO:colcon.colcon_core.shell:Creating package script '/home/edmund-munene/Documents/Programming-language-basics/Linux/Robotics/AConciseIntroductiontoRobotProgrammingwithROS2/bookros2_ws/install/pal_gripper_description/share/pal_gripper_description/package.ps1'
[1.991s] INFO:colcon.colcon_core.shell:Creating package descriptor '/home/edmund-munene/Documents/Programming-language-basics/Linux/Robotics/AConciseIntroductiontoRobotProgrammingwithROS2/bookros2_ws/install/pal_gripper_description/share/pal_gripper_description/package.dsv'
[1.999s] INFO:colcon.colcon_core.shell:Creating package script '/home/edmund-munene/Documents/Programming-language-basics/Linux/Robotics/AConciseIntroductiontoRobotProgrammingwithROS2/bookros2_ws/install/pal_gripper_description/share/pal_gripper_description/package.sh'
[2.000s] INFO:colcon.colcon_core.shell:Creating package script '/home/edmund-munene/Documents/Programming-language-basics/Linux/Robotics/AConciseIntroductiontoRobotProgrammingwithROS2/bookros2_ws/install/pal_gripper_description/share/pal_gripper_description/package.bash'
[2.000s] INFO:colcon.colcon_core.shell:Creating package script '/home/edmund-munene/Documents/Programming-language-basics/Linux/Robotics/AConciseIntroductiontoRobotProgrammingwithROS2/bookros2_ws/install/pal_gripper_description/share/pal_gripper_description/package.zsh'
[2.001s] Level 1:colcon.colcon_core.environment:create_file_with_runtime_dependencies(/home/edmund-munene/Documents/Programming-language-basics/Linux/Robotics/AConciseIntroductiontoRobotProgrammingwithROS2/bookros2_ws/install/pal_gripper_description/share/colcon-core/packages/pal_gripper_description)
[2.001s] Level 1:colcon.colcon_core.environment:create_environment_scripts_only(pal_gripper_description)
[2.002s] Level 1:colcon.colcon_core.environment:checking '/home/edmund-munene/Documents/Programming-language-basics/Linux/Robotics/AConciseIntroductiontoRobotProgrammingwithROS2/bookros2_ws/install/pal_gripper_description' for CMake module files
[2.003s] Level 1:colcon.colcon_core.environment:checking '/home/edmund-munene/Documents/Programming-language-basics/Linux/Robotics/AConciseIntroductiontoRobotProgrammingwithROS2/bookros2_ws/install/pal_gripper_description' for CMake config files
[2.003s] Level 1:colcon.colcon_core.shell:create_environment_hook('pal_gripper_description', 'cmake_prefix_path')
[2.004s] INFO:colcon.colcon_core.shell:Creating environment hook '/home/edmund-munene/Documents/Programming-language-basics/Linux/Robotics/AConciseIntroductiontoRobotProgrammingwithROS2/bookros2_ws/install/pal_gripper_description/share/pal_gripper_description/hook/cmake_prefix_path.ps1'
[2.004s] INFO:colcon.colcon_core.shell:Creating environment descriptor '/home/edmund-munene/Documents/Programming-language-basics/Linux/Robotics/AConciseIntroductiontoRobotProgrammingwithROS2/bookros2_ws/install/pal_gripper_description/share/pal_gripper_description/hook/cmake_prefix_path.dsv'
[2.011s] INFO:colcon.colcon_core.shell:Creating environment hook '/home/edmund-munene/Documents/Programming-language-basics/Linux/Robotics/AConciseIntroductiontoRobotProgrammingwithROS2/bookros2_ws/install/pal_gripper_description/share/pal_gripper_description/hook/cmake_prefix_path.sh'
[2.012s] Level 1:colcon.colcon_core.environment:checking '/home/edmund-munene/Documents/Programming-language-basics/Linux/Robotics/AConciseIntroductiontoRobotProgrammingwithROS2/bookros2_ws/install/pal_gripper_description/bin'
[2.012s] Level 1:colcon.colcon_core.environment:checking '/home/edmund-munene/Documents/Programming-language-basics/Linux/Robotics/AConciseIntroductiontoRobotProgrammingwithROS2/bookros2_ws/install/pal_gripper_description/lib/pkgconfig/pal_gripper_description.pc'
[2.013s] Level 1:colcon.colcon_core.environment:checking '/home/edmund-munene/Documents/Programming-language-basics/Linux/Robotics/AConciseIntroductiontoRobotProgrammingwithROS2/bookros2_ws/install/pal_gripper_description/lib/python3.12/site-packages'
[2.013s] Level 1:colcon.colcon_core.environment:checking '/home/edmund-munene/Documents/Programming-language-basics/Linux/Robotics/AConciseIntroductiontoRobotProgrammingwithROS2/bookros2_ws/install/pal_gripper_description/bin'
[2.014s] INFO:colcon.colcon_core.shell:Creating package script '/home/edmund-munene/Documents/Programming-language-basics/Linux/Robotics/AConciseIntroductiontoRobotProgrammingwithROS2/bookros2_ws/install/pal_gripper_description/share/pal_gripper_description/package.ps1'
[2.015s] INFO:colcon.colcon_core.shell:Creating package descriptor '/home/edmund-munene/Documents/Programming-language-basics/Linux/Robotics/AConciseIntroductiontoRobotProgrammingwithROS2/bookros2_ws/install/pal_gripper_description/share/pal_gripper_description/package.dsv'
[2.016s] INFO:colcon.colcon_core.shell:Creating package script '/home/edmund-munene/Documents/Programming-language-basics/Linux/Robotics/AConciseIntroductiontoRobotProgrammingwithROS2/bookros2_ws/install/pal_gripper_description/share/pal_gripper_description/package.sh'
[2.016s] INFO:colcon.colcon_core.shell:Creating package script '/home/edmund-munene/Documents/Programming-language-basics/Linux/Robotics/AConciseIntroductiontoRobotProgrammingwithROS2/bookros2_ws/install/pal_gripper_description/share/pal_gripper_description/package.bash'
[2.017s] INFO:colcon.colcon_core.shell:Creating package script '/home/edmund-munene/Documents/Programming-language-basics/Linux/Robotics/AConciseIntroductiontoRobotProgrammingwithROS2/bookros2_ws/install/pal_gripper_description/share/pal_gripper_description/package.zsh'
[2.018s] Level 1:colcon.colcon_core.environment:create_file_with_runtime_dependencies(/home/edmund-munene/Documents/Programming-language-basics/Linux/Robotics/AConciseIntroductiontoRobotProgrammingwithROS2/bookros2_ws/install/pal_gripper_description/share/colcon-core/packages/pal_gripper_description)
[2.018s] Level 1:colcon.colcon_core.environment:create_environment_scripts_only(pmb2_laser_sensors)
[2.018s] Level 1:colcon.colcon_core.environment:checking '/home/edmund-munene/Documents/Programming-language-basics/Linux/Robotics/AConciseIntroductiontoRobotProgrammingwithROS2/bookros2_ws/install/pmb2_laser_sensors' for CMake module files
[2.019s] Level 1:colcon.colcon_core.environment:checking '/home/edmund-munene/Documents/Programming-language-basics/Linux/Robotics/AConciseIntroductiontoRobotProgrammingwithROS2/bookros2_ws/install/pmb2_laser_sensors' for CMake config files
[2.022s] Level 1:colcon.colcon_core.shell:create_environment_hook('pmb2_laser_sensors', 'cmake_prefix_path')
[2.022s] INFO:colcon.colcon_core.shell:Creating environment hook '/home/edmund-munene/Documents/Programming-language-basics/Linux/Robotics/AConciseIntroductiontoRobotProgrammingwithROS2/bookros2_ws/install/pmb2_laser_sensors/share/pmb2_laser_sensors/hook/cmake_prefix_path.ps1'
[2.024s] INFO:colcon.colcon_core.shell:Creating environment descriptor '/home/edmund-munene/Documents/Programming-language-basics/Linux/Robotics/AConciseIntroductiontoRobotProgrammingwithROS2/bookros2_ws/install/pmb2_laser_sensors/share/pmb2_laser_sensors/hook/cmake_prefix_path.dsv'
[2.024s] INFO:colcon.colcon_core.shell:Creating environment hook '/home/edmund-munene/Documents/Programming-language-basics/Linux/Robotics/AConciseIntroductiontoRobotProgrammingwithROS2/bookros2_ws/install/pmb2_laser_sensors/share/pmb2_laser_sensors/hook/cmake_prefix_path.sh'
[2.026s] Level 1:colcon.colcon_core.environment:checking '/home/edmund-munene/Documents/Programming-language-basics/Linux/Robotics/AConciseIntroductiontoRobotProgrammingwithROS2/bookros2_ws/install/pmb2_laser_sensors/bin'
[2.026s] Level 1:colcon.colcon_core.environment:checking '/home/edmund-munene/Documents/Programming-language-basics/Linux/Robotics/AConciseIntroductiontoRobotProgrammingwithROS2/bookros2_ws/install/pmb2_laser_sensors/lib/pkgconfig/pmb2_laser_sensors.pc'
[2.026s] Level 1:colcon.colcon_core.environment:checking '/home/edmund-munene/Documents/Programming-language-basics/Linux/Robotics/AConciseIntroductiontoRobotProgrammingwithROS2/bookros2_ws/install/pmb2_laser_sensors/lib/python3.12/site-packages'
[2.027s] Level 1:colcon.colcon_core.environment:checking '/home/edmund-munene/Documents/Programming-language-basics/Linux/Robotics/AConciseIntroductiontoRobotProgrammingwithROS2/bookros2_ws/install/pmb2_laser_sensors/bin'
[2.028s] INFO:colcon.colcon_core.shell:Creating package script '/home/edmund-munene/Documents/Programming-language-basics/Linux/Robotics/AConciseIntroductiontoRobotProgrammingwithROS2/bookros2_ws/install/pmb2_laser_sensors/share/pmb2_laser_sensors/package.ps1'
[2.033s] INFO:colcon.colcon_core.shell:Creating package descriptor '/home/edmund-munene/Documents/Programming-language-basics/Linux/Robotics/AConciseIntroductiontoRobotProgrammingwithROS2/bookros2_ws/install/pmb2_laser_sensors/share/pmb2_laser_sensors/package.dsv'
[2.035s] INFO:colcon.colcon_core.shell:Creating package script '/home/edmund-munene/Documents/Programming-language-basics/Linux/Robotics/AConciseIntroductiontoRobotProgrammingwithROS2/bookros2_ws/install/pmb2_laser_sensors/share/pmb2_laser_sensors/package.sh'
[2.037s] INFO:colcon.colcon_core.shell:Creating package script '/home/edmund-munene/Documents/Programming-language-basics/Linux/Robotics/AConciseIntroductiontoRobotProgrammingwithROS2/bookros2_ws/install/pmb2_laser_sensors/share/pmb2_laser_sensors/package.bash'
[2.038s] INFO:colcon.colcon_core.shell:Creating package script '/home/edmund-munene/Documents/Programming-language-basics/Linux/Robotics/AConciseIntroductiontoRobotProgrammingwithROS2/bookros2_ws/install/pmb2_laser_sensors/share/pmb2_laser_sensors/package.zsh'
[2.038s] Level 1:colcon.colcon_core.environment:create_file_with_runtime_dependencies(/home/edmund-munene/Documents/Programming-language-basics/Linux/Robotics/AConciseIntroductiontoRobotProgrammingwithROS2/bookros2_ws/install/pmb2_laser_sensors/share/colcon-core/packages/pmb2_laser_sensors)
[2.043s] Level 1:colcon.colcon_core.environment:create_environment_scripts_only(pmb2_laser_sensors)
[2.043s] Level 1:colcon.colcon_core.environment:checking '/home/edmund-munene/Documents/Programming-language-basics/Linux/Robotics/AConciseIntroductiontoRobotProgrammingwithROS2/bookros2_ws/install/pmb2_laser_sensors' for CMake module files
[2.044s] Level 1:colcon.colcon_core.environment:checking '/home/edmund-munene/Documents/Programming-language-basics/Linux/Robotics/AConciseIntroductiontoRobotProgrammingwithROS2/bookros2_ws/install/pmb2_laser_sensors' for CMake config files
[2.045s] Level 1:colcon.colcon_core.shell:create_environment_hook('pmb2_laser_sensors', 'cmake_prefix_path')
[2.045s] INFO:colcon.colcon_core.shell:Creating environment hook '/home/edmund-munene/Documents/Programming-language-basics/Linux/Robotics/AConciseIntroductiontoRobotProgrammingwithROS2/bookros2_ws/install/pmb2_laser_sensors/share/pmb2_laser_sensors/hook/cmake_prefix_path.ps1'
[2.050s] DEBUG:colcon.colcon_core.event_handler.log_command:Invoked command in '/home/edmund-munene/Documents/Programming-language-basics/Linux/Robotics/AConciseIntroductiontoRobotProgrammingwithROS2/bookros2_ws/build/pal_gripper_description' returned '0': AMENT_PREFIX_PATH=/home/edmund-munene/Documents/Programming-language-basics/Linux/Robotics/AConciseIntroductiontoRobotProgrammingwithROS2/bookros2_ws/install/pal_urdf_utils:${AMENT_PREFIX_PATH} CMAKE_PREFIX_PATH=/home/edmund-munene/Documents/Programming-language-basics/Linux/Robotics/AConciseIntroductiontoRobotProgrammingwithROS2/bookros2_ws/install/pal_urdf_utils:/opt/ros/jazzy/opt/gz_sim_vendor:/opt/ros/jazzy/opt/gz_sensors_vendor:/opt/ros/jazzy/opt/gz_physics_vendor:/opt/ros/jazzy/opt/sdformat_vendor:/opt/ros/jazzy/opt/gz_gui_vendor:/opt/ros/jazzy/opt/gz_transport_vendor:/opt/ros/jazzy/opt/gz_rendering_vendor:/opt/ros/jazzy/opt/gz_plugin_vendor:/opt/ros/jazzy/opt/gz_fuel_tools_vendor:/opt/ros/jazzy/opt/gz_msgs_vendor:/opt/ros/jazzy/opt/gz_common_vendor:/opt/ros/jazzy/opt/gz_math_vendor:/opt/ros/jazzy/opt/gz_utils_vendor:/opt/ros/jazzy/opt/gz_tools_vendor:/opt/ros/jazzy/opt/gz_ogre_next_vendor:/opt/ros/jazzy/opt/gz_dartsim_vendor:/opt/ros/jazzy/opt/gz_cmake_vendor:/opt/ros/jazzy DEBUGINFOD_URLS=https://debuginfod.ubuntu.com /usr/bin/cmake --install /home/edmund-munene/Documents/Programming-language-basics/Linux/Robotics/AConciseIntroductiontoRobotProgrammingwithROS2/bookros2_ws/build/pal_gripper_description
[2.053s] INFO:colcon.colcon_core.shell:Creating environment descriptor '/home/edmund-munene/Documents/Programming-language-basics/Linux/Robotics/AConciseIntroductiontoRobotProgrammingwithROS2/bookros2_ws/install/pmb2_laser_sensors/share/pmb2_laser_sensors/hook/cmake_prefix_path.dsv'
[2.055s] INFO:colcon.colcon_core.shell:Creating environment hook '/home/edmund-munene/Documents/Programming-language-basics/Linux/Robotics/AConciseIntroductiontoRobotProgrammingwithROS2/bookros2_ws/install/pmb2_laser_sensors/share/pmb2_laser_sensors/hook/cmake_prefix_path.sh'
[2.056s] Level 1:colcon.colcon_core.environment:checking '/home/edmund-munene/Documents/Programming-language-basics/Linux/Robotics/AConciseIntroductiontoRobotProgrammingwithROS2/bookros2_ws/install/pmb2_laser_sensors/bin'
[2.057s] Level 1:colcon.colcon_core.environment:checking '/home/edmund-munene/Documents/Programming-language-basics/Linux/Robotics/AConciseIntroductiontoRobotProgrammingwithROS2/bookros2_ws/install/pmb2_laser_sensors/lib/pkgconfig/pmb2_laser_sensors.pc'
[2.057s] Level 1:colcon.colcon_core.environment:checking '/home/edmund-munene/Documents/Programming-language-basics/Linux/Robotics/AConciseIntroductiontoRobotProgrammingwithROS2/bookros2_ws/install/pmb2_laser_sensors/lib/python3.12/site-packages'
[2.058s] Level 1:colcon.colcon_core.environment:checking '/home/edmund-munene/Documents/Programming-language-basics/Linux/Robotics/AConciseIntroductiontoRobotProgrammingwithROS2/bookros2_ws/install/pmb2_laser_sensors/bin'
[2.058s] INFO:colcon.colcon_core.shell:Creating package script '/home/edmund-munene/Documents/Programming-language-basics/Linux/Robotics/AConciseIntroductiontoRobotProgrammingwithROS2/bookros2_ws/install/pmb2_laser_sensors/share/pmb2_laser_sensors/package.ps1'
[2.061s] INFO:colcon.colcon_core.shell:Creating package descriptor '/home/edmund-munene/Documents/Programming-language-basics/Linux/Robotics/AConciseIntroductiontoRobotProgrammingwithROS2/bookros2_ws/install/pmb2_laser_sensors/share/pmb2_laser_sensors/package.dsv'
[2.064s] INFO:colcon.colcon_core.shell:Creating package script '/home/edmund-munene/Documents/Programming-language-basics/Linux/Robotics/AConciseIntroductiontoRobotProgrammingwithROS2/bookros2_ws/install/pmb2_laser_sensors/share/pmb2_laser_sensors/package.sh'
[2.065s] INFO:colcon.colcon_core.shell:Creating package script '/home/edmund-munene/Documents/Programming-language-basics/Linux/Robotics/AConciseIntroductiontoRobotProgrammingwithROS2/bookros2_ws/install/pmb2_laser_sensors/share/pmb2_laser_sensors/package.bash'
[2.067s] INFO:colcon.colcon_core.shell:Creating package script '/home/edmund-munene/Documents/Programming-language-basics/Linux/Robotics/AConciseIntroductiontoRobotProgrammingwithROS2/bookros2_ws/install/pmb2_laser_sensors/share/pmb2_laser_sensors/package.zsh'
[2.069s] Level 1:colcon.colcon_core.environment:create_file_with_runtime_dependencies(/home/edmund-munene/Documents/Programming-language-basics/Linux/Robotics/AConciseIntroductiontoRobotProgrammingwithROS2/bookros2_ws/install/pmb2_laser_sensors/share/colcon-core/packages/pmb2_laser_sensors)
[2.083s] INFO:colcon.colcon_ros.task.ament_cmake.build:Building ROS package in '/home/edmund-munene/Documents/Programming-language-basics/Linux/Robotics/AConciseIntroductiontoRobotProgrammingwithROS2/bookros2_ws/src/book_ros2/br2_tf2_detector' with build type 'ament_cmake'
[2.083s] INFO:colcon.colcon_cmake.task.cmake.build:Building CMake package in '/home/edmund-munene/Documents/Programming-language-basics/Linux/Robotics/AConciseIntroductiontoRobotProgrammingwithROS2/bookros2_ws/src/book_ros2/br2_tf2_detector'
[2.084s] INFO:colcon.colcon_core.shell:Skip shell extension 'powershell' for command environment: Not usable outside of PowerShell
[2.084s] DEBUG:colcon.colcon_core.shell:Skip shell extension 'dsv' for command environment
[2.095s] DEBUG:colcon.colcon_core.event_handler.log_command:Invoked command in '/home/edmund-munene/Documents/Programming-language-basics/Linux/Robotics/AConciseIntroductiontoRobotProgrammingwithROS2/bookros2_ws/build/pmb2_laser_sensors' returned '0': CMAKE_PREFIX_PATH=${CMAKE_PREFIX_PATH}:/opt/ros/jazzy DEBUGINFOD_URLS=https://debuginfod.ubuntu.com /usr/bin/cmake --install /home/edmund-munene/Documents/Programming-language-basics/Linux/Robotics/AConciseIntroductiontoRobotProgrammingwithROS2/bookros2_ws/build/pmb2_laser_sensors
[2.098s] INFO:colcon.colcon_ros.task.ament_cmake.build:Building ROS package in '/home/edmund-munene/Documents/Programming-language-basics/Linux/Robotics/AConciseIntroductiontoRobotProgrammingwithROS2/bookros2_ws/src/book_ros2/br2_tiago' with build type 'ament_cmake'
[2.098s] INFO:colcon.colcon_cmake.task.cmake.build:Building CMake package in '/home/edmund-munene/Documents/Programming-language-basics/Linux/Robotics/AConciseIntroductiontoRobotProgrammingwithROS2/bookros2_ws/src/book_ros2/br2_tiago'
[2.099s] INFO:colcon.colcon_core.shell:Skip shell extension 'powershell' for command environment: Not usable outside of PowerShell
[2.099s] DEBUG:colcon.colcon_core.shell:Skip shell extension 'dsv' for command environment
[2.105s] DEBUG:colcon.colcon_core.event_handler.log_command:Invoked command in '/home/edmund-munene/Documents/Programming-language-basics/Linux/Robotics/AConciseIntroductiontoRobotProgrammingwithROS2/bookros2_ws/build/br2_gazebo_worlds' returned '0': CMAKE_PREFIX_PATH=${CMAKE_PREFIX_PATH}:/opt/ros/jazzy DEBUGINFOD_URLS=https://debuginfod.ubuntu.com /usr/bin/cmake --build /home/edmund-munene/Documents/Programming-language-basics/Linux/Robotics/AConciseIntroductiontoRobotProgrammingwithROS2/bookros2_ws/build/br2_gazebo_worlds -- -j12 -l12
[2.106s] DEBUG:colcon.colcon_core.event_handler.log_command:Invoking command in '/home/edmund-munene/Documents/Programming-language-basics/Linux/Robotics/AConciseIntroductiontoRobotProgrammingwithROS2/bookros2_ws/build/br2_gazebo_worlds': CMAKE_PREFIX_PATH=${CMAKE_PREFIX_PATH}:/opt/ros/jazzy DEBUGINFOD_URLS=https://debuginfod.ubuntu.com /usr/bin/cmake --install /home/edmund-munene/Documents/Programming-language-basics/Linux/Robotics/AConciseIntroductiontoRobotProgrammingwithROS2/bookros2_ws/build/br2_gazebo_worlds
[2.118s] Level 1:colcon.colcon_core.environment:create_environment_scripts_only(pal_hey5_description)
[2.118s] Level 1:colcon.colcon_core.environment:checking '/home/edmund-munene/Documents/Programming-language-basics/Linux/Robotics/AConciseIntroductiontoRobotProgrammingwithROS2/bookros2_ws/install/pal_hey5_description' for CMake module files
[2.119s] Level 1:colcon.colcon_core.environment:checking '/home/edmund-munene/Documents/Programming-language-basics/Linux/Robotics/AConciseIntroductiontoRobotProgrammingwithROS2/bookros2_ws/install/pal_hey5_description' for CMake config files
[2.120s] Level 1:colcon.colcon_core.shell:create_environment_hook('pal_hey5_description', 'cmake_prefix_path')
[2.120s] INFO:colcon.colcon_core.shell:Creating environment hook '/home/edmund-munene/Documents/Programming-language-basics/Linux/Robotics/AConciseIntroductiontoRobotProgrammingwithROS2/bookros2_ws/install/pal_hey5_description/share/pal_hey5_description/hook/cmake_prefix_path.ps1'
[2.122s] INFO:colcon.colcon_core.shell:Creating environment descriptor '/home/edmund-munene/Documents/Programming-language-basics/Linux/Robotics/AConciseIntroductiontoRobotProgrammingwithROS2/bookros2_ws/install/pal_hey5_description/share/pal_hey5_description/hook/cmake_prefix_path.dsv'
[2.125s] INFO:colcon.colcon_core.shell:Creating environment hook '/home/edmund-munene/Documents/Programming-language-basics/Linux/Robotics/AConciseIntroductiontoRobotProgrammingwithROS2/bookros2_ws/install/pal_hey5_description/share/pal_hey5_description/hook/cmake_prefix_path.sh'
[2.127s] Level 1:colcon.colcon_core.environment:checking '/home/edmund-munene/Documents/Programming-language-basics/Linux/Robotics/AConciseIntroductiontoRobotProgrammingwithROS2/bookros2_ws/install/pal_hey5_description/bin'
[2.127s] Level 1:colcon.colcon_core.environment:checking '/home/edmund-munene/Documents/Programming-language-basics/Linux/Robotics/AConciseIntroductiontoRobotProgrammingwithROS2/bookros2_ws/install/pal_hey5_description/lib/pkgconfig/pal_hey5_description.pc'
[2.127s] Level 1:colcon.colcon_core.environment:checking '/home/edmund-munene/Documents/Programming-language-basics/Linux/Robotics/AConciseIntroductiontoRobotProgrammingwithROS2/bookros2_ws/install/pal_hey5_description/lib/python3.12/site-packages'
[2.128s] Level 1:colcon.colcon_core.environment:checking '/home/edmund-munene/Documents/Programming-language-basics/Linux/Robotics/AConciseIntroductiontoRobotProgrammingwithROS2/bookros2_ws/install/pal_hey5_description/bin'
[2.128s] INFO:colcon.colcon_core.shell:Creating package script '/home/edmund-munene/Documents/Programming-language-basics/Linux/Robotics/AConciseIntroductiontoRobotProgrammingwithROS2/bookros2_ws/install/pal_hey5_description/share/pal_hey5_description/package.ps1'
[2.130s] INFO:colcon.colcon_core.shell:Creating package descriptor '/home/edmund-munene/Documents/Programming-language-basics/Linux/Robotics/AConciseIntroductiontoRobotProgrammingwithROS2/bookros2_ws/install/pal_hey5_description/share/pal_hey5_description/package.dsv'
[2.130s] INFO:colcon.colcon_core.shell:Creating package script '/home/edmund-munene/Documents/Programming-language-basics/Linux/Robotics/AConciseIntroductiontoRobotProgrammingwithROS2/bookros2_ws/install/pal_hey5_description/share/pal_hey5_description/package.sh'
[2.131s] INFO:colcon.colcon_core.shell:Creating package script '/home/edmund-munene/Documents/Programming-language-basics/Linux/Robotics/AConciseIntroductiontoRobotProgrammingwithROS2/bookros2_ws/install/pal_hey5_description/share/pal_hey5_description/package.bash'
[2.132s] INFO:colcon.colcon_core.shell:Creating package script '/home/edmund-munene/Documents/Programming-language-basics/Linux/Robotics/AConciseIntroductiontoRobotProgrammingwithROS2/bookros2_ws/install/pal_hey5_description/share/pal_hey5_description/package.zsh'
[2.133s] DEBUG:colcon.colcon_core.event_handler.log_command:Invoked command in '/home/edmund-munene/Documents/Programming-language-basics/Linux/Robotics/AConciseIntroductiontoRobotProgrammingwithROS2/bookros2_ws/build/pal_hey5_description' returned '0': AMENT_PREFIX_PATH=/home/edmund-munene/Documents/Programming-language-basics/Linux/Robotics/AConciseIntroductiontoRobotProgrammingwithROS2/bookros2_ws/install/pal_urdf_utils:${AMENT_PREFIX_PATH} CMAKE_PREFIX_PATH=/home/edmund-munene/Documents/Programming-language-basics/Linux/Robotics/AConciseIntroductiontoRobotProgrammingwithROS2/bookros2_ws/install/pal_urdf_utils:/opt/ros/jazzy/opt/gz_sim_vendor:/opt/ros/jazzy/opt/gz_sensors_vendor:/opt/ros/jazzy/opt/gz_physics_vendor:/opt/ros/jazzy/opt/sdformat_vendor:/opt/ros/jazzy/opt/gz_gui_vendor:/opt/ros/jazzy/opt/gz_transport_vendor:/opt/ros/jazzy/opt/gz_rendering_vendor:/opt/ros/jazzy/opt/gz_plugin_vendor:/opt/ros/jazzy/opt/gz_fuel_tools_vendor:/opt/ros/jazzy/opt/gz_msgs_vendor:/opt/ros/jazzy/opt/gz_common_vendor:/opt/ros/jazzy/opt/gz_math_vendor:/opt/ros/jazzy/opt/gz_utils_vendor:/opt/ros/jazzy/opt/gz_tools_vendor:/opt/ros/jazzy/opt/gz_ogre_next_vendor:/opt/ros/jazzy/opt/gz_dartsim_vendor:/opt/ros/jazzy/opt/gz_cmake_vendor:/opt/ros/jazzy DEBUGINFOD_URLS=https://debuginfod.ubuntu.com /usr/bin/cmake --install /home/edmund-munene/Documents/Programming-language-basics/Linux/Robotics/AConciseIntroductiontoRobotProgrammingwithROS2/bookros2_ws/build/pal_hey5_description
[2.135s] Level 1:colcon.colcon_core.environment:create_file_with_runtime_dependencies(/home/edmund-munene/Documents/Programming-language-basics/Linux/Robotics/AConciseIntroductiontoRobotProgrammingwithROS2/bookros2_ws/install/pal_hey5_description/share/colcon-core/packages/pal_hey5_description)
[2.140s] Level 1:colcon.colcon_core.environment:create_environment_scripts_only(pal_hey5_description)
[2.141s] Level 1:colcon.colcon_core.environment:checking '/home/edmund-munene/Documents/Programming-language-basics/Linux/Robotics/AConciseIntroductiontoRobotProgrammingwithROS2/bookros2_ws/install/pal_hey5_description' for CMake module files
[2.147s] Level 1:colcon.colcon_core.environment:checking '/home/edmund-munene/Documents/Programming-language-basics/Linux/Robotics/AConciseIntroductiontoRobotProgrammingwithROS2/bookros2_ws/install/pal_hey5_description' for CMake config files
[2.148s] Level 1:colcon.colcon_core.shell:create_environment_hook('pal_hey5_description', 'cmake_prefix_path')
[2.149s] INFO:colcon.colcon_core.shell:Creating environment hook '/home/edmund-munene/Documents/Programming-language-basics/Linux/Robotics/AConciseIntroductiontoRobotProgrammingwithROS2/bookros2_ws/install/pal_hey5_description/share/pal_hey5_description/hook/cmake_prefix_path.ps1'
[2.150s] INFO:colcon.colcon_core.shell:Creating environment descriptor '/home/edmund-munene/Documents/Programming-language-basics/Linux/Robotics/AConciseIntroductiontoRobotProgrammingwithROS2/bookros2_ws/install/pal_hey5_description/share/pal_hey5_description/hook/cmake_prefix_path.dsv'
[2.152s] INFO:colcon.colcon_core.shell:Creating environment hook '/home/edmund-munene/Documents/Programming-language-basics/Linux/Robotics/AConciseIntroductiontoRobotProgrammingwithROS2/bookros2_ws/install/pal_hey5_description/share/pal_hey5_description/hook/cmake_prefix_path.sh'
[2.155s] Level 1:colcon.colcon_core.environment:checking '/home/edmund-munene/Documents/Programming-language-basics/Linux/Robotics/AConciseIntroductiontoRobotProgrammingwithROS2/bookros2_ws/install/pal_hey5_description/bin'
[2.155s] Level 1:colcon.colcon_core.environment:checking '/home/edmund-munene/Documents/Programming-language-basics/Linux/Robotics/AConciseIntroductiontoRobotProgrammingwithROS2/bookros2_ws/install/pal_hey5_description/lib/pkgconfig/pal_hey5_description.pc'
[2.158s] Level 1:colcon.colcon_core.environment:checking '/home/edmund-munene/Documents/Programming-language-basics/Linux/Robotics/AConciseIntroductiontoRobotProgrammingwithROS2/bookros2_ws/install/pal_hey5_description/lib/python3.12/site-packages'
[2.159s] Level 1:colcon.colcon_core.environment:checking '/home/edmund-munene/Documents/Programming-language-basics/Linux/Robotics/AConciseIntroductiontoRobotProgrammingwithROS2/bookros2_ws/install/pal_hey5_description/bin'
[2.160s] INFO:colcon.colcon_core.shell:Creating package script '/home/edmund-munene/Documents/Programming-language-basics/Linux/Robotics/AConciseIntroductiontoRobotProgrammingwithROS2/bookros2_ws/install/pal_hey5_description/share/pal_hey5_description/package.ps1'
[2.161s] INFO:colcon.colcon_core.shell:Creating package descriptor '/home/edmund-munene/Documents/Programming-language-basics/Linux/Robotics/AConciseIntroductiontoRobotProgrammingwithROS2/bookros2_ws/install/pal_hey5_description/share/pal_hey5_description/package.dsv'
[2.162s] INFO:colcon.colcon_core.shell:Creating package script '/home/edmund-munene/Documents/Programming-language-basics/Linux/Robotics/AConciseIntroductiontoRobotProgrammingwithROS2/bookros2_ws/install/pal_hey5_description/share/pal_hey5_description/package.sh'
[2.167s] INFO:colcon.colcon_core.shell:Creating package script '/home/edmund-munene/Documents/Programming-language-basics/Linux/Robotics/AConciseIntroductiontoRobotProgrammingwithROS2/bookros2_ws/install/pal_hey5_description/share/pal_hey5_description/package.bash'
[2.169s] INFO:colcon.colcon_core.shell:Creating package script '/home/edmund-munene/Documents/Programming-language-basics/Linux/Robotics/AConciseIntroductiontoRobotProgrammingwithROS2/bookros2_ws/install/pal_hey5_description/share/pal_hey5_description/package.zsh'
[2.170s] Level 1:colcon.colcon_core.environment:create_file_with_runtime_dependencies(/home/edmund-munene/Documents/Programming-language-basics/Linux/Robotics/AConciseIntroductiontoRobotProgrammingwithROS2/bookros2_ws/install/pal_hey5_description/share/colcon-core/packages/pal_hey5_description)
[2.171s] Level 1:colcon.colcon_core.environment:create_environment_scripts_only(br2_fsm_bumpgo_cpp)
[2.172s] Level 1:colcon.colcon_core.environment:checking '/home/edmund-munene/Documents/Programming-language-basics/Linux/Robotics/AConciseIntroductiontoRobotProgrammingwithROS2/bookros2_ws/install/br2_fsm_bumpgo_cpp' for CMake module files
[2.178s] Level 1:colcon.colcon_core.environment:checking '/home/edmund-munene/Documents/Programming-language-basics/Linux/Robotics/AConciseIntroductiontoRobotProgrammingwithROS2/bookros2_ws/install/br2_fsm_bumpgo_cpp' for CMake config files
[2.179s] Level 1:colcon.colcon_core.shell:create_environment_hook('br2_fsm_bumpgo_cpp', 'cmake_prefix_path')
[2.180s] INFO:colcon.colcon_core.shell:Creating environment hook '/home/edmund-munene/Documents/Programming-language-basics/Linux/Robotics/AConciseIntroductiontoRobotProgrammingwithROS2/bookros2_ws/install/br2_fsm_bumpgo_cpp/share/br2_fsm_bumpgo_cpp/hook/cmake_prefix_path.ps1'
[2.180s] INFO:colcon.colcon_core.shell:Creating environment descriptor '/home/edmund-munene/Documents/Programming-language-basics/Linux/Robotics/AConciseIntroductiontoRobotProgrammingwithROS2/bookros2_ws/install/br2_fsm_bumpgo_cpp/share/br2_fsm_bumpgo_cpp/hook/cmake_prefix_path.dsv'
[2.181s] INFO:colcon.colcon_core.shell:Creating environment hook '/home/edmund-munene/Documents/Programming-language-basics/Linux/Robotics/AConciseIntroductiontoRobotProgrammingwithROS2/bookros2_ws/install/br2_fsm_bumpgo_cpp/share/br2_fsm_bumpgo_cpp/hook/cmake_prefix_path.sh'
[2.182s] Level 1:colcon.colcon_core.environment:checking '/home/edmund-munene/Documents/Programming-language-basics/Linux/Robotics/AConciseIntroductiontoRobotProgrammingwithROS2/bookros2_ws/install/br2_fsm_bumpgo_cpp/lib'
[2.182s] Level 1:colcon.colcon_core.environment:checking '/home/edmund-munene/Documents/Programming-language-basics/Linux/Robotics/AConciseIntroductiontoRobotProgrammingwithROS2/bookros2_ws/install/br2_fsm_bumpgo_cpp/bin'
[2.182s] Level 1:colcon.colcon_core.environment:checking '/home/edmund-munene/Documents/Programming-language-basics/Linux/Robotics/AConciseIntroductiontoRobotProgrammingwithROS2/bookros2_ws/install/br2_fsm_bumpgo_cpp/lib/pkgconfig/br2_fsm_bumpgo_cpp.pc'
[2.182s] Level 1:colcon.colcon_core.environment:checking '/home/edmund-munene/Documents/Programming-language-basics/Linux/Robotics/AConciseIntroductiontoRobotProgrammingwithROS2/bookros2_ws/install/br2_fsm_bumpgo_cpp/lib/python3.12/site-packages'
[2.183s] Level 1:colcon.colcon_core.environment:checking '/home/edmund-munene/Documents/Programming-language-basics/Linux/Robotics/AConciseIntroductiontoRobotProgrammingwithROS2/bookros2_ws/install/br2_fsm_bumpgo_cpp/bin'
[2.183s] INFO:colcon.colcon_core.shell:Creating package script '/home/edmund-munene/Documents/Programming-language-basics/Linux/Robotics/AConciseIntroductiontoRobotProgrammingwithROS2/bookros2_ws/install/br2_fsm_bumpgo_cpp/share/br2_fsm_bumpgo_cpp/package.ps1'
[2.185s] INFO:colcon.colcon_core.shell:Creating package descriptor '/home/edmund-munene/Documents/Programming-language-basics/Linux/Robotics/AConciseIntroductiontoRobotProgrammingwithROS2/bookros2_ws/install/br2_fsm_bumpgo_cpp/share/br2_fsm_bumpgo_cpp/package.dsv'
[2.186s] INFO:colcon.colcon_core.shell:Creating package script '/home/edmund-munene/Documents/Programming-language-basics/Linux/Robotics/AConciseIntroductiontoRobotProgrammingwithROS2/bookros2_ws/install/br2_fsm_bumpgo_cpp/share/br2_fsm_bumpgo_cpp/package.sh'
[2.188s] INFO:colcon.colcon_core.shell:Creating package script '/home/edmund-munene/Documents/Programming-language-basics/Linux/Robotics/AConciseIntroductiontoRobotProgrammingwithROS2/bookros2_ws/install/br2_fsm_bumpgo_cpp/share/br2_fsm_bumpgo_cpp/package.bash'
[2.189s] INFO:colcon.colcon_core.shell:Creating package script '/home/edmund-munene/Documents/Programming-language-basics/Linux/Robotics/AConciseIntroductiontoRobotProgrammingwithROS2/bookros2_ws/install/br2_fsm_bumpgo_cpp/share/br2_fsm_bumpgo_cpp/package.zsh'
[2.189s] Level 1:colcon.colcon_core.environment:create_file_with_runtime_dependencies(/home/edmund-munene/Documents/Programming-language-basics/Linux/Robotics/AConciseIntroductiontoRobotProgrammingwithROS2/bookros2_ws/install/br2_fsm_bumpgo_cpp/share/colcon-core/packages/br2_fsm_bumpgo_cpp)
[2.190s] Level 1:colcon.colcon_core.environment:create_environment_scripts_only(br2_fsm_bumpgo_cpp)
[2.190s] Level 1:colcon.colcon_core.environment:checking '/home/edmund-munene/Documents/Programming-language-basics/Linux/Robotics/AConciseIntroductiontoRobotProgrammingwithROS2/bookros2_ws/install/br2_fsm_bumpgo_cpp' for CMake module files
[2.191s] Level 1:colcon.colcon_core.environment:checking '/home/edmund-munene/Documents/Programming-language-basics/Linux/Robotics/AConciseIntroductiontoRobotProgrammingwithROS2/bookros2_ws/install/br2_fsm_bumpgo_cpp' for CMake config files
[2.191s] Level 1:colcon.colcon_core.shell:create_environment_hook('br2_fsm_bumpgo_cpp', 'cmake_prefix_path')
[2.192s] INFO:colcon.colcon_core.shell:Creating environment hook '/home/edmund-munene/Documents/Programming-language-basics/Linux/Robotics/AConciseIntroductiontoRobotProgrammingwithROS2/bookros2_ws/install/br2_fsm_bumpgo_cpp/share/br2_fsm_bumpgo_cpp/hook/cmake_prefix_path.ps1'
[2.192s] INFO:colcon.colcon_core.shell:Creating environment descriptor '/home/edmund-munene/Documents/Programming-language-basics/Linux/Robotics/AConciseIntroductiontoRobotProgrammingwithROS2/bookros2_ws/install/br2_fsm_bumpgo_cpp/share/br2_fsm_bumpgo_cpp/hook/cmake_prefix_path.dsv'
[2.193s] INFO:colcon.colcon_core.shell:Creating environment hook '/home/edmund-munene/Documents/Programming-language-basics/Linux/Robotics/AConciseIntroductiontoRobotProgrammingwithROS2/bookros2_ws/install/br2_fsm_bumpgo_cpp/share/br2_fsm_bumpgo_cpp/hook/cmake_prefix_path.sh'
[2.194s] Level 1:colcon.colcon_core.environment:checking '/home/edmund-munene/Documents/Programming-language-basics/Linux/Robotics/AConciseIntroductiontoRobotProgrammingwithROS2/bookros2_ws/install/br2_fsm_bumpgo_cpp/lib'
[2.194s] Level 1:colcon.colcon_core.environment:checking '/home/edmund-munene/Documents/Programming-language-basics/Linux/Robotics/AConciseIntroductiontoRobotProgrammingwithROS2/bookros2_ws/install/br2_fsm_bumpgo_cpp/bin'
[2.195s] Level 1:colcon.colcon_core.environment:checking '/home/edmund-munene/Documents/Programming-language-basics/Linux/Robotics/AConciseIntroductiontoRobotProgrammingwithROS2/bookros2_ws/install/br2_fsm_bumpgo_cpp/lib/pkgconfig/br2_fsm_bumpgo_cpp.pc'
[2.196s] Level 1:colcon.colcon_core.environment:checking '/home/edmund-munene/Documents/Programming-language-basics/Linux/Robotics/AConciseIntroductiontoRobotProgrammingwithROS2/bookros2_ws/install/br2_fsm_bumpgo_cpp/lib/python3.12/site-packages'
[2.197s] Level 1:colcon.colcon_core.environment:checking '/home/edmund-munene/Documents/Programming-language-basics/Linux/Robotics/AConciseIntroductiontoRobotProgrammingwithROS2/bookros2_ws/install/br2_fsm_bumpgo_cpp/bin'
[2.199s] INFO:colcon.colcon_core.shell:Creating package script '/home/edmund-munene/Documents/Programming-language-basics/Linux/Robotics/AConciseIntroductiontoRobotProgrammingwithROS2/bookros2_ws/install/br2_fsm_bumpgo_cpp/share/br2_fsm_bumpgo_cpp/package.ps1'
[2.203s] INFO:colcon.colcon_core.shell:Creating package descriptor '/home/edmund-munene/Documents/Programming-language-basics/Linux/Robotics/AConciseIntroductiontoRobotProgrammingwithROS2/bookros2_ws/install/br2_fsm_bumpgo_cpp/share/br2_fsm_bumpgo_cpp/package.dsv'
[2.209s] INFO:colcon.colcon_core.shell:Creating package script '/home/edmund-munene/Documents/Programming-language-basics/Linux/Robotics/AConciseIntroductiontoRobotProgrammingwithROS2/bookros2_ws/install/br2_fsm_bumpgo_cpp/share/br2_fsm_bumpgo_cpp/package.sh'
[2.212s] INFO:colcon.colcon_core.shell:Creating package script '/home/edmund-munene/Documents/Programming-language-basics/Linux/Robotics/AConciseIntroductiontoRobotProgrammingwithROS2/bookros2_ws/install/br2_fsm_bumpgo_cpp/share/br2_fsm_bumpgo_cpp/package.bash'
[2.215s] INFO:colcon.colcon_core.shell:Creating package script '/home/edmund-munene/Documents/Programming-language-basics/Linux/Robotics/AConciseIntroductiontoRobotProgrammingwithROS2/bookros2_ws/install/br2_fsm_bumpgo_cpp/share/br2_fsm_bumpgo_cpp/package.zsh'
[2.218s] Level 1:colcon.colcon_core.environment:create_file_with_runtime_dependencies(/home/edmund-munene/Documents/Programming-language-basics/Linux/Robotics/AConciseIntroductiontoRobotProgrammingwithROS2/bookros2_ws/install/br2_fsm_bumpgo_cpp/share/colcon-core/packages/br2_fsm_bumpgo_cpp)
[2.229s] INFO:colcon.colcon_ros.task.ament_cmake.build:Building ROS package in '/home/edmund-munene/Documents/Programming-language-basics/Linux/Robotics/AConciseIntroductiontoRobotProgrammingwithROS2/bookros2_ws/src/book_ros2/br2_vff_avoidance' with build type 'ament_cmake'
[2.230s] INFO:colcon.colcon_cmake.task.cmake.build:Building CMake package in '/home/edmund-munene/Documents/Programming-language-basics/Linux/Robotics/AConciseIntroductiontoRobotProgrammingwithROS2/bookros2_ws/src/book_ros2/br2_vff_avoidance'
[2.231s] INFO:colcon.colcon_core.shell:Skip shell extension 'powershell' for command environment: Not usable outside of PowerShell
[2.230s] DEBUG:colcon.colcon_core.event_handler.log_command:Invoked command in '/home/edmund-munene/Documents/Programming-language-basics/Linux/Robotics/AConciseIntroductiontoRobotProgrammingwithROS2/bookros2_ws/build/br2_fsm_bumpgo_cpp' returned '0': CMAKE_PREFIX_PATH=${CMAKE_PREFIX_PATH}:/opt/ros/jazzy DEBUGINFOD_URLS=https://debuginfod.ubuntu.com /usr/bin/cmake --install /home/edmund-munene/Documents/Programming-language-basics/Linux/Robotics/AConciseIntroductiontoRobotProgrammingwithROS2/bookros2_ws/build/br2_fsm_bumpgo_cpp
[2.231s] DEBUG:colcon.colcon_core.shell:Skip shell extension 'dsv' for command environment
[2.246s] INFO:colcon.colcon_ros.task.ament_cmake.build:Building ROS package in '/home/edmund-munene/Documents/Programming-language-basics/Linux/Robotics/AConciseIntroductiontoRobotProgrammingwithROS2/bookros2_ws/src/my_package' with build type 'ament_cmake'
[2.247s] INFO:colcon.colcon_cmake.task.cmake.build:Building CMake package in '/home/edmund-munene/Documents/Programming-language-basics/Linux/Robotics/AConciseIntroductiontoRobotProgrammingwithROS2/bookros2_ws/src/my_package'
[2.247s] INFO:colcon.colcon_core.shell:Skip shell extension 'powershell' for command environment: Not usable outside of PowerShell
[2.247s] DEBUG:colcon.colcon_core.shell:Skip shell extension 'dsv' for command environment
[2.266s] Level 1:colcon.colcon_core.environment:create_environment_scripts_only(br2_basics)
[2.267s] Level 1:colcon.colcon_core.environment:checking '/home/edmund-munene/Documents/Programming-language-basics/Linux/Robotics/AConciseIntroductiontoRobotProgrammingwithROS2/bookros2_ws/install/br2_basics' for CMake module files
[2.273s] Level 1:colcon.colcon_core.environment:checking '/home/edmund-munene/Documents/Programming-language-basics/Linux/Robotics/AConciseIntroductiontoRobotProgrammingwithROS2/bookros2_ws/install/br2_basics' for CMake config files
[2.281s] Level 1:colcon.colcon_core.shell:create_environment_hook('br2_basics', 'cmake_prefix_path')
[2.281s] INFO:colcon.colcon_core.shell:Creating environment hook '/home/edmund-munene/Documents/Programming-language-basics/Linux/Robotics/AConciseIntroductiontoRobotProgrammingwithROS2/bookros2_ws/install/br2_basics/share/br2_basics/hook/cmake_prefix_path.ps1'
[2.282s] INFO:colcon.colcon_core.shell:Creating environment descriptor '/home/edmund-munene/Documents/Programming-language-basics/Linux/Robotics/AConciseIntroductiontoRobotProgrammingwithROS2/bookros2_ws/install/br2_basics/share/br2_basics/hook/cmake_prefix_path.dsv'
[2.283s] INFO:colcon.colcon_core.shell:Creating environment hook '/home/edmund-munene/Documents/Programming-language-basics/Linux/Robotics/AConciseIntroductiontoRobotProgrammingwithROS2/bookros2_ws/install/br2_basics/share/br2_basics/hook/cmake_prefix_path.sh'
[2.284s] Level 1:colcon.colcon_core.environment:checking '/home/edmund-munene/Documents/Programming-language-basics/Linux/Robotics/AConciseIntroductiontoRobotProgrammingwithROS2/bookros2_ws/install/br2_basics/lib'
[2.284s] Level 1:colcon.colcon_core.environment:checking '/home/edmund-munene/Documents/Programming-language-basics/Linux/Robotics/AConciseIntroductiontoRobotProgrammingwithROS2/bookros2_ws/install/br2_basics/bin'
[2.284s] Level 1:colcon.colcon_core.environment:checking '/home/edmund-munene/Documents/Programming-language-basics/Linux/Robotics/AConciseIntroductiontoRobotProgrammingwithROS2/bookros2_ws/install/br2_basics/lib/pkgconfig/br2_basics.pc'
[2.285s] Level 1:colcon.colcon_core.environment:checking '/home/edmund-munene/Documents/Programming-language-basics/Linux/Robotics/AConciseIntroductiontoRobotProgrammingwithROS2/bookros2_ws/install/br2_basics/lib/python3.12/site-packages'
[2.285s] Level 1:colcon.colcon_core.environment:checking '/home/edmund-munene/Documents/Programming-language-basics/Linux/Robotics/AConciseIntroductiontoRobotProgrammingwithROS2/bookros2_ws/install/br2_basics/bin'
[2.287s] INFO:colcon.colcon_core.shell:Creating package script '/home/edmund-munene/Documents/Programming-language-basics/Linux/Robotics/AConciseIntroductiontoRobotProgrammingwithROS2/bookros2_ws/install/br2_basics/share/br2_basics/package.ps1'
[2.288s] INFO:colcon.colcon_core.shell:Creating package descriptor '/home/edmund-munene/Documents/Programming-language-basics/Linux/Robotics/AConciseIntroductiontoRobotProgrammingwithROS2/bookros2_ws/install/br2_basics/share/br2_basics/package.dsv'
[2.288s] INFO:colcon.colcon_core.shell:Creating package script '/home/edmund-munene/Documents/Programming-language-basics/Linux/Robotics/AConciseIntroductiontoRobotProgrammingwithROS2/bookros2_ws/install/br2_basics/share/br2_basics/package.sh'
[2.289s] INFO:colcon.colcon_core.shell:Creating package script '/home/edmund-munene/Documents/Programming-language-basics/Linux/Robotics/AConciseIntroductiontoRobotProgrammingwithROS2/bookros2_ws/install/br2_basics/share/br2_basics/package.bash'
[2.290s] INFO:colcon.colcon_core.shell:Creating package script '/home/edmund-munene/Documents/Programming-language-basics/Linux/Robotics/AConciseIntroductiontoRobotProgrammingwithROS2/bookros2_ws/install/br2_basics/share/br2_basics/package.zsh'
[2.295s] Level 1:colcon.colcon_core.environment:create_file_with_runtime_dependencies(/home/edmund-munene/Documents/Programming-language-basics/Linux/Robotics/AConciseIntroductiontoRobotProgrammingwithROS2/bookros2_ws/install/br2_basics/share/colcon-core/packages/br2_basics)
[2.297s] Level 1:colcon.colcon_core.environment:create_environment_scripts_only(br2_basics)
[2.297s] Level 1:colcon.colcon_core.environment:checking '/home/edmund-munene/Documents/Programming-language-basics/Linux/Robotics/AConciseIntroductiontoRobotProgrammingwithROS2/bookros2_ws/install/br2_basics' for CMake module files
[2.301s] Level 1:colcon.colcon_core.environment:checking '/home/edmund-munene/Documents/Programming-language-basics/Linux/Robotics/AConciseIntroductiontoRobotProgrammingwithROS2/bookros2_ws/install/br2_basics' for CMake config files
[2.309s] DEBUG:colcon.colcon_core.event_handler.log_command:Invoking command in '/home/edmund-munene/Documents/Programming-language-basics/Linux/Robotics/AConciseIntroductiontoRobotProgrammingwithROS2/bookros2_ws/build/br2_navigation': CMAKE_PREFIX_PATH=${CMAKE_PREFIX_PATH}:/opt/ros/jazzy DEBUGINFOD_URLS=https://debuginfod.ubuntu.com /usr/bin/cmake --build /home/edmund-munene/Documents/Programming-language-basics/Linux/Robotics/AConciseIntroductiontoRobotProgrammingwithROS2/bookros2_ws/build/br2_navigation -- -j12 -l12
[2.312s] Level 1:colcon.colcon_core.shell:create_environment_hook('br2_basics', 'cmake_prefix_path')
[2.313s] INFO:colcon.colcon_core.shell:Creating environment hook '/home/edmund-munene/Documents/Programming-language-basics/Linux/Robotics/AConciseIntroductiontoRobotProgrammingwithROS2/bookros2_ws/install/br2_basics/share/br2_basics/hook/cmake_prefix_path.ps1'
[2.315s] INFO:colcon.colcon_core.shell:Creating environment descriptor '/home/edmund-munene/Documents/Programming-language-basics/Linux/Robotics/AConciseIntroductiontoRobotProgrammingwithROS2/bookros2_ws/install/br2_basics/share/br2_basics/hook/cmake_prefix_path.dsv'
[2.316s] INFO:colcon.colcon_core.shell:Creating environment hook '/home/edmund-munene/Documents/Programming-language-basics/Linux/Robotics/AConciseIntroductiontoRobotProgrammingwithROS2/bookros2_ws/install/br2_basics/share/br2_basics/hook/cmake_prefix_path.sh'
[2.317s] Level 1:colcon.colcon_core.environment:checking '/home/edmund-munene/Documents/Programming-language-basics/Linux/Robotics/AConciseIntroductiontoRobotProgrammingwithROS2/bookros2_ws/install/br2_basics/lib'
[2.317s] Level 1:colcon.colcon_core.environment:checking '/home/edmund-munene/Documents/Programming-language-basics/Linux/Robotics/AConciseIntroductiontoRobotProgrammingwithROS2/bookros2_ws/install/br2_basics/bin'
[2.317s] Level 1:colcon.colcon_core.environment:checking '/home/edmund-munene/Documents/Programming-language-basics/Linux/Robotics/AConciseIntroductiontoRobotProgrammingwithROS2/bookros2_ws/install/br2_basics/lib/pkgconfig/br2_basics.pc'
[2.317s] Level 1:colcon.colcon_core.environment:checking '/home/edmund-munene/Documents/Programming-language-basics/Linux/Robotics/AConciseIntroductiontoRobotProgrammingwithROS2/bookros2_ws/install/br2_basics/lib/python3.12/site-packages'
[2.318s] Level 1:colcon.colcon_core.environment:checking '/home/edmund-munene/Documents/Programming-language-basics/Linux/Robotics/AConciseIntroductiontoRobotProgrammingwithROS2/bookros2_ws/install/br2_basics/bin'
[2.321s] INFO:colcon.colcon_core.shell:Creating package script '/home/edmund-munene/Documents/Programming-language-basics/Linux/Robotics/AConciseIntroductiontoRobotProgrammingwithROS2/bookros2_ws/install/br2_basics/share/br2_basics/package.ps1'
[2.322s] INFO:colcon.colcon_core.shell:Creating package descriptor '/home/edmund-munene/Documents/Programming-language-basics/Linux/Robotics/AConciseIntroductiontoRobotProgrammingwithROS2/bookros2_ws/install/br2_basics/share/br2_basics/package.dsv'
[2.323s] INFO:colcon.colcon_core.shell:Creating package script '/home/edmund-munene/Documents/Programming-language-basics/Linux/Robotics/AConciseIntroductiontoRobotProgrammingwithROS2/bookros2_ws/install/br2_basics/share/br2_basics/package.sh'
[2.323s] INFO:colcon.colcon_core.shell:Creating package script '/home/edmund-munene/Documents/Programming-language-basics/Linux/Robotics/AConciseIntroductiontoRobotProgrammingwithROS2/bookros2_ws/install/br2_basics/share/br2_basics/package.bash'
[2.330s] INFO:colcon.colcon_core.shell:Creating package script '/home/edmund-munene/Documents/Programming-language-basics/Linux/Robotics/AConciseIntroductiontoRobotProgrammingwithROS2/bookros2_ws/install/br2_basics/share/br2_basics/package.zsh'
[2.331s] Level 1:colcon.colcon_core.environment:create_file_with_runtime_dependencies(/home/edmund-munene/Documents/Programming-language-basics/Linux/Robotics/AConciseIntroductiontoRobotProgrammingwithROS2/bookros2_ws/install/br2_basics/share/colcon-core/packages/br2_basics)
[2.331s] Level 1:colcon.colcon_core.environment:create_environment_scripts_only(yaets)
[2.331s] Level 1:colcon.colcon_core.environment:checking '/home/edmund-munene/Documents/Programming-language-basics/Linux/Robotics/AConciseIntroductiontoRobotProgrammingwithROS2/bookros2_ws/install/yaets' for CMake module files
[2.333s] Level 1:colcon.colcon_core.environment:checking '/home/edmund-munene/Documents/Programming-language-basics/Linux/Robotics/AConciseIntroductiontoRobotProgrammingwithROS2/bookros2_ws/install/yaets' for CMake config files
[2.338s] DEBUG:colcon.colcon_core.event_handler.log_command:Invoked command in '/home/edmund-munene/Documents/Programming-language-basics/Linux/Robotics/AConciseIntroductiontoRobotProgrammingwithROS2/bookros2_ws/build/br2_basics' returned '0': CMAKE_PREFIX_PATH=${CMAKE_PREFIX_PATH}:/opt/ros/jazzy DEBUGINFOD_URLS=https://debuginfod.ubuntu.com /usr/bin/cmake --install /home/edmund-munene/Documents/Programming-language-basics/Linux/Robotics/AConciseIntroductiontoRobotProgrammingwithROS2/bookros2_ws/build/br2_basics
[2.340s] Level 1:colcon.colcon_core.shell:create_environment_hook('yaets', 'cmake_prefix_path')
[2.341s] INFO:colcon.colcon_core.shell:Creating environment hook '/home/edmund-munene/Documents/Programming-language-basics/Linux/Robotics/AConciseIntroductiontoRobotProgrammingwithROS2/bookros2_ws/install/yaets/share/yaets/hook/cmake_prefix_path.ps1'
[2.342s] DEBUG:colcon.colcon_core.event_handler.log_command:Invoked command in '/home/edmund-munene/Documents/Programming-language-basics/Linux/Robotics/AConciseIntroductiontoRobotProgrammingwithROS2/bookros2_ws/build/yaets' returned '0': CMAKE_PREFIX_PATH=${CMAKE_PREFIX_PATH}:/opt/ros/jazzy DEBUGINFOD_URLS=https://debuginfod.ubuntu.com /usr/bin/cmake --install /home/edmund-munene/Documents/Programming-language-basics/Linux/Robotics/AConciseIntroductiontoRobotProgrammingwithROS2/bookros2_ws/build/yaets
[2.343s] INFO:colcon.colcon_core.shell:Creating environment descriptor '/home/edmund-munene/Documents/Programming-language-basics/Linux/Robotics/AConciseIntroductiontoRobotProgrammingwithROS2/bookros2_ws/install/yaets/share/yaets/hook/cmake_prefix_path.dsv'
[2.344s] INFO:colcon.colcon_core.shell:Creating environment hook '/home/edmund-munene/Documents/Programming-language-basics/Linux/Robotics/AConciseIntroductiontoRobotProgrammingwithROS2/bookros2_ws/install/yaets/share/yaets/hook/cmake_prefix_path.sh'
[2.345s] Level 1:colcon.colcon_core.environment:checking '/home/edmund-munene/Documents/Programming-language-basics/Linux/Robotics/AConciseIntroductiontoRobotProgrammingwithROS2/bookros2_ws/install/yaets/lib'
[2.345s] Level 1:colcon.colcon_core.shell:create_environment_hook('yaets', 'ld_library_path_lib')
[2.346s] INFO:colcon.colcon_core.shell:Creating environment hook '/home/edmund-munene/Documents/Programming-language-basics/Linux/Robotics/AConciseIntroductiontoRobotProgrammingwithROS2/bookros2_ws/install/yaets/share/yaets/hook/ld_library_path_lib.ps1'
[2.346s] INFO:colcon.colcon_core.shell:Creating environment descriptor '/home/edmund-munene/Documents/Programming-language-basics/Linux/Robotics/AConciseIntroductiontoRobotProgrammingwithROS2/bookros2_ws/install/yaets/share/yaets/hook/ld_library_path_lib.dsv'
[2.347s] INFO:colcon.colcon_core.shell:Creating environment hook '/home/edmund-munene/Documents/Programming-language-basics/Linux/Robotics/AConciseIntroductiontoRobotProgrammingwithROS2/bookros2_ws/install/yaets/share/yaets/hook/ld_library_path_lib.sh'
[2.348s] Level 1:colcon.colcon_core.environment:checking '/home/edmund-munene/Documents/Programming-language-basics/Linux/Robotics/AConciseIntroductiontoRobotProgrammingwithROS2/bookros2_ws/install/yaets/bin'
[2.348s] Level 1:colcon.colcon_core.environment:checking '/home/edmund-munene/Documents/Programming-language-basics/Linux/Robotics/AConciseIntroductiontoRobotProgrammingwithROS2/bookros2_ws/install/yaets/lib/pkgconfig/yaets.pc'
[2.348s] Level 1:colcon.colcon_core.environment:checking '/home/edmund-munene/Documents/Programming-language-basics/Linux/Robotics/AConciseIntroductiontoRobotProgrammingwithROS2/bookros2_ws/install/yaets/lib/python3.12/site-packages'
[2.349s] Level 1:colcon.colcon_core.environment:checking '/home/edmund-munene/Documents/Programming-language-basics/Linux/Robotics/AConciseIntroductiontoRobotProgrammingwithROS2/bookros2_ws/install/yaets/bin'
[2.350s] INFO:colcon.colcon_core.shell:Creating package script '/home/edmund-munene/Documents/Programming-language-basics/Linux/Robotics/AConciseIntroductiontoRobotProgrammingwithROS2/bookros2_ws/install/yaets/share/yaets/package.ps1'
[2.351s] INFO:colcon.colcon_core.shell:Creating package descriptor '/home/edmund-munene/Documents/Programming-language-basics/Linux/Robotics/AConciseIntroductiontoRobotProgrammingwithROS2/bookros2_ws/install/yaets/share/yaets/package.dsv'
[2.351s] INFO:colcon.colcon_core.shell:Creating package script '/home/edmund-munene/Documents/Programming-language-basics/Linux/Robotics/AConciseIntroductiontoRobotProgrammingwithROS2/bookros2_ws/install/yaets/share/yaets/package.sh'
[2.352s] INFO:colcon.colcon_core.shell:Creating package script '/home/edmund-munene/Documents/Programming-language-basics/Linux/Robotics/AConciseIntroductiontoRobotProgrammingwithROS2/bookros2_ws/install/yaets/share/yaets/package.bash'
[2.353s] INFO:colcon.colcon_core.shell:Creating package script '/home/edmund-munene/Documents/Programming-language-basics/Linux/Robotics/AConciseIntroductiontoRobotProgrammingwithROS2/bookros2_ws/install/yaets/share/yaets/package.zsh'
[2.354s] Level 1:colcon.colcon_core.environment:create_file_with_runtime_dependencies(/home/edmund-munene/Documents/Programming-language-basics/Linux/Robotics/AConciseIntroductiontoRobotProgrammingwithROS2/bookros2_ws/install/yaets/share/colcon-core/packages/yaets)
[2.354s] Level 1:colcon.colcon_core.environment:create_environment_scripts_only(yaets)
[2.355s] Level 1:colcon.colcon_core.environment:checking '/home/edmund-munene/Documents/Programming-language-basics/Linux/Robotics/AConciseIntroductiontoRobotProgrammingwithROS2/bookros2_ws/install/yaets' for CMake module files
[2.356s] Level 1:colcon.colcon_core.environment:checking '/home/edmund-munene/Documents/Programming-language-basics/Linux/Robotics/AConciseIntroductiontoRobotProgrammingwithROS2/bookros2_ws/install/yaets' for CMake config files
[2.357s] Level 1:colcon.colcon_core.shell:create_environment_hook('yaets', 'cmake_prefix_path')
[2.357s] INFO:colcon.colcon_core.shell:Creating environment hook '/home/edmund-munene/Documents/Programming-language-basics/Linux/Robotics/AConciseIntroductiontoRobotProgrammingwithROS2/bookros2_ws/install/yaets/share/yaets/hook/cmake_prefix_path.ps1'
[2.357s] INFO:colcon.colcon_core.shell:Creating environment descriptor '/home/edmund-munene/Documents/Programming-language-basics/Linux/Robotics/AConciseIntroductiontoRobotProgrammingwithROS2/bookros2_ws/install/yaets/share/yaets/hook/cmake_prefix_path.dsv'
[2.358s] INFO:colcon.colcon_core.shell:Creating environment hook '/home/edmund-munene/Documents/Programming-language-basics/Linux/Robotics/AConciseIntroductiontoRobotProgrammingwithROS2/bookros2_ws/install/yaets/share/yaets/hook/cmake_prefix_path.sh'
[2.359s] Level 1:colcon.colcon_core.environment:checking '/home/edmund-munene/Documents/Programming-language-basics/Linux/Robotics/AConciseIntroductiontoRobotProgrammingwithROS2/bookros2_ws/install/yaets/lib'
[2.359s] Level 1:colcon.colcon_core.shell:create_environment_hook('yaets', 'ld_library_path_lib')
[2.360s] INFO:colcon.colcon_core.shell:Creating environment hook '/home/edmund-munene/Documents/Programming-language-basics/Linux/Robotics/AConciseIntroductiontoRobotProgrammingwithROS2/bookros2_ws/install/yaets/share/yaets/hook/ld_library_path_lib.ps1'
[2.360s] INFO:colcon.colcon_core.shell:Creating environment descriptor '/home/edmund-munene/Documents/Programming-language-basics/Linux/Robotics/AConciseIntroductiontoRobotProgrammingwithROS2/bookros2_ws/install/yaets/share/yaets/hook/ld_library_path_lib.dsv'
[2.361s] INFO:colcon.colcon_core.shell:Creating environment hook '/home/edmund-munene/Documents/Programming-language-basics/Linux/Robotics/AConciseIntroductiontoRobotProgrammingwithROS2/bookros2_ws/install/yaets/share/yaets/hook/ld_library_path_lib.sh'
[2.362s] Level 1:colcon.colcon_core.environment:checking '/home/edmund-munene/Documents/Programming-language-basics/Linux/Robotics/AConciseIntroductiontoRobotProgrammingwithROS2/bookros2_ws/install/yaets/bin'
[2.362s] Level 1:colcon.colcon_core.environment:checking '/home/edmund-munene/Documents/Programming-language-basics/Linux/Robotics/AConciseIntroductiontoRobotProgrammingwithROS2/bookros2_ws/install/yaets/lib/pkgconfig/yaets.pc'
[2.362s] Level 1:colcon.colcon_core.environment:checking '/home/edmund-munene/Documents/Programming-language-basics/Linux/Robotics/AConciseIntroductiontoRobotProgrammingwithROS2/bookros2_ws/install/yaets/lib/python3.12/site-packages'
[2.363s] Level 1:colcon.colcon_core.environment:checking '/home/edmund-munene/Documents/Programming-language-basics/Linux/Robotics/AConciseIntroductiontoRobotProgrammingwithROS2/bookros2_ws/install/yaets/bin'
[2.363s] INFO:colcon.colcon_core.shell:Creating package script '/home/edmund-munene/Documents/Programming-language-basics/Linux/Robotics/AConciseIntroductiontoRobotProgrammingwithROS2/bookros2_ws/install/yaets/share/yaets/package.ps1'
[2.366s] INFO:colcon.colcon_core.shell:Creating package descriptor '/home/edmund-munene/Documents/Programming-language-basics/Linux/Robotics/AConciseIntroductiontoRobotProgrammingwithROS2/bookros2_ws/install/yaets/share/yaets/package.dsv'
[2.367s] INFO:colcon.colcon_core.shell:Creating package script '/home/edmund-munene/Documents/Programming-language-basics/Linux/Robotics/AConciseIntroductiontoRobotProgrammingwithROS2/bookros2_ws/install/yaets/share/yaets/package.sh'
[2.368s] INFO:colcon.colcon_core.shell:Creating package script '/home/edmund-munene/Documents/Programming-language-basics/Linux/Robotics/AConciseIntroductiontoRobotProgrammingwithROS2/bookros2_ws/install/yaets/share/yaets/package.bash'
[2.369s] INFO:colcon.colcon_core.shell:Creating package script '/home/edmund-munene/Documents/Programming-language-basics/Linux/Robotics/AConciseIntroductiontoRobotProgrammingwithROS2/bookros2_ws/install/yaets/share/yaets/package.zsh'
[2.369s] Level 1:colcon.colcon_core.environment:create_file_with_runtime_dependencies(/home/edmund-munene/Documents/Programming-language-basics/Linux/Robotics/AConciseIntroductiontoRobotProgrammingwithROS2/bookros2_ws/install/yaets/share/colcon-core/packages/yaets)
[2.372s] INFO:colcon.colcon_ros.task.ament_cmake.build:Building ROS package in '/home/edmund-munene/Documents/Programming-language-basics/Linux/Robotics/AConciseIntroductiontoRobotProgrammingwithROS2/bookros2_ws/src/book_ros2/br2_bt_bumpgo' with build type 'ament_cmake'
[2.373s] INFO:colcon.colcon_cmake.task.cmake.build:Building CMake package in '/home/edmund-munene/Documents/Programming-language-basics/Linux/Robotics/AConciseIntroductiontoRobotProgrammingwithROS2/bookros2_ws/src/book_ros2/br2_bt_bumpgo'
[2.373s] INFO:colcon.colcon_core.shell:Skip shell extension 'powershell' for command environment: Not usable outside of PowerShell
[2.374s] DEBUG:colcon.colcon_core.shell:Skip shell extension 'dsv' for command environment
[2.383s] INFO:colcon.colcon_ros.task.ament_cmake.build:Building ROS package in '/home/edmund-munene/Documents/Programming-language-basics/Linux/Robotics/AConciseIntroductiontoRobotProgrammingwithROS2/bookros2_ws/src/book_ros2/br2_bt_patrolling' with build type 'ament_cmake'
[2.383s] INFO:colcon.colcon_cmake.task.cmake.build:Building CMake package in '/home/edmund-munene/Documents/Programming-language-basics/Linux/Robotics/AConciseIntroductiontoRobotProgrammingwithROS2/bookros2_ws/src/book_ros2/br2_bt_patrolling'
[2.384s] INFO:colcon.colcon_core.shell:Skip shell extension 'powershell' for command environment: Not usable outside of PowerShell
[2.384s] DEBUG:colcon.colcon_core.shell:Skip shell extension 'dsv' for command environment
[2.394s] Level 1:colcon.colcon_core.environment:create_environment_scripts_only(br2_tracking_msgs)
[2.395s] Level 1:colcon.colcon_core.environment:checking '/home/edmund-munene/Documents/Programming-language-basics/Linux/Robotics/AConciseIntroductiontoRobotProgrammingwithROS2/bookros2_ws/install/br2_tracking_msgs' for CMake module files
[2.396s] DEBUG:colcon.colcon_core.event_handler.log_command:Invoked command in '/home/edmund-munene/Documents/Programming-language-basics/Linux/Robotics/AConciseIntroductiontoRobotProgrammingwithROS2/bookros2_ws/build/br2_tracking_msgs' returned '0': CMAKE_PREFIX_PATH=${CMAKE_PREFIX_PATH}:/opt/ros/jazzy DEBUGINFOD_URLS=https://debuginfod.ubuntu.com /usr/bin/cmake --install /home/edmund-munene/Documents/Programming-language-basics/Linux/Robotics/AConciseIntroductiontoRobotProgrammingwithROS2/bookros2_ws/build/br2_tracking_msgs
[2.397s] Level 1:colcon.colcon_core.environment:checking '/home/edmund-munene/Documents/Programming-language-basics/Linux/Robotics/AConciseIntroductiontoRobotProgrammingwithROS2/bookros2_ws/install/br2_tracking_msgs' for CMake config files
[2.399s] Level 1:colcon.colcon_core.shell:create_environment_hook('br2_tracking_msgs', 'cmake_prefix_path')
[2.399s] INFO:colcon.colcon_core.shell:Creating environment hook '/home/edmund-munene/Documents/Programming-language-basics/Linux/Robotics/AConciseIntroductiontoRobotProgrammingwithROS2/bookros2_ws/install/br2_tracking_msgs/share/br2_tracking_msgs/hook/cmake_prefix_path.ps1'
[2.400s] INFO:colcon.colcon_core.shell:Creating environment descriptor '/home/edmund-munene/Documents/Programming-language-basics/Linux/Robotics/AConciseIntroductiontoRobotProgrammingwithROS2/bookros2_ws/install/br2_tracking_msgs/share/br2_tracking_msgs/hook/cmake_prefix_path.dsv'
[2.400s] INFO:colcon.colcon_core.shell:Creating environment hook '/home/edmund-munene/Documents/Programming-language-basics/Linux/Robotics/AConciseIntroductiontoRobotProgrammingwithROS2/bookros2_ws/install/br2_tracking_msgs/share/br2_tracking_msgs/hook/cmake_prefix_path.sh'
[2.401s] Level 1:colcon.colcon_core.environment:checking '/home/edmund-munene/Documents/Programming-language-basics/Linux/Robotics/AConciseIntroductiontoRobotProgrammingwithROS2/bookros2_ws/install/br2_tracking_msgs/lib'
[2.401s] Level 1:colcon.colcon_core.shell:create_environment_hook('br2_tracking_msgs', 'ld_library_path_lib')
[2.402s] INFO:colcon.colcon_core.shell:Creating environment hook '/home/edmund-munene/Documents/Programming-language-basics/Linux/Robotics/AConciseIntroductiontoRobotProgrammingwithROS2/bookros2_ws/install/br2_tracking_msgs/share/br2_tracking_msgs/hook/ld_library_path_lib.ps1'
[2.402s] INFO:colcon.colcon_core.shell:Creating environment descriptor '/home/edmund-munene/Documents/Programming-language-basics/Linux/Robotics/AConciseIntroductiontoRobotProgrammingwithROS2/bookros2_ws/install/br2_tracking_msgs/share/br2_tracking_msgs/hook/ld_library_path_lib.dsv'
[2.403s] INFO:colcon.colcon_core.shell:Creating environment hook '/home/edmund-munene/Documents/Programming-language-basics/Linux/Robotics/AConciseIntroductiontoRobotProgrammingwithROS2/bookros2_ws/install/br2_tracking_msgs/share/br2_tracking_msgs/hook/ld_library_path_lib.sh'
[2.403s] Level 1:colcon.colcon_core.environment:checking '/home/edmund-munene/Documents/Programming-language-basics/Linux/Robotics/AConciseIntroductiontoRobotProgrammingwithROS2/bookros2_ws/install/br2_tracking_msgs/bin'
[2.403s] Level 1:colcon.colcon_core.environment:checking '/home/edmund-munene/Documents/Programming-language-basics/Linux/Robotics/AConciseIntroductiontoRobotProgrammingwithROS2/bookros2_ws/install/br2_tracking_msgs/lib/pkgconfig/br2_tracking_msgs.pc'
[2.404s] Level 1:colcon.colcon_core.environment:checking '/home/edmund-munene/Documents/Programming-language-basics/Linux/Robotics/AConciseIntroductiontoRobotProgrammingwithROS2/bookros2_ws/install/br2_tracking_msgs/lib/python3.12/site-packages'
[2.404s] Level 1:colcon.colcon_core.shell:create_environment_hook('br2_tracking_msgs', 'pythonpath')
[2.404s] INFO:colcon.colcon_core.shell:Creating environment hook '/home/edmund-munene/Documents/Programming-language-basics/Linux/Robotics/AConciseIntroductiontoRobotProgrammingwithROS2/bookros2_ws/install/br2_tracking_msgs/share/br2_tracking_msgs/hook/pythonpath.ps1'
[2.404s] INFO:colcon.colcon_core.shell:Creating environment descriptor '/home/edmund-munene/Documents/Programming-language-basics/Linux/Robotics/AConciseIntroductiontoRobotProgrammingwithROS2/bookros2_ws/install/br2_tracking_msgs/share/br2_tracking_msgs/hook/pythonpath.dsv'
[2.405s] INFO:colcon.colcon_core.shell:Creating environment hook '/home/edmund-munene/Documents/Programming-language-basics/Linux/Robotics/AConciseIntroductiontoRobotProgrammingwithROS2/bookros2_ws/install/br2_tracking_msgs/share/br2_tracking_msgs/hook/pythonpath.sh'
[2.406s] Level 1:colcon.colcon_core.environment:checking '/home/edmund-munene/Documents/Programming-language-basics/Linux/Robotics/AConciseIntroductiontoRobotProgrammingwithROS2/bookros2_ws/install/br2_tracking_msgs/bin'
[2.406s] INFO:colcon.colcon_core.shell:Creating package script '/home/edmund-munene/Documents/Programming-language-basics/Linux/Robotics/AConciseIntroductiontoRobotProgrammingwithROS2/bookros2_ws/install/br2_tracking_msgs/share/br2_tracking_msgs/package.ps1'
[2.407s] INFO:colcon.colcon_core.shell:Creating package descriptor '/home/edmund-munene/Documents/Programming-language-basics/Linux/Robotics/AConciseIntroductiontoRobotProgrammingwithROS2/bookros2_ws/install/br2_tracking_msgs/share/br2_tracking_msgs/package.dsv'
[2.408s] INFO:colcon.colcon_core.shell:Creating package script '/home/edmund-munene/Documents/Programming-language-basics/Linux/Robotics/AConciseIntroductiontoRobotProgrammingwithROS2/bookros2_ws/install/br2_tracking_msgs/share/br2_tracking_msgs/package.sh'
[2.409s] INFO:colcon.colcon_core.shell:Creating package script '/home/edmund-munene/Documents/Programming-language-basics/Linux/Robotics/AConciseIntroductiontoRobotProgrammingwithROS2/bookros2_ws/install/br2_tracking_msgs/share/br2_tracking_msgs/package.bash'
[2.409s] INFO:colcon.colcon_core.shell:Creating package script '/home/edmund-munene/Documents/Programming-language-basics/Linux/Robotics/AConciseIntroductiontoRobotProgrammingwithROS2/bookros2_ws/install/br2_tracking_msgs/share/br2_tracking_msgs/package.zsh'
[2.409s] Level 1:colcon.colcon_core.environment:create_file_with_runtime_dependencies(/home/edmund-munene/Documents/Programming-language-basics/Linux/Robotics/AConciseIntroductiontoRobotProgrammingwithROS2/bookros2_ws/install/br2_tracking_msgs/share/colcon-core/packages/br2_tracking_msgs)
[2.410s] Level 1:colcon.colcon_core.environment:create_environment_scripts_only(br2_tracking_msgs)
[2.410s] Level 1:colcon.colcon_core.environment:checking '/home/edmund-munene/Documents/Programming-language-basics/Linux/Robotics/AConciseIntroductiontoRobotProgrammingwithROS2/bookros2_ws/install/br2_tracking_msgs' for CMake module files
[2.412s] Level 1:colcon.colcon_core.environment:checking '/home/edmund-munene/Documents/Programming-language-basics/Linux/Robotics/AConciseIntroductiontoRobotProgrammingwithROS2/bookros2_ws/install/br2_tracking_msgs' for CMake config files
[2.412s] Level 1:colcon.colcon_core.shell:create_environment_hook('br2_tracking_msgs', 'cmake_prefix_path')
[2.413s] INFO:colcon.colcon_core.shell:Creating environment hook '/home/edmund-munene/Documents/Programming-language-basics/Linux/Robotics/AConciseIntroductiontoRobotProgrammingwithROS2/bookros2_ws/install/br2_tracking_msgs/share/br2_tracking_msgs/hook/cmake_prefix_path.ps1'
[2.413s] INFO:colcon.colcon_core.shell:Creating environment descriptor '/home/edmund-munene/Documents/Programming-language-basics/Linux/Robotics/AConciseIntroductiontoRobotProgrammingwithROS2/bookros2_ws/install/br2_tracking_msgs/share/br2_tracking_msgs/hook/cmake_prefix_path.dsv'
[2.414s] INFO:colcon.colcon_core.shell:Creating environment hook '/home/edmund-munene/Documents/Programming-language-basics/Linux/Robotics/AConciseIntroductiontoRobotProgrammingwithROS2/bookros2_ws/install/br2_tracking_msgs/share/br2_tracking_msgs/hook/cmake_prefix_path.sh'
[2.415s] Level 1:colcon.colcon_core.environment:checking '/home/edmund-munene/Documents/Programming-language-basics/Linux/Robotics/AConciseIntroductiontoRobotProgrammingwithROS2/bookros2_ws/install/br2_tracking_msgs/lib'
[2.415s] Level 1:colcon.colcon_core.shell:create_environment_hook('br2_tracking_msgs', 'ld_library_path_lib')
[2.415s] INFO:colcon.colcon_core.shell:Creating environment hook '/home/edmund-munene/Documents/Programming-language-basics/Linux/Robotics/AConciseIntroductiontoRobotProgrammingwithROS2/bookros2_ws/install/br2_tracking_msgs/share/br2_tracking_msgs/hook/ld_library_path_lib.ps1'
[2.415s] INFO:colcon.colcon_core.shell:Creating environment descriptor '/home/edmund-munene/Documents/Programming-language-basics/Linux/Robotics/AConciseIntroductiontoRobotProgrammingwithROS2/bookros2_ws/install/br2_tracking_msgs/share/br2_tracking_msgs/hook/ld_library_path_lib.dsv'
[2.416s] INFO:colcon.colcon_core.shell:Creating environment hook '/home/edmund-munene/Documents/Programming-language-basics/Linux/Robotics/AConciseIntroductiontoRobotProgrammingwithROS2/bookros2_ws/install/br2_tracking_msgs/share/br2_tracking_msgs/hook/ld_library_path_lib.sh'
[2.416s] Level 1:colcon.colcon_core.environment:checking '/home/edmund-munene/Documents/Programming-language-basics/Linux/Robotics/AConciseIntroductiontoRobotProgrammingwithROS2/bookros2_ws/install/br2_tracking_msgs/bin'
[2.416s] Level 1:colcon.colcon_core.environment:checking '/home/edmund-munene/Documents/Programming-language-basics/Linux/Robotics/AConciseIntroductiontoRobotProgrammingwithROS2/bookros2_ws/install/br2_tracking_msgs/lib/pkgconfig/br2_tracking_msgs.pc'
[2.417s] Level 1:colcon.colcon_core.environment:checking '/home/edmund-munene/Documents/Programming-language-basics/Linux/Robotics/AConciseIntroductiontoRobotProgrammingwithROS2/bookros2_ws/install/br2_tracking_msgs/lib/python3.12/site-packages'
[2.417s] Level 1:colcon.colcon_core.shell:create_environment_hook('br2_tracking_msgs', 'pythonpath')
[2.417s] INFO:colcon.colcon_core.shell:Creating environment hook '/home/edmund-munene/Documents/Programming-language-basics/Linux/Robotics/AConciseIntroductiontoRobotProgrammingwithROS2/bookros2_ws/install/br2_tracking_msgs/share/br2_tracking_msgs/hook/pythonpath.ps1'
[2.418s] INFO:colcon.colcon_core.shell:Creating environment descriptor '/home/edmund-munene/Documents/Programming-language-basics/Linux/Robotics/AConciseIntroductiontoRobotProgrammingwithROS2/bookros2_ws/install/br2_tracking_msgs/share/br2_tracking_msgs/hook/pythonpath.dsv'
[2.418s] INFO:colcon.colcon_core.shell:Creating environment hook '/home/edmund-munene/Documents/Programming-language-basics/Linux/Robotics/AConciseIntroductiontoRobotProgrammingwithROS2/bookros2_ws/install/br2_tracking_msgs/share/br2_tracking_msgs/hook/pythonpath.sh'
[2.419s] Level 1:colcon.colcon_core.environment:checking '/home/edmund-munene/Documents/Programming-language-basics/Linux/Robotics/AConciseIntroductiontoRobotProgrammingwithROS2/bookros2_ws/install/br2_tracking_msgs/bin'
[2.420s] INFO:colcon.colcon_core.shell:Creating package script '/home/edmund-munene/Documents/Programming-language-basics/Linux/Robotics/AConciseIntroductiontoRobotProgrammingwithROS2/bookros2_ws/install/br2_tracking_msgs/share/br2_tracking_msgs/package.ps1'
[2.421s] INFO:colcon.colcon_core.shell:Creating package descriptor '/home/edmund-munene/Documents/Programming-language-basics/Linux/Robotics/AConciseIntroductiontoRobotProgrammingwithROS2/bookros2_ws/install/br2_tracking_msgs/share/br2_tracking_msgs/package.dsv'
[2.421s] INFO:colcon.colcon_core.shell:Creating package script '/home/edmund-munene/Documents/Programming-language-basics/Linux/Robotics/AConciseIntroductiontoRobotProgrammingwithROS2/bookros2_ws/install/br2_tracking_msgs/share/br2_tracking_msgs/package.sh'
[2.422s] INFO:colcon.colcon_core.shell:Creating package script '/home/edmund-munene/Documents/Programming-language-basics/Linux/Robotics/AConciseIntroductiontoRobotProgrammingwithROS2/bookros2_ws/install/br2_tracking_msgs/share/br2_tracking_msgs/package.bash'
[2.423s] INFO:colcon.colcon_core.shell:Creating package script '/home/edmund-munene/Documents/Programming-language-basics/Linux/Robotics/AConciseIntroductiontoRobotProgrammingwithROS2/bookros2_ws/install/br2_tracking_msgs/share/br2_tracking_msgs/package.zsh'
[2.423s] Level 1:colcon.colcon_core.environment:create_file_with_runtime_dependencies(/home/edmund-munene/Documents/Programming-language-basics/Linux/Robotics/AConciseIntroductiontoRobotProgrammingwithROS2/bookros2_ws/install/br2_tracking_msgs/share/colcon-core/packages/br2_tracking_msgs)
[2.428s] Level 1:colcon.colcon_core.environment:create_environment_scripts_only(play_motion2_msgs)
[2.428s] Level 1:colcon.colcon_core.environment:checking '/home/edmund-munene/Documents/Programming-language-basics/Linux/Robotics/AConciseIntroductiontoRobotProgrammingwithROS2/bookros2_ws/install/play_motion2_msgs' for CMake module files
[2.429s] DEBUG:colcon.colcon_core.event_handler.log_command:Invoking command in '/home/edmund-munene/Documents/Programming-language-basics/Linux/Robotics/AConciseIntroductiontoRobotProgrammingwithROS2/bookros2_ws/build/launch_pal': DEBUGINFOD_URLS=https://debuginfod.ubuntu.com PYTHONPATH=/home/edmund-munene/Documents/Programming-language-basics/Linux/Robotics/AConciseIntroductiontoRobotProgrammingwithROS2/bookros2_ws/build/launch_pal/prefix_override:/usr/lib/python3/dist-packages/colcon_core/task/python/colcon_distutils_commands:/home/edmund-munene/Documents/Programming-language-basics/Linux/Robotics/AConciseIntroductiontoRobotProgrammingwithROS2/bookros2_ws/install/launch_pal/lib/python3.12/site-packages:${PYTHONPATH} /usr/bin/python3 -W ignore:setup.py install is deprecated -W ignore:easy_install command is deprecated setup.py develop --editable --build-directory /home/edmund-munene/Documents/Programming-language-basics/Linux/Robotics/AConciseIntroductiontoRobotProgrammingwithROS2/bookros2_ws/build/launch_pal/build --no-deps symlink_data
[2.430s] DEBUG:colcon.colcon_core.event_handler.log_command:Invoked command in '/home/edmund-munene/Documents/Programming-language-basics/Linux/Robotics/AConciseIntroductiontoRobotProgrammingwithROS2/bookros2_ws/build/play_motion2_msgs' returned '0': CMAKE_PREFIX_PATH=${CMAKE_PREFIX_PATH}:/opt/ros/jazzy DEBUGINFOD_URLS=https://debuginfod.ubuntu.com /usr/bin/cmake --install /home/edmund-munene/Documents/Programming-language-basics/Linux/Robotics/AConciseIntroductiontoRobotProgrammingwithROS2/bookros2_ws/build/play_motion2_msgs
[2.431s] Level 1:colcon.colcon_core.environment:checking '/home/edmund-munene/Documents/Programming-language-basics/Linux/Robotics/AConciseIntroductiontoRobotProgrammingwithROS2/bookros2_ws/install/play_motion2_msgs' for CMake config files
[2.432s] Level 1:colcon.colcon_core.shell:create_environment_hook('play_motion2_msgs', 'cmake_prefix_path')
[2.432s] INFO:colcon.colcon_core.shell:Creating environment hook '/home/edmund-munene/Documents/Programming-language-basics/Linux/Robotics/AConciseIntroductiontoRobotProgrammingwithROS2/bookros2_ws/install/play_motion2_msgs/share/play_motion2_msgs/hook/cmake_prefix_path.ps1'
[2.433s] INFO:colcon.colcon_core.shell:Creating environment descriptor '/home/edmund-munene/Documents/Programming-language-basics/Linux/Robotics/AConciseIntroductiontoRobotProgrammingwithROS2/bookros2_ws/install/play_motion2_msgs/share/play_motion2_msgs/hook/cmake_prefix_path.dsv'
[2.434s] INFO:colcon.colcon_core.shell:Creating environment hook '/home/edmund-munene/Documents/Programming-language-basics/Linux/Robotics/AConciseIntroductiontoRobotProgrammingwithROS2/bookros2_ws/install/play_motion2_msgs/share/play_motion2_msgs/hook/cmake_prefix_path.sh'
[2.435s] Level 1:colcon.colcon_core.environment:checking '/home/edmund-munene/Documents/Programming-language-basics/Linux/Robotics/AConciseIntroductiontoRobotProgrammingwithROS2/bookros2_ws/install/play_motion2_msgs/lib'
[2.435s] Level 1:colcon.colcon_core.shell:create_environment_hook('play_motion2_msgs', 'ld_library_path_lib')
[2.435s] INFO:colcon.colcon_core.shell:Creating environment hook '/home/edmund-munene/Documents/Programming-language-basics/Linux/Robotics/AConciseIntroductiontoRobotProgrammingwithROS2/bookros2_ws/install/play_motion2_msgs/share/play_motion2_msgs/hook/ld_library_path_lib.ps1'
[2.436s] INFO:colcon.colcon_core.shell:Creating environment descriptor '/home/edmund-munene/Documents/Programming-language-basics/Linux/Robotics/AConciseIntroductiontoRobotProgrammingwithROS2/bookros2_ws/install/play_motion2_msgs/share/play_motion2_msgs/hook/ld_library_path_lib.dsv'
[2.437s] INFO:colcon.colcon_core.shell:Creating environment hook '/home/edmund-munene/Documents/Programming-language-basics/Linux/Robotics/AConciseIntroductiontoRobotProgrammingwithROS2/bookros2_ws/install/play_motion2_msgs/share/play_motion2_msgs/hook/ld_library_path_lib.sh'
[2.438s] Level 1:colcon.colcon_core.environment:checking '/home/edmund-munene/Documents/Programming-language-basics/Linux/Robotics/AConciseIntroductiontoRobotProgrammingwithROS2/bookros2_ws/install/play_motion2_msgs/bin'
[2.438s] Level 1:colcon.colcon_core.environment:checking '/home/edmund-munene/Documents/Programming-language-basics/Linux/Robotics/AConciseIntroductiontoRobotProgrammingwithROS2/bookros2_ws/install/play_motion2_msgs/lib/pkgconfig/play_motion2_msgs.pc'
[2.438s] Level 1:colcon.colcon_core.environment:checking '/home/edmund-munene/Documents/Programming-language-basics/Linux/Robotics/AConciseIntroductiontoRobotProgrammingwithROS2/bookros2_ws/install/play_motion2_msgs/lib/python3.12/site-packages'
[2.439s] Level 1:colcon.colcon_core.shell:create_environment_hook('play_motion2_msgs', 'pythonpath')
[2.439s] INFO:colcon.colcon_core.shell:Creating environment hook '/home/edmund-munene/Documents/Programming-language-basics/Linux/Robotics/AConciseIntroductiontoRobotProgrammingwithROS2/bookros2_ws/install/play_motion2_msgs/share/play_motion2_msgs/hook/pythonpath.ps1'
[2.440s] INFO:colcon.colcon_core.shell:Creating environment descriptor '/home/edmund-munene/Documents/Programming-language-basics/Linux/Robotics/AConciseIntroductiontoRobotProgrammingwithROS2/bookros2_ws/install/play_motion2_msgs/share/play_motion2_msgs/hook/pythonpath.dsv'
[2.440s] INFO:colcon.colcon_core.shell:Creating environment hook '/home/edmund-munene/Documents/Programming-language-basics/Linux/Robotics/AConciseIntroductiontoRobotProgrammingwithROS2/bookros2_ws/install/play_motion2_msgs/share/play_motion2_msgs/hook/pythonpath.sh'
[2.441s] Level 1:colcon.colcon_core.environment:checking '/home/edmund-munene/Documents/Programming-language-basics/Linux/Robotics/AConciseIntroductiontoRobotProgrammingwithROS2/bookros2_ws/install/play_motion2_msgs/bin'
[2.442s] INFO:colcon.colcon_core.shell:Creating package script '/home/edmund-munene/Documents/Programming-language-basics/Linux/Robotics/AConciseIntroductiontoRobotProgrammingwithROS2/bookros2_ws/install/play_motion2_msgs/share/play_motion2_msgs/package.ps1'
[2.443s] INFO:colcon.colcon_core.shell:Creating package descriptor '/home/edmund-munene/Documents/Programming-language-basics/Linux/Robotics/AConciseIntroductiontoRobotProgrammingwithROS2/bookros2_ws/install/play_motion2_msgs/share/play_motion2_msgs/package.dsv'
[2.448s] INFO:colcon.colcon_core.shell:Creating package script '/home/edmund-munene/Documents/Programming-language-basics/Linux/Robotics/AConciseIntroductiontoRobotProgrammingwithROS2/bookros2_ws/install/play_motion2_msgs/share/play_motion2_msgs/package.sh'
[2.448s] INFO:colcon.colcon_core.shell:Creating package script '/home/edmund-munene/Documents/Programming-language-basics/Linux/Robotics/AConciseIntroductiontoRobotProgrammingwithROS2/bookros2_ws/install/play_motion2_msgs/share/play_motion2_msgs/package.bash'
[2.452s] INFO:colcon.colcon_core.shell:Creating package script '/home/edmund-munene/Documents/Programming-language-basics/Linux/Robotics/AConciseIntroductiontoRobotProgrammingwithROS2/bookros2_ws/install/play_motion2_msgs/share/play_motion2_msgs/package.zsh'
[2.452s] Level 1:colcon.colcon_core.environment:create_file_with_runtime_dependencies(/home/edmund-munene/Documents/Programming-language-basics/Linux/Robotics/AConciseIntroductiontoRobotProgrammingwithROS2/bookros2_ws/install/play_motion2_msgs/share/colcon-core/packages/play_motion2_msgs)
[2.454s] Level 1:colcon.colcon_core.environment:create_environment_scripts_only(play_motion2_msgs)
[2.454s] Level 1:colcon.colcon_core.environment:checking '/home/edmund-munene/Documents/Programming-language-basics/Linux/Robotics/AConciseIntroductiontoRobotProgrammingwithROS2/bookros2_ws/install/play_motion2_msgs' for CMake module files
[2.456s] Level 1:colcon.colcon_core.environment:checking '/home/edmund-munene/Documents/Programming-language-basics/Linux/Robotics/AConciseIntroductiontoRobotProgrammingwithROS2/bookros2_ws/install/play_motion2_msgs' for CMake config files
[2.457s] Level 1:colcon.colcon_core.shell:create_environment_hook('play_motion2_msgs', 'cmake_prefix_path')
[2.457s] INFO:colcon.colcon_core.shell:Creating environment hook '/home/edmund-munene/Documents/Programming-language-basics/Linux/Robotics/AConciseIntroductiontoRobotProgrammingwithROS2/bookros2_ws/install/play_motion2_msgs/share/play_motion2_msgs/hook/cmake_prefix_path.ps1'
[2.458s] INFO:colcon.colcon_core.shell:Creating environment descriptor '/home/edmund-munene/Documents/Programming-language-basics/Linux/Robotics/AConciseIntroductiontoRobotProgrammingwithROS2/bookros2_ws/install/play_motion2_msgs/share/play_motion2_msgs/hook/cmake_prefix_path.dsv'
[2.459s] INFO:colcon.colcon_core.shell:Creating environment hook '/home/edmund-munene/Documents/Programming-language-basics/Linux/Robotics/AConciseIntroductiontoRobotProgrammingwithROS2/bookros2_ws/install/play_motion2_msgs/share/play_motion2_msgs/hook/cmake_prefix_path.sh'
[2.460s] Level 1:colcon.colcon_core.environment:checking '/home/edmund-munene/Documents/Programming-language-basics/Linux/Robotics/AConciseIntroductiontoRobotProgrammingwithROS2/bookros2_ws/install/play_motion2_msgs/lib'
[2.460s] Level 1:colcon.colcon_core.shell:create_environment_hook('play_motion2_msgs', 'ld_library_path_lib')
[2.461s] INFO:colcon.colcon_core.shell:Creating environment hook '/home/edmund-munene/Documents/Programming-language-basics/Linux/Robotics/AConciseIntroductiontoRobotProgrammingwithROS2/bookros2_ws/install/play_motion2_msgs/share/play_motion2_msgs/hook/ld_library_path_lib.ps1'
[2.461s] INFO:colcon.colcon_core.shell:Creating environment descriptor '/home/edmund-munene/Documents/Programming-language-basics/Linux/Robotics/AConciseIntroductiontoRobotProgrammingwithROS2/bookros2_ws/install/play_motion2_msgs/share/play_motion2_msgs/hook/ld_library_path_lib.dsv'
[2.462s] INFO:colcon.colcon_core.shell:Creating environment hook '/home/edmund-munene/Documents/Programming-language-basics/Linux/Robotics/AConciseIntroductiontoRobotProgrammingwithROS2/bookros2_ws/install/play_motion2_msgs/share/play_motion2_msgs/hook/ld_library_path_lib.sh'
[2.462s] Level 1:colcon.colcon_core.environment:checking '/home/edmund-munene/Documents/Programming-language-basics/Linux/Robotics/AConciseIntroductiontoRobotProgrammingwithROS2/bookros2_ws/install/play_motion2_msgs/bin'
[2.463s] Level 1:colcon.colcon_core.environment:checking '/home/edmund-munene/Documents/Programming-language-basics/Linux/Robotics/AConciseIntroductiontoRobotProgrammingwithROS2/bookros2_ws/install/play_motion2_msgs/lib/pkgconfig/play_motion2_msgs.pc'
[2.463s] Level 1:colcon.colcon_core.environment:checking '/home/edmund-munene/Documents/Programming-language-basics/Linux/Robotics/AConciseIntroductiontoRobotProgrammingwithROS2/bookros2_ws/install/play_motion2_msgs/lib/python3.12/site-packages'
[2.463s] Level 1:colcon.colcon_core.shell:create_environment_hook('play_motion2_msgs', 'pythonpath')
[2.464s] INFO:colcon.colcon_core.shell:Creating environment hook '/home/edmund-munene/Documents/Programming-language-basics/Linux/Robotics/AConciseIntroductiontoRobotProgrammingwithROS2/bookros2_ws/install/play_motion2_msgs/share/play_motion2_msgs/hook/pythonpath.ps1'
[2.464s] INFO:colcon.colcon_core.shell:Creating environment descriptor '/home/edmund-munene/Documents/Programming-language-basics/Linux/Robotics/AConciseIntroductiontoRobotProgrammingwithROS2/bookros2_ws/install/play_motion2_msgs/share/play_motion2_msgs/hook/pythonpath.dsv'
[2.465s] INFO:colcon.colcon_core.shell:Creating environment hook '/home/edmund-munene/Documents/Programming-language-basics/Linux/Robotics/AConciseIntroductiontoRobotProgrammingwithROS2/bookros2_ws/install/play_motion2_msgs/share/play_motion2_msgs/hook/pythonpath.sh'
[2.467s] Level 1:colcon.colcon_core.environment:checking '/home/edmund-munene/Documents/Programming-language-basics/Linux/Robotics/AConciseIntroductiontoRobotProgrammingwithROS2/bookros2_ws/install/play_motion2_msgs/bin'
[2.467s] INFO:colcon.colcon_core.shell:Creating package script '/home/edmund-munene/Documents/Programming-language-basics/Linux/Robotics/AConciseIntroductiontoRobotProgrammingwithROS2/bookros2_ws/install/play_motion2_msgs/share/play_motion2_msgs/package.ps1'
[2.469s] INFO:colcon.colcon_core.shell:Creating package descriptor '/home/edmund-munene/Documents/Programming-language-basics/Linux/Robotics/AConciseIntroductiontoRobotProgrammingwithROS2/bookros2_ws/install/play_motion2_msgs/share/play_motion2_msgs/package.dsv'
[2.470s] INFO:colcon.colcon_core.shell:Creating package script '/home/edmund-munene/Documents/Programming-language-basics/Linux/Robotics/AConciseIntroductiontoRobotProgrammingwithROS2/bookros2_ws/install/play_motion2_msgs/share/play_motion2_msgs/package.sh'
[2.471s] INFO:colcon.colcon_core.shell:Creating package script '/home/edmund-munene/Documents/Programming-language-basics/Linux/Robotics/AConciseIntroductiontoRobotProgrammingwithROS2/bookros2_ws/install/play_motion2_msgs/share/play_motion2_msgs/package.bash'
[2.471s] INFO:colcon.colcon_core.shell:Creating package script '/home/edmund-munene/Documents/Programming-language-basics/Linux/Robotics/AConciseIntroductiontoRobotProgrammingwithROS2/bookros2_ws/install/play_motion2_msgs/share/play_motion2_msgs/package.zsh'
[2.472s] Level 1:colcon.colcon_core.environment:create_file_with_runtime_dependencies(/home/edmund-munene/Documents/Programming-language-basics/Linux/Robotics/AConciseIntroductiontoRobotProgrammingwithROS2/bookros2_ws/install/play_motion2_msgs/share/colcon-core/packages/play_motion2_msgs)
[2.474s] INFO:colcon.colcon_ros.task.ament_cmake.build:Building ROS package in '/home/edmund-munene/Documents/Programming-language-basics/Linux/Robotics/AConciseIntroductiontoRobotProgrammingwithROS2/bookros2_ws/src/book_ros2/br2_deep_ros' with build type 'ament_cmake'
[2.474s] INFO:colcon.colcon_cmake.task.cmake.build:Building CMake package in '/home/edmund-munene/Documents/Programming-language-basics/Linux/Robotics/AConciseIntroductiontoRobotProgrammingwithROS2/bookros2_ws/src/book_ros2/br2_deep_ros'
[2.474s] INFO:colcon.colcon_core.shell:Skip shell extension 'powershell' for command environment: Not usable outside of PowerShell
[2.474s] DEBUG:colcon.colcon_core.shell:Skip shell extension 'dsv' for command environment
[2.485s] DEBUG:colcon.colcon_core.event_handler.log_command:Invoking command in '/home/edmund-munene/Documents/Programming-language-basics/Linux/Robotics/AConciseIntroductiontoRobotProgrammingwithROS2/bookros2_ws/build/br2_tf2_detector': CMAKE_PREFIX_PATH=${CMAKE_PREFIX_PATH}:/opt/ros/jazzy DEBUGINFOD_URLS=https://debuginfod.ubuntu.com /usr/bin/cmake --build /home/edmund-munene/Documents/Programming-language-basics/Linux/Robotics/AConciseIntroductiontoRobotProgrammingwithROS2/bookros2_ws/build/br2_tf2_detector -- -j12 -l12
[2.491s] DEBUG:colcon.colcon_core.event_handler.log_command:Invoking command in '/home/edmund-munene/Documents/Programming-language-basics/Linux/Robotics/AConciseIntroductiontoRobotProgrammingwithROS2/bookros2_ws/build/br2_tiago': CMAKE_PREFIX_PATH=${CMAKE_PREFIX_PATH}:/opt/ros/jazzy DEBUGINFOD_URLS=https://debuginfod.ubuntu.com /usr/bin/cmake --build /home/edmund-munene/Documents/Programming-language-basics/Linux/Robotics/AConciseIntroductiontoRobotProgrammingwithROS2/bookros2_ws/build/br2_tiago -- -j12 -l12
[2.491s] DEBUG:colcon.colcon_core.event_handler.log_command:Invoked command in '/home/edmund-munene/Documents/Programming-language-basics/Linux/Robotics/AConciseIntroductiontoRobotProgrammingwithROS2/bookros2_ws/build/br2_navigation' returned '0': CMAKE_PREFIX_PATH=${CMAKE_PREFIX_PATH}:/opt/ros/jazzy DEBUGINFOD_URLS=https://debuginfod.ubuntu.com /usr/bin/cmake --build /home/edmund-munene/Documents/Programming-language-basics/Linux/Robotics/AConciseIntroductiontoRobotProgrammingwithROS2/bookros2_ws/build/br2_navigation -- -j12 -l12
[2.494s] INFO:colcon.colcon_ros.task.ament_cmake.build:Building ROS package in '/home/edmund-munene/Documents/Programming-language-basics/Linux/Robotics/AConciseIntroductiontoRobotProgrammingwithROS2/bookros2_ws/src/ThirdParty/play_motion2/play_motion2' with build type 'ament_cmake'
[2.495s] INFO:colcon.colcon_cmake.task.cmake.build:Building CMake package in '/home/edmund-munene/Documents/Programming-language-basics/Linux/Robotics/AConciseIntroductiontoRobotProgrammingwithROS2/bookros2_ws/src/ThirdParty/play_motion2/play_motion2'
[2.495s] INFO:colcon.colcon_core.shell:Skip shell extension 'powershell' for command environment: Not usable outside of PowerShell
[2.496s] DEBUG:colcon.colcon_core.shell:Skip shell extension 'dsv' for command environment
[2.496s] DEBUG:colcon.colcon_core.event_handler.log_command:Invoking command in '/home/edmund-munene/Documents/Programming-language-basics/Linux/Robotics/AConciseIntroductiontoRobotProgrammingwithROS2/bookros2_ws/build/br2_navigation': CMAKE_PREFIX_PATH=${CMAKE_PREFIX_PATH}:/opt/ros/jazzy DEBUGINFOD_URLS=https://debuginfod.ubuntu.com /usr/bin/cmake --install /home/edmund-munene/Documents/Programming-language-basics/Linux/Robotics/AConciseIntroductiontoRobotProgrammingwithROS2/bookros2_ws/build/br2_navigation
[2.505s] Level 1:colcon.colcon_core.environment:create_environment_scripts_only(br2_gazebo_worlds)
[2.507s] Level 1:colcon.colcon_core.environment:checking '/home/edmund-munene/Documents/Programming-language-basics/Linux/Robotics/AConciseIntroductiontoRobotProgrammingwithROS2/bookros2_ws/install/br2_gazebo_worlds' for CMake module files
[2.507s] DEBUG:colcon.colcon_core.event_handler.log_command:Invoked command in '/home/edmund-munene/Documents/Programming-language-basics/Linux/Robotics/AConciseIntroductiontoRobotProgrammingwithROS2/bookros2_ws/build/br2_gazebo_worlds' returned '0': CMAKE_PREFIX_PATH=${CMAKE_PREFIX_PATH}:/opt/ros/jazzy DEBUGINFOD_URLS=https://debuginfod.ubuntu.com /usr/bin/cmake --install /home/edmund-munene/Documents/Programming-language-basics/Linux/Robotics/AConciseIntroductiontoRobotProgrammingwithROS2/bookros2_ws/build/br2_gazebo_worlds
[2.509s] Level 1:colcon.colcon_core.environment:checking '/home/edmund-munene/Documents/Programming-language-basics/Linux/Robotics/AConciseIntroductiontoRobotProgrammingwithROS2/bookros2_ws/install/br2_gazebo_worlds' for CMake config files
[2.511s] Level 1:colcon.colcon_core.shell:create_environment_hook('br2_gazebo_worlds', 'cmake_prefix_path')
[2.511s] INFO:colcon.colcon_core.shell:Creating environment hook '/home/edmund-munene/Documents/Programming-language-basics/Linux/Robotics/AConciseIntroductiontoRobotProgrammingwithROS2/bookros2_ws/install/br2_gazebo_worlds/share/br2_gazebo_worlds/hook/cmake_prefix_path.ps1'
[2.513s] INFO:colcon.colcon_core.shell:Creating environment descriptor '/home/edmund-munene/Documents/Programming-language-basics/Linux/Robotics/AConciseIntroductiontoRobotProgrammingwithROS2/bookros2_ws/install/br2_gazebo_worlds/share/br2_gazebo_worlds/hook/cmake_prefix_path.dsv'
[2.513s] INFO:colcon.colcon_core.shell:Creating environment hook '/home/edmund-munene/Documents/Programming-language-basics/Linux/Robotics/AConciseIntroductiontoRobotProgrammingwithROS2/bookros2_ws/install/br2_gazebo_worlds/share/br2_gazebo_worlds/hook/cmake_prefix_path.sh'
[2.514s] Level 1:colcon.colcon_core.environment:checking '/home/edmund-munene/Documents/Programming-language-basics/Linux/Robotics/AConciseIntroductiontoRobotProgrammingwithROS2/bookros2_ws/install/br2_gazebo_worlds/bin'
[2.514s] Level 1:colcon.colcon_core.environment:checking '/home/edmund-munene/Documents/Programming-language-basics/Linux/Robotics/AConciseIntroductiontoRobotProgrammingwithROS2/bookros2_ws/install/br2_gazebo_worlds/lib/pkgconfig/br2_gazebo_worlds.pc'
[2.514s] Level 1:colcon.colcon_core.environment:checking '/home/edmund-munene/Documents/Programming-language-basics/Linux/Robotics/AConciseIntroductiontoRobotProgrammingwithROS2/bookros2_ws/install/br2_gazebo_worlds/lib/python3.12/site-packages'
[2.515s] Level 1:colcon.colcon_core.environment:checking '/home/edmund-munene/Documents/Programming-language-basics/Linux/Robotics/AConciseIntroductiontoRobotProgrammingwithROS2/bookros2_ws/install/br2_gazebo_worlds/bin'
[2.515s] INFO:colcon.colcon_core.shell:Creating package script '/home/edmund-munene/Documents/Programming-language-basics/Linux/Robotics/AConciseIntroductiontoRobotProgrammingwithROS2/bookros2_ws/install/br2_gazebo_worlds/share/br2_gazebo_worlds/package.ps1'
[2.516s] INFO:colcon.colcon_core.shell:Creating package descriptor '/home/edmund-munene/Documents/Programming-language-basics/Linux/Robotics/AConciseIntroductiontoRobotProgrammingwithROS2/bookros2_ws/install/br2_gazebo_worlds/share/br2_gazebo_worlds/package.dsv'
[2.517s] INFO:colcon.colcon_core.shell:Creating package script '/home/edmund-munene/Documents/Programming-language-basics/Linux/Robotics/AConciseIntroductiontoRobotProgrammingwithROS2/bookros2_ws/install/br2_gazebo_worlds/share/br2_gazebo_worlds/package.sh'
[2.518s] INFO:colcon.colcon_core.shell:Creating package script '/home/edmund-munene/Documents/Programming-language-basics/Linux/Robotics/AConciseIntroductiontoRobotProgrammingwithROS2/bookros2_ws/install/br2_gazebo_worlds/share/br2_gazebo_worlds/package.bash'
[2.518s] INFO:colcon.colcon_core.shell:Creating package script '/home/edmund-munene/Documents/Programming-language-basics/Linux/Robotics/AConciseIntroductiontoRobotProgrammingwithROS2/bookros2_ws/install/br2_gazebo_worlds/share/br2_gazebo_worlds/package.zsh'
[2.518s] Level 1:colcon.colcon_core.environment:create_file_with_runtime_dependencies(/home/edmund-munene/Documents/Programming-language-basics/Linux/Robotics/AConciseIntroductiontoRobotProgrammingwithROS2/bookros2_ws/install/br2_gazebo_worlds/share/colcon-core/packages/br2_gazebo_worlds)
[2.519s] Level 1:colcon.colcon_core.environment:create_environment_scripts_only(br2_gazebo_worlds)
[2.520s] Level 1:colcon.colcon_core.environment:checking '/home/edmund-munene/Documents/Programming-language-basics/Linux/Robotics/AConciseIntroductiontoRobotProgrammingwithROS2/bookros2_ws/install/br2_gazebo_worlds' for CMake module files
[2.521s] Level 1:colcon.colcon_core.environment:checking '/home/edmund-munene/Documents/Programming-language-basics/Linux/Robotics/AConciseIntroductiontoRobotProgrammingwithROS2/bookros2_ws/install/br2_gazebo_worlds' for CMake config files
[2.521s] Level 1:colcon.colcon_core.shell:create_environment_hook('br2_gazebo_worlds', 'cmake_prefix_path')
[2.522s] INFO:colcon.colcon_core.shell:Creating environment hook '/home/edmund-munene/Documents/Programming-language-basics/Linux/Robotics/AConciseIntroductiontoRobotProgrammingwithROS2/bookros2_ws/install/br2_gazebo_worlds/share/br2_gazebo_worlds/hook/cmake_prefix_path.ps1'
[2.522s] INFO:colcon.colcon_core.shell:Creating environment descriptor '/home/edmund-munene/Documents/Programming-language-basics/Linux/Robotics/AConciseIntroductiontoRobotProgrammingwithROS2/bookros2_ws/install/br2_gazebo_worlds/share/br2_gazebo_worlds/hook/cmake_prefix_path.dsv'
[2.523s] INFO:colcon.colcon_core.shell:Creating environment hook '/home/edmund-munene/Documents/Programming-language-basics/Linux/Robotics/AConciseIntroductiontoRobotProgrammingwithROS2/bookros2_ws/install/br2_gazebo_worlds/share/br2_gazebo_worlds/hook/cmake_prefix_path.sh'
[2.524s] Level 1:colcon.colcon_core.environment:checking '/home/edmund-munene/Documents/Programming-language-basics/Linux/Robotics/AConciseIntroductiontoRobotProgrammingwithROS2/bookros2_ws/install/br2_gazebo_worlds/bin'
[2.524s] Level 1:colcon.colcon_core.environment:checking '/home/edmund-munene/Documents/Programming-language-basics/Linux/Robotics/AConciseIntroductiontoRobotProgrammingwithROS2/bookros2_ws/install/br2_gazebo_worlds/lib/pkgconfig/br2_gazebo_worlds.pc'
[2.524s] Level 1:colcon.colcon_core.environment:checking '/home/edmund-munene/Documents/Programming-language-basics/Linux/Robotics/AConciseIntroductiontoRobotProgrammingwithROS2/bookros2_ws/install/br2_gazebo_worlds/lib/python3.12/site-packages'
[2.525s] Level 1:colcon.colcon_core.environment:checking '/home/edmund-munene/Documents/Programming-language-basics/Linux/Robotics/AConciseIntroductiontoRobotProgrammingwithROS2/bookros2_ws/install/br2_gazebo_worlds/bin'
[2.525s] INFO:colcon.colcon_core.shell:Creating package script '/home/edmund-munene/Documents/Programming-language-basics/Linux/Robotics/AConciseIntroductiontoRobotProgrammingwithROS2/bookros2_ws/install/br2_gazebo_worlds/share/br2_gazebo_worlds/package.ps1'
[2.526s] INFO:colcon.colcon_core.shell:Creating package descriptor '/home/edmund-munene/Documents/Programming-language-basics/Linux/Robotics/AConciseIntroductiontoRobotProgrammingwithROS2/bookros2_ws/install/br2_gazebo_worlds/share/br2_gazebo_worlds/package.dsv'
[2.527s] INFO:colcon.colcon_core.shell:Creating package script '/home/edmund-munene/Documents/Programming-language-basics/Linux/Robotics/AConciseIntroductiontoRobotProgrammingwithROS2/bookros2_ws/install/br2_gazebo_worlds/share/br2_gazebo_worlds/package.sh'
[2.528s] INFO:colcon.colcon_core.shell:Creating package script '/home/edmund-munene/Documents/Programming-language-basics/Linux/Robotics/AConciseIntroductiontoRobotProgrammingwithROS2/bookros2_ws/install/br2_gazebo_worlds/share/br2_gazebo_worlds/package.bash'
[2.528s] INFO:colcon.colcon_core.shell:Creating package script '/home/edmund-munene/Documents/Programming-language-basics/Linux/Robotics/AConciseIntroductiontoRobotProgrammingwithROS2/bookros2_ws/install/br2_gazebo_worlds/share/br2_gazebo_worlds/package.zsh'
[2.529s] Level 1:colcon.colcon_core.environment:create_file_with_runtime_dependencies(/home/edmund-munene/Documents/Programming-language-basics/Linux/Robotics/AConciseIntroductiontoRobotProgrammingwithROS2/bookros2_ws/install/br2_gazebo_worlds/share/colcon-core/packages/br2_gazebo_worlds)
[2.531s] INFO:colcon.colcon_ros.task.ament_cmake.build:Building ROS package in '/home/edmund-munene/Documents/Programming-language-basics/Linux/Robotics/AConciseIntroductiontoRobotProgrammingwithROS2/bookros2_ws/src/book_ros2/br2_tracking' with build type 'ament_cmake'
[2.531s] INFO:colcon.colcon_cmake.task.cmake.build:Building CMake package in '/home/edmund-munene/Documents/Programming-language-basics/Linux/Robotics/AConciseIntroductiontoRobotProgrammingwithROS2/bookros2_ws/src/book_ros2/br2_tracking'
[2.532s] INFO:colcon.colcon_core.shell:Skip shell extension 'powershell' for command environment: Not usable outside of PowerShell
[2.532s] DEBUG:colcon.colcon_core.shell:Skip shell extension 'dsv' for command environment
[2.546s] DEBUG:colcon.colcon_core.event_handler.log_command:Invoking command in '/home/edmund-munene/Documents/Programming-language-basics/Linux/Robotics/AConciseIntroductiontoRobotProgrammingwithROS2/bookros2_ws/build/br2_vff_avoidance': CMAKE_PREFIX_PATH=${CMAKE_PREFIX_PATH}:/opt/ros/jazzy DEBUGINFOD_URLS=https://debuginfod.ubuntu.com /usr/bin/cmake --build /home/edmund-munene/Documents/Programming-language-basics/Linux/Robotics/AConciseIntroductiontoRobotProgrammingwithROS2/bookros2_ws/build/br2_vff_avoidance -- -j12 -l12
[2.550s] DEBUG:colcon.colcon_core.event_handler.log_command:Invoking command in '/home/edmund-munene/Documents/Programming-language-basics/Linux/Robotics/AConciseIntroductiontoRobotProgrammingwithROS2/bookros2_ws/build/my_package': CMAKE_PREFIX_PATH=${CMAKE_PREFIX_PATH}:/opt/ros/jazzy DEBUGINFOD_URLS=https://debuginfod.ubuntu.com /usr/bin/cmake --build /home/edmund-munene/Documents/Programming-language-basics/Linux/Robotics/AConciseIntroductiontoRobotProgrammingwithROS2/bookros2_ws/build/my_package -- -j12 -l12
[2.565s] DEBUG:colcon.colcon_core.event_handler.log_command:Invoking command in '/home/edmund-munene/Documents/Programming-language-basics/Linux/Robotics/AConciseIntroductiontoRobotProgrammingwithROS2/bookros2_ws/build/br2_bt_bumpgo': AMENT_PREFIX_PATH=/home/edmund-munene/Documents/Programming-language-basics/Linux/Robotics/AConciseIntroductiontoRobotProgrammingwithROS2/bookros2_ws/install/behaviortree_cpp_v3:${AMENT_PREFIX_PATH} CMAKE_PREFIX_PATH=/home/edmund-munene/Documents/Programming-language-basics/Linux/Robotics/AConciseIntroductiontoRobotProgrammingwithROS2/bookros2_ws/install/behaviortree_cpp_v3:/opt/ros/jazzy/opt/gz_sim_vendor:/opt/ros/jazzy/opt/gz_sensors_vendor:/opt/ros/jazzy/opt/gz_physics_vendor:/opt/ros/jazzy/opt/sdformat_vendor:/opt/ros/jazzy/opt/gz_gui_vendor:/opt/ros/jazzy/opt/gz_transport_vendor:/opt/ros/jazzy/opt/gz_rendering_vendor:/opt/ros/jazzy/opt/gz_plugin_vendor:/opt/ros/jazzy/opt/gz_fuel_tools_vendor:/opt/ros/jazzy/opt/gz_msgs_vendor:/opt/ros/jazzy/opt/gz_common_vendor:/opt/ros/jazzy/opt/gz_math_vendor:/opt/ros/jazzy/opt/gz_utils_vendor:/opt/ros/jazzy/opt/gz_tools_vendor:/opt/ros/jazzy/opt/gz_ogre_next_vendor:/opt/ros/jazzy/opt/gz_dartsim_vendor:/opt/ros/jazzy/opt/gz_cmake_vendor:/opt/ros/jazzy DEBUGINFOD_URLS=https://debuginfod.ubuntu.com LD_LIBRARY_PATH=/home/edmund-munene/Documents/Programming-language-basics/Linux/Robotics/AConciseIntroductiontoRobotProgrammingwithROS2/bookros2_ws/install/behaviortree_cpp_v3/lib:${LD_LIBRARY_PATH} PATH=/home/edmund-munene/Documents/Programming-language-basics/Linux/Robotics/AConciseIntroductiontoRobotProgrammingwithROS2/bookros2_ws/install/behaviortree_cpp_v3/bin:${PATH} /usr/bin/cmake --build /home/edmund-munene/Documents/Programming-language-basics/Linux/Robotics/AConciseIntroductiontoRobotProgrammingwithROS2/bookros2_ws/build/br2_bt_bumpgo -- -j12 -l12
[2.574s] DEBUG:colcon.colcon_core.event_handler.log_command:Invoking command in '/home/edmund-munene/Documents/Programming-language-basics/Linux/Robotics/AConciseIntroductiontoRobotProgrammingwithROS2/bookros2_ws/build/br2_bt_patrolling': AMENT_PREFIX_PATH=/home/edmund-munene/Documents/Programming-language-basics/Linux/Robotics/AConciseIntroductiontoRobotProgrammingwithROS2/bookros2_ws/install/behaviortree_cpp_v3:${AMENT_PREFIX_PATH} CMAKE_PREFIX_PATH=/home/edmund-munene/Documents/Programming-language-basics/Linux/Robotics/AConciseIntroductiontoRobotProgrammingwithROS2/bookros2_ws/install/behaviortree_cpp_v3:/opt/ros/jazzy/opt/gz_sim_vendor:/opt/ros/jazzy/opt/gz_sensors_vendor:/opt/ros/jazzy/opt/gz_physics_vendor:/opt/ros/jazzy/opt/sdformat_vendor:/opt/ros/jazzy/opt/gz_gui_vendor:/opt/ros/jazzy/opt/gz_transport_vendor:/opt/ros/jazzy/opt/gz_rendering_vendor:/opt/ros/jazzy/opt/gz_plugin_vendor:/opt/ros/jazzy/opt/gz_fuel_tools_vendor:/opt/ros/jazzy/opt/gz_msgs_vendor:/opt/ros/jazzy/opt/gz_common_vendor:/opt/ros/jazzy/opt/gz_math_vendor:/opt/ros/jazzy/opt/gz_utils_vendor:/opt/ros/jazzy/opt/gz_tools_vendor:/opt/ros/jazzy/opt/gz_ogre_next_vendor:/opt/ros/jazzy/opt/gz_dartsim_vendor:/opt/ros/jazzy/opt/gz_cmake_vendor:/opt/ros/jazzy DEBUGINFOD_URLS=https://debuginfod.ubuntu.com LD_LIBRARY_PATH=/home/edmund-munene/Documents/Programming-language-basics/Linux/Robotics/AConciseIntroductiontoRobotProgrammingwithROS2/bookros2_ws/install/behaviortree_cpp_v3/lib:${LD_LIBRARY_PATH} PATH=/home/edmund-munene/Documents/Programming-language-basics/Linux/Robotics/AConciseIntroductiontoRobotProgrammingwithROS2/bookros2_ws/install/behaviortree_cpp_v3/bin:${PATH} /usr/bin/cmake --build /home/edmund-munene/Documents/Programming-language-basics/Linux/Robotics/AConciseIntroductiontoRobotProgrammingwithROS2/bookros2_ws/build/br2_bt_patrolling -- -j12 -l12
[2.582s] DEBUG:colcon.colcon_core.event_handler.log_command:Invoking command in '/home/edmund-munene/Documents/Programming-language-basics/Linux/Robotics/AConciseIntroductiontoRobotProgrammingwithROS2/bookros2_ws/build/br2_deep_ros': AMENT_PREFIX_PATH=/home/edmund-munene/Documents/Programming-language-basics/Linux/Robotics/AConciseIntroductiontoRobotProgrammingwithROS2/bookros2_ws/install/yaets:${AMENT_PREFIX_PATH} CMAKE_PREFIX_PATH=/home/edmund-munene/Documents/Programming-language-basics/Linux/Robotics/AConciseIntroductiontoRobotProgrammingwithROS2/bookros2_ws/install/yaets:/opt/ros/jazzy/opt/gz_sim_vendor:/opt/ros/jazzy/opt/gz_sensors_vendor:/opt/ros/jazzy/opt/gz_physics_vendor:/opt/ros/jazzy/opt/sdformat_vendor:/opt/ros/jazzy/opt/gz_gui_vendor:/opt/ros/jazzy/opt/gz_transport_vendor:/opt/ros/jazzy/opt/gz_rendering_vendor:/opt/ros/jazzy/opt/gz_plugin_vendor:/opt/ros/jazzy/opt/gz_fuel_tools_vendor:/opt/ros/jazzy/opt/gz_msgs_vendor:/opt/ros/jazzy/opt/gz_common_vendor:/opt/ros/jazzy/opt/gz_math_vendor:/opt/ros/jazzy/opt/gz_utils_vendor:/opt/ros/jazzy/opt/gz_tools_vendor:/opt/ros/jazzy/opt/gz_ogre_next_vendor:/opt/ros/jazzy/opt/gz_dartsim_vendor:/opt/ros/jazzy/opt/gz_cmake_vendor:/opt/ros/jazzy DEBUGINFOD_URLS=https://debuginfod.ubuntu.com LD_LIBRARY_PATH=/home/edmund-munene/Documents/Programming-language-basics/Linux/Robotics/AConciseIntroductiontoRobotProgrammingwithROS2/bookros2_ws/install/yaets/lib:${LD_LIBRARY_PATH} /usr/bin/cmake --build /home/edmund-munene/Documents/Programming-language-basics/Linux/Robotics/AConciseIntroductiontoRobotProgrammingwithROS2/bookros2_ws/build/br2_deep_ros -- -j12 -l12
[2.583s] Level 1:colcon.colcon_core.environment:create_environment_scripts_only(br2_navigation)
[2.583s] Level 1:colcon.colcon_core.environment:checking '/home/edmund-munene/Documents/Programming-language-basics/Linux/Robotics/AConciseIntroductiontoRobotProgrammingwithROS2/bookros2_ws/install/br2_navigation' for CMake module files
[2.585s] Level 1:colcon.colcon_core.environment:checking '/home/edmund-munene/Documents/Programming-language-basics/Linux/Robotics/AConciseIntroductiontoRobotProgrammingwithROS2/bookros2_ws/install/br2_navigation' for CMake config files
[2.584s] DEBUG:colcon.colcon_core.event_handler.log_command:Invoked command in '/home/edmund-munene/Documents/Programming-language-basics/Linux/Robotics/AConciseIntroductiontoRobotProgrammingwithROS2/bookros2_ws/build/br2_navigation' returned '0': CMAKE_PREFIX_PATH=${CMAKE_PREFIX_PATH}:/opt/ros/jazzy DEBUGINFOD_URLS=https://debuginfod.ubuntu.com /usr/bin/cmake --install /home/edmund-munene/Documents/Programming-language-basics/Linux/Robotics/AConciseIntroductiontoRobotProgrammingwithROS2/bookros2_ws/build/br2_navigation
[2.587s] Level 1:colcon.colcon_core.shell:create_environment_hook('br2_navigation', 'cmake_prefix_path')
[2.588s] INFO:colcon.colcon_core.shell:Creating environment hook '/home/edmund-munene/Documents/Programming-language-basics/Linux/Robotics/AConciseIntroductiontoRobotProgrammingwithROS2/bookros2_ws/install/br2_navigation/share/br2_navigation/hook/cmake_prefix_path.ps1'
[2.589s] INFO:colcon.colcon_core.shell:Creating environment descriptor '/home/edmund-munene/Documents/Programming-language-basics/Linux/Robotics/AConciseIntroductiontoRobotProgrammingwithROS2/bookros2_ws/install/br2_navigation/share/br2_navigation/hook/cmake_prefix_path.dsv'
[2.589s] INFO:colcon.colcon_core.shell:Creating environment hook '/home/edmund-munene/Documents/Programming-language-basics/Linux/Robotics/AConciseIntroductiontoRobotProgrammingwithROS2/bookros2_ws/install/br2_navigation/share/br2_navigation/hook/cmake_prefix_path.sh'
[2.590s] Level 1:colcon.colcon_core.environment:checking '/home/edmund-munene/Documents/Programming-language-basics/Linux/Robotics/AConciseIntroductiontoRobotProgrammingwithROS2/bookros2_ws/install/br2_navigation/bin'
[2.591s] Level 1:colcon.colcon_core.environment:checking '/home/edmund-munene/Documents/Programming-language-basics/Linux/Robotics/AConciseIntroductiontoRobotProgrammingwithROS2/bookros2_ws/install/br2_navigation/lib/pkgconfig/br2_navigation.pc'
[2.591s] Level 1:colcon.colcon_core.environment:checking '/home/edmund-munene/Documents/Programming-language-basics/Linux/Robotics/AConciseIntroductiontoRobotProgrammingwithROS2/bookros2_ws/install/br2_navigation/lib/python3.12/site-packages'
[2.592s] Level 1:colcon.colcon_core.environment:checking '/home/edmund-munene/Documents/Programming-language-basics/Linux/Robotics/AConciseIntroductiontoRobotProgrammingwithROS2/bookros2_ws/install/br2_navigation/bin'
[2.593s] INFO:colcon.colcon_core.shell:Creating package script '/home/edmund-munene/Documents/Programming-language-basics/Linux/Robotics/AConciseIntroductiontoRobotProgrammingwithROS2/bookros2_ws/install/br2_navigation/share/br2_navigation/package.ps1'
[2.594s] INFO:colcon.colcon_core.shell:Creating package descriptor '/home/edmund-munene/Documents/Programming-language-basics/Linux/Robotics/AConciseIntroductiontoRobotProgrammingwithROS2/bookros2_ws/install/br2_navigation/share/br2_navigation/package.dsv'
[2.595s] INFO:colcon.colcon_core.shell:Creating package script '/home/edmund-munene/Documents/Programming-language-basics/Linux/Robotics/AConciseIntroductiontoRobotProgrammingwithROS2/bookros2_ws/install/br2_navigation/share/br2_navigation/package.sh'
[2.595s] INFO:colcon.colcon_core.shell:Creating package script '/home/edmund-munene/Documents/Programming-language-basics/Linux/Robotics/AConciseIntroductiontoRobotProgrammingwithROS2/bookros2_ws/install/br2_navigation/share/br2_navigation/package.bash'
[2.596s] INFO:colcon.colcon_core.shell:Creating package script '/home/edmund-munene/Documents/Programming-language-basics/Linux/Robotics/AConciseIntroductiontoRobotProgrammingwithROS2/bookros2_ws/install/br2_navigation/share/br2_navigation/package.zsh'
[2.597s] Level 1:colcon.colcon_core.environment:create_file_with_runtime_dependencies(/home/edmund-munene/Documents/Programming-language-basics/Linux/Robotics/AConciseIntroductiontoRobotProgrammingwithROS2/bookros2_ws/install/br2_navigation/share/colcon-core/packages/br2_navigation)
[2.598s] Level 1:colcon.colcon_core.environment:create_environment_scripts_only(br2_navigation)
[2.598s] Level 1:colcon.colcon_core.environment:checking '/home/edmund-munene/Documents/Programming-language-basics/Linux/Robotics/AConciseIntroductiontoRobotProgrammingwithROS2/bookros2_ws/install/br2_navigation' for CMake module files
[2.599s] Level 1:colcon.colcon_core.environment:checking '/home/edmund-munene/Documents/Programming-language-basics/Linux/Robotics/AConciseIntroductiontoRobotProgrammingwithROS2/bookros2_ws/install/br2_navigation' for CMake config files
[2.600s] Level 1:colcon.colcon_core.shell:create_environment_hook('br2_navigation', 'cmake_prefix_path')
[2.600s] INFO:colcon.colcon_core.shell:Creating environment hook '/home/edmund-munene/Documents/Programming-language-basics/Linux/Robotics/AConciseIntroductiontoRobotProgrammingwithROS2/bookros2_ws/install/br2_navigation/share/br2_navigation/hook/cmake_prefix_path.ps1'
[2.601s] INFO:colcon.colcon_core.shell:Creating environment descriptor '/home/edmund-munene/Documents/Programming-language-basics/Linux/Robotics/AConciseIntroductiontoRobotProgrammingwithROS2/bookros2_ws/install/br2_navigation/share/br2_navigation/hook/cmake_prefix_path.dsv'
[2.602s] INFO:colcon.colcon_core.shell:Creating environment hook '/home/edmund-munene/Documents/Programming-language-basics/Linux/Robotics/AConciseIntroductiontoRobotProgrammingwithROS2/bookros2_ws/install/br2_navigation/share/br2_navigation/hook/cmake_prefix_path.sh'
[2.603s] Level 1:colcon.colcon_core.environment:checking '/home/edmund-munene/Documents/Programming-language-basics/Linux/Robotics/AConciseIntroductiontoRobotProgrammingwithROS2/bookros2_ws/install/br2_navigation/bin'
[2.603s] Level 1:colcon.colcon_core.environment:checking '/home/edmund-munene/Documents/Programming-language-basics/Linux/Robotics/AConciseIntroductiontoRobotProgrammingwithROS2/bookros2_ws/install/br2_navigation/lib/pkgconfig/br2_navigation.pc'
[2.604s] Level 1:colcon.colcon_core.environment:checking '/home/edmund-munene/Documents/Programming-language-basics/Linux/Robotics/AConciseIntroductiontoRobotProgrammingwithROS2/bookros2_ws/install/br2_navigation/lib/python3.12/site-packages'
[2.604s] Level 1:colcon.colcon_core.environment:checking '/home/edmund-munene/Documents/Programming-language-basics/Linux/Robotics/AConciseIntroductiontoRobotProgrammingwithROS2/bookros2_ws/install/br2_navigation/bin'
[2.605s] INFO:colcon.colcon_core.shell:Creating package script '/home/edmund-munene/Documents/Programming-language-basics/Linux/Robotics/AConciseIntroductiontoRobotProgrammingwithROS2/bookros2_ws/install/br2_navigation/share/br2_navigation/package.ps1'
[2.606s] INFO:colcon.colcon_core.shell:Creating package descriptor '/home/edmund-munene/Documents/Programming-language-basics/Linux/Robotics/AConciseIntroductiontoRobotProgrammingwithROS2/bookros2_ws/install/br2_navigation/share/br2_navigation/package.dsv'
[2.607s] INFO:colcon.colcon_core.shell:Creating package script '/home/edmund-munene/Documents/Programming-language-basics/Linux/Robotics/AConciseIntroductiontoRobotProgrammingwithROS2/bookros2_ws/install/br2_navigation/share/br2_navigation/package.sh'
[2.608s] INFO:colcon.colcon_core.shell:Creating package script '/home/edmund-munene/Documents/Programming-language-basics/Linux/Robotics/AConciseIntroductiontoRobotProgrammingwithROS2/bookros2_ws/install/br2_navigation/share/br2_navigation/package.bash'
[2.609s] INFO:colcon.colcon_core.shell:Creating package script '/home/edmund-munene/Documents/Programming-language-basics/Linux/Robotics/AConciseIntroductiontoRobotProgrammingwithROS2/bookros2_ws/install/br2_navigation/share/br2_navigation/package.zsh'
[2.610s] Level 1:colcon.colcon_core.environment:create_file_with_runtime_dependencies(/home/edmund-munene/Documents/Programming-language-basics/Linux/Robotics/AConciseIntroductiontoRobotProgrammingwithROS2/bookros2_ws/install/br2_navigation/share/colcon-core/packages/br2_navigation)
[2.617s] DEBUG:colcon.colcon_core.event_handler.log_command:Invoking command in '/home/edmund-munene/Documents/Programming-language-basics/Linux/Robotics/AConciseIntroductiontoRobotProgrammingwithROS2/bookros2_ws/build/play_motion2': AMENT_PREFIX_PATH=/home/edmund-munene/Documents/Programming-language-basics/Linux/Robotics/AConciseIntroductiontoRobotProgrammingwithROS2/bookros2_ws/install/play_motion2_msgs:${AMENT_PREFIX_PATH} CMAKE_PREFIX_PATH=/home/edmund-munene/Documents/Programming-language-basics/Linux/Robotics/AConciseIntroductiontoRobotProgrammingwithROS2/bookros2_ws/install/play_motion2_msgs:/opt/ros/jazzy/opt/gz_sim_vendor:/opt/ros/jazzy/opt/gz_sensors_vendor:/opt/ros/jazzy/opt/gz_physics_vendor:/opt/ros/jazzy/opt/sdformat_vendor:/opt/ros/jazzy/opt/gz_gui_vendor:/opt/ros/jazzy/opt/gz_transport_vendor:/opt/ros/jazzy/opt/gz_rendering_vendor:/opt/ros/jazzy/opt/gz_plugin_vendor:/opt/ros/jazzy/opt/gz_fuel_tools_vendor:/opt/ros/jazzy/opt/gz_msgs_vendor:/opt/ros/jazzy/opt/gz_common_vendor:/opt/ros/jazzy/opt/gz_math_vendor:/opt/ros/jazzy/opt/gz_utils_vendor:/opt/ros/jazzy/opt/gz_tools_vendor:/opt/ros/jazzy/opt/gz_ogre_next_vendor:/opt/ros/jazzy/opt/gz_dartsim_vendor:/opt/ros/jazzy/opt/gz_cmake_vendor:/opt/ros/jazzy DEBUGINFOD_URLS=https://debuginfod.ubuntu.com LD_LIBRARY_PATH=/home/edmund-munene/Documents/Programming-language-basics/Linux/Robotics/AConciseIntroductiontoRobotProgrammingwithROS2/bookros2_ws/install/play_motion2_msgs/lib:${LD_LIBRARY_PATH} PYTHONPATH=/home/edmund-munene/Documents/Programming-language-basics/Linux/Robotics/AConciseIntroductiontoRobotProgrammingwithROS2/bookros2_ws/install/play_motion2_msgs/lib/python3.12/site-packages:${PYTHONPATH} /usr/bin/cmake --build /home/edmund-munene/Documents/Programming-language-basics/Linux/Robotics/AConciseIntroductiontoRobotProgrammingwithROS2/bookros2_ws/build/play_motion2 -- -j12 -l12
[2.618s] INFO:colcon.colcon_ros.task.ament_cmake.build:Building ROS package in '/home/edmund-munene/Documents/Programming-language-basics/Linux/Robotics/AConciseIntroductiontoRobotProgrammingwithROS2/bookros2_ws/src/ThirdParty/Groot' with build type 'ament_cmake'
[2.618s] INFO:colcon.colcon_cmake.task.cmake.build:Building CMake package in '/home/edmund-munene/Documents/Programming-language-basics/Linux/Robotics/AConciseIntroductiontoRobotProgrammingwithROS2/bookros2_ws/src/ThirdParty/Groot'
[2.619s] INFO:colcon.colcon_core.shell:Skip shell extension 'powershell' for command environment: Not usable outside of PowerShell
[2.619s] DEBUG:colcon.colcon_core.shell:Skip shell extension 'dsv' for command environment
[2.631s] DEBUG:colcon.colcon_core.event_handler.log_command:Invoking command in '/home/edmund-munene/Documents/Programming-language-basics/Linux/Robotics/AConciseIntroductiontoRobotProgrammingwithROS2/bookros2_ws/build/br2_tracking': AMENT_PREFIX_PATH=/home/edmund-munene/Documents/Programming-language-basics/Linux/Robotics/AConciseIntroductiontoRobotProgrammingwithROS2/bookros2_ws/install/br2_tracking_msgs:${AMENT_PREFIX_PATH} CMAKE_PREFIX_PATH=/home/edmund-munene/Documents/Programming-language-basics/Linux/Robotics/AConciseIntroductiontoRobotProgrammingwithROS2/bookros2_ws/install/br2_tracking_msgs:/opt/ros/jazzy/opt/gz_sim_vendor:/opt/ros/jazzy/opt/gz_sensors_vendor:/opt/ros/jazzy/opt/gz_physics_vendor:/opt/ros/jazzy/opt/sdformat_vendor:/opt/ros/jazzy/opt/gz_gui_vendor:/opt/ros/jazzy/opt/gz_transport_vendor:/opt/ros/jazzy/opt/gz_rendering_vendor:/opt/ros/jazzy/opt/gz_plugin_vendor:/opt/ros/jazzy/opt/gz_fuel_tools_vendor:/opt/ros/jazzy/opt/gz_msgs_vendor:/opt/ros/jazzy/opt/gz_common_vendor:/opt/ros/jazzy/opt/gz_math_vendor:/opt/ros/jazzy/opt/gz_utils_vendor:/opt/ros/jazzy/opt/gz_tools_vendor:/opt/ros/jazzy/opt/gz_ogre_next_vendor:/opt/ros/jazzy/opt/gz_dartsim_vendor:/opt/ros/jazzy/opt/gz_cmake_vendor:/opt/ros/jazzy DEBUGINFOD_URLS=https://debuginfod.ubuntu.com LD_LIBRARY_PATH=/home/edmund-munene/Documents/Programming-language-basics/Linux/Robotics/AConciseIntroductiontoRobotProgrammingwithROS2/bookros2_ws/install/br2_tracking_msgs/lib:${LD_LIBRARY_PATH} PYTHONPATH=/home/edmund-munene/Documents/Programming-language-basics/Linux/Robotics/AConciseIntroductiontoRobotProgrammingwithROS2/bookros2_ws/install/br2_tracking_msgs/lib/python3.12/site-packages:${PYTHONPATH} /usr/bin/cmake --build /home/edmund-munene/Documents/Programming-language-basics/Linux/Robotics/AConciseIntroductiontoRobotProgrammingwithROS2/bookros2_ws/build/br2_tracking -- -j12 -l12
[2.637s] DEBUG:colcon.colcon_core.event_handler.log_command:Invoked command in '/home/edmund-munene/Documents/Programming-language-basics/Linux/Robotics/AConciseIntroductiontoRobotProgrammingwithROS2/bookros2_ws/build/br2_tiago' returned '0': CMAKE_PREFIX_PATH=${CMAKE_PREFIX_PATH}:/opt/ros/jazzy DEBUGINFOD_URLS=https://debuginfod.ubuntu.com /usr/bin/cmake --build /home/edmund-munene/Documents/Programming-language-basics/Linux/Robotics/AConciseIntroductiontoRobotProgrammingwithROS2/bookros2_ws/build/br2_tiago -- -j12 -l12
[2.638s] DEBUG:colcon.colcon_core.event_handler.log_command:Invoking command in '/home/edmund-munene/Documents/Programming-language-basics/Linux/Robotics/AConciseIntroductiontoRobotProgrammingwithROS2/bookros2_ws/build/br2_tiago': CMAKE_PREFIX_PATH=${CMAKE_PREFIX_PATH}:/opt/ros/jazzy DEBUGINFOD_URLS=https://debuginfod.ubuntu.com /usr/bin/cmake --install /home/edmund-munene/Documents/Programming-language-basics/Linux/Robotics/AConciseIntroductiontoRobotProgrammingwithROS2/bookros2_ws/build/br2_tiago
[2.654s] DEBUG:colcon.colcon_core.event_handler.log_command:Invoking command in '/home/edmund-munene/Documents/Programming-language-basics/Linux/Robotics/AConciseIntroductiontoRobotProgrammingwithROS2/bookros2_ws/build/groot': AMENT_PREFIX_PATH=/home/edmund-munene/Documents/Programming-language-basics/Linux/Robotics/AConciseIntroductiontoRobotProgrammingwithROS2/bookros2_ws/install/behaviortree_cpp_v3:${AMENT_PREFIX_PATH} CMAKE_PREFIX_PATH=/home/edmund-munene/Documents/Programming-language-basics/Linux/Robotics/AConciseIntroductiontoRobotProgrammingwithROS2/bookros2_ws/install/behaviortree_cpp_v3:/opt/ros/jazzy/opt/gz_sim_vendor:/opt/ros/jazzy/opt/gz_sensors_vendor:/opt/ros/jazzy/opt/gz_physics_vendor:/opt/ros/jazzy/opt/sdformat_vendor:/opt/ros/jazzy/opt/gz_gui_vendor:/opt/ros/jazzy/opt/gz_transport_vendor:/opt/ros/jazzy/opt/gz_rendering_vendor:/opt/ros/jazzy/opt/gz_plugin_vendor:/opt/ros/jazzy/opt/gz_fuel_tools_vendor:/opt/ros/jazzy/opt/gz_msgs_vendor:/opt/ros/jazzy/opt/gz_common_vendor:/opt/ros/jazzy/opt/gz_math_vendor:/opt/ros/jazzy/opt/gz_utils_vendor:/opt/ros/jazzy/opt/gz_tools_vendor:/opt/ros/jazzy/opt/gz_ogre_next_vendor:/opt/ros/jazzy/opt/gz_dartsim_vendor:/opt/ros/jazzy/opt/gz_cmake_vendor:/opt/ros/jazzy DEBUGINFOD_URLS=https://debuginfod.ubuntu.com LD_LIBRARY_PATH=/home/edmund-munene/Documents/Programming-language-basics/Linux/Robotics/AConciseIntroductiontoRobotProgrammingwithROS2/bookros2_ws/install/behaviortree_cpp_v3/lib:${LD_LIBRARY_PATH} PATH=/home/edmund-munene/Documents/Programming-language-basics/Linux/Robotics/AConciseIntroductiontoRobotProgrammingwithROS2/bookros2_ws/install/behaviortree_cpp_v3/bin:${PATH} /usr/bin/cmake --build /home/edmund-munene/Documents/Programming-language-basics/Linux/Robotics/AConciseIntroductiontoRobotProgrammingwithROS2/bookros2_ws/build/groot -- -j12 -l12
[2.821s] DEBUG:colcon.colcon_core.event_handler.log_command:Invoked command in '/home/edmund-munene/Documents/Programming-language-basics/Linux/Robotics/AConciseIntroductiontoRobotProgrammingwithROS2/bookros2_ws/build/br2_tf2_detector' returned '0': CMAKE_PREFIX_PATH=${CMAKE_PREFIX_PATH}:/opt/ros/jazzy DEBUGINFOD_URLS=https://debuginfod.ubuntu.com /usr/bin/cmake --build /home/edmund-munene/Documents/Programming-language-basics/Linux/Robotics/AConciseIntroductiontoRobotProgrammingwithROS2/bookros2_ws/build/br2_tf2_detector -- -j12 -l12
[2.822s] DEBUG:colcon.colcon_core.event_handler.log_command:Invoking command in '/home/edmund-munene/Documents/Programming-language-basics/Linux/Robotics/AConciseIntroductiontoRobotProgrammingwithROS2/bookros2_ws/build/br2_tf2_detector': CMAKE_PREFIX_PATH=${CMAKE_PREFIX_PATH}:/opt/ros/jazzy DEBUGINFOD_URLS=https://debuginfod.ubuntu.com /usr/bin/cmake --install /home/edmund-munene/Documents/Programming-language-basics/Linux/Robotics/AConciseIntroductiontoRobotProgrammingwithROS2/bookros2_ws/build/br2_tf2_detector
[2.937s] Level 1:colcon.colcon_core.environment:create_environment_scripts_only(br2_tiago)
[2.937s] Level 1:colcon.colcon_core.environment:checking '/home/edmund-munene/Documents/Programming-language-basics/Linux/Robotics/AConciseIntroductiontoRobotProgrammingwithROS2/bookros2_ws/install/br2_tiago' for CMake module files
[2.940s] Level 1:colcon.colcon_core.environment:checking '/home/edmund-munene/Documents/Programming-language-basics/Linux/Robotics/AConciseIntroductiontoRobotProgrammingwithROS2/bookros2_ws/install/br2_tiago' for CMake config files
[2.942s] DEBUG:colcon.colcon_core.event_handler.log_command:Invoked command in '/home/edmund-munene/Documents/Programming-language-basics/Linux/Robotics/AConciseIntroductiontoRobotProgrammingwithROS2/bookros2_ws/build/br2_deep_ros' returned '0': AMENT_PREFIX_PATH=/home/edmund-munene/Documents/Programming-language-basics/Linux/Robotics/AConciseIntroductiontoRobotProgrammingwithROS2/bookros2_ws/install/yaets:${AMENT_PREFIX_PATH} CMAKE_PREFIX_PATH=/home/edmund-munene/Documents/Programming-language-basics/Linux/Robotics/AConciseIntroductiontoRobotProgrammingwithROS2/bookros2_ws/install/yaets:/opt/ros/jazzy/opt/gz_sim_vendor:/opt/ros/jazzy/opt/gz_sensors_vendor:/opt/ros/jazzy/opt/gz_physics_vendor:/opt/ros/jazzy/opt/sdformat_vendor:/opt/ros/jazzy/opt/gz_gui_vendor:/opt/ros/jazzy/opt/gz_transport_vendor:/opt/ros/jazzy/opt/gz_rendering_vendor:/opt/ros/jazzy/opt/gz_plugin_vendor:/opt/ros/jazzy/opt/gz_fuel_tools_vendor:/opt/ros/jazzy/opt/gz_msgs_vendor:/opt/ros/jazzy/opt/gz_common_vendor:/opt/ros/jazzy/opt/gz_math_vendor:/opt/ros/jazzy/opt/gz_utils_vendor:/opt/ros/jazzy/opt/gz_tools_vendor:/opt/ros/jazzy/opt/gz_ogre_next_vendor:/opt/ros/jazzy/opt/gz_dartsim_vendor:/opt/ros/jazzy/opt/gz_cmake_vendor:/opt/ros/jazzy DEBUGINFOD_URLS=https://debuginfod.ubuntu.com LD_LIBRARY_PATH=/home/edmund-munene/Documents/Programming-language-basics/Linux/Robotics/AConciseIntroductiontoRobotProgrammingwithROS2/bookros2_ws/install/yaets/lib:${LD_LIBRARY_PATH} /usr/bin/cmake --build /home/edmund-munene/Documents/Programming-language-basics/Linux/Robotics/AConciseIntroductiontoRobotProgrammingwithROS2/bookros2_ws/build/br2_deep_ros -- -j12 -l12
[2.943s] DEBUG:colcon.colcon_core.event_handler.log_command:Invoking command in '/home/edmund-munene/Documents/Programming-language-basics/Linux/Robotics/AConciseIntroductiontoRobotProgrammingwithROS2/bookros2_ws/build/br2_deep_ros': AMENT_PREFIX_PATH=/home/edmund-munene/Documents/Programming-language-basics/Linux/Robotics/AConciseIntroductiontoRobotProgrammingwithROS2/bookros2_ws/install/yaets:${AMENT_PREFIX_PATH} CMAKE_PREFIX_PATH=/home/edmund-munene/Documents/Programming-language-basics/Linux/Robotics/AConciseIntroductiontoRobotProgrammingwithROS2/bookros2_ws/install/yaets:/opt/ros/jazzy/opt/gz_sim_vendor:/opt/ros/jazzy/opt/gz_sensors_vendor:/opt/ros/jazzy/opt/gz_physics_vendor:/opt/ros/jazzy/opt/sdformat_vendor:/opt/ros/jazzy/opt/gz_gui_vendor:/opt/ros/jazzy/opt/gz_transport_vendor:/opt/ros/jazzy/opt/gz_rendering_vendor:/opt/ros/jazzy/opt/gz_plugin_vendor:/opt/ros/jazzy/opt/gz_fuel_tools_vendor:/opt/ros/jazzy/opt/gz_msgs_vendor:/opt/ros/jazzy/opt/gz_common_vendor:/opt/ros/jazzy/opt/gz_math_vendor:/opt/ros/jazzy/opt/gz_utils_vendor:/opt/ros/jazzy/opt/gz_tools_vendor:/opt/ros/jazzy/opt/gz_ogre_next_vendor:/opt/ros/jazzy/opt/gz_dartsim_vendor:/opt/ros/jazzy/opt/gz_cmake_vendor:/opt/ros/jazzy DEBUGINFOD_URLS=https://debuginfod.ubuntu.com LD_LIBRARY_PATH=/home/edmund-munene/Documents/Programming-language-basics/Linux/Robotics/AConciseIntroductiontoRobotProgrammingwithROS2/bookros2_ws/install/yaets/lib:${LD_LIBRARY_PATH} /usr/bin/cmake --install /home/edmund-munene/Documents/Programming-language-basics/Linux/Robotics/AConciseIntroductiontoRobotProgrammingwithROS2/bookros2_ws/build/br2_deep_ros
[2.943s] DEBUG:colcon.colcon_core.event_handler.log_command:Invoked command in '/home/edmund-munene/Documents/Programming-language-basics/Linux/Robotics/AConciseIntroductiontoRobotProgrammingwithROS2/bookros2_ws/build/br2_tiago' returned '0': CMAKE_PREFIX_PATH=${CMAKE_PREFIX_PATH}:/opt/ros/jazzy DEBUGINFOD_URLS=https://debuginfod.ubuntu.com /usr/bin/cmake --install /home/edmund-munene/Documents/Programming-language-basics/Linux/Robotics/AConciseIntroductiontoRobotProgrammingwithROS2/bookros2_ws/build/br2_tiago
[2.944s] Level 1:colcon.colcon_core.shell:create_environment_hook('br2_tiago', 'cmake_prefix_path')
[2.945s] INFO:colcon.colcon_core.shell:Creating environment hook '/home/edmund-munene/Documents/Programming-language-basics/Linux/Robotics/AConciseIntroductiontoRobotProgrammingwithROS2/bookros2_ws/install/br2_tiago/share/br2_tiago/hook/cmake_prefix_path.ps1'
[2.946s] INFO:colcon.colcon_core.shell:Creating environment descriptor '/home/edmund-munene/Documents/Programming-language-basics/Linux/Robotics/AConciseIntroductiontoRobotProgrammingwithROS2/bookros2_ws/install/br2_tiago/share/br2_tiago/hook/cmake_prefix_path.dsv'
[2.946s] INFO:colcon.colcon_core.shell:Creating environment hook '/home/edmund-munene/Documents/Programming-language-basics/Linux/Robotics/AConciseIntroductiontoRobotProgrammingwithROS2/bookros2_ws/install/br2_tiago/share/br2_tiago/hook/cmake_prefix_path.sh'
[2.948s] Level 1:colcon.colcon_core.environment:checking '/home/edmund-munene/Documents/Programming-language-basics/Linux/Robotics/AConciseIntroductiontoRobotProgrammingwithROS2/bookros2_ws/install/br2_tiago/bin'
[2.948s] Level 1:colcon.colcon_core.environment:checking '/home/edmund-munene/Documents/Programming-language-basics/Linux/Robotics/AConciseIntroductiontoRobotProgrammingwithROS2/bookros2_ws/install/br2_tiago/lib/pkgconfig/br2_tiago.pc'
[2.949s] Level 1:colcon.colcon_core.environment:checking '/home/edmund-munene/Documents/Programming-language-basics/Linux/Robotics/AConciseIntroductiontoRobotProgrammingwithROS2/bookros2_ws/install/br2_tiago/lib/python3.12/site-packages'
[2.950s] Level 1:colcon.colcon_core.environment:checking '/home/edmund-munene/Documents/Programming-language-basics/Linux/Robotics/AConciseIntroductiontoRobotProgrammingwithROS2/bookros2_ws/install/br2_tiago/bin'
[2.951s] INFO:colcon.colcon_core.shell:Creating package script '/home/edmund-munene/Documents/Programming-language-basics/Linux/Robotics/AConciseIntroductiontoRobotProgrammingwithROS2/bookros2_ws/install/br2_tiago/share/br2_tiago/package.ps1'
[2.952s] INFO:colcon.colcon_core.shell:Creating package descriptor '/home/edmund-munene/Documents/Programming-language-basics/Linux/Robotics/AConciseIntroductiontoRobotProgrammingwithROS2/bookros2_ws/install/br2_tiago/share/br2_tiago/package.dsv'
[2.953s] INFO:colcon.colcon_core.shell:Creating package script '/home/edmund-munene/Documents/Programming-language-basics/Linux/Robotics/AConciseIntroductiontoRobotProgrammingwithROS2/bookros2_ws/install/br2_tiago/share/br2_tiago/package.sh'
[2.954s] INFO:colcon.colcon_core.shell:Creating package script '/home/edmund-munene/Documents/Programming-language-basics/Linux/Robotics/AConciseIntroductiontoRobotProgrammingwithROS2/bookros2_ws/install/br2_tiago/share/br2_tiago/package.bash'
[2.954s] INFO:colcon.colcon_core.shell:Creating package script '/home/edmund-munene/Documents/Programming-language-basics/Linux/Robotics/AConciseIntroductiontoRobotProgrammingwithROS2/bookros2_ws/install/br2_tiago/share/br2_tiago/package.zsh'
[2.955s] Level 1:colcon.colcon_core.environment:create_file_with_runtime_dependencies(/home/edmund-munene/Documents/Programming-language-basics/Linux/Robotics/AConciseIntroductiontoRobotProgrammingwithROS2/bookros2_ws/install/br2_tiago/share/colcon-core/packages/br2_tiago)
[2.956s] Level 1:colcon.colcon_core.environment:create_environment_scripts_only(br2_tiago)
[2.957s] Level 1:colcon.colcon_core.environment:checking '/home/edmund-munene/Documents/Programming-language-basics/Linux/Robotics/AConciseIntroductiontoRobotProgrammingwithROS2/bookros2_ws/install/br2_tiago' for CMake module files
[2.959s] Level 1:colcon.colcon_core.environment:checking '/home/edmund-munene/Documents/Programming-language-basics/Linux/Robotics/AConciseIntroductiontoRobotProgrammingwithROS2/bookros2_ws/install/br2_tiago' for CMake config files
[2.959s] Level 1:colcon.colcon_core.shell:create_environment_hook('br2_tiago', 'cmake_prefix_path')
[2.959s] INFO:colcon.colcon_core.shell:Creating environment hook '/home/edmund-munene/Documents/Programming-language-basics/Linux/Robotics/AConciseIntroductiontoRobotProgrammingwithROS2/bookros2_ws/install/br2_tiago/share/br2_tiago/hook/cmake_prefix_path.ps1'
[2.960s] INFO:colcon.colcon_core.shell:Creating environment descriptor '/home/edmund-munene/Documents/Programming-language-basics/Linux/Robotics/AConciseIntroductiontoRobotProgrammingwithROS2/bookros2_ws/install/br2_tiago/share/br2_tiago/hook/cmake_prefix_path.dsv'
[2.961s] INFO:colcon.colcon_core.shell:Creating environment hook '/home/edmund-munene/Documents/Programming-language-basics/Linux/Robotics/AConciseIntroductiontoRobotProgrammingwithROS2/bookros2_ws/install/br2_tiago/share/br2_tiago/hook/cmake_prefix_path.sh'
[2.962s] Level 1:colcon.colcon_core.environment:checking '/home/edmund-munene/Documents/Programming-language-basics/Linux/Robotics/AConciseIntroductiontoRobotProgrammingwithROS2/bookros2_ws/install/br2_tiago/bin'
[2.962s] Level 1:colcon.colcon_core.environment:checking '/home/edmund-munene/Documents/Programming-language-basics/Linux/Robotics/AConciseIntroductiontoRobotProgrammingwithROS2/bookros2_ws/install/br2_tiago/lib/pkgconfig/br2_tiago.pc'
[2.963s] Level 1:colcon.colcon_core.environment:checking '/home/edmund-munene/Documents/Programming-language-basics/Linux/Robotics/AConciseIntroductiontoRobotProgrammingwithROS2/bookros2_ws/install/br2_tiago/lib/python3.12/site-packages'
[2.963s] Level 1:colcon.colcon_core.environment:checking '/home/edmund-munene/Documents/Programming-language-basics/Linux/Robotics/AConciseIntroductiontoRobotProgrammingwithROS2/bookros2_ws/install/br2_tiago/bin'
[2.964s] INFO:colcon.colcon_core.shell:Creating package script '/home/edmund-munene/Documents/Programming-language-basics/Linux/Robotics/AConciseIntroductiontoRobotProgrammingwithROS2/bookros2_ws/install/br2_tiago/share/br2_tiago/package.ps1'
[2.965s] INFO:colcon.colcon_core.shell:Creating package descriptor '/home/edmund-munene/Documents/Programming-language-basics/Linux/Robotics/AConciseIntroductiontoRobotProgrammingwithROS2/bookros2_ws/install/br2_tiago/share/br2_tiago/package.dsv'
[2.966s] INFO:colcon.colcon_core.shell:Creating package script '/home/edmund-munene/Documents/Programming-language-basics/Linux/Robotics/AConciseIntroductiontoRobotProgrammingwithROS2/bookros2_ws/install/br2_tiago/share/br2_tiago/package.sh'
[2.967s] INFO:colcon.colcon_core.shell:Creating package script '/home/edmund-munene/Documents/Programming-language-basics/Linux/Robotics/AConciseIntroductiontoRobotProgrammingwithROS2/bookros2_ws/install/br2_tiago/share/br2_tiago/package.bash'
[2.968s] INFO:colcon.colcon_core.shell:Creating package script '/home/edmund-munene/Documents/Programming-language-basics/Linux/Robotics/AConciseIntroductiontoRobotProgrammingwithROS2/bookros2_ws/install/br2_tiago/share/br2_tiago/package.zsh'
[2.969s] Level 1:colcon.colcon_core.environment:create_file_with_runtime_dependencies(/home/edmund-munene/Documents/Programming-language-basics/Linux/Robotics/AConciseIntroductiontoRobotProgrammingwithROS2/bookros2_ws/install/br2_tiago/share/colcon-core/packages/br2_tiago)
[2.971s] INFO:colcon.colcon_ros.task.ament_cmake.build:Building ROS package in '/home/edmund-munene/Documents/Programming-language-basics/Linux/Robotics/AConciseIntroductiontoRobotProgrammingwithROS2/bookros2_ws/src/ThirdParty/pal_robotiq_gripper/pal_robotiq_gripper' with build type 'ament_cmake'
[2.971s] INFO:colcon.colcon_cmake.task.cmake.build:Building CMake package in '/home/edmund-munene/Documents/Programming-language-basics/Linux/Robotics/AConciseIntroductiontoRobotProgrammingwithROS2/bookros2_ws/src/ThirdParty/pal_robotiq_gripper/pal_robotiq_gripper'
[2.971s] INFO:colcon.colcon_core.shell:Skip shell extension 'powershell' for command environment: Not usable outside of PowerShell
[2.972s] DEBUG:colcon.colcon_core.shell:Skip shell extension 'dsv' for command environment
[2.989s] Level 1:colcon.colcon_core.environment:create_environment_scripts_only(br2_tf2_detector)
[2.990s] Level 1:colcon.colcon_core.environment:checking '/home/edmund-munene/Documents/Programming-language-basics/Linux/Robotics/AConciseIntroductiontoRobotProgrammingwithROS2/bookros2_ws/install/br2_tf2_detector' for CMake module files
[2.991s] Level 1:colcon.colcon_core.environment:checking '/home/edmund-munene/Documents/Programming-language-basics/Linux/Robotics/AConciseIntroductiontoRobotProgrammingwithROS2/bookros2_ws/install/br2_tf2_detector' for CMake config files
[2.992s] Level 1:colcon.colcon_core.shell:create_environment_hook('br2_tf2_detector', 'cmake_prefix_path')
[2.992s] INFO:colcon.colcon_core.shell:Creating environment hook '/home/edmund-munene/Documents/Programming-language-basics/Linux/Robotics/AConciseIntroductiontoRobotProgrammingwithROS2/bookros2_ws/install/br2_tf2_detector/share/br2_tf2_detector/hook/cmake_prefix_path.ps1'
[2.993s] INFO:colcon.colcon_core.shell:Creating environment descriptor '/home/edmund-munene/Documents/Programming-language-basics/Linux/Robotics/AConciseIntroductiontoRobotProgrammingwithROS2/bookros2_ws/install/br2_tf2_detector/share/br2_tf2_detector/hook/cmake_prefix_path.dsv'
[2.994s] INFO:colcon.colcon_core.shell:Creating environment hook '/home/edmund-munene/Documents/Programming-language-basics/Linux/Robotics/AConciseIntroductiontoRobotProgrammingwithROS2/bookros2_ws/install/br2_tf2_detector/share/br2_tf2_detector/hook/cmake_prefix_path.sh'
[2.995s] Level 1:colcon.colcon_core.environment:checking '/home/edmund-munene/Documents/Programming-language-basics/Linux/Robotics/AConciseIntroductiontoRobotProgrammingwithROS2/bookros2_ws/install/br2_tf2_detector/lib'
[2.995s] Level 1:colcon.colcon_core.shell:create_environment_hook('br2_tf2_detector', 'ld_library_path_lib')
[2.996s] INFO:colcon.colcon_core.shell:Creating environment hook '/home/edmund-munene/Documents/Programming-language-basics/Linux/Robotics/AConciseIntroductiontoRobotProgrammingwithROS2/bookros2_ws/install/br2_tf2_detector/share/br2_tf2_detector/hook/ld_library_path_lib.ps1'
[3.004s] INFO:colcon.colcon_core.shell:Creating environment descriptor '/home/edmund-munene/Documents/Programming-language-basics/Linux/Robotics/AConciseIntroductiontoRobotProgrammingwithROS2/bookros2_ws/install/br2_tf2_detector/share/br2_tf2_detector/hook/ld_library_path_lib.dsv'
[3.005s] INFO:colcon.colcon_core.shell:Creating environment hook '/home/edmund-munene/Documents/Programming-language-basics/Linux/Robotics/AConciseIntroductiontoRobotProgrammingwithROS2/bookros2_ws/install/br2_tf2_detector/share/br2_tf2_detector/hook/ld_library_path_lib.sh'
[3.005s] Level 1:colcon.colcon_core.environment:checking '/home/edmund-munene/Documents/Programming-language-basics/Linux/Robotics/AConciseIntroductiontoRobotProgrammingwithROS2/bookros2_ws/install/br2_tf2_detector/bin'
[3.006s] Level 1:colcon.colcon_core.environment:checking '/home/edmund-munene/Documents/Programming-language-basics/Linux/Robotics/AConciseIntroductiontoRobotProgrammingwithROS2/bookros2_ws/install/br2_tf2_detector/lib/pkgconfig/br2_tf2_detector.pc'
[3.006s] Level 1:colcon.colcon_core.environment:checking '/home/edmund-munene/Documents/Programming-language-basics/Linux/Robotics/AConciseIntroductiontoRobotProgrammingwithROS2/bookros2_ws/install/br2_tf2_detector/lib/python3.12/site-packages'
[3.007s] Level 1:colcon.colcon_core.environment:checking '/home/edmund-munene/Documents/Programming-language-basics/Linux/Robotics/AConciseIntroductiontoRobotProgrammingwithROS2/bookros2_ws/install/br2_tf2_detector/bin'
[3.008s] INFO:colcon.colcon_core.shell:Creating package script '/home/edmund-munene/Documents/Programming-language-basics/Linux/Robotics/AConciseIntroductiontoRobotProgrammingwithROS2/bookros2_ws/install/br2_tf2_detector/share/br2_tf2_detector/package.ps1'
[3.009s] INFO:colcon.colcon_core.shell:Creating package descriptor '/home/edmund-munene/Documents/Programming-language-basics/Linux/Robotics/AConciseIntroductiontoRobotProgrammingwithROS2/bookros2_ws/install/br2_tf2_detector/share/br2_tf2_detector/package.dsv'
[3.006s] DEBUG:colcon.colcon_core.event_handler.log_command:Invoked command in '/home/edmund-munene/Documents/Programming-language-basics/Linux/Robotics/AConciseIntroductiontoRobotProgrammingwithROS2/bookros2_ws/build/br2_tf2_detector' returned '0': CMAKE_PREFIX_PATH=${CMAKE_PREFIX_PATH}:/opt/ros/jazzy DEBUGINFOD_URLS=https://debuginfod.ubuntu.com /usr/bin/cmake --install /home/edmund-munene/Documents/Programming-language-basics/Linux/Robotics/AConciseIntroductiontoRobotProgrammingwithROS2/bookros2_ws/build/br2_tf2_detector
[3.010s] INFO:colcon.colcon_core.shell:Creating package script '/home/edmund-munene/Documents/Programming-language-basics/Linux/Robotics/AConciseIntroductiontoRobotProgrammingwithROS2/bookros2_ws/install/br2_tf2_detector/share/br2_tf2_detector/package.sh'
[3.011s] INFO:colcon.colcon_core.shell:Creating package script '/home/edmund-munene/Documents/Programming-language-basics/Linux/Robotics/AConciseIntroductiontoRobotProgrammingwithROS2/bookros2_ws/install/br2_tf2_detector/share/br2_tf2_detector/package.bash'
[3.012s] INFO:colcon.colcon_core.shell:Creating package script '/home/edmund-munene/Documents/Programming-language-basics/Linux/Robotics/AConciseIntroductiontoRobotProgrammingwithROS2/bookros2_ws/install/br2_tf2_detector/share/br2_tf2_detector/package.zsh'
[3.013s] Level 1:colcon.colcon_core.environment:create_file_with_runtime_dependencies(/home/edmund-munene/Documents/Programming-language-basics/Linux/Robotics/AConciseIntroductiontoRobotProgrammingwithROS2/bookros2_ws/install/br2_tf2_detector/share/colcon-core/packages/br2_tf2_detector)
[3.014s] Level 1:colcon.colcon_core.environment:create_environment_scripts_only(br2_tf2_detector)
[3.014s] Level 1:colcon.colcon_core.environment:checking '/home/edmund-munene/Documents/Programming-language-basics/Linux/Robotics/AConciseIntroductiontoRobotProgrammingwithROS2/bookros2_ws/install/br2_tf2_detector' for CMake module files
[3.016s] Level 1:colcon.colcon_core.environment:checking '/home/edmund-munene/Documents/Programming-language-basics/Linux/Robotics/AConciseIntroductiontoRobotProgrammingwithROS2/bookros2_ws/install/br2_tf2_detector' for CMake config files
[3.016s] Level 1:colcon.colcon_core.shell:create_environment_hook('br2_tf2_detector', 'cmake_prefix_path')
[3.016s] INFO:colcon.colcon_core.shell:Creating environment hook '/home/edmund-munene/Documents/Programming-language-basics/Linux/Robotics/AConciseIntroductiontoRobotProgrammingwithROS2/bookros2_ws/install/br2_tf2_detector/share/br2_tf2_detector/hook/cmake_prefix_path.ps1'
[3.017s] INFO:colcon.colcon_core.shell:Creating environment descriptor '/home/edmund-munene/Documents/Programming-language-basics/Linux/Robotics/AConciseIntroductiontoRobotProgrammingwithROS2/bookros2_ws/install/br2_tf2_detector/share/br2_tf2_detector/hook/cmake_prefix_path.dsv'
[3.018s] INFO:colcon.colcon_core.shell:Creating environment hook '/home/edmund-munene/Documents/Programming-language-basics/Linux/Robotics/AConciseIntroductiontoRobotProgrammingwithROS2/bookros2_ws/install/br2_tf2_detector/share/br2_tf2_detector/hook/cmake_prefix_path.sh'
[3.019s] Level 1:colcon.colcon_core.environment:checking '/home/edmund-munene/Documents/Programming-language-basics/Linux/Robotics/AConciseIntroductiontoRobotProgrammingwithROS2/bookros2_ws/install/br2_tf2_detector/lib'
[3.019s] Level 1:colcon.colcon_core.shell:create_environment_hook('br2_tf2_detector', 'ld_library_path_lib')
[3.020s] INFO:colcon.colcon_core.shell:Creating environment hook '/home/edmund-munene/Documents/Programming-language-basics/Linux/Robotics/AConciseIntroductiontoRobotProgrammingwithROS2/bookros2_ws/install/br2_tf2_detector/share/br2_tf2_detector/hook/ld_library_path_lib.ps1'
[3.020s] INFO:colcon.colcon_core.shell:Creating environment descriptor '/home/edmund-munene/Documents/Programming-language-basics/Linux/Robotics/AConciseIntroductiontoRobotProgrammingwithROS2/bookros2_ws/install/br2_tf2_detector/share/br2_tf2_detector/hook/ld_library_path_lib.dsv'
[3.027s] INFO:colcon.colcon_core.shell:Creating environment hook '/home/edmund-munene/Documents/Programming-language-basics/Linux/Robotics/AConciseIntroductiontoRobotProgrammingwithROS2/bookros2_ws/install/br2_tf2_detector/share/br2_tf2_detector/hook/ld_library_path_lib.sh'
[3.028s] Level 1:colcon.colcon_core.environment:checking '/home/edmund-munene/Documents/Programming-language-basics/Linux/Robotics/AConciseIntroductiontoRobotProgrammingwithROS2/bookros2_ws/install/br2_tf2_detector/bin'
[3.028s] Level 1:colcon.colcon_core.environment:checking '/home/edmund-munene/Documents/Programming-language-basics/Linux/Robotics/AConciseIntroductiontoRobotProgrammingwithROS2/bookros2_ws/install/br2_tf2_detector/lib/pkgconfig/br2_tf2_detector.pc'
[3.029s] Level 1:colcon.colcon_core.environment:checking '/home/edmund-munene/Documents/Programming-language-basics/Linux/Robotics/AConciseIntroductiontoRobotProgrammingwithROS2/bookros2_ws/install/br2_tf2_detector/lib/python3.12/site-packages'
[3.029s] Level 1:colcon.colcon_core.environment:checking '/home/edmund-munene/Documents/Programming-language-basics/Linux/Robotics/AConciseIntroductiontoRobotProgrammingwithROS2/bookros2_ws/install/br2_tf2_detector/bin'
[3.031s] INFO:colcon.colcon_core.shell:Creating package script '/home/edmund-munene/Documents/Programming-language-basics/Linux/Robotics/AConciseIntroductiontoRobotProgrammingwithROS2/bookros2_ws/install/br2_tf2_detector/share/br2_tf2_detector/package.ps1'
[3.033s] INFO:colcon.colcon_core.shell:Creating package descriptor '/home/edmund-munene/Documents/Programming-language-basics/Linux/Robotics/AConciseIntroductiontoRobotProgrammingwithROS2/bookros2_ws/install/br2_tf2_detector/share/br2_tf2_detector/package.dsv'
[3.034s] INFO:colcon.colcon_core.shell:Creating package script '/home/edmund-munene/Documents/Programming-language-basics/Linux/Robotics/AConciseIntroductiontoRobotProgrammingwithROS2/bookros2_ws/install/br2_tf2_detector/share/br2_tf2_detector/package.sh'
[3.036s] INFO:colcon.colcon_core.shell:Creating package script '/home/edmund-munene/Documents/Programming-language-basics/Linux/Robotics/AConciseIntroductiontoRobotProgrammingwithROS2/bookros2_ws/install/br2_tf2_detector/share/br2_tf2_detector/package.bash'
[3.037s] INFO:colcon.colcon_core.shell:Creating package script '/home/edmund-munene/Documents/Programming-language-basics/Linux/Robotics/AConciseIntroductiontoRobotProgrammingwithROS2/bookros2_ws/install/br2_tf2_detector/share/br2_tf2_detector/package.zsh'
[3.038s] Level 1:colcon.colcon_core.environment:create_file_with_runtime_dependencies(/home/edmund-munene/Documents/Programming-language-basics/Linux/Robotics/AConciseIntroductiontoRobotProgrammingwithROS2/bookros2_ws/install/br2_tf2_detector/share/colcon-core/packages/br2_tf2_detector)
[3.043s] DEBUG:colcon.colcon_core.event_handler.log_command:Invoked command in '/home/edmund-munene/Documents/Programming-language-basics/Linux/Robotics/AConciseIntroductiontoRobotProgrammingwithROS2/bookros2_ws/build/br2_bt_bumpgo' returned '0': AMENT_PREFIX_PATH=/home/edmund-munene/Documents/Programming-language-basics/Linux/Robotics/AConciseIntroductiontoRobotProgrammingwithROS2/bookros2_ws/install/behaviortree_cpp_v3:${AMENT_PREFIX_PATH} CMAKE_PREFIX_PATH=/home/edmund-munene/Documents/Programming-language-basics/Linux/Robotics/AConciseIntroductiontoRobotProgrammingwithROS2/bookros2_ws/install/behaviortree_cpp_v3:/opt/ros/jazzy/opt/gz_sim_vendor:/opt/ros/jazzy/opt/gz_sensors_vendor:/opt/ros/jazzy/opt/gz_physics_vendor:/opt/ros/jazzy/opt/sdformat_vendor:/opt/ros/jazzy/opt/gz_gui_vendor:/opt/ros/jazzy/opt/gz_transport_vendor:/opt/ros/jazzy/opt/gz_rendering_vendor:/opt/ros/jazzy/opt/gz_plugin_vendor:/opt/ros/jazzy/opt/gz_fuel_tools_vendor:/opt/ros/jazzy/opt/gz_msgs_vendor:/opt/ros/jazzy/opt/gz_common_vendor:/opt/ros/jazzy/opt/gz_math_vendor:/opt/ros/jazzy/opt/gz_utils_vendor:/opt/ros/jazzy/opt/gz_tools_vendor:/opt/ros/jazzy/opt/gz_ogre_next_vendor:/opt/ros/jazzy/opt/gz_dartsim_vendor:/opt/ros/jazzy/opt/gz_cmake_vendor:/opt/ros/jazzy DEBUGINFOD_URLS=https://debuginfod.ubuntu.com LD_LIBRARY_PATH=/home/edmund-munene/Documents/Programming-language-basics/Linux/Robotics/AConciseIntroductiontoRobotProgrammingwithROS2/bookros2_ws/install/behaviortree_cpp_v3/lib:${LD_LIBRARY_PATH} PATH=/home/edmund-munene/Documents/Programming-language-basics/Linux/Robotics/AConciseIntroductiontoRobotProgrammingwithROS2/bookros2_ws/install/behaviortree_cpp_v3/bin:${PATH} /usr/bin/cmake --build /home/edmund-munene/Documents/Programming-language-basics/Linux/Robotics/AConciseIntroductiontoRobotProgrammingwithROS2/bookros2_ws/build/br2_bt_bumpgo -- -j12 -l12
[3.044s] INFO:colcon.colcon_ros.task.ament_cmake.build:Building ROS package in '/home/edmund-munene/Documents/Programming-language-basics/Linux/Robotics/AConciseIntroductiontoRobotProgrammingwithROS2/bookros2_ws/src/ThirdParty/pal_gripper/pal_gripper' with build type 'ament_cmake'
[3.044s] INFO:colcon.colcon_cmake.task.cmake.build:Building CMake package in '/home/edmund-munene/Documents/Programming-language-basics/Linux/Robotics/AConciseIntroductiontoRobotProgrammingwithROS2/bookros2_ws/src/ThirdParty/pal_gripper/pal_gripper'
[3.045s] INFO:colcon.colcon_core.shell:Skip shell extension 'powershell' for command environment: Not usable outside of PowerShell
[3.045s] DEBUG:colcon.colcon_core.shell:Skip shell extension 'dsv' for command environment
[3.049s] DEBUG:colcon.colcon_core.event_handler.log_command:Invoking command in '/home/edmund-munene/Documents/Programming-language-basics/Linux/Robotics/AConciseIntroductiontoRobotProgrammingwithROS2/bookros2_ws/build/br2_bt_bumpgo': AMENT_PREFIX_PATH=/home/edmund-munene/Documents/Programming-language-basics/Linux/Robotics/AConciseIntroductiontoRobotProgrammingwithROS2/bookros2_ws/install/behaviortree_cpp_v3:${AMENT_PREFIX_PATH} CMAKE_PREFIX_PATH=/home/edmund-munene/Documents/Programming-language-basics/Linux/Robotics/AConciseIntroductiontoRobotProgrammingwithROS2/bookros2_ws/install/behaviortree_cpp_v3:/opt/ros/jazzy/opt/gz_sim_vendor:/opt/ros/jazzy/opt/gz_sensors_vendor:/opt/ros/jazzy/opt/gz_physics_vendor:/opt/ros/jazzy/opt/sdformat_vendor:/opt/ros/jazzy/opt/gz_gui_vendor:/opt/ros/jazzy/opt/gz_transport_vendor:/opt/ros/jazzy/opt/gz_rendering_vendor:/opt/ros/jazzy/opt/gz_plugin_vendor:/opt/ros/jazzy/opt/gz_fuel_tools_vendor:/opt/ros/jazzy/opt/gz_msgs_vendor:/opt/ros/jazzy/opt/gz_common_vendor:/opt/ros/jazzy/opt/gz_math_vendor:/opt/ros/jazzy/opt/gz_utils_vendor:/opt/ros/jazzy/opt/gz_tools_vendor:/opt/ros/jazzy/opt/gz_ogre_next_vendor:/opt/ros/jazzy/opt/gz_dartsim_vendor:/opt/ros/jazzy/opt/gz_cmake_vendor:/opt/ros/jazzy DEBUGINFOD_URLS=https://debuginfod.ubuntu.com LD_LIBRARY_PATH=/home/edmund-munene/Documents/Programming-language-basics/Linux/Robotics/AConciseIntroductiontoRobotProgrammingwithROS2/bookros2_ws/install/behaviortree_cpp_v3/lib:${LD_LIBRARY_PATH} PATH=/home/edmund-munene/Documents/Programming-language-basics/Linux/Robotics/AConciseIntroductiontoRobotProgrammingwithROS2/bookros2_ws/install/behaviortree_cpp_v3/bin:${PATH} /usr/bin/cmake --install /home/edmund-munene/Documents/Programming-language-basics/Linux/Robotics/AConciseIntroductiontoRobotProgrammingwithROS2/bookros2_ws/build/br2_bt_bumpgo
[3.057s] DEBUG:colcon.colcon_core.event_handler.log_command:Invoked command in '/home/edmund-munene/Documents/Programming-language-basics/Linux/Robotics/AConciseIntroductiontoRobotProgrammingwithROS2/bookros2_ws/build/br2_vff_avoidance' returned '0': CMAKE_PREFIX_PATH=${CMAKE_PREFIX_PATH}:/opt/ros/jazzy DEBUGINFOD_URLS=https://debuginfod.ubuntu.com /usr/bin/cmake --build /home/edmund-munene/Documents/Programming-language-basics/Linux/Robotics/AConciseIntroductiontoRobotProgrammingwithROS2/bookros2_ws/build/br2_vff_avoidance -- -j12 -l12
[3.062s] DEBUG:colcon.colcon_core.event_handler.log_command:Invoking command in '/home/edmund-munene/Documents/Programming-language-basics/Linux/Robotics/AConciseIntroductiontoRobotProgrammingwithROS2/bookros2_ws/build/br2_vff_avoidance': CMAKE_PREFIX_PATH=${CMAKE_PREFIX_PATH}:/opt/ros/jazzy DEBUGINFOD_URLS=https://debuginfod.ubuntu.com /usr/bin/cmake --install /home/edmund-munene/Documents/Programming-language-basics/Linux/Robotics/AConciseIntroductiontoRobotProgrammingwithROS2/bookros2_ws/build/br2_vff_avoidance
[3.073s] DEBUG:colcon.colcon_core.event_handler.log_command:Invoking command in '/home/edmund-munene/Documents/Programming-language-basics/Linux/Robotics/AConciseIntroductiontoRobotProgrammingwithROS2/bookros2_ws/build/pal_robotiq_gripper': AMENT_PREFIX_PATH=/home/edmund-munene/Documents/Programming-language-basics/Linux/Robotics/AConciseIntroductiontoRobotProgrammingwithROS2/bookros2_ws/install/pal_robotiq_description:/home/edmund-munene/Documents/Programming-language-basics/Linux/Robotics/AConciseIntroductiontoRobotProgrammingwithROS2/bookros2_ws/install/pal_robotiq_controller_configuration:${AMENT_PREFIX_PATH} CMAKE_PREFIX_PATH=/home/edmund-munene/Documents/Programming-language-basics/Linux/Robotics/AConciseIntroductiontoRobotProgrammingwithROS2/bookros2_ws/install/pal_robotiq_description:/home/edmund-munene/Documents/Programming-language-basics/Linux/Robotics/AConciseIntroductiontoRobotProgrammingwithROS2/bookros2_ws/install/pal_robotiq_controller_configuration:/opt/ros/jazzy/opt/gz_sim_vendor:/opt/ros/jazzy/opt/gz_sensors_vendor:/opt/ros/jazzy/opt/gz_physics_vendor:/opt/ros/jazzy/opt/sdformat_vendor:/opt/ros/jazzy/opt/gz_gui_vendor:/opt/ros/jazzy/opt/gz_transport_vendor:/opt/ros/jazzy/opt/gz_rendering_vendor:/opt/ros/jazzy/opt/gz_plugin_vendor:/opt/ros/jazzy/opt/gz_fuel_tools_vendor:/opt/ros/jazzy/opt/gz_msgs_vendor:/opt/ros/jazzy/opt/gz_common_vendor:/opt/ros/jazzy/opt/gz_math_vendor:/opt/ros/jazzy/opt/gz_utils_vendor:/opt/ros/jazzy/opt/gz_tools_vendor:/opt/ros/jazzy/opt/gz_ogre_next_vendor:/opt/ros/jazzy/opt/gz_dartsim_vendor:/opt/ros/jazzy/opt/gz_cmake_vendor:/opt/ros/jazzy DEBUGINFOD_URLS=https://debuginfod.ubuntu.com /usr/bin/cmake --build /home/edmund-munene/Documents/Programming-language-basics/Linux/Robotics/AConciseIntroductiontoRobotProgrammingwithROS2/bookros2_ws/build/pal_robotiq_gripper -- -j12 -l12
[3.074s] Level 1:colcon.colcon_core.environment:create_environment_scripts_only(br2_deep_ros)
[3.074s] Level 1:colcon.colcon_core.environment:checking '/home/edmund-munene/Documents/Programming-language-basics/Linux/Robotics/AConciseIntroductiontoRobotProgrammingwithROS2/bookros2_ws/install/br2_deep_ros' for CMake module files
[3.080s] DEBUG:colcon.colcon_core.event_handler.log_command:Invoked command in '/home/edmund-munene/Documents/Programming-language-basics/Linux/Robotics/AConciseIntroductiontoRobotProgrammingwithROS2/bookros2_ws/build/br2_deep_ros' returned '0': AMENT_PREFIX_PATH=/home/edmund-munene/Documents/Programming-language-basics/Linux/Robotics/AConciseIntroductiontoRobotProgrammingwithROS2/bookros2_ws/install/yaets:${AMENT_PREFIX_PATH} CMAKE_PREFIX_PATH=/home/edmund-munene/Documents/Programming-language-basics/Linux/Robotics/AConciseIntroductiontoRobotProgrammingwithROS2/bookros2_ws/install/yaets:/opt/ros/jazzy/opt/gz_sim_vendor:/opt/ros/jazzy/opt/gz_sensors_vendor:/opt/ros/jazzy/opt/gz_physics_vendor:/opt/ros/jazzy/opt/sdformat_vendor:/opt/ros/jazzy/opt/gz_gui_vendor:/opt/ros/jazzy/opt/gz_transport_vendor:/opt/ros/jazzy/opt/gz_rendering_vendor:/opt/ros/jazzy/opt/gz_plugin_vendor:/opt/ros/jazzy/opt/gz_fuel_tools_vendor:/opt/ros/jazzy/opt/gz_msgs_vendor:/opt/ros/jazzy/opt/gz_common_vendor:/opt/ros/jazzy/opt/gz_math_vendor:/opt/ros/jazzy/opt/gz_utils_vendor:/opt/ros/jazzy/opt/gz_tools_vendor:/opt/ros/jazzy/opt/gz_ogre_next_vendor:/opt/ros/jazzy/opt/gz_dartsim_vendor:/opt/ros/jazzy/opt/gz_cmake_vendor:/opt/ros/jazzy DEBUGINFOD_URLS=https://debuginfod.ubuntu.com LD_LIBRARY_PATH=/home/edmund-munene/Documents/Programming-language-basics/Linux/Robotics/AConciseIntroductiontoRobotProgrammingwithROS2/bookros2_ws/install/yaets/lib:${LD_LIBRARY_PATH} /usr/bin/cmake --install /home/edmund-munene/Documents/Programming-language-basics/Linux/Robotics/AConciseIntroductiontoRobotProgrammingwithROS2/bookros2_ws/build/br2_deep_ros
[3.082s] Level 1:colcon.colcon_core.environment:checking '/home/edmund-munene/Documents/Programming-language-basics/Linux/Robotics/AConciseIntroductiontoRobotProgrammingwithROS2/bookros2_ws/install/br2_deep_ros' for CMake config files
[3.083s] Level 1:colcon.colcon_core.shell:create_environment_hook('br2_deep_ros', 'cmake_prefix_path')
[3.083s] INFO:colcon.colcon_core.shell:Creating environment hook '/home/edmund-munene/Documents/Programming-language-basics/Linux/Robotics/AConciseIntroductiontoRobotProgrammingwithROS2/bookros2_ws/install/br2_deep_ros/share/br2_deep_ros/hook/cmake_prefix_path.ps1'
[3.085s] INFO:colcon.colcon_core.shell:Creating environment descriptor '/home/edmund-munene/Documents/Programming-language-basics/Linux/Robotics/AConciseIntroductiontoRobotProgrammingwithROS2/bookros2_ws/install/br2_deep_ros/share/br2_deep_ros/hook/cmake_prefix_path.dsv'
[3.089s] INFO:colcon.colcon_core.shell:Creating environment hook '/home/edmund-munene/Documents/Programming-language-basics/Linux/Robotics/AConciseIntroductiontoRobotProgrammingwithROS2/bookros2_ws/install/br2_deep_ros/share/br2_deep_ros/hook/cmake_prefix_path.sh'
[3.095s] Level 1:colcon.colcon_core.environment:checking '/home/edmund-munene/Documents/Programming-language-basics/Linux/Robotics/AConciseIntroductiontoRobotProgrammingwithROS2/bookros2_ws/install/br2_deep_ros/lib'
[3.095s] Level 1:colcon.colcon_core.environment:checking '/home/edmund-munene/Documents/Programming-language-basics/Linux/Robotics/AConciseIntroductiontoRobotProgrammingwithROS2/bookros2_ws/install/br2_deep_ros/bin'
[3.095s] Level 1:colcon.colcon_core.environment:checking '/home/edmund-munene/Documents/Programming-language-basics/Linux/Robotics/AConciseIntroductiontoRobotProgrammingwithROS2/bookros2_ws/install/br2_deep_ros/lib/pkgconfig/br2_deep_ros.pc'
[3.096s] Level 1:colcon.colcon_core.environment:checking '/home/edmund-munene/Documents/Programming-language-basics/Linux/Robotics/AConciseIntroductiontoRobotProgrammingwithROS2/bookros2_ws/install/br2_deep_ros/lib/python3.12/site-packages'
[3.097s] Level 1:colcon.colcon_core.environment:checking '/home/edmund-munene/Documents/Programming-language-basics/Linux/Robotics/AConciseIntroductiontoRobotProgrammingwithROS2/bookros2_ws/install/br2_deep_ros/bin'
[3.098s] INFO:colcon.colcon_core.shell:Creating package script '/home/edmund-munene/Documents/Programming-language-basics/Linux/Robotics/AConciseIntroductiontoRobotProgrammingwithROS2/bookros2_ws/install/br2_deep_ros/share/br2_deep_ros/package.ps1'
[3.105s] INFO:colcon.colcon_core.shell:Creating package descriptor '/home/edmund-munene/Documents/Programming-language-basics/Linux/Robotics/AConciseIntroductiontoRobotProgrammingwithROS2/bookros2_ws/install/br2_deep_ros/share/br2_deep_ros/package.dsv'
[3.110s] INFO:colcon.colcon_core.shell:Creating package script '/home/edmund-munene/Documents/Programming-language-basics/Linux/Robotics/AConciseIntroductiontoRobotProgrammingwithROS2/bookros2_ws/install/br2_deep_ros/share/br2_deep_ros/package.sh'
[3.111s] INFO:colcon.colcon_core.shell:Creating package script '/home/edmund-munene/Documents/Programming-language-basics/Linux/Robotics/AConciseIntroductiontoRobotProgrammingwithROS2/bookros2_ws/install/br2_deep_ros/share/br2_deep_ros/package.bash'
[3.112s] INFO:colcon.colcon_core.shell:Creating package script '/home/edmund-munene/Documents/Programming-language-basics/Linux/Robotics/AConciseIntroductiontoRobotProgrammingwithROS2/bookros2_ws/install/br2_deep_ros/share/br2_deep_ros/package.zsh'
[3.116s] Level 1:colcon.colcon_core.environment:create_file_with_runtime_dependencies(/home/edmund-munene/Documents/Programming-language-basics/Linux/Robotics/AConciseIntroductiontoRobotProgrammingwithROS2/bookros2_ws/install/br2_deep_ros/share/colcon-core/packages/br2_deep_ros)
[3.117s] Level 1:colcon.colcon_core.environment:create_environment_scripts_only(br2_deep_ros)
[3.118s] Level 1:colcon.colcon_core.environment:checking '/home/edmund-munene/Documents/Programming-language-basics/Linux/Robotics/AConciseIntroductiontoRobotProgrammingwithROS2/bookros2_ws/install/br2_deep_ros' for CMake module files
[3.122s] Level 1:colcon.colcon_core.environment:checking '/home/edmund-munene/Documents/Programming-language-basics/Linux/Robotics/AConciseIntroductiontoRobotProgrammingwithROS2/bookros2_ws/install/br2_deep_ros' for CMake config files
[3.123s] Level 1:colcon.colcon_core.shell:create_environment_hook('br2_deep_ros', 'cmake_prefix_path')
[3.123s] INFO:colcon.colcon_core.shell:Creating environment hook '/home/edmund-munene/Documents/Programming-language-basics/Linux/Robotics/AConciseIntroductiontoRobotProgrammingwithROS2/bookros2_ws/install/br2_deep_ros/share/br2_deep_ros/hook/cmake_prefix_path.ps1'
[3.125s] INFO:colcon.colcon_core.shell:Creating environment descriptor '/home/edmund-munene/Documents/Programming-language-basics/Linux/Robotics/AConciseIntroductiontoRobotProgrammingwithROS2/bookros2_ws/install/br2_deep_ros/share/br2_deep_ros/hook/cmake_prefix_path.dsv'
[3.126s] INFO:colcon.colcon_core.shell:Creating environment hook '/home/edmund-munene/Documents/Programming-language-basics/Linux/Robotics/AConciseIntroductiontoRobotProgrammingwithROS2/bookros2_ws/install/br2_deep_ros/share/br2_deep_ros/hook/cmake_prefix_path.sh'
[3.128s] Level 1:colcon.colcon_core.environment:checking '/home/edmund-munene/Documents/Programming-language-basics/Linux/Robotics/AConciseIntroductiontoRobotProgrammingwithROS2/bookros2_ws/install/br2_deep_ros/lib'
[3.129s] Level 1:colcon.colcon_core.environment:checking '/home/edmund-munene/Documents/Programming-language-basics/Linux/Robotics/AConciseIntroductiontoRobotProgrammingwithROS2/bookros2_ws/install/br2_deep_ros/bin'
[3.129s] Level 1:colcon.colcon_core.environment:checking '/home/edmund-munene/Documents/Programming-language-basics/Linux/Robotics/AConciseIntroductiontoRobotProgrammingwithROS2/bookros2_ws/install/br2_deep_ros/lib/pkgconfig/br2_deep_ros.pc'
[3.130s] Level 1:colcon.colcon_core.environment:checking '/home/edmund-munene/Documents/Programming-language-basics/Linux/Robotics/AConciseIntroductiontoRobotProgrammingwithROS2/bookros2_ws/install/br2_deep_ros/lib/python3.12/site-packages'
[3.131s] Level 1:colcon.colcon_core.environment:checking '/home/edmund-munene/Documents/Programming-language-basics/Linux/Robotics/AConciseIntroductiontoRobotProgrammingwithROS2/bookros2_ws/install/br2_deep_ros/bin'
[3.132s] INFO:colcon.colcon_core.shell:Creating package script '/home/edmund-munene/Documents/Programming-language-basics/Linux/Robotics/AConciseIntroductiontoRobotProgrammingwithROS2/bookros2_ws/install/br2_deep_ros/share/br2_deep_ros/package.ps1'
[3.134s] INFO:colcon.colcon_core.shell:Creating package descriptor '/home/edmund-munene/Documents/Programming-language-basics/Linux/Robotics/AConciseIntroductiontoRobotProgrammingwithROS2/bookros2_ws/install/br2_deep_ros/share/br2_deep_ros/package.dsv'
[3.136s] INFO:colcon.colcon_core.shell:Creating package script '/home/edmund-munene/Documents/Programming-language-basics/Linux/Robotics/AConciseIntroductiontoRobotProgrammingwithROS2/bookros2_ws/install/br2_deep_ros/share/br2_deep_ros/package.sh'
[3.140s] INFO:colcon.colcon_core.shell:Creating package script '/home/edmund-munene/Documents/Programming-language-basics/Linux/Robotics/AConciseIntroductiontoRobotProgrammingwithROS2/bookros2_ws/install/br2_deep_ros/share/br2_deep_ros/package.bash'
[3.141s] INFO:colcon.colcon_core.shell:Creating package script '/home/edmund-munene/Documents/Programming-language-basics/Linux/Robotics/AConciseIntroductiontoRobotProgrammingwithROS2/bookros2_ws/install/br2_deep_ros/share/br2_deep_ros/package.zsh'
[3.143s] Level 1:colcon.colcon_core.environment:create_file_with_runtime_dependencies(/home/edmund-munene/Documents/Programming-language-basics/Linux/Robotics/AConciseIntroductiontoRobotProgrammingwithROS2/bookros2_ws/install/br2_deep_ros/share/colcon-core/packages/br2_deep_ros)
[3.144s] DEBUG:colcon.colcon_core.event_handler.log_command:Invoked command in '/home/edmund-munene/Documents/Programming-language-basics/Linux/Robotics/AConciseIntroductiontoRobotProgrammingwithROS2/bookros2_ws/build/br2_bt_patrolling' returned '0': AMENT_PREFIX_PATH=/home/edmund-munene/Documents/Programming-language-basics/Linux/Robotics/AConciseIntroductiontoRobotProgrammingwithROS2/bookros2_ws/install/behaviortree_cpp_v3:${AMENT_PREFIX_PATH} CMAKE_PREFIX_PATH=/home/edmund-munene/Documents/Programming-language-basics/Linux/Robotics/AConciseIntroductiontoRobotProgrammingwithROS2/bookros2_ws/install/behaviortree_cpp_v3:/opt/ros/jazzy/opt/gz_sim_vendor:/opt/ros/jazzy/opt/gz_sensors_vendor:/opt/ros/jazzy/opt/gz_physics_vendor:/opt/ros/jazzy/opt/sdformat_vendor:/opt/ros/jazzy/opt/gz_gui_vendor:/opt/ros/jazzy/opt/gz_transport_vendor:/opt/ros/jazzy/opt/gz_rendering_vendor:/opt/ros/jazzy/opt/gz_plugin_vendor:/opt/ros/jazzy/opt/gz_fuel_tools_vendor:/opt/ros/jazzy/opt/gz_msgs_vendor:/opt/ros/jazzy/opt/gz_common_vendor:/opt/ros/jazzy/opt/gz_math_vendor:/opt/ros/jazzy/opt/gz_utils_vendor:/opt/ros/jazzy/opt/gz_tools_vendor:/opt/ros/jazzy/opt/gz_ogre_next_vendor:/opt/ros/jazzy/opt/gz_dartsim_vendor:/opt/ros/jazzy/opt/gz_cmake_vendor:/opt/ros/jazzy DEBUGINFOD_URLS=https://debuginfod.ubuntu.com LD_LIBRARY_PATH=/home/edmund-munene/Documents/Programming-language-basics/Linux/Robotics/AConciseIntroductiontoRobotProgrammingwithROS2/bookros2_ws/install/behaviortree_cpp_v3/lib:${LD_LIBRARY_PATH} PATH=/home/edmund-munene/Documents/Programming-language-basics/Linux/Robotics/AConciseIntroductiontoRobotProgrammingwithROS2/bookros2_ws/install/behaviortree_cpp_v3/bin:${PATH} /usr/bin/cmake --build /home/edmund-munene/Documents/Programming-language-basics/Linux/Robotics/AConciseIntroductiontoRobotProgrammingwithROS2/bookros2_ws/build/br2_bt_patrolling -- -j12 -l12
[3.150s] INFO:colcon.colcon_ros.task.ament_cmake.build:Building ROS package in '/home/edmund-munene/Documents/Programming-language-basics/Linux/Robotics/AConciseIntroductiontoRobotProgrammingwithROS2/bookros2_ws/src/ThirdParty/pal_gripper/pal_gripper_simulation' with build type 'ament_cmake'
[3.151s] INFO:colcon.colcon_cmake.task.cmake.build:Building CMake package in '/home/edmund-munene/Documents/Programming-language-basics/Linux/Robotics/AConciseIntroductiontoRobotProgrammingwithROS2/bookros2_ws/src/ThirdParty/pal_gripper/pal_gripper_simulation'
[3.154s] INFO:colcon.colcon_core.shell:Skip shell extension 'powershell' for command environment: Not usable outside of PowerShell
[3.154s] DEBUG:colcon.colcon_core.shell:Skip shell extension 'dsv' for command environment
[3.156s] DEBUG:colcon.colcon_core.event_handler.log_command:Invoking command in '/home/edmund-munene/Documents/Programming-language-basics/Linux/Robotics/AConciseIntroductiontoRobotProgrammingwithROS2/bookros2_ws/build/br2_bt_patrolling': AMENT_PREFIX_PATH=/home/edmund-munene/Documents/Programming-language-basics/Linux/Robotics/AConciseIntroductiontoRobotProgrammingwithROS2/bookros2_ws/install/behaviortree_cpp_v3:${AMENT_PREFIX_PATH} CMAKE_PREFIX_PATH=/home/edmund-munene/Documents/Programming-language-basics/Linux/Robotics/AConciseIntroductiontoRobotProgrammingwithROS2/bookros2_ws/install/behaviortree_cpp_v3:/opt/ros/jazzy/opt/gz_sim_vendor:/opt/ros/jazzy/opt/gz_sensors_vendor:/opt/ros/jazzy/opt/gz_physics_vendor:/opt/ros/jazzy/opt/sdformat_vendor:/opt/ros/jazzy/opt/gz_gui_vendor:/opt/ros/jazzy/opt/gz_transport_vendor:/opt/ros/jazzy/opt/gz_rendering_vendor:/opt/ros/jazzy/opt/gz_plugin_vendor:/opt/ros/jazzy/opt/gz_fuel_tools_vendor:/opt/ros/jazzy/opt/gz_msgs_vendor:/opt/ros/jazzy/opt/gz_common_vendor:/opt/ros/jazzy/opt/gz_math_vendor:/opt/ros/jazzy/opt/gz_utils_vendor:/opt/ros/jazzy/opt/gz_tools_vendor:/opt/ros/jazzy/opt/gz_ogre_next_vendor:/opt/ros/jazzy/opt/gz_dartsim_vendor:/opt/ros/jazzy/opt/gz_cmake_vendor:/opt/ros/jazzy DEBUGINFOD_URLS=https://debuginfod.ubuntu.com LD_LIBRARY_PATH=/home/edmund-munene/Documents/Programming-language-basics/Linux/Robotics/AConciseIntroductiontoRobotProgrammingwithROS2/bookros2_ws/install/behaviortree_cpp_v3/lib:${LD_LIBRARY_PATH} PATH=/home/edmund-munene/Documents/Programming-language-basics/Linux/Robotics/AConciseIntroductiontoRobotProgrammingwithROS2/bookros2_ws/install/behaviortree_cpp_v3/bin:${PATH} /usr/bin/cmake --install /home/edmund-munene/Documents/Programming-language-basics/Linux/Robotics/AConciseIntroductiontoRobotProgrammingwithROS2/bookros2_ws/build/br2_bt_patrolling
[3.170s] DEBUG:colcon.colcon_core.event_handler.log_command:Invoked command in '/home/edmund-munene/Documents/Programming-language-basics/Linux/Robotics/AConciseIntroductiontoRobotProgrammingwithROS2/bookros2_ws/build/br2_tracking' returned '0': AMENT_PREFIX_PATH=/home/edmund-munene/Documents/Programming-language-basics/Linux/Robotics/AConciseIntroductiontoRobotProgrammingwithROS2/bookros2_ws/install/br2_tracking_msgs:${AMENT_PREFIX_PATH} CMAKE_PREFIX_PATH=/home/edmund-munene/Documents/Programming-language-basics/Linux/Robotics/AConciseIntroductiontoRobotProgrammingwithROS2/bookros2_ws/install/br2_tracking_msgs:/opt/ros/jazzy/opt/gz_sim_vendor:/opt/ros/jazzy/opt/gz_sensors_vendor:/opt/ros/jazzy/opt/gz_physics_vendor:/opt/ros/jazzy/opt/sdformat_vendor:/opt/ros/jazzy/opt/gz_gui_vendor:/opt/ros/jazzy/opt/gz_transport_vendor:/opt/ros/jazzy/opt/gz_rendering_vendor:/opt/ros/jazzy/opt/gz_plugin_vendor:/opt/ros/jazzy/opt/gz_fuel_tools_vendor:/opt/ros/jazzy/opt/gz_msgs_vendor:/opt/ros/jazzy/opt/gz_common_vendor:/opt/ros/jazzy/opt/gz_math_vendor:/opt/ros/jazzy/opt/gz_utils_vendor:/opt/ros/jazzy/opt/gz_tools_vendor:/opt/ros/jazzy/opt/gz_ogre_next_vendor:/opt/ros/jazzy/opt/gz_dartsim_vendor:/opt/ros/jazzy/opt/gz_cmake_vendor:/opt/ros/jazzy DEBUGINFOD_URLS=https://debuginfod.ubuntu.com LD_LIBRARY_PATH=/home/edmund-munene/Documents/Programming-language-basics/Linux/Robotics/AConciseIntroductiontoRobotProgrammingwithROS2/bookros2_ws/install/br2_tracking_msgs/lib:${LD_LIBRARY_PATH} PYTHONPATH=/home/edmund-munene/Documents/Programming-language-basics/Linux/Robotics/AConciseIntroductiontoRobotProgrammingwithROS2/bookros2_ws/install/br2_tracking_msgs/lib/python3.12/site-packages:${PYTHONPATH} /usr/bin/cmake --build /home/edmund-munene/Documents/Programming-language-basics/Linux/Robotics/AConciseIntroductiontoRobotProgrammingwithROS2/bookros2_ws/build/br2_tracking -- -j12 -l12
[3.177s] DEBUG:colcon.colcon_core.event_handler.log_command:Invoking command in '/home/edmund-munene/Documents/Programming-language-basics/Linux/Robotics/AConciseIntroductiontoRobotProgrammingwithROS2/bookros2_ws/build/br2_tracking': AMENT_PREFIX_PATH=/home/edmund-munene/Documents/Programming-language-basics/Linux/Robotics/AConciseIntroductiontoRobotProgrammingwithROS2/bookros2_ws/install/br2_tracking_msgs:${AMENT_PREFIX_PATH} CMAKE_PREFIX_PATH=/home/edmund-munene/Documents/Programming-language-basics/Linux/Robotics/AConciseIntroductiontoRobotProgrammingwithROS2/bookros2_ws/install/br2_tracking_msgs:/opt/ros/jazzy/opt/gz_sim_vendor:/opt/ros/jazzy/opt/gz_sensors_vendor:/opt/ros/jazzy/opt/gz_physics_vendor:/opt/ros/jazzy/opt/sdformat_vendor:/opt/ros/jazzy/opt/gz_gui_vendor:/opt/ros/jazzy/opt/gz_transport_vendor:/opt/ros/jazzy/opt/gz_rendering_vendor:/opt/ros/jazzy/opt/gz_plugin_vendor:/opt/ros/jazzy/opt/gz_fuel_tools_vendor:/opt/ros/jazzy/opt/gz_msgs_vendor:/opt/ros/jazzy/opt/gz_common_vendor:/opt/ros/jazzy/opt/gz_math_vendor:/opt/ros/jazzy/opt/gz_utils_vendor:/opt/ros/jazzy/opt/gz_tools_vendor:/opt/ros/jazzy/opt/gz_ogre_next_vendor:/opt/ros/jazzy/opt/gz_dartsim_vendor:/opt/ros/jazzy/opt/gz_cmake_vendor:/opt/ros/jazzy DEBUGINFOD_URLS=https://debuginfod.ubuntu.com LD_LIBRARY_PATH=/home/edmund-munene/Documents/Programming-language-basics/Linux/Robotics/AConciseIntroductiontoRobotProgrammingwithROS2/bookros2_ws/install/br2_tracking_msgs/lib:${LD_LIBRARY_PATH} PYTHONPATH=/home/edmund-munene/Documents/Programming-language-basics/Linux/Robotics/AConciseIntroductiontoRobotProgrammingwithROS2/bookros2_ws/install/br2_tracking_msgs/lib/python3.12/site-packages:${PYTHONPATH} /usr/bin/cmake --install /home/edmund-munene/Documents/Programming-language-basics/Linux/Robotics/AConciseIntroductiontoRobotProgrammingwithROS2/bookros2_ws/build/br2_tracking
[3.193s] DEBUG:colcon.colcon_core.event_handler.log_command:Invoking command in '/home/edmund-munene/Documents/Programming-language-basics/Linux/Robotics/AConciseIntroductiontoRobotProgrammingwithROS2/bookros2_ws/build/pal_gripper': AMENT_PREFIX_PATH=/home/edmund-munene/Documents/Programming-language-basics/Linux/Robotics/AConciseIntroductiontoRobotProgrammingwithROS2/bookros2_ws/install/pal_gripper_description:/home/edmund-munene/Documents/Programming-language-basics/Linux/Robotics/AConciseIntroductiontoRobotProgrammingwithROS2/bookros2_ws/install/pal_urdf_utils:/home/edmund-munene/Documents/Programming-language-basics/Linux/Robotics/AConciseIntroductiontoRobotProgrammingwithROS2/bookros2_ws/install/pal_gripper_controller_configuration:${AMENT_PREFIX_PATH} CMAKE_PREFIX_PATH=/home/edmund-munene/Documents/Programming-language-basics/Linux/Robotics/AConciseIntroductiontoRobotProgrammingwithROS2/bookros2_ws/install/pal_gripper_description:/home/edmund-munene/Documents/Programming-language-basics/Linux/Robotics/AConciseIntroductiontoRobotProgrammingwithROS2/bookros2_ws/install/pal_urdf_utils:/home/edmund-munene/Documents/Programming-language-basics/Linux/Robotics/AConciseIntroductiontoRobotProgrammingwithROS2/bookros2_ws/install/pal_gripper_controller_configuration:/opt/ros/jazzy/opt/gz_sim_vendor:/opt/ros/jazzy/opt/gz_sensors_vendor:/opt/ros/jazzy/opt/gz_physics_vendor:/opt/ros/jazzy/opt/sdformat_vendor:/opt/ros/jazzy/opt/gz_gui_vendor:/opt/ros/jazzy/opt/gz_transport_vendor:/opt/ros/jazzy/opt/gz_rendering_vendor:/opt/ros/jazzy/opt/gz_plugin_vendor:/opt/ros/jazzy/opt/gz_fuel_tools_vendor:/opt/ros/jazzy/opt/gz_msgs_vendor:/opt/ros/jazzy/opt/gz_common_vendor:/opt/ros/jazzy/opt/gz_math_vendor:/opt/ros/jazzy/opt/gz_utils_vendor:/opt/ros/jazzy/opt/gz_tools_vendor:/opt/ros/jazzy/opt/gz_ogre_next_vendor:/opt/ros/jazzy/opt/gz_dartsim_vendor:/opt/ros/jazzy/opt/gz_cmake_vendor:/opt/ros/jazzy DEBUGINFOD_URLS=https://debuginfod.ubuntu.com /usr/bin/cmake --build /home/edmund-munene/Documents/Programming-language-basics/Linux/Robotics/AConciseIntroductiontoRobotProgrammingwithROS2/bookros2_ws/build/pal_gripper -- -j12 -l12
[3.193s] Level 1:colcon.colcon_core.environment:create_environment_scripts_only(br2_bt_bumpgo)
[3.194s] Level 1:colcon.colcon_core.environment:checking '/home/edmund-munene/Documents/Programming-language-basics/Linux/Robotics/AConciseIntroductiontoRobotProgrammingwithROS2/bookros2_ws/install/br2_bt_bumpgo' for CMake module files
[3.195s] Level 1:colcon.colcon_core.environment:checking '/home/edmund-munene/Documents/Programming-language-basics/Linux/Robotics/AConciseIntroductiontoRobotProgrammingwithROS2/bookros2_ws/install/br2_bt_bumpgo' for CMake config files
[3.196s] Level 1:colcon.colcon_core.shell:create_environment_hook('br2_bt_bumpgo', 'cmake_prefix_path')
[3.196s] INFO:colcon.colcon_core.shell:Creating environment hook '/home/edmund-munene/Documents/Programming-language-basics/Linux/Robotics/AConciseIntroductiontoRobotProgrammingwithROS2/bookros2_ws/install/br2_bt_bumpgo/share/br2_bt_bumpgo/hook/cmake_prefix_path.ps1'
[3.197s] INFO:colcon.colcon_core.shell:Creating environment descriptor '/home/edmund-munene/Documents/Programming-language-basics/Linux/Robotics/AConciseIntroductiontoRobotProgrammingwithROS2/bookros2_ws/install/br2_bt_bumpgo/share/br2_bt_bumpgo/hook/cmake_prefix_path.dsv'
[3.198s] DEBUG:colcon.colcon_core.event_handler.log_command:Invoked command in '/home/edmund-munene/Documents/Programming-language-basics/Linux/Robotics/AConciseIntroductiontoRobotProgrammingwithROS2/bookros2_ws/build/br2_bt_bumpgo' returned '0': AMENT_PREFIX_PATH=/home/edmund-munene/Documents/Programming-language-basics/Linux/Robotics/AConciseIntroductiontoRobotProgrammingwithROS2/bookros2_ws/install/behaviortree_cpp_v3:${AMENT_PREFIX_PATH} CMAKE_PREFIX_PATH=/home/edmund-munene/Documents/Programming-language-basics/Linux/Robotics/AConciseIntroductiontoRobotProgrammingwithROS2/bookros2_ws/install/behaviortree_cpp_v3:/opt/ros/jazzy/opt/gz_sim_vendor:/opt/ros/jazzy/opt/gz_sensors_vendor:/opt/ros/jazzy/opt/gz_physics_vendor:/opt/ros/jazzy/opt/sdformat_vendor:/opt/ros/jazzy/opt/gz_gui_vendor:/opt/ros/jazzy/opt/gz_transport_vendor:/opt/ros/jazzy/opt/gz_rendering_vendor:/opt/ros/jazzy/opt/gz_plugin_vendor:/opt/ros/jazzy/opt/gz_fuel_tools_vendor:/opt/ros/jazzy/opt/gz_msgs_vendor:/opt/ros/jazzy/opt/gz_common_vendor:/opt/ros/jazzy/opt/gz_math_vendor:/opt/ros/jazzy/opt/gz_utils_vendor:/opt/ros/jazzy/opt/gz_tools_vendor:/opt/ros/jazzy/opt/gz_ogre_next_vendor:/opt/ros/jazzy/opt/gz_dartsim_vendor:/opt/ros/jazzy/opt/gz_cmake_vendor:/opt/ros/jazzy DEBUGINFOD_URLS=https://debuginfod.ubuntu.com LD_LIBRARY_PATH=/home/edmund-munene/Documents/Programming-language-basics/Linux/Robotics/AConciseIntroductiontoRobotProgrammingwithROS2/bookros2_ws/install/behaviortree_cpp_v3/lib:${LD_LIBRARY_PATH} PATH=/home/edmund-munene/Documents/Programming-language-basics/Linux/Robotics/AConciseIntroductiontoRobotProgrammingwithROS2/bookros2_ws/install/behaviortree_cpp_v3/bin:${PATH} /usr/bin/cmake --install /home/edmund-munene/Documents/Programming-language-basics/Linux/Robotics/AConciseIntroductiontoRobotProgrammingwithROS2/bookros2_ws/build/br2_bt_bumpgo
[3.200s] INFO:colcon.colcon_core.shell:Creating environment hook '/home/edmund-munene/Documents/Programming-language-basics/Linux/Robotics/AConciseIntroductiontoRobotProgrammingwithROS2/bookros2_ws/install/br2_bt_bumpgo/share/br2_bt_bumpgo/hook/cmake_prefix_path.sh'
[3.201s] Level 1:colcon.colcon_core.environment:checking '/home/edmund-munene/Documents/Programming-language-basics/Linux/Robotics/AConciseIntroductiontoRobotProgrammingwithROS2/bookros2_ws/install/br2_bt_bumpgo/lib'
[3.203s] Level 1:colcon.colcon_core.shell:create_environment_hook('br2_bt_bumpgo', 'ld_library_path_lib')
[3.203s] INFO:colcon.colcon_core.shell:Creating environment hook '/home/edmund-munene/Documents/Programming-language-basics/Linux/Robotics/AConciseIntroductiontoRobotProgrammingwithROS2/bookros2_ws/install/br2_bt_bumpgo/share/br2_bt_bumpgo/hook/ld_library_path_lib.ps1'
[3.204s] INFO:colcon.colcon_core.shell:Creating environment descriptor '/home/edmund-munene/Documents/Programming-language-basics/Linux/Robotics/AConciseIntroductiontoRobotProgrammingwithROS2/bookros2_ws/install/br2_bt_bumpgo/share/br2_bt_bumpgo/hook/ld_library_path_lib.dsv'
[3.207s] INFO:colcon.colcon_core.shell:Creating environment hook '/home/edmund-munene/Documents/Programming-language-basics/Linux/Robotics/AConciseIntroductiontoRobotProgrammingwithROS2/bookros2_ws/install/br2_bt_bumpgo/share/br2_bt_bumpgo/hook/ld_library_path_lib.sh'
[3.208s] Level 1:colcon.colcon_core.environment:checking '/home/edmund-munene/Documents/Programming-language-basics/Linux/Robotics/AConciseIntroductiontoRobotProgrammingwithROS2/bookros2_ws/install/br2_bt_bumpgo/bin'
[3.208s] Level 1:colcon.colcon_core.environment:checking '/home/edmund-munene/Documents/Programming-language-basics/Linux/Robotics/AConciseIntroductiontoRobotProgrammingwithROS2/bookros2_ws/install/br2_bt_bumpgo/lib/pkgconfig/br2_bt_bumpgo.pc'
[3.208s] Level 1:colcon.colcon_core.environment:checking '/home/edmund-munene/Documents/Programming-language-basics/Linux/Robotics/AConciseIntroductiontoRobotProgrammingwithROS2/bookros2_ws/install/br2_bt_bumpgo/lib/python3.12/site-packages'
[3.209s] Level 1:colcon.colcon_core.environment:checking '/home/edmund-munene/Documents/Programming-language-basics/Linux/Robotics/AConciseIntroductiontoRobotProgrammingwithROS2/bookros2_ws/install/br2_bt_bumpgo/bin'
[3.211s] INFO:colcon.colcon_core.shell:Creating package script '/home/edmund-munene/Documents/Programming-language-basics/Linux/Robotics/AConciseIntroductiontoRobotProgrammingwithROS2/bookros2_ws/install/br2_bt_bumpgo/share/br2_bt_bumpgo/package.ps1'
[3.215s] INFO:colcon.colcon_core.shell:Creating package descriptor '/home/edmund-munene/Documents/Programming-language-basics/Linux/Robotics/AConciseIntroductiontoRobotProgrammingwithROS2/bookros2_ws/install/br2_bt_bumpgo/share/br2_bt_bumpgo/package.dsv'
[3.216s] INFO:colcon.colcon_core.shell:Creating package script '/home/edmund-munene/Documents/Programming-language-basics/Linux/Robotics/AConciseIntroductiontoRobotProgrammingwithROS2/bookros2_ws/install/br2_bt_bumpgo/share/br2_bt_bumpgo/package.sh'
[3.217s] INFO:colcon.colcon_core.shell:Creating package script '/home/edmund-munene/Documents/Programming-language-basics/Linux/Robotics/AConciseIntroductiontoRobotProgrammingwithROS2/bookros2_ws/install/br2_bt_bumpgo/share/br2_bt_bumpgo/package.bash'
[3.221s] INFO:colcon.colcon_core.shell:Creating package script '/home/edmund-munene/Documents/Programming-language-basics/Linux/Robotics/AConciseIntroductiontoRobotProgrammingwithROS2/bookros2_ws/install/br2_bt_bumpgo/share/br2_bt_bumpgo/package.zsh'
[3.222s] Level 1:colcon.colcon_core.environment:create_file_with_runtime_dependencies(/home/edmund-munene/Documents/Programming-language-basics/Linux/Robotics/AConciseIntroductiontoRobotProgrammingwithROS2/bookros2_ws/install/br2_bt_bumpgo/share/colcon-core/packages/br2_bt_bumpgo)
[3.223s] Level 1:colcon.colcon_core.environment:create_environment_scripts_only(br2_bt_bumpgo)
[3.226s] Level 1:colcon.colcon_core.environment:checking '/home/edmund-munene/Documents/Programming-language-basics/Linux/Robotics/AConciseIntroductiontoRobotProgrammingwithROS2/bookros2_ws/install/br2_bt_bumpgo' for CMake module files
[3.228s] Level 1:colcon.colcon_core.environment:checking '/home/edmund-munene/Documents/Programming-language-basics/Linux/Robotics/AConciseIntroductiontoRobotProgrammingwithROS2/bookros2_ws/install/br2_bt_bumpgo' for CMake config files
[3.229s] Level 1:colcon.colcon_core.shell:create_environment_hook('br2_bt_bumpgo', 'cmake_prefix_path')
[3.229s] INFO:colcon.colcon_core.shell:Creating environment hook '/home/edmund-munene/Documents/Programming-language-basics/Linux/Robotics/AConciseIntroductiontoRobotProgrammingwithROS2/bookros2_ws/install/br2_bt_bumpgo/share/br2_bt_bumpgo/hook/cmake_prefix_path.ps1'
[3.230s] INFO:colcon.colcon_core.shell:Creating environment descriptor '/home/edmund-munene/Documents/Programming-language-basics/Linux/Robotics/AConciseIntroductiontoRobotProgrammingwithROS2/bookros2_ws/install/br2_bt_bumpgo/share/br2_bt_bumpgo/hook/cmake_prefix_path.dsv'
[3.231s] INFO:colcon.colcon_core.shell:Creating environment hook '/home/edmund-munene/Documents/Programming-language-basics/Linux/Robotics/AConciseIntroductiontoRobotProgrammingwithROS2/bookros2_ws/install/br2_bt_bumpgo/share/br2_bt_bumpgo/hook/cmake_prefix_path.sh'
[3.232s] Level 1:colcon.colcon_core.environment:checking '/home/edmund-munene/Documents/Programming-language-basics/Linux/Robotics/AConciseIntroductiontoRobotProgrammingwithROS2/bookros2_ws/install/br2_bt_bumpgo/lib'
[3.232s] Level 1:colcon.colcon_core.shell:create_environment_hook('br2_bt_bumpgo', 'ld_library_path_lib')
[3.232s] INFO:colcon.colcon_core.shell:Creating environment hook '/home/edmund-munene/Documents/Programming-language-basics/Linux/Robotics/AConciseIntroductiontoRobotProgrammingwithROS2/bookros2_ws/install/br2_bt_bumpgo/share/br2_bt_bumpgo/hook/ld_library_path_lib.ps1'
[3.233s] INFO:colcon.colcon_core.shell:Creating environment descriptor '/home/edmund-munene/Documents/Programming-language-basics/Linux/Robotics/AConciseIntroductiontoRobotProgrammingwithROS2/bookros2_ws/install/br2_bt_bumpgo/share/br2_bt_bumpgo/hook/ld_library_path_lib.dsv'
[3.233s] INFO:colcon.colcon_core.shell:Creating environment hook '/home/edmund-munene/Documents/Programming-language-basics/Linux/Robotics/AConciseIntroductiontoRobotProgrammingwithROS2/bookros2_ws/install/br2_bt_bumpgo/share/br2_bt_bumpgo/hook/ld_library_path_lib.sh'
[3.237s] Level 1:colcon.colcon_core.environment:checking '/home/edmund-munene/Documents/Programming-language-basics/Linux/Robotics/AConciseIntroductiontoRobotProgrammingwithROS2/bookros2_ws/install/br2_bt_bumpgo/bin'
[3.237s] Level 1:colcon.colcon_core.environment:checking '/home/edmund-munene/Documents/Programming-language-basics/Linux/Robotics/AConciseIntroductiontoRobotProgrammingwithROS2/bookros2_ws/install/br2_bt_bumpgo/lib/pkgconfig/br2_bt_bumpgo.pc'
[3.237s] Level 1:colcon.colcon_core.environment:checking '/home/edmund-munene/Documents/Programming-language-basics/Linux/Robotics/AConciseIntroductiontoRobotProgrammingwithROS2/bookros2_ws/install/br2_bt_bumpgo/lib/python3.12/site-packages'
[3.238s] Level 1:colcon.colcon_core.environment:checking '/home/edmund-munene/Documents/Programming-language-basics/Linux/Robotics/AConciseIntroductiontoRobotProgrammingwithROS2/bookros2_ws/install/br2_bt_bumpgo/bin'
[3.239s] INFO:colcon.colcon_core.shell:Creating package script '/home/edmund-munene/Documents/Programming-language-basics/Linux/Robotics/AConciseIntroductiontoRobotProgrammingwithROS2/bookros2_ws/install/br2_bt_bumpgo/share/br2_bt_bumpgo/package.ps1'
[3.240s] INFO:colcon.colcon_core.shell:Creating package descriptor '/home/edmund-munene/Documents/Programming-language-basics/Linux/Robotics/AConciseIntroductiontoRobotProgrammingwithROS2/bookros2_ws/install/br2_bt_bumpgo/share/br2_bt_bumpgo/package.dsv'
[3.241s] INFO:colcon.colcon_core.shell:Creating package script '/home/edmund-munene/Documents/Programming-language-basics/Linux/Robotics/AConciseIntroductiontoRobotProgrammingwithROS2/bookros2_ws/install/br2_bt_bumpgo/share/br2_bt_bumpgo/package.sh'
[3.245s] INFO:colcon.colcon_core.shell:Creating package script '/home/edmund-munene/Documents/Programming-language-basics/Linux/Robotics/AConciseIntroductiontoRobotProgrammingwithROS2/bookros2_ws/install/br2_bt_bumpgo/share/br2_bt_bumpgo/package.bash'
[3.246s] INFO:colcon.colcon_core.shell:Creating package script '/home/edmund-munene/Documents/Programming-language-basics/Linux/Robotics/AConciseIntroductiontoRobotProgrammingwithROS2/bookros2_ws/install/br2_bt_bumpgo/share/br2_bt_bumpgo/package.zsh'
[3.246s] Level 1:colcon.colcon_core.environment:create_file_with_runtime_dependencies(/home/edmund-munene/Documents/Programming-language-basics/Linux/Robotics/AConciseIntroductiontoRobotProgrammingwithROS2/bookros2_ws/install/br2_bt_bumpgo/share/colcon-core/packages/br2_bt_bumpgo)
[3.247s] Level 1:colcon.colcon_core.environment:create_environment_scripts_only(br2_vff_avoidance)
[3.248s] Level 1:colcon.colcon_core.environment:checking '/home/edmund-munene/Documents/Programming-language-basics/Linux/Robotics/AConciseIntroductiontoRobotProgrammingwithROS2/bookros2_ws/install/br2_vff_avoidance' for CMake module files
[3.250s] DEBUG:colcon.colcon_core.event_handler.log_command:Invoked command in '/home/edmund-munene/Documents/Programming-language-basics/Linux/Robotics/AConciseIntroductiontoRobotProgrammingwithROS2/bookros2_ws/build/br2_vff_avoidance' returned '0': CMAKE_PREFIX_PATH=${CMAKE_PREFIX_PATH}:/opt/ros/jazzy DEBUGINFOD_URLS=https://debuginfod.ubuntu.com /usr/bin/cmake --install /home/edmund-munene/Documents/Programming-language-basics/Linux/Robotics/AConciseIntroductiontoRobotProgrammingwithROS2/bookros2_ws/build/br2_vff_avoidance
[3.250s] Level 1:colcon.colcon_core.environment:checking '/home/edmund-munene/Documents/Programming-language-basics/Linux/Robotics/AConciseIntroductiontoRobotProgrammingwithROS2/bookros2_ws/install/br2_vff_avoidance' for CMake config files
[3.251s] Level 1:colcon.colcon_core.shell:create_environment_hook('br2_vff_avoidance', 'cmake_prefix_path')
[3.251s] INFO:colcon.colcon_core.shell:Creating environment hook '/home/edmund-munene/Documents/Programming-language-basics/Linux/Robotics/AConciseIntroductiontoRobotProgrammingwithROS2/bookros2_ws/install/br2_vff_avoidance/share/br2_vff_avoidance/hook/cmake_prefix_path.ps1'
[3.252s] INFO:colcon.colcon_core.shell:Creating environment descriptor '/home/edmund-munene/Documents/Programming-language-basics/Linux/Robotics/AConciseIntroductiontoRobotProgrammingwithROS2/bookros2_ws/install/br2_vff_avoidance/share/br2_vff_avoidance/hook/cmake_prefix_path.dsv'
[3.252s] INFO:colcon.colcon_core.shell:Creating environment hook '/home/edmund-munene/Documents/Programming-language-basics/Linux/Robotics/AConciseIntroductiontoRobotProgrammingwithROS2/bookros2_ws/install/br2_vff_avoidance/share/br2_vff_avoidance/hook/cmake_prefix_path.sh'
[3.254s] Level 1:colcon.colcon_core.environment:checking '/home/edmund-munene/Documents/Programming-language-basics/Linux/Robotics/AConciseIntroductiontoRobotProgrammingwithROS2/bookros2_ws/install/br2_vff_avoidance/lib'
[3.254s] Level 1:colcon.colcon_core.shell:create_environment_hook('br2_vff_avoidance', 'ld_library_path_lib')
[3.254s] INFO:colcon.colcon_core.shell:Creating environment hook '/home/edmund-munene/Documents/Programming-language-basics/Linux/Robotics/AConciseIntroductiontoRobotProgrammingwithROS2/bookros2_ws/install/br2_vff_avoidance/share/br2_vff_avoidance/hook/ld_library_path_lib.ps1'
[3.255s] INFO:colcon.colcon_core.shell:Creating environment descriptor '/home/edmund-munene/Documents/Programming-language-basics/Linux/Robotics/AConciseIntroductiontoRobotProgrammingwithROS2/bookros2_ws/install/br2_vff_avoidance/share/br2_vff_avoidance/hook/ld_library_path_lib.dsv'
[3.255s] INFO:colcon.colcon_core.shell:Creating environment hook '/home/edmund-munene/Documents/Programming-language-basics/Linux/Robotics/AConciseIntroductiontoRobotProgrammingwithROS2/bookros2_ws/install/br2_vff_avoidance/share/br2_vff_avoidance/hook/ld_library_path_lib.sh'
[3.256s] Level 1:colcon.colcon_core.environment:checking '/home/edmund-munene/Documents/Programming-language-basics/Linux/Robotics/AConciseIntroductiontoRobotProgrammingwithROS2/bookros2_ws/install/br2_vff_avoidance/bin'
[3.256s] Level 1:colcon.colcon_core.environment:checking '/home/edmund-munene/Documents/Programming-language-basics/Linux/Robotics/AConciseIntroductiontoRobotProgrammingwithROS2/bookros2_ws/install/br2_vff_avoidance/lib/pkgconfig/br2_vff_avoidance.pc'
[3.256s] Level 1:colcon.colcon_core.environment:checking '/home/edmund-munene/Documents/Programming-language-basics/Linux/Robotics/AConciseIntroductiontoRobotProgrammingwithROS2/bookros2_ws/install/br2_vff_avoidance/lib/python3.12/site-packages'
[3.257s] Level 1:colcon.colcon_core.environment:checking '/home/edmund-munene/Documents/Programming-language-basics/Linux/Robotics/AConciseIntroductiontoRobotProgrammingwithROS2/bookros2_ws/install/br2_vff_avoidance/bin'
[3.257s] INFO:colcon.colcon_core.shell:Creating package script '/home/edmund-munene/Documents/Programming-language-basics/Linux/Robotics/AConciseIntroductiontoRobotProgrammingwithROS2/bookros2_ws/install/br2_vff_avoidance/share/br2_vff_avoidance/package.ps1'
[3.258s] INFO:colcon.colcon_core.shell:Creating package descriptor '/home/edmund-munene/Documents/Programming-language-basics/Linux/Robotics/AConciseIntroductiontoRobotProgrammingwithROS2/bookros2_ws/install/br2_vff_avoidance/share/br2_vff_avoidance/package.dsv'
[3.259s] INFO:colcon.colcon_core.shell:Creating package script '/home/edmund-munene/Documents/Programming-language-basics/Linux/Robotics/AConciseIntroductiontoRobotProgrammingwithROS2/bookros2_ws/install/br2_vff_avoidance/share/br2_vff_avoidance/package.sh'
[3.260s] INFO:colcon.colcon_core.shell:Creating package script '/home/edmund-munene/Documents/Programming-language-basics/Linux/Robotics/AConciseIntroductiontoRobotProgrammingwithROS2/bookros2_ws/install/br2_vff_avoidance/share/br2_vff_avoidance/package.bash'
[3.261s] INFO:colcon.colcon_core.shell:Creating package script '/home/edmund-munene/Documents/Programming-language-basics/Linux/Robotics/AConciseIntroductiontoRobotProgrammingwithROS2/bookros2_ws/install/br2_vff_avoidance/share/br2_vff_avoidance/package.zsh'
[3.261s] Level 1:colcon.colcon_core.environment:create_file_with_runtime_dependencies(/home/edmund-munene/Documents/Programming-language-basics/Linux/Robotics/AConciseIntroductiontoRobotProgrammingwithROS2/bookros2_ws/install/br2_vff_avoidance/share/colcon-core/packages/br2_vff_avoidance)
[3.262s] Level 1:colcon.colcon_core.environment:create_environment_scripts_only(br2_vff_avoidance)
[3.262s] Level 1:colcon.colcon_core.environment:checking '/home/edmund-munene/Documents/Programming-language-basics/Linux/Robotics/AConciseIntroductiontoRobotProgrammingwithROS2/bookros2_ws/install/br2_vff_avoidance' for CMake module files
[3.263s] Level 1:colcon.colcon_core.environment:checking '/home/edmund-munene/Documents/Programming-language-basics/Linux/Robotics/AConciseIntroductiontoRobotProgrammingwithROS2/bookros2_ws/install/br2_vff_avoidance' for CMake config files
[3.264s] Level 1:colcon.colcon_core.shell:create_environment_hook('br2_vff_avoidance', 'cmake_prefix_path')
[3.264s] INFO:colcon.colcon_core.shell:Creating environment hook '/home/edmund-munene/Documents/Programming-language-basics/Linux/Robotics/AConciseIntroductiontoRobotProgrammingwithROS2/bookros2_ws/install/br2_vff_avoidance/share/br2_vff_avoidance/hook/cmake_prefix_path.ps1'
[3.265s] INFO:colcon.colcon_core.shell:Creating environment descriptor '/home/edmund-munene/Documents/Programming-language-basics/Linux/Robotics/AConciseIntroductiontoRobotProgrammingwithROS2/bookros2_ws/install/br2_vff_avoidance/share/br2_vff_avoidance/hook/cmake_prefix_path.dsv'
[3.265s] INFO:colcon.colcon_core.shell:Creating environment hook '/home/edmund-munene/Documents/Programming-language-basics/Linux/Robotics/AConciseIntroductiontoRobotProgrammingwithROS2/bookros2_ws/install/br2_vff_avoidance/share/br2_vff_avoidance/hook/cmake_prefix_path.sh'
[3.266s] Level 1:colcon.colcon_core.environment:checking '/home/edmund-munene/Documents/Programming-language-basics/Linux/Robotics/AConciseIntroductiontoRobotProgrammingwithROS2/bookros2_ws/install/br2_vff_avoidance/lib'
[3.266s] Level 1:colcon.colcon_core.shell:create_environment_hook('br2_vff_avoidance', 'ld_library_path_lib')
[3.267s] INFO:colcon.colcon_core.shell:Creating environment hook '/home/edmund-munene/Documents/Programming-language-basics/Linux/Robotics/AConciseIntroductiontoRobotProgrammingwithROS2/bookros2_ws/install/br2_vff_avoidance/share/br2_vff_avoidance/hook/ld_library_path_lib.ps1'
[3.267s] INFO:colcon.colcon_core.shell:Creating environment descriptor '/home/edmund-munene/Documents/Programming-language-basics/Linux/Robotics/AConciseIntroductiontoRobotProgrammingwithROS2/bookros2_ws/install/br2_vff_avoidance/share/br2_vff_avoidance/hook/ld_library_path_lib.dsv'
[3.268s] INFO:colcon.colcon_core.shell:Creating environment hook '/home/edmund-munene/Documents/Programming-language-basics/Linux/Robotics/AConciseIntroductiontoRobotProgrammingwithROS2/bookros2_ws/install/br2_vff_avoidance/share/br2_vff_avoidance/hook/ld_library_path_lib.sh'
[3.268s] Level 1:colcon.colcon_core.environment:checking '/home/edmund-munene/Documents/Programming-language-basics/Linux/Robotics/AConciseIntroductiontoRobotProgrammingwithROS2/bookros2_ws/install/br2_vff_avoidance/bin'
[3.268s] Level 1:colcon.colcon_core.environment:checking '/home/edmund-munene/Documents/Programming-language-basics/Linux/Robotics/AConciseIntroductiontoRobotProgrammingwithROS2/bookros2_ws/install/br2_vff_avoidance/lib/pkgconfig/br2_vff_avoidance.pc'
[3.269s] Level 1:colcon.colcon_core.environment:checking '/home/edmund-munene/Documents/Programming-language-basics/Linux/Robotics/AConciseIntroductiontoRobotProgrammingwithROS2/bookros2_ws/install/br2_vff_avoidance/lib/python3.12/site-packages'
[3.269s] Level 1:colcon.colcon_core.environment:checking '/home/edmund-munene/Documents/Programming-language-basics/Linux/Robotics/AConciseIntroductiontoRobotProgrammingwithROS2/bookros2_ws/install/br2_vff_avoidance/bin'
[3.270s] INFO:colcon.colcon_core.shell:Creating package script '/home/edmund-munene/Documents/Programming-language-basics/Linux/Robotics/AConciseIntroductiontoRobotProgrammingwithROS2/bookros2_ws/install/br2_vff_avoidance/share/br2_vff_avoidance/package.ps1'
[3.271s] INFO:colcon.colcon_core.shell:Creating package descriptor '/home/edmund-munene/Documents/Programming-language-basics/Linux/Robotics/AConciseIntroductiontoRobotProgrammingwithROS2/bookros2_ws/install/br2_vff_avoidance/share/br2_vff_avoidance/package.dsv'
[3.272s] INFO:colcon.colcon_core.shell:Creating package script '/home/edmund-munene/Documents/Programming-language-basics/Linux/Robotics/AConciseIntroductiontoRobotProgrammingwithROS2/bookros2_ws/install/br2_vff_avoidance/share/br2_vff_avoidance/package.sh'
[3.272s] INFO:colcon.colcon_core.shell:Creating package script '/home/edmund-munene/Documents/Programming-language-basics/Linux/Robotics/AConciseIntroductiontoRobotProgrammingwithROS2/bookros2_ws/install/br2_vff_avoidance/share/br2_vff_avoidance/package.bash'
[3.273s] INFO:colcon.colcon_core.shell:Creating package script '/home/edmund-munene/Documents/Programming-language-basics/Linux/Robotics/AConciseIntroductiontoRobotProgrammingwithROS2/bookros2_ws/install/br2_vff_avoidance/share/br2_vff_avoidance/package.zsh'
[3.274s] Level 1:colcon.colcon_core.environment:create_file_with_runtime_dependencies(/home/edmund-munene/Documents/Programming-language-basics/Linux/Robotics/AConciseIntroductiontoRobotProgrammingwithROS2/bookros2_ws/install/br2_vff_avoidance/share/colcon-core/packages/br2_vff_avoidance)
[3.277s] DEBUG:colcon.colcon_core.event_handler.log_command:Invoked command in '/home/edmund-munene/Documents/Programming-language-basics/Linux/Robotics/AConciseIntroductiontoRobotProgrammingwithROS2/bookros2_ws/build/pal_robotiq_gripper' returned '0': AMENT_PREFIX_PATH=/home/edmund-munene/Documents/Programming-language-basics/Linux/Robotics/AConciseIntroductiontoRobotProgrammingwithROS2/bookros2_ws/install/pal_robotiq_description:/home/edmund-munene/Documents/Programming-language-basics/Linux/Robotics/AConciseIntroductiontoRobotProgrammingwithROS2/bookros2_ws/install/pal_robotiq_controller_configuration:${AMENT_PREFIX_PATH} CMAKE_PREFIX_PATH=/home/edmund-munene/Documents/Programming-language-basics/Linux/Robotics/AConciseIntroductiontoRobotProgrammingwithROS2/bookros2_ws/install/pal_robotiq_description:/home/edmund-munene/Documents/Programming-language-basics/Linux/Robotics/AConciseIntroductiontoRobotProgrammingwithROS2/bookros2_ws/install/pal_robotiq_controller_configuration:/opt/ros/jazzy/opt/gz_sim_vendor:/opt/ros/jazzy/opt/gz_sensors_vendor:/opt/ros/jazzy/opt/gz_physics_vendor:/opt/ros/jazzy/opt/sdformat_vendor:/opt/ros/jazzy/opt/gz_gui_vendor:/opt/ros/jazzy/opt/gz_transport_vendor:/opt/ros/jazzy/opt/gz_rendering_vendor:/opt/ros/jazzy/opt/gz_plugin_vendor:/opt/ros/jazzy/opt/gz_fuel_tools_vendor:/opt/ros/jazzy/opt/gz_msgs_vendor:/opt/ros/jazzy/opt/gz_common_vendor:/opt/ros/jazzy/opt/gz_math_vendor:/opt/ros/jazzy/opt/gz_utils_vendor:/opt/ros/jazzy/opt/gz_tools_vendor:/opt/ros/jazzy/opt/gz_ogre_next_vendor:/opt/ros/jazzy/opt/gz_dartsim_vendor:/opt/ros/jazzy/opt/gz_cmake_vendor:/opt/ros/jazzy DEBUGINFOD_URLS=https://debuginfod.ubuntu.com /usr/bin/cmake --build /home/edmund-munene/Documents/Programming-language-basics/Linux/Robotics/AConciseIntroductiontoRobotProgrammingwithROS2/bookros2_ws/build/pal_robotiq_gripper -- -j12 -l12
[3.278s] INFO:colcon.colcon_ros.task.ament_cmake.build:Building ROS package in '/home/edmund-munene/Documents/Programming-language-basics/Linux/Robotics/AConciseIntroductiontoRobotProgrammingwithROS2/bookros2_ws/src/ThirdParty/pal_hey5/pal_hey5' with build type 'ament_cmake'
[3.278s] INFO:colcon.colcon_cmake.task.cmake.build:Building CMake package in '/home/edmund-munene/Documents/Programming-language-basics/Linux/Robotics/AConciseIntroductiontoRobotProgrammingwithROS2/bookros2_ws/src/ThirdParty/pal_hey5/pal_hey5'
[3.279s] INFO:colcon.colcon_core.shell:Skip shell extension 'powershell' for command environment: Not usable outside of PowerShell
[3.279s] DEBUG:colcon.colcon_core.event_handler.log_command:Invoking command in '/home/edmund-munene/Documents/Programming-language-basics/Linux/Robotics/AConciseIntroductiontoRobotProgrammingwithROS2/bookros2_ws/build/pal_robotiq_gripper': AMENT_PREFIX_PATH=/home/edmund-munene/Documents/Programming-language-basics/Linux/Robotics/AConciseIntroductiontoRobotProgrammingwithROS2/bookros2_ws/install/pal_robotiq_description:/home/edmund-munene/Documents/Programming-language-basics/Linux/Robotics/AConciseIntroductiontoRobotProgrammingwithROS2/bookros2_ws/install/pal_robotiq_controller_configuration:${AMENT_PREFIX_PATH} CMAKE_PREFIX_PATH=/home/edmund-munene/Documents/Programming-language-basics/Linux/Robotics/AConciseIntroductiontoRobotProgrammingwithROS2/bookros2_ws/install/pal_robotiq_description:/home/edmund-munene/Documents/Programming-language-basics/Linux/Robotics/AConciseIntroductiontoRobotProgrammingwithROS2/bookros2_ws/install/pal_robotiq_controller_configuration:/opt/ros/jazzy/opt/gz_sim_vendor:/opt/ros/jazzy/opt/gz_sensors_vendor:/opt/ros/jazzy/opt/gz_physics_vendor:/opt/ros/jazzy/opt/sdformat_vendor:/opt/ros/jazzy/opt/gz_gui_vendor:/opt/ros/jazzy/opt/gz_transport_vendor:/opt/ros/jazzy/opt/gz_rendering_vendor:/opt/ros/jazzy/opt/gz_plugin_vendor:/opt/ros/jazzy/opt/gz_fuel_tools_vendor:/opt/ros/jazzy/opt/gz_msgs_vendor:/opt/ros/jazzy/opt/gz_common_vendor:/opt/ros/jazzy/opt/gz_math_vendor:/opt/ros/jazzy/opt/gz_utils_vendor:/opt/ros/jazzy/opt/gz_tools_vendor:/opt/ros/jazzy/opt/gz_ogre_next_vendor:/opt/ros/jazzy/opt/gz_dartsim_vendor:/opt/ros/jazzy/opt/gz_cmake_vendor:/opt/ros/jazzy DEBUGINFOD_URLS=https://debuginfod.ubuntu.com /usr/bin/cmake --install /home/edmund-munene/Documents/Programming-language-basics/Linux/Robotics/AConciseIntroductiontoRobotProgrammingwithROS2/bookros2_ws/build/pal_robotiq_gripper
[3.279s] DEBUG:colcon.colcon_core.shell:Skip shell extension 'dsv' for command environment
[3.297s] DEBUG:colcon.colcon_core.event_handler.log_command:Invoking command in '/home/edmund-munene/Documents/Programming-language-basics/Linux/Robotics/AConciseIntroductiontoRobotProgrammingwithROS2/bookros2_ws/build/pal_gripper_simulation': AMENT_PREFIX_PATH=/home/edmund-munene/Documents/Programming-language-basics/Linux/Robotics/AConciseIntroductiontoRobotProgrammingwithROS2/bookros2_ws/install/pal_gripper_description:/home/edmund-munene/Documents/Programming-language-basics/Linux/Robotics/AConciseIntroductiontoRobotProgrammingwithROS2/bookros2_ws/install/pal_urdf_utils:/home/edmund-munene/Documents/Programming-language-basics/Linux/Robotics/AConciseIntroductiontoRobotProgrammingwithROS2/bookros2_ws/install/pal_gripper_controller_configuration:${AMENT_PREFIX_PATH} CMAKE_PREFIX_PATH=/home/edmund-munene/Documents/Programming-language-basics/Linux/Robotics/AConciseIntroductiontoRobotProgrammingwithROS2/bookros2_ws/install/pal_gripper_description:/home/edmund-munene/Documents/Programming-language-basics/Linux/Robotics/AConciseIntroductiontoRobotProgrammingwithROS2/bookros2_ws/install/pal_urdf_utils:/home/edmund-munene/Documents/Programming-language-basics/Linux/Robotics/AConciseIntroductiontoRobotProgrammingwithROS2/bookros2_ws/install/pal_gripper_controller_configuration:/opt/ros/jazzy/opt/gz_sim_vendor:/opt/ros/jazzy/opt/gz_sensors_vendor:/opt/ros/jazzy/opt/gz_physics_vendor:/opt/ros/jazzy/opt/sdformat_vendor:/opt/ros/jazzy/opt/gz_gui_vendor:/opt/ros/jazzy/opt/gz_transport_vendor:/opt/ros/jazzy/opt/gz_rendering_vendor:/opt/ros/jazzy/opt/gz_plugin_vendor:/opt/ros/jazzy/opt/gz_fuel_tools_vendor:/opt/ros/jazzy/opt/gz_msgs_vendor:/opt/ros/jazzy/opt/gz_common_vendor:/opt/ros/jazzy/opt/gz_math_vendor:/opt/ros/jazzy/opt/gz_utils_vendor:/opt/ros/jazzy/opt/gz_tools_vendor:/opt/ros/jazzy/opt/gz_ogre_next_vendor:/opt/ros/jazzy/opt/gz_dartsim_vendor:/opt/ros/jazzy/opt/gz_cmake_vendor:/opt/ros/jazzy DEBUGINFOD_URLS=https://debuginfod.ubuntu.com /usr/bin/cmake --build /home/edmund-munene/Documents/Programming-language-basics/Linux/Robotics/AConciseIntroductiontoRobotProgrammingwithROS2/bookros2_ws/build/pal_gripper_simulation -- -j12 -l12
[3.305s] DEBUG:colcon.colcon_core.event_handler.log_command:Invoking command in '/home/edmund-munene/Documents/Programming-language-basics/Linux/Robotics/AConciseIntroductiontoRobotProgrammingwithROS2/bookros2_ws/build/br2_fsm_bumpgo_py': DEBUGINFOD_URLS=https://debuginfod.ubuntu.com PYTHONPATH=/home/edmund-munene/Documents/Programming-language-basics/Linux/Robotics/AConciseIntroductiontoRobotProgrammingwithROS2/bookros2_ws/build/br2_fsm_bumpgo_py/prefix_override:/usr/lib/python3/dist-packages/colcon_core/task/python/colcon_distutils_commands:/home/edmund-munene/Documents/Programming-language-basics/Linux/Robotics/AConciseIntroductiontoRobotProgrammingwithROS2/bookros2_ws/install/br2_fsm_bumpgo_py/lib/python3.12/site-packages:${PYTHONPATH} /usr/bin/python3 -W ignore:setup.py install is deprecated -W ignore:easy_install command is deprecated setup.py develop --editable --build-directory /home/edmund-munene/Documents/Programming-language-basics/Linux/Robotics/AConciseIntroductiontoRobotProgrammingwithROS2/bookros2_ws/build/br2_fsm_bumpgo_py/build --no-deps symlink_data
[3.306s] Level 1:colcon.colcon_core.environment:create_environment_scripts_only(br2_tracking)
[3.306s] Level 1:colcon.colcon_core.environment:checking '/home/edmund-munene/Documents/Programming-language-basics/Linux/Robotics/AConciseIntroductiontoRobotProgrammingwithROS2/bookros2_ws/install/br2_tracking' for CMake module files
[3.307s] DEBUG:colcon.colcon_core.event_handler.log_command:Invoked command in '/home/edmund-munene/Documents/Programming-language-basics/Linux/Robotics/AConciseIntroductiontoRobotProgrammingwithROS2/bookros2_ws/build/br2_tracking' returned '0': AMENT_PREFIX_PATH=/home/edmund-munene/Documents/Programming-language-basics/Linux/Robotics/AConciseIntroductiontoRobotProgrammingwithROS2/bookros2_ws/install/br2_tracking_msgs:${AMENT_PREFIX_PATH} CMAKE_PREFIX_PATH=/home/edmund-munene/Documents/Programming-language-basics/Linux/Robotics/AConciseIntroductiontoRobotProgrammingwithROS2/bookros2_ws/install/br2_tracking_msgs:/opt/ros/jazzy/opt/gz_sim_vendor:/opt/ros/jazzy/opt/gz_sensors_vendor:/opt/ros/jazzy/opt/gz_physics_vendor:/opt/ros/jazzy/opt/sdformat_vendor:/opt/ros/jazzy/opt/gz_gui_vendor:/opt/ros/jazzy/opt/gz_transport_vendor:/opt/ros/jazzy/opt/gz_rendering_vendor:/opt/ros/jazzy/opt/gz_plugin_vendor:/opt/ros/jazzy/opt/gz_fuel_tools_vendor:/opt/ros/jazzy/opt/gz_msgs_vendor:/opt/ros/jazzy/opt/gz_common_vendor:/opt/ros/jazzy/opt/gz_math_vendor:/opt/ros/jazzy/opt/gz_utils_vendor:/opt/ros/jazzy/opt/gz_tools_vendor:/opt/ros/jazzy/opt/gz_ogre_next_vendor:/opt/ros/jazzy/opt/gz_dartsim_vendor:/opt/ros/jazzy/opt/gz_cmake_vendor:/opt/ros/jazzy DEBUGINFOD_URLS=https://debuginfod.ubuntu.com LD_LIBRARY_PATH=/home/edmund-munene/Documents/Programming-language-basics/Linux/Robotics/AConciseIntroductiontoRobotProgrammingwithROS2/bookros2_ws/install/br2_tracking_msgs/lib:${LD_LIBRARY_PATH} PYTHONPATH=/home/edmund-munene/Documents/Programming-language-basics/Linux/Robotics/AConciseIntroductiontoRobotProgrammingwithROS2/bookros2_ws/install/br2_tracking_msgs/lib/python3.12/site-packages:${PYTHONPATH} /usr/bin/cmake --install /home/edmund-munene/Documents/Programming-language-basics/Linux/Robotics/AConciseIntroductiontoRobotProgrammingwithROS2/bookros2_ws/build/br2_tracking
[3.309s] Level 1:colcon.colcon_core.environment:checking '/home/edmund-munene/Documents/Programming-language-basics/Linux/Robotics/AConciseIntroductiontoRobotProgrammingwithROS2/bookros2_ws/install/br2_tracking' for CMake config files
[3.309s] Level 1:colcon.colcon_core.shell:create_environment_hook('br2_tracking', 'cmake_prefix_path')
[3.310s] INFO:colcon.colcon_core.shell:Creating environment hook '/home/edmund-munene/Documents/Programming-language-basics/Linux/Robotics/AConciseIntroductiontoRobotProgrammingwithROS2/bookros2_ws/install/br2_tracking/share/br2_tracking/hook/cmake_prefix_path.ps1'
[3.311s] INFO:colcon.colcon_core.shell:Creating environment descriptor '/home/edmund-munene/Documents/Programming-language-basics/Linux/Robotics/AConciseIntroductiontoRobotProgrammingwithROS2/bookros2_ws/install/br2_tracking/share/br2_tracking/hook/cmake_prefix_path.dsv'
[3.312s] INFO:colcon.colcon_core.shell:Creating environment hook '/home/edmund-munene/Documents/Programming-language-basics/Linux/Robotics/AConciseIntroductiontoRobotProgrammingwithROS2/bookros2_ws/install/br2_tracking/share/br2_tracking/hook/cmake_prefix_path.sh'
[3.314s] Level 1:colcon.colcon_core.environment:checking '/home/edmund-munene/Documents/Programming-language-basics/Linux/Robotics/AConciseIntroductiontoRobotProgrammingwithROS2/bookros2_ws/install/br2_tracking/lib'
[3.314s] Level 1:colcon.colcon_core.shell:create_environment_hook('br2_tracking', 'ld_library_path_lib')
[3.315s] INFO:colcon.colcon_core.shell:Creating environment hook '/home/edmund-munene/Documents/Programming-language-basics/Linux/Robotics/AConciseIntroductiontoRobotProgrammingwithROS2/bookros2_ws/install/br2_tracking/share/br2_tracking/hook/ld_library_path_lib.ps1'
[3.316s] INFO:colcon.colcon_core.shell:Creating environment descriptor '/home/edmund-munene/Documents/Programming-language-basics/Linux/Robotics/AConciseIntroductiontoRobotProgrammingwithROS2/bookros2_ws/install/br2_tracking/share/br2_tracking/hook/ld_library_path_lib.dsv'
[3.317s] INFO:colcon.colcon_core.shell:Creating environment hook '/home/edmund-munene/Documents/Programming-language-basics/Linux/Robotics/AConciseIntroductiontoRobotProgrammingwithROS2/bookros2_ws/install/br2_tracking/share/br2_tracking/hook/ld_library_path_lib.sh'
[3.318s] Level 1:colcon.colcon_core.environment:checking '/home/edmund-munene/Documents/Programming-language-basics/Linux/Robotics/AConciseIntroductiontoRobotProgrammingwithROS2/bookros2_ws/install/br2_tracking/bin'
[3.318s] Level 1:colcon.colcon_core.environment:checking '/home/edmund-munene/Documents/Programming-language-basics/Linux/Robotics/AConciseIntroductiontoRobotProgrammingwithROS2/bookros2_ws/install/br2_tracking/lib/pkgconfig/br2_tracking.pc'
[3.319s] Level 1:colcon.colcon_core.environment:checking '/home/edmund-munene/Documents/Programming-language-basics/Linux/Robotics/AConciseIntroductiontoRobotProgrammingwithROS2/bookros2_ws/install/br2_tracking/lib/python3.12/site-packages'
[3.321s] Level 1:colcon.colcon_core.environment:checking '/home/edmund-munene/Documents/Programming-language-basics/Linux/Robotics/AConciseIntroductiontoRobotProgrammingwithROS2/bookros2_ws/install/br2_tracking/bin'
[3.321s] INFO:colcon.colcon_core.shell:Creating package script '/home/edmund-munene/Documents/Programming-language-basics/Linux/Robotics/AConciseIntroductiontoRobotProgrammingwithROS2/bookros2_ws/install/br2_tracking/share/br2_tracking/package.ps1'
[3.323s] INFO:colcon.colcon_core.shell:Creating package descriptor '/home/edmund-munene/Documents/Programming-language-basics/Linux/Robotics/AConciseIntroductiontoRobotProgrammingwithROS2/bookros2_ws/install/br2_tracking/share/br2_tracking/package.dsv'
[3.324s] INFO:colcon.colcon_core.shell:Creating package script '/home/edmund-munene/Documents/Programming-language-basics/Linux/Robotics/AConciseIntroductiontoRobotProgrammingwithROS2/bookros2_ws/install/br2_tracking/share/br2_tracking/package.sh'
[3.325s] INFO:colcon.colcon_core.shell:Creating package script '/home/edmund-munene/Documents/Programming-language-basics/Linux/Robotics/AConciseIntroductiontoRobotProgrammingwithROS2/bookros2_ws/install/br2_tracking/share/br2_tracking/package.bash'
[3.326s] INFO:colcon.colcon_core.shell:Creating package script '/home/edmund-munene/Documents/Programming-language-basics/Linux/Robotics/AConciseIntroductiontoRobotProgrammingwithROS2/bookros2_ws/install/br2_tracking/share/br2_tracking/package.zsh'
[3.327s] Level 1:colcon.colcon_core.environment:create_file_with_runtime_dependencies(/home/edmund-munene/Documents/Programming-language-basics/Linux/Robotics/AConciseIntroductiontoRobotProgrammingwithROS2/bookros2_ws/install/br2_tracking/share/colcon-core/packages/br2_tracking)
[3.328s] Level 1:colcon.colcon_core.environment:create_environment_scripts_only(br2_tracking)
[3.328s] Level 1:colcon.colcon_core.environment:checking '/home/edmund-munene/Documents/Programming-language-basics/Linux/Robotics/AConciseIntroductiontoRobotProgrammingwithROS2/bookros2_ws/install/br2_tracking' for CMake module files
[3.329s] Level 1:colcon.colcon_core.environment:checking '/home/edmund-munene/Documents/Programming-language-basics/Linux/Robotics/AConciseIntroductiontoRobotProgrammingwithROS2/bookros2_ws/install/br2_tracking' for CMake config files
[3.331s] Level 1:colcon.colcon_core.shell:create_environment_hook('br2_tracking', 'cmake_prefix_path')
[3.332s] INFO:colcon.colcon_core.shell:Creating environment hook '/home/edmund-munene/Documents/Programming-language-basics/Linux/Robotics/AConciseIntroductiontoRobotProgrammingwithROS2/bookros2_ws/install/br2_tracking/share/br2_tracking/hook/cmake_prefix_path.ps1'
[3.332s] INFO:colcon.colcon_core.shell:Creating environment descriptor '/home/edmund-munene/Documents/Programming-language-basics/Linux/Robotics/AConciseIntroductiontoRobotProgrammingwithROS2/bookros2_ws/install/br2_tracking/share/br2_tracking/hook/cmake_prefix_path.dsv'
[3.333s] INFO:colcon.colcon_core.shell:Creating environment hook '/home/edmund-munene/Documents/Programming-language-basics/Linux/Robotics/AConciseIntroductiontoRobotProgrammingwithROS2/bookros2_ws/install/br2_tracking/share/br2_tracking/hook/cmake_prefix_path.sh'
[3.334s] Level 1:colcon.colcon_core.environment:checking '/home/edmund-munene/Documents/Programming-language-basics/Linux/Robotics/AConciseIntroductiontoRobotProgrammingwithROS2/bookros2_ws/install/br2_tracking/lib'
[3.334s] Level 1:colcon.colcon_core.shell:create_environment_hook('br2_tracking', 'ld_library_path_lib')
[3.335s] INFO:colcon.colcon_core.shell:Creating environment hook '/home/edmund-munene/Documents/Programming-language-basics/Linux/Robotics/AConciseIntroductiontoRobotProgrammingwithROS2/bookros2_ws/install/br2_tracking/share/br2_tracking/hook/ld_library_path_lib.ps1'
[3.336s] INFO:colcon.colcon_core.shell:Creating environment descriptor '/home/edmund-munene/Documents/Programming-language-basics/Linux/Robotics/AConciseIntroductiontoRobotProgrammingwithROS2/bookros2_ws/install/br2_tracking/share/br2_tracking/hook/ld_library_path_lib.dsv'
[3.337s] INFO:colcon.colcon_core.shell:Creating environment hook '/home/edmund-munene/Documents/Programming-language-basics/Linux/Robotics/AConciseIntroductiontoRobotProgrammingwithROS2/bookros2_ws/install/br2_tracking/share/br2_tracking/hook/ld_library_path_lib.sh'
[3.338s] Level 1:colcon.colcon_core.environment:checking '/home/edmund-munene/Documents/Programming-language-basics/Linux/Robotics/AConciseIntroductiontoRobotProgrammingwithROS2/bookros2_ws/install/br2_tracking/bin'
[3.338s] Level 1:colcon.colcon_core.environment:checking '/home/edmund-munene/Documents/Programming-language-basics/Linux/Robotics/AConciseIntroductiontoRobotProgrammingwithROS2/bookros2_ws/install/br2_tracking/lib/pkgconfig/br2_tracking.pc'
[3.338s] Level 1:colcon.colcon_core.environment:checking '/home/edmund-munene/Documents/Programming-language-basics/Linux/Robotics/AConciseIntroductiontoRobotProgrammingwithROS2/bookros2_ws/install/br2_tracking/lib/python3.12/site-packages'
[3.339s] Level 1:colcon.colcon_core.environment:checking '/home/edmund-munene/Documents/Programming-language-basics/Linux/Robotics/AConciseIntroductiontoRobotProgrammingwithROS2/bookros2_ws/install/br2_tracking/bin'
[3.339s] INFO:colcon.colcon_core.shell:Creating package script '/home/edmund-munene/Documents/Programming-language-basics/Linux/Robotics/AConciseIntroductiontoRobotProgrammingwithROS2/bookros2_ws/install/br2_tracking/share/br2_tracking/package.ps1'
[3.341s] INFO:colcon.colcon_core.shell:Creating package descriptor '/home/edmund-munene/Documents/Programming-language-basics/Linux/Robotics/AConciseIntroductiontoRobotProgrammingwithROS2/bookros2_ws/install/br2_tracking/share/br2_tracking/package.dsv'
[3.342s] INFO:colcon.colcon_core.shell:Creating package script '/home/edmund-munene/Documents/Programming-language-basics/Linux/Robotics/AConciseIntroductiontoRobotProgrammingwithROS2/bookros2_ws/install/br2_tracking/share/br2_tracking/package.sh'
[3.343s] INFO:colcon.colcon_core.shell:Creating package script '/home/edmund-munene/Documents/Programming-language-basics/Linux/Robotics/AConciseIntroductiontoRobotProgrammingwithROS2/bookros2_ws/install/br2_tracking/share/br2_tracking/package.bash'
[3.343s] INFO:colcon.colcon_core.shell:Creating package script '/home/edmund-munene/Documents/Programming-language-basics/Linux/Robotics/AConciseIntroductiontoRobotProgrammingwithROS2/bookros2_ws/install/br2_tracking/share/br2_tracking/package.zsh'
[3.344s] Level 1:colcon.colcon_core.environment:create_file_with_runtime_dependencies(/home/edmund-munene/Documents/Programming-language-basics/Linux/Robotics/AConciseIntroductiontoRobotProgrammingwithROS2/bookros2_ws/install/br2_tracking/share/colcon-core/packages/br2_tracking)
[3.344s] Level 1:colcon.colcon_core.environment:create_environment_scripts_only(br2_bt_patrolling)
[3.346s] DEBUG:colcon.colcon_core.event_handler.log_command:Invoked command in '/home/edmund-munene/Documents/Programming-language-basics/Linux/Robotics/AConciseIntroductiontoRobotProgrammingwithROS2/bookros2_ws/build/br2_bt_patrolling' returned '0': AMENT_PREFIX_PATH=/home/edmund-munene/Documents/Programming-language-basics/Linux/Robotics/AConciseIntroductiontoRobotProgrammingwithROS2/bookros2_ws/install/behaviortree_cpp_v3:${AMENT_PREFIX_PATH} CMAKE_PREFIX_PATH=/home/edmund-munene/Documents/Programming-language-basics/Linux/Robotics/AConciseIntroductiontoRobotProgrammingwithROS2/bookros2_ws/install/behaviortree_cpp_v3:/opt/ros/jazzy/opt/gz_sim_vendor:/opt/ros/jazzy/opt/gz_sensors_vendor:/opt/ros/jazzy/opt/gz_physics_vendor:/opt/ros/jazzy/opt/sdformat_vendor:/opt/ros/jazzy/opt/gz_gui_vendor:/opt/ros/jazzy/opt/gz_transport_vendor:/opt/ros/jazzy/opt/gz_rendering_vendor:/opt/ros/jazzy/opt/gz_plugin_vendor:/opt/ros/jazzy/opt/gz_fuel_tools_vendor:/opt/ros/jazzy/opt/gz_msgs_vendor:/opt/ros/jazzy/opt/gz_common_vendor:/opt/ros/jazzy/opt/gz_math_vendor:/opt/ros/jazzy/opt/gz_utils_vendor:/opt/ros/jazzy/opt/gz_tools_vendor:/opt/ros/jazzy/opt/gz_ogre_next_vendor:/opt/ros/jazzy/opt/gz_dartsim_vendor:/opt/ros/jazzy/opt/gz_cmake_vendor:/opt/ros/jazzy DEBUGINFOD_URLS=https://debuginfod.ubuntu.com LD_LIBRARY_PATH=/home/edmund-munene/Documents/Programming-language-basics/Linux/Robotics/AConciseIntroductiontoRobotProgrammingwithROS2/bookros2_ws/install/behaviortree_cpp_v3/lib:${LD_LIBRARY_PATH} PATH=/home/edmund-munene/Documents/Programming-language-basics/Linux/Robotics/AConciseIntroductiontoRobotProgrammingwithROS2/bookros2_ws/install/behaviortree_cpp_v3/bin:${PATH} /usr/bin/cmake --install /home/edmund-munene/Documents/Programming-language-basics/Linux/Robotics/AConciseIntroductiontoRobotProgrammingwithROS2/bookros2_ws/build/br2_bt_patrolling
[3.346s] Level 1:colcon.colcon_core.environment:checking '/home/edmund-munene/Documents/Programming-language-basics/Linux/Robotics/AConciseIntroductiontoRobotProgrammingwithROS2/bookros2_ws/install/br2_bt_patrolling' for CMake module files
[3.347s] Level 1:colcon.colcon_core.environment:checking '/home/edmund-munene/Documents/Programming-language-basics/Linux/Robotics/AConciseIntroductiontoRobotProgrammingwithROS2/bookros2_ws/install/br2_bt_patrolling' for CMake config files
[3.348s] Level 1:colcon.colcon_core.shell:create_environment_hook('br2_bt_patrolling', 'cmake_prefix_path')
[3.348s] INFO:colcon.colcon_core.shell:Creating environment hook '/home/edmund-munene/Documents/Programming-language-basics/Linux/Robotics/AConciseIntroductiontoRobotProgrammingwithROS2/bookros2_ws/install/br2_bt_patrolling/share/br2_bt_patrolling/hook/cmake_prefix_path.ps1'
[3.349s] INFO:colcon.colcon_core.shell:Creating environment descriptor '/home/edmund-munene/Documents/Programming-language-basics/Linux/Robotics/AConciseIntroductiontoRobotProgrammingwithROS2/bookros2_ws/install/br2_bt_patrolling/share/br2_bt_patrolling/hook/cmake_prefix_path.dsv'
[3.350s] INFO:colcon.colcon_core.shell:Creating environment hook '/home/edmund-munene/Documents/Programming-language-basics/Linux/Robotics/AConciseIntroductiontoRobotProgrammingwithROS2/bookros2_ws/install/br2_bt_patrolling/share/br2_bt_patrolling/hook/cmake_prefix_path.sh'
[3.351s] Level 1:colcon.colcon_core.environment:checking '/home/edmund-munene/Documents/Programming-language-basics/Linux/Robotics/AConciseIntroductiontoRobotProgrammingwithROS2/bookros2_ws/install/br2_bt_patrolling/lib'
[3.351s] Level 1:colcon.colcon_core.shell:create_environment_hook('br2_bt_patrolling', 'ld_library_path_lib')
[3.352s] INFO:colcon.colcon_core.shell:Creating environment hook '/home/edmund-munene/Documents/Programming-language-basics/Linux/Robotics/AConciseIntroductiontoRobotProgrammingwithROS2/bookros2_ws/install/br2_bt_patrolling/share/br2_bt_patrolling/hook/ld_library_path_lib.ps1'
[3.354s] INFO:colcon.colcon_core.shell:Creating environment descriptor '/home/edmund-munene/Documents/Programming-language-basics/Linux/Robotics/AConciseIntroductiontoRobotProgrammingwithROS2/bookros2_ws/install/br2_bt_patrolling/share/br2_bt_patrolling/hook/ld_library_path_lib.dsv'
[3.355s] INFO:colcon.colcon_core.shell:Creating environment hook '/home/edmund-munene/Documents/Programming-language-basics/Linux/Robotics/AConciseIntroductiontoRobotProgrammingwithROS2/bookros2_ws/install/br2_bt_patrolling/share/br2_bt_patrolling/hook/ld_library_path_lib.sh'
[3.355s] Level 1:colcon.colcon_core.environment:checking '/home/edmund-munene/Documents/Programming-language-basics/Linux/Robotics/AConciseIntroductiontoRobotProgrammingwithROS2/bookros2_ws/install/br2_bt_patrolling/bin'
[3.355s] Level 1:colcon.colcon_core.environment:checking '/home/edmund-munene/Documents/Programming-language-basics/Linux/Robotics/AConciseIntroductiontoRobotProgrammingwithROS2/bookros2_ws/install/br2_bt_patrolling/lib/pkgconfig/br2_bt_patrolling.pc'
[3.356s] Level 1:colcon.colcon_core.environment:checking '/home/edmund-munene/Documents/Programming-language-basics/Linux/Robotics/AConciseIntroductiontoRobotProgrammingwithROS2/bookros2_ws/install/br2_bt_patrolling/lib/python3.12/site-packages'
[3.356s] Level 1:colcon.colcon_core.environment:checking '/home/edmund-munene/Documents/Programming-language-basics/Linux/Robotics/AConciseIntroductiontoRobotProgrammingwithROS2/bookros2_ws/install/br2_bt_patrolling/bin'
[3.357s] INFO:colcon.colcon_core.shell:Creating package script '/home/edmund-munene/Documents/Programming-language-basics/Linux/Robotics/AConciseIntroductiontoRobotProgrammingwithROS2/bookros2_ws/install/br2_bt_patrolling/share/br2_bt_patrolling/package.ps1'
[3.358s] INFO:colcon.colcon_core.shell:Creating package descriptor '/home/edmund-munene/Documents/Programming-language-basics/Linux/Robotics/AConciseIntroductiontoRobotProgrammingwithROS2/bookros2_ws/install/br2_bt_patrolling/share/br2_bt_patrolling/package.dsv'
[3.359s] INFO:colcon.colcon_core.shell:Creating package script '/home/edmund-munene/Documents/Programming-language-basics/Linux/Robotics/AConciseIntroductiontoRobotProgrammingwithROS2/bookros2_ws/install/br2_bt_patrolling/share/br2_bt_patrolling/package.sh'
[3.360s] INFO:colcon.colcon_core.shell:Creating package script '/home/edmund-munene/Documents/Programming-language-basics/Linux/Robotics/AConciseIntroductiontoRobotProgrammingwithROS2/bookros2_ws/install/br2_bt_patrolling/share/br2_bt_patrolling/package.bash'
[3.360s] INFO:colcon.colcon_core.shell:Creating package script '/home/edmund-munene/Documents/Programming-language-basics/Linux/Robotics/AConciseIntroductiontoRobotProgrammingwithROS2/bookros2_ws/install/br2_bt_patrolling/share/br2_bt_patrolling/package.zsh'
[3.360s] Level 1:colcon.colcon_core.environment:create_file_with_runtime_dependencies(/home/edmund-munene/Documents/Programming-language-basics/Linux/Robotics/AConciseIntroductiontoRobotProgrammingwithROS2/bookros2_ws/install/br2_bt_patrolling/share/colcon-core/packages/br2_bt_patrolling)
[3.361s] Level 1:colcon.colcon_core.environment:create_environment_scripts_only(br2_bt_patrolling)
[3.361s] Level 1:colcon.colcon_core.environment:checking '/home/edmund-munene/Documents/Programming-language-basics/Linux/Robotics/AConciseIntroductiontoRobotProgrammingwithROS2/bookros2_ws/install/br2_bt_patrolling' for CMake module files
[3.362s] Level 1:colcon.colcon_core.environment:checking '/home/edmund-munene/Documents/Programming-language-basics/Linux/Robotics/AConciseIntroductiontoRobotProgrammingwithROS2/bookros2_ws/install/br2_bt_patrolling' for CMake config files
[3.363s] Level 1:colcon.colcon_core.shell:create_environment_hook('br2_bt_patrolling', 'cmake_prefix_path')
[3.363s] INFO:colcon.colcon_core.shell:Creating environment hook '/home/edmund-munene/Documents/Programming-language-basics/Linux/Robotics/AConciseIntroductiontoRobotProgrammingwithROS2/bookros2_ws/install/br2_bt_patrolling/share/br2_bt_patrolling/hook/cmake_prefix_path.ps1'
[3.364s] INFO:colcon.colcon_core.shell:Creating environment descriptor '/home/edmund-munene/Documents/Programming-language-basics/Linux/Robotics/AConciseIntroductiontoRobotProgrammingwithROS2/bookros2_ws/install/br2_bt_patrolling/share/br2_bt_patrolling/hook/cmake_prefix_path.dsv'
[3.364s] INFO:colcon.colcon_core.shell:Creating environment hook '/home/edmund-munene/Documents/Programming-language-basics/Linux/Robotics/AConciseIntroductiontoRobotProgrammingwithROS2/bookros2_ws/install/br2_bt_patrolling/share/br2_bt_patrolling/hook/cmake_prefix_path.sh'
[3.365s] Level 1:colcon.colcon_core.environment:checking '/home/edmund-munene/Documents/Programming-language-basics/Linux/Robotics/AConciseIntroductiontoRobotProgrammingwithROS2/bookros2_ws/install/br2_bt_patrolling/lib'
[3.365s] Level 1:colcon.colcon_core.shell:create_environment_hook('br2_bt_patrolling', 'ld_library_path_lib')
[3.366s] INFO:colcon.colcon_core.shell:Creating environment hook '/home/edmund-munene/Documents/Programming-language-basics/Linux/Robotics/AConciseIntroductiontoRobotProgrammingwithROS2/bookros2_ws/install/br2_bt_patrolling/share/br2_bt_patrolling/hook/ld_library_path_lib.ps1'
[3.366s] INFO:colcon.colcon_core.shell:Creating environment descriptor '/home/edmund-munene/Documents/Programming-language-basics/Linux/Robotics/AConciseIntroductiontoRobotProgrammingwithROS2/bookros2_ws/install/br2_bt_patrolling/share/br2_bt_patrolling/hook/ld_library_path_lib.dsv'
[3.367s] INFO:colcon.colcon_core.shell:Creating environment hook '/home/edmund-munene/Documents/Programming-language-basics/Linux/Robotics/AConciseIntroductiontoRobotProgrammingwithROS2/bookros2_ws/install/br2_bt_patrolling/share/br2_bt_patrolling/hook/ld_library_path_lib.sh'
[3.368s] Level 1:colcon.colcon_core.environment:checking '/home/edmund-munene/Documents/Programming-language-basics/Linux/Robotics/AConciseIntroductiontoRobotProgrammingwithROS2/bookros2_ws/install/br2_bt_patrolling/bin'
[3.368s] Level 1:colcon.colcon_core.environment:checking '/home/edmund-munene/Documents/Programming-language-basics/Linux/Robotics/AConciseIntroductiontoRobotProgrammingwithROS2/bookros2_ws/install/br2_bt_patrolling/lib/pkgconfig/br2_bt_patrolling.pc'
[3.368s] Level 1:colcon.colcon_core.environment:checking '/home/edmund-munene/Documents/Programming-language-basics/Linux/Robotics/AConciseIntroductiontoRobotProgrammingwithROS2/bookros2_ws/install/br2_bt_patrolling/lib/python3.12/site-packages'
[3.371s] Level 1:colcon.colcon_core.environment:checking '/home/edmund-munene/Documents/Programming-language-basics/Linux/Robotics/AConciseIntroductiontoRobotProgrammingwithROS2/bookros2_ws/install/br2_bt_patrolling/bin'
[3.372s] INFO:colcon.colcon_core.shell:Creating package script '/home/edmund-munene/Documents/Programming-language-basics/Linux/Robotics/AConciseIntroductiontoRobotProgrammingwithROS2/bookros2_ws/install/br2_bt_patrolling/share/br2_bt_patrolling/package.ps1'
[3.373s] INFO:colcon.colcon_core.shell:Creating package descriptor '/home/edmund-munene/Documents/Programming-language-basics/Linux/Robotics/AConciseIntroductiontoRobotProgrammingwithROS2/bookros2_ws/install/br2_bt_patrolling/share/br2_bt_patrolling/package.dsv'
[3.374s] INFO:colcon.colcon_core.shell:Creating package script '/home/edmund-munene/Documents/Programming-language-basics/Linux/Robotics/AConciseIntroductiontoRobotProgrammingwithROS2/bookros2_ws/install/br2_bt_patrolling/share/br2_bt_patrolling/package.sh'
[3.374s] INFO:colcon.colcon_core.shell:Creating package script '/home/edmund-munene/Documents/Programming-language-basics/Linux/Robotics/AConciseIntroductiontoRobotProgrammingwithROS2/bookros2_ws/install/br2_bt_patrolling/share/br2_bt_patrolling/package.bash'
[3.375s] INFO:colcon.colcon_core.shell:Creating package script '/home/edmund-munene/Documents/Programming-language-basics/Linux/Robotics/AConciseIntroductiontoRobotProgrammingwithROS2/bookros2_ws/install/br2_bt_patrolling/share/br2_bt_patrolling/package.zsh'
[3.376s] Level 1:colcon.colcon_core.environment:create_file_with_runtime_dependencies(/home/edmund-munene/Documents/Programming-language-basics/Linux/Robotics/AConciseIntroductiontoRobotProgrammingwithROS2/bookros2_ws/install/br2_bt_patrolling/share/colcon-core/packages/br2_bt_patrolling)
[3.377s] DEBUG:colcon.colcon_core.event_handler.log_command:Invoked command in '/home/edmund-munene/Documents/Programming-language-basics/Linux/Robotics/AConciseIntroductiontoRobotProgrammingwithROS2/bookros2_ws/build/play_motion2' returned '0': AMENT_PREFIX_PATH=/home/edmund-munene/Documents/Programming-language-basics/Linux/Robotics/AConciseIntroductiontoRobotProgrammingwithROS2/bookros2_ws/install/play_motion2_msgs:${AMENT_PREFIX_PATH} CMAKE_PREFIX_PATH=/home/edmund-munene/Documents/Programming-language-basics/Linux/Robotics/AConciseIntroductiontoRobotProgrammingwithROS2/bookros2_ws/install/play_motion2_msgs:/opt/ros/jazzy/opt/gz_sim_vendor:/opt/ros/jazzy/opt/gz_sensors_vendor:/opt/ros/jazzy/opt/gz_physics_vendor:/opt/ros/jazzy/opt/sdformat_vendor:/opt/ros/jazzy/opt/gz_gui_vendor:/opt/ros/jazzy/opt/gz_transport_vendor:/opt/ros/jazzy/opt/gz_rendering_vendor:/opt/ros/jazzy/opt/gz_plugin_vendor:/opt/ros/jazzy/opt/gz_fuel_tools_vendor:/opt/ros/jazzy/opt/gz_msgs_vendor:/opt/ros/jazzy/opt/gz_common_vendor:/opt/ros/jazzy/opt/gz_math_vendor:/opt/ros/jazzy/opt/gz_utils_vendor:/opt/ros/jazzy/opt/gz_tools_vendor:/opt/ros/jazzy/opt/gz_ogre_next_vendor:/opt/ros/jazzy/opt/gz_dartsim_vendor:/opt/ros/jazzy/opt/gz_cmake_vendor:/opt/ros/jazzy DEBUGINFOD_URLS=https://debuginfod.ubuntu.com LD_LIBRARY_PATH=/home/edmund-munene/Documents/Programming-language-basics/Linux/Robotics/AConciseIntroductiontoRobotProgrammingwithROS2/bookros2_ws/install/play_motion2_msgs/lib:${LD_LIBRARY_PATH} PYTHONPATH=/home/edmund-munene/Documents/Programming-language-basics/Linux/Robotics/AConciseIntroductiontoRobotProgrammingwithROS2/bookros2_ws/install/play_motion2_msgs/lib/python3.12/site-packages:${PYTHONPATH} /usr/bin/cmake --build /home/edmund-munene/Documents/Programming-language-basics/Linux/Robotics/AConciseIntroductiontoRobotProgrammingwithROS2/bookros2_ws/build/play_motion2 -- -j12 -l12
[3.379s] DEBUG:colcon.colcon_core.event_handler.log_command:Invoking command in '/home/edmund-munene/Documents/Programming-language-basics/Linux/Robotics/AConciseIntroductiontoRobotProgrammingwithROS2/bookros2_ws/build/play_motion2': AMENT_PREFIX_PATH=/home/edmund-munene/Documents/Programming-language-basics/Linux/Robotics/AConciseIntroductiontoRobotProgrammingwithROS2/bookros2_ws/install/play_motion2_msgs:${AMENT_PREFIX_PATH} CMAKE_PREFIX_PATH=/home/edmund-munene/Documents/Programming-language-basics/Linux/Robotics/AConciseIntroductiontoRobotProgrammingwithROS2/bookros2_ws/install/play_motion2_msgs:/opt/ros/jazzy/opt/gz_sim_vendor:/opt/ros/jazzy/opt/gz_sensors_vendor:/opt/ros/jazzy/opt/gz_physics_vendor:/opt/ros/jazzy/opt/sdformat_vendor:/opt/ros/jazzy/opt/gz_gui_vendor:/opt/ros/jazzy/opt/gz_transport_vendor:/opt/ros/jazzy/opt/gz_rendering_vendor:/opt/ros/jazzy/opt/gz_plugin_vendor:/opt/ros/jazzy/opt/gz_fuel_tools_vendor:/opt/ros/jazzy/opt/gz_msgs_vendor:/opt/ros/jazzy/opt/gz_common_vendor:/opt/ros/jazzy/opt/gz_math_vendor:/opt/ros/jazzy/opt/gz_utils_vendor:/opt/ros/jazzy/opt/gz_tools_vendor:/opt/ros/jazzy/opt/gz_ogre_next_vendor:/opt/ros/jazzy/opt/gz_dartsim_vendor:/opt/ros/jazzy/opt/gz_cmake_vendor:/opt/ros/jazzy DEBUGINFOD_URLS=https://debuginfod.ubuntu.com LD_LIBRARY_PATH=/home/edmund-munene/Documents/Programming-language-basics/Linux/Robotics/AConciseIntroductiontoRobotProgrammingwithROS2/bookros2_ws/install/play_motion2_msgs/lib:${LD_LIBRARY_PATH} PYTHONPATH=/home/edmund-munene/Documents/Programming-language-basics/Linux/Robotics/AConciseIntroductiontoRobotProgrammingwithROS2/bookros2_ws/install/play_motion2_msgs/lib/python3.12/site-packages:${PYTHONPATH} /usr/bin/cmake --install /home/edmund-munene/Documents/Programming-language-basics/Linux/Robotics/AConciseIntroductiontoRobotProgrammingwithROS2/bookros2_ws/build/play_motion2
[3.380s] DEBUG:colcon.colcon_core.event_handler.log_command:Invoked command in '/home/edmund-munene/Documents/Programming-language-basics/Linux/Robotics/AConciseIntroductiontoRobotProgrammingwithROS2/bookros2_ws/build/pal_gripper' returned '0': AMENT_PREFIX_PATH=/home/edmund-munene/Documents/Programming-language-basics/Linux/Robotics/AConciseIntroductiontoRobotProgrammingwithROS2/bookros2_ws/install/pal_gripper_description:/home/edmund-munene/Documents/Programming-language-basics/Linux/Robotics/AConciseIntroductiontoRobotProgrammingwithROS2/bookros2_ws/install/pal_urdf_utils:/home/edmund-munene/Documents/Programming-language-basics/Linux/Robotics/AConciseIntroductiontoRobotProgrammingwithROS2/bookros2_ws/install/pal_gripper_controller_configuration:${AMENT_PREFIX_PATH} CMAKE_PREFIX_PATH=/home/edmund-munene/Documents/Programming-language-basics/Linux/Robotics/AConciseIntroductiontoRobotProgrammingwithROS2/bookros2_ws/install/pal_gripper_description:/home/edmund-munene/Documents/Programming-language-basics/Linux/Robotics/AConciseIntroductiontoRobotProgrammingwithROS2/bookros2_ws/install/pal_urdf_utils:/home/edmund-munene/Documents/Programming-language-basics/Linux/Robotics/AConciseIntroductiontoRobotProgrammingwithROS2/bookros2_ws/install/pal_gripper_controller_configuration:/opt/ros/jazzy/opt/gz_sim_vendor:/opt/ros/jazzy/opt/gz_sensors_vendor:/opt/ros/jazzy/opt/gz_physics_vendor:/opt/ros/jazzy/opt/sdformat_vendor:/opt/ros/jazzy/opt/gz_gui_vendor:/opt/ros/jazzy/opt/gz_transport_vendor:/opt/ros/jazzy/opt/gz_rendering_vendor:/opt/ros/jazzy/opt/gz_plugin_vendor:/opt/ros/jazzy/opt/gz_fuel_tools_vendor:/opt/ros/jazzy/opt/gz_msgs_vendor:/opt/ros/jazzy/opt/gz_common_vendor:/opt/ros/jazzy/opt/gz_math_vendor:/opt/ros/jazzy/opt/gz_utils_vendor:/opt/ros/jazzy/opt/gz_tools_vendor:/opt/ros/jazzy/opt/gz_ogre_next_vendor:/opt/ros/jazzy/opt/gz_dartsim_vendor:/opt/ros/jazzy/opt/gz_cmake_vendor:/opt/ros/jazzy DEBUGINFOD_URLS=https://debuginfod.ubuntu.com /usr/bin/cmake --build /home/edmund-munene/Documents/Programming-language-basics/Linux/Robotics/AConciseIntroductiontoRobotProgrammingwithROS2/bookros2_ws/build/pal_gripper -- -j12 -l12
[3.388s] DEBUG:colcon.colcon_core.event_handler.log_command:Invoking command in '/home/edmund-munene/Documents/Programming-language-basics/Linux/Robotics/AConciseIntroductiontoRobotProgrammingwithROS2/bookros2_ws/build/pal_gripper': AMENT_PREFIX_PATH=/home/edmund-munene/Documents/Programming-language-basics/Linux/Robotics/AConciseIntroductiontoRobotProgrammingwithROS2/bookros2_ws/install/pal_gripper_description:/home/edmund-munene/Documents/Programming-language-basics/Linux/Robotics/AConciseIntroductiontoRobotProgrammingwithROS2/bookros2_ws/install/pal_urdf_utils:/home/edmund-munene/Documents/Programming-language-basics/Linux/Robotics/AConciseIntroductiontoRobotProgrammingwithROS2/bookros2_ws/install/pal_gripper_controller_configuration:${AMENT_PREFIX_PATH} CMAKE_PREFIX_PATH=/home/edmund-munene/Documents/Programming-language-basics/Linux/Robotics/AConciseIntroductiontoRobotProgrammingwithROS2/bookros2_ws/install/pal_gripper_description:/home/edmund-munene/Documents/Programming-language-basics/Linux/Robotics/AConciseIntroductiontoRobotProgrammingwithROS2/bookros2_ws/install/pal_urdf_utils:/home/edmund-munene/Documents/Programming-language-basics/Linux/Robotics/AConciseIntroductiontoRobotProgrammingwithROS2/bookros2_ws/install/pal_gripper_controller_configuration:/opt/ros/jazzy/opt/gz_sim_vendor:/opt/ros/jazzy/opt/gz_sensors_vendor:/opt/ros/jazzy/opt/gz_physics_vendor:/opt/ros/jazzy/opt/sdformat_vendor:/opt/ros/jazzy/opt/gz_gui_vendor:/opt/ros/jazzy/opt/gz_transport_vendor:/opt/ros/jazzy/opt/gz_rendering_vendor:/opt/ros/jazzy/opt/gz_plugin_vendor:/opt/ros/jazzy/opt/gz_fuel_tools_vendor:/opt/ros/jazzy/opt/gz_msgs_vendor:/opt/ros/jazzy/opt/gz_common_vendor:/opt/ros/jazzy/opt/gz_math_vendor:/opt/ros/jazzy/opt/gz_utils_vendor:/opt/ros/jazzy/opt/gz_tools_vendor:/opt/ros/jazzy/opt/gz_ogre_next_vendor:/opt/ros/jazzy/opt/gz_dartsim_vendor:/opt/ros/jazzy/opt/gz_cmake_vendor:/opt/ros/jazzy DEBUGINFOD_URLS=https://debuginfod.ubuntu.com /usr/bin/cmake --install /home/edmund-munene/Documents/Programming-language-basics/Linux/Robotics/AConciseIntroductiontoRobotProgrammingwithROS2/bookros2_ws/build/pal_gripper
[3.401s] DEBUG:colcon.colcon_core.event_handler.log_command:Invoking command in '/home/edmund-munene/Documents/Programming-language-basics/Linux/Robotics/AConciseIntroductiontoRobotProgrammingwithROS2/bookros2_ws/build/pal_hey5': AMENT_PREFIX_PATH=/home/edmund-munene/Documents/Programming-language-basics/Linux/Robotics/AConciseIntroductiontoRobotProgrammingwithROS2/bookros2_ws/install/pal_hey5_description:/home/edmund-munene/Documents/Programming-language-basics/Linux/Robotics/AConciseIntroductiontoRobotProgrammingwithROS2/bookros2_ws/install/pal_urdf_utils:/home/edmund-munene/Documents/Programming-language-basics/Linux/Robotics/AConciseIntroductiontoRobotProgrammingwithROS2/bookros2_ws/install/pal_hey5_controller_configuration:${AMENT_PREFIX_PATH} CMAKE_PREFIX_PATH=/home/edmund-munene/Documents/Programming-language-basics/Linux/Robotics/AConciseIntroductiontoRobotProgrammingwithROS2/bookros2_ws/install/pal_hey5_description:/home/edmund-munene/Documents/Programming-language-basics/Linux/Robotics/AConciseIntroductiontoRobotProgrammingwithROS2/bookros2_ws/install/pal_urdf_utils:/home/edmund-munene/Documents/Programming-language-basics/Linux/Robotics/AConciseIntroductiontoRobotProgrammingwithROS2/bookros2_ws/install/pal_hey5_controller_configuration:/opt/ros/jazzy/opt/gz_sim_vendor:/opt/ros/jazzy/opt/gz_sensors_vendor:/opt/ros/jazzy/opt/gz_physics_vendor:/opt/ros/jazzy/opt/sdformat_vendor:/opt/ros/jazzy/opt/gz_gui_vendor:/opt/ros/jazzy/opt/gz_transport_vendor:/opt/ros/jazzy/opt/gz_rendering_vendor:/opt/ros/jazzy/opt/gz_plugin_vendor:/opt/ros/jazzy/opt/gz_fuel_tools_vendor:/opt/ros/jazzy/opt/gz_msgs_vendor:/opt/ros/jazzy/opt/gz_common_vendor:/opt/ros/jazzy/opt/gz_math_vendor:/opt/ros/jazzy/opt/gz_utils_vendor:/opt/ros/jazzy/opt/gz_tools_vendor:/opt/ros/jazzy/opt/gz_ogre_next_vendor:/opt/ros/jazzy/opt/gz_dartsim_vendor:/opt/ros/jazzy/opt/gz_cmake_vendor:/opt/ros/jazzy DEBUGINFOD_URLS=https://debuginfod.ubuntu.com /usr/bin/cmake --build /home/edmund-munene/Documents/Programming-language-basics/Linux/Robotics/AConciseIntroductiontoRobotProgrammingwithROS2/bookros2_ws/build/pal_hey5 -- -j12 -l12
[3.404s] Level 1:colcon.colcon_core.environment:create_environment_scripts_only(pal_robotiq_gripper)
[3.405s] Level 1:colcon.colcon_core.environment:checking '/home/edmund-munene/Documents/Programming-language-basics/Linux/Robotics/AConciseIntroductiontoRobotProgrammingwithROS2/bookros2_ws/install/pal_robotiq_gripper' for CMake module files
[3.406s] Level 1:colcon.colcon_core.environment:checking '/home/edmund-munene/Documents/Programming-language-basics/Linux/Robotics/AConciseIntroductiontoRobotProgrammingwithROS2/bookros2_ws/install/pal_robotiq_gripper' for CMake config files
[3.406s] Level 1:colcon.colcon_core.shell:create_environment_hook('pal_robotiq_gripper', 'cmake_prefix_path')
[3.406s] INFO:colcon.colcon_core.shell:Creating environment hook '/home/edmund-munene/Documents/Programming-language-basics/Linux/Robotics/AConciseIntroductiontoRobotProgrammingwithROS2/bookros2_ws/install/pal_robotiq_gripper/share/pal_robotiq_gripper/hook/cmake_prefix_path.ps1'
[3.408s] DEBUG:colcon.colcon_core.event_handler.log_command:Invoked command in '/home/edmund-munene/Documents/Programming-language-basics/Linux/Robotics/AConciseIntroductiontoRobotProgrammingwithROS2/bookros2_ws/build/pal_robotiq_gripper' returned '0': AMENT_PREFIX_PATH=/home/edmund-munene/Documents/Programming-language-basics/Linux/Robotics/AConciseIntroductiontoRobotProgrammingwithROS2/bookros2_ws/install/pal_robotiq_description:/home/edmund-munene/Documents/Programming-language-basics/Linux/Robotics/AConciseIntroductiontoRobotProgrammingwithROS2/bookros2_ws/install/pal_robotiq_controller_configuration:${AMENT_PREFIX_PATH} CMAKE_PREFIX_PATH=/home/edmund-munene/Documents/Programming-language-basics/Linux/Robotics/AConciseIntroductiontoRobotProgrammingwithROS2/bookros2_ws/install/pal_robotiq_description:/home/edmund-munene/Documents/Programming-language-basics/Linux/Robotics/AConciseIntroductiontoRobotProgrammingwithROS2/bookros2_ws/install/pal_robotiq_controller_configuration:/opt/ros/jazzy/opt/gz_sim_vendor:/opt/ros/jazzy/opt/gz_sensors_vendor:/opt/ros/jazzy/opt/gz_physics_vendor:/opt/ros/jazzy/opt/sdformat_vendor:/opt/ros/jazzy/opt/gz_gui_vendor:/opt/ros/jazzy/opt/gz_transport_vendor:/opt/ros/jazzy/opt/gz_rendering_vendor:/opt/ros/jazzy/opt/gz_plugin_vendor:/opt/ros/jazzy/opt/gz_fuel_tools_vendor:/opt/ros/jazzy/opt/gz_msgs_vendor:/opt/ros/jazzy/opt/gz_common_vendor:/opt/ros/jazzy/opt/gz_math_vendor:/opt/ros/jazzy/opt/gz_utils_vendor:/opt/ros/jazzy/opt/gz_tools_vendor:/opt/ros/jazzy/opt/gz_ogre_next_vendor:/opt/ros/jazzy/opt/gz_dartsim_vendor:/opt/ros/jazzy/opt/gz_cmake_vendor:/opt/ros/jazzy DEBUGINFOD_URLS=https://debuginfod.ubuntu.com /usr/bin/cmake --install /home/edmund-munene/Documents/Programming-language-basics/Linux/Robotics/AConciseIntroductiontoRobotProgrammingwithROS2/bookros2_ws/build/pal_robotiq_gripper
[3.410s] INFO:colcon.colcon_core.shell:Creating environment descriptor '/home/edmund-munene/Documents/Programming-language-basics/Linux/Robotics/AConciseIntroductiontoRobotProgrammingwithROS2/bookros2_ws/install/pal_robotiq_gripper/share/pal_robotiq_gripper/hook/cmake_prefix_path.dsv'
[3.411s] INFO:colcon.colcon_core.shell:Creating environment hook '/home/edmund-munene/Documents/Programming-language-basics/Linux/Robotics/AConciseIntroductiontoRobotProgrammingwithROS2/bookros2_ws/install/pal_robotiq_gripper/share/pal_robotiq_gripper/hook/cmake_prefix_path.sh'
[3.412s] Level 1:colcon.colcon_core.environment:checking '/home/edmund-munene/Documents/Programming-language-basics/Linux/Robotics/AConciseIntroductiontoRobotProgrammingwithROS2/bookros2_ws/install/pal_robotiq_gripper/bin'
[3.412s] Level 1:colcon.colcon_core.environment:checking '/home/edmund-munene/Documents/Programming-language-basics/Linux/Robotics/AConciseIntroductiontoRobotProgrammingwithROS2/bookros2_ws/install/pal_robotiq_gripper/lib/pkgconfig/pal_robotiq_gripper.pc'
[3.412s] Level 1:colcon.colcon_core.environment:checking '/home/edmund-munene/Documents/Programming-language-basics/Linux/Robotics/AConciseIntroductiontoRobotProgrammingwithROS2/bookros2_ws/install/pal_robotiq_gripper/lib/python3.12/site-packages'
[3.413s] Level 1:colcon.colcon_core.environment:checking '/home/edmund-munene/Documents/Programming-language-basics/Linux/Robotics/AConciseIntroductiontoRobotProgrammingwithROS2/bookros2_ws/install/pal_robotiq_gripper/bin'
[3.414s] INFO:colcon.colcon_core.shell:Creating package script '/home/edmund-munene/Documents/Programming-language-basics/Linux/Robotics/AConciseIntroductiontoRobotProgrammingwithROS2/bookros2_ws/install/pal_robotiq_gripper/share/pal_robotiq_gripper/package.ps1'
[3.415s] INFO:colcon.colcon_core.shell:Creating package descriptor '/home/edmund-munene/Documents/Programming-language-basics/Linux/Robotics/AConciseIntroductiontoRobotProgrammingwithROS2/bookros2_ws/install/pal_robotiq_gripper/share/pal_robotiq_gripper/package.dsv'
[3.416s] INFO:colcon.colcon_core.shell:Creating package script '/home/edmund-munene/Documents/Programming-language-basics/Linux/Robotics/AConciseIntroductiontoRobotProgrammingwithROS2/bookros2_ws/install/pal_robotiq_gripper/share/pal_robotiq_gripper/package.sh'
[3.417s] INFO:colcon.colcon_core.shell:Creating package script '/home/edmund-munene/Documents/Programming-language-basics/Linux/Robotics/AConciseIntroductiontoRobotProgrammingwithROS2/bookros2_ws/install/pal_robotiq_gripper/share/pal_robotiq_gripper/package.bash'
[3.418s] INFO:colcon.colcon_core.shell:Creating package script '/home/edmund-munene/Documents/Programming-language-basics/Linux/Robotics/AConciseIntroductiontoRobotProgrammingwithROS2/bookros2_ws/install/pal_robotiq_gripper/share/pal_robotiq_gripper/package.zsh'
[3.419s] Level 1:colcon.colcon_core.environment:create_file_with_runtime_dependencies(/home/edmund-munene/Documents/Programming-language-basics/Linux/Robotics/AConciseIntroductiontoRobotProgrammingwithROS2/bookros2_ws/install/pal_robotiq_gripper/share/colcon-core/packages/pal_robotiq_gripper)
[3.420s] Level 1:colcon.colcon_core.environment:create_environment_scripts_only(pal_robotiq_gripper)
[3.420s] Level 1:colcon.colcon_core.environment:checking '/home/edmund-munene/Documents/Programming-language-basics/Linux/Robotics/AConciseIntroductiontoRobotProgrammingwithROS2/bookros2_ws/install/pal_robotiq_gripper' for CMake module files
[3.421s] Level 1:colcon.colcon_core.environment:checking '/home/edmund-munene/Documents/Programming-language-basics/Linux/Robotics/AConciseIntroductiontoRobotProgrammingwithROS2/bookros2_ws/install/pal_robotiq_gripper' for CMake config files
[3.421s] Level 1:colcon.colcon_core.shell:create_environment_hook('pal_robotiq_gripper', 'cmake_prefix_path')
[3.421s] INFO:colcon.colcon_core.shell:Creating environment hook '/home/edmund-munene/Documents/Programming-language-basics/Linux/Robotics/AConciseIntroductiontoRobotProgrammingwithROS2/bookros2_ws/install/pal_robotiq_gripper/share/pal_robotiq_gripper/hook/cmake_prefix_path.ps1'
[3.422s] INFO:colcon.colcon_core.shell:Creating environment descriptor '/home/edmund-munene/Documents/Programming-language-basics/Linux/Robotics/AConciseIntroductiontoRobotProgrammingwithROS2/bookros2_ws/install/pal_robotiq_gripper/share/pal_robotiq_gripper/hook/cmake_prefix_path.dsv'
[3.423s] INFO:colcon.colcon_core.shell:Creating environment hook '/home/edmund-munene/Documents/Programming-language-basics/Linux/Robotics/AConciseIntroductiontoRobotProgrammingwithROS2/bookros2_ws/install/pal_robotiq_gripper/share/pal_robotiq_gripper/hook/cmake_prefix_path.sh'
[3.426s] Level 1:colcon.colcon_core.environment:checking '/home/edmund-munene/Documents/Programming-language-basics/Linux/Robotics/AConciseIntroductiontoRobotProgrammingwithROS2/bookros2_ws/install/pal_robotiq_gripper/bin'
[3.426s] Level 1:colcon.colcon_core.environment:checking '/home/edmund-munene/Documents/Programming-language-basics/Linux/Robotics/AConciseIntroductiontoRobotProgrammingwithROS2/bookros2_ws/install/pal_robotiq_gripper/lib/pkgconfig/pal_robotiq_gripper.pc'
[3.426s] Level 1:colcon.colcon_core.environment:checking '/home/edmund-munene/Documents/Programming-language-basics/Linux/Robotics/AConciseIntroductiontoRobotProgrammingwithROS2/bookros2_ws/install/pal_robotiq_gripper/lib/python3.12/site-packages'
[3.427s] Level 1:colcon.colcon_core.environment:checking '/home/edmund-munene/Documents/Programming-language-basics/Linux/Robotics/AConciseIntroductiontoRobotProgrammingwithROS2/bookros2_ws/install/pal_robotiq_gripper/bin'
[3.428s] INFO:colcon.colcon_core.shell:Creating package script '/home/edmund-munene/Documents/Programming-language-basics/Linux/Robotics/AConciseIntroductiontoRobotProgrammingwithROS2/bookros2_ws/install/pal_robotiq_gripper/share/pal_robotiq_gripper/package.ps1'
[3.430s] INFO:colcon.colcon_core.shell:Creating package descriptor '/home/edmund-munene/Documents/Programming-language-basics/Linux/Robotics/AConciseIntroductiontoRobotProgrammingwithROS2/bookros2_ws/install/pal_robotiq_gripper/share/pal_robotiq_gripper/package.dsv'
[3.432s] INFO:colcon.colcon_core.shell:Creating package script '/home/edmund-munene/Documents/Programming-language-basics/Linux/Robotics/AConciseIntroductiontoRobotProgrammingwithROS2/bookros2_ws/install/pal_robotiq_gripper/share/pal_robotiq_gripper/package.sh'
[3.433s] INFO:colcon.colcon_core.shell:Creating package script '/home/edmund-munene/Documents/Programming-language-basics/Linux/Robotics/AConciseIntroductiontoRobotProgrammingwithROS2/bookros2_ws/install/pal_robotiq_gripper/share/pal_robotiq_gripper/package.bash'
[3.434s] INFO:colcon.colcon_core.shell:Creating package script '/home/edmund-munene/Documents/Programming-language-basics/Linux/Robotics/AConciseIntroductiontoRobotProgrammingwithROS2/bookros2_ws/install/pal_robotiq_gripper/share/pal_robotiq_gripper/package.zsh'
[3.435s] Level 1:colcon.colcon_core.environment:create_file_with_runtime_dependencies(/home/edmund-munene/Documents/Programming-language-basics/Linux/Robotics/AConciseIntroductiontoRobotProgrammingwithROS2/bookros2_ws/install/pal_robotiq_gripper/share/colcon-core/packages/pal_robotiq_gripper)
[3.438s] DEBUG:colcon.colcon_core.event_handler.log_command:Invoked command in '/home/edmund-munene/Documents/Programming-language-basics/Linux/Robotics/AConciseIntroductiontoRobotProgrammingwithROS2/bookros2_ws/build/pal_gripper_simulation' returned '0': AMENT_PREFIX_PATH=/home/edmund-munene/Documents/Programming-language-basics/Linux/Robotics/AConciseIntroductiontoRobotProgrammingwithROS2/bookros2_ws/install/pal_gripper_description:/home/edmund-munene/Documents/Programming-language-basics/Linux/Robotics/AConciseIntroductiontoRobotProgrammingwithROS2/bookros2_ws/install/pal_urdf_utils:/home/edmund-munene/Documents/Programming-language-basics/Linux/Robotics/AConciseIntroductiontoRobotProgrammingwithROS2/bookros2_ws/install/pal_gripper_controller_configuration:${AMENT_PREFIX_PATH} CMAKE_PREFIX_PATH=/home/edmund-munene/Documents/Programming-language-basics/Linux/Robotics/AConciseIntroductiontoRobotProgrammingwithROS2/bookros2_ws/install/pal_gripper_description:/home/edmund-munene/Documents/Programming-language-basics/Linux/Robotics/AConciseIntroductiontoRobotProgrammingwithROS2/bookros2_ws/install/pal_urdf_utils:/home/edmund-munene/Documents/Programming-language-basics/Linux/Robotics/AConciseIntroductiontoRobotProgrammingwithROS2/bookros2_ws/install/pal_gripper_controller_configuration:/opt/ros/jazzy/opt/gz_sim_vendor:/opt/ros/jazzy/opt/gz_sensors_vendor:/opt/ros/jazzy/opt/gz_physics_vendor:/opt/ros/jazzy/opt/sdformat_vendor:/opt/ros/jazzy/opt/gz_gui_vendor:/opt/ros/jazzy/opt/gz_transport_vendor:/opt/ros/jazzy/opt/gz_rendering_vendor:/opt/ros/jazzy/opt/gz_plugin_vendor:/opt/ros/jazzy/opt/gz_fuel_tools_vendor:/opt/ros/jazzy/opt/gz_msgs_vendor:/opt/ros/jazzy/opt/gz_common_vendor:/opt/ros/jazzy/opt/gz_math_vendor:/opt/ros/jazzy/opt/gz_utils_vendor:/opt/ros/jazzy/opt/gz_tools_vendor:/opt/ros/jazzy/opt/gz_ogre_next_vendor:/opt/ros/jazzy/opt/gz_dartsim_vendor:/opt/ros/jazzy/opt/gz_cmake_vendor:/opt/ros/jazzy DEBUGINFOD_URLS=https://debuginfod.ubuntu.com /usr/bin/cmake --build /home/edmund-munene/Documents/Programming-language-basics/Linux/Robotics/AConciseIntroductiontoRobotProgrammingwithROS2/bookros2_ws/build/pal_gripper_simulation -- -j12 -l12
[3.440s] DEBUG:colcon.colcon_core.event_handler.log_command:Invoking command in '/home/edmund-munene/Documents/Programming-language-basics/Linux/Robotics/AConciseIntroductiontoRobotProgrammingwithROS2/bookros2_ws/build/pal_gripper_simulation': AMENT_PREFIX_PATH=/home/edmund-munene/Documents/Programming-language-basics/Linux/Robotics/AConciseIntroductiontoRobotProgrammingwithROS2/bookros2_ws/install/pal_gripper_description:/home/edmund-munene/Documents/Programming-language-basics/Linux/Robotics/AConciseIntroductiontoRobotProgrammingwithROS2/bookros2_ws/install/pal_urdf_utils:/home/edmund-munene/Documents/Programming-language-basics/Linux/Robotics/AConciseIntroductiontoRobotProgrammingwithROS2/bookros2_ws/install/pal_gripper_controller_configuration:${AMENT_PREFIX_PATH} CMAKE_PREFIX_PATH=/home/edmund-munene/Documents/Programming-language-basics/Linux/Robotics/AConciseIntroductiontoRobotProgrammingwithROS2/bookros2_ws/install/pal_gripper_description:/home/edmund-munene/Documents/Programming-language-basics/Linux/Robotics/AConciseIntroductiontoRobotProgrammingwithROS2/bookros2_ws/install/pal_urdf_utils:/home/edmund-munene/Documents/Programming-language-basics/Linux/Robotics/AConciseIntroductiontoRobotProgrammingwithROS2/bookros2_ws/install/pal_gripper_controller_configuration:/opt/ros/jazzy/opt/gz_sim_vendor:/opt/ros/jazzy/opt/gz_sensors_vendor:/opt/ros/jazzy/opt/gz_physics_vendor:/opt/ros/jazzy/opt/sdformat_vendor:/opt/ros/jazzy/opt/gz_gui_vendor:/opt/ros/jazzy/opt/gz_transport_vendor:/opt/ros/jazzy/opt/gz_rendering_vendor:/opt/ros/jazzy/opt/gz_plugin_vendor:/opt/ros/jazzy/opt/gz_fuel_tools_vendor:/opt/ros/jazzy/opt/gz_msgs_vendor:/opt/ros/jazzy/opt/gz_common_vendor:/opt/ros/jazzy/opt/gz_math_vendor:/opt/ros/jazzy/opt/gz_utils_vendor:/opt/ros/jazzy/opt/gz_tools_vendor:/opt/ros/jazzy/opt/gz_ogre_next_vendor:/opt/ros/jazzy/opt/gz_dartsim_vendor:/opt/ros/jazzy/opt/gz_cmake_vendor:/opt/ros/jazzy DEBUGINFOD_URLS=https://debuginfod.ubuntu.com /usr/bin/cmake --install /home/edmund-munene/Documents/Programming-language-basics/Linux/Robotics/AConciseIntroductiontoRobotProgrammingwithROS2/bookros2_ws/build/pal_gripper_simulation
[3.444s] Level 1:colcon.colcon_core.environment:create_environment_scripts_only(pal_gripper)
[3.444s] Level 1:colcon.colcon_core.environment:checking '/home/edmund-munene/Documents/Programming-language-basics/Linux/Robotics/AConciseIntroductiontoRobotProgrammingwithROS2/bookros2_ws/install/pal_gripper' for CMake module files
[3.448s] DEBUG:colcon.colcon_core.event_handler.log_command:Invoked command in '/home/edmund-munene/Documents/Programming-language-basics/Linux/Robotics/AConciseIntroductiontoRobotProgrammingwithROS2/bookros2_ws/build/pal_gripper' returned '0': AMENT_PREFIX_PATH=/home/edmund-munene/Documents/Programming-language-basics/Linux/Robotics/AConciseIntroductiontoRobotProgrammingwithROS2/bookros2_ws/install/pal_gripper_description:/home/edmund-munene/Documents/Programming-language-basics/Linux/Robotics/AConciseIntroductiontoRobotProgrammingwithROS2/bookros2_ws/install/pal_urdf_utils:/home/edmund-munene/Documents/Programming-language-basics/Linux/Robotics/AConciseIntroductiontoRobotProgrammingwithROS2/bookros2_ws/install/pal_gripper_controller_configuration:${AMENT_PREFIX_PATH} CMAKE_PREFIX_PATH=/home/edmund-munene/Documents/Programming-language-basics/Linux/Robotics/AConciseIntroductiontoRobotProgrammingwithROS2/bookros2_ws/install/pal_gripper_description:/home/edmund-munene/Documents/Programming-language-basics/Linux/Robotics/AConciseIntroductiontoRobotProgrammingwithROS2/bookros2_ws/install/pal_urdf_utils:/home/edmund-munene/Documents/Programming-language-basics/Linux/Robotics/AConciseIntroductiontoRobotProgrammingwithROS2/bookros2_ws/install/pal_gripper_controller_configuration:/opt/ros/jazzy/opt/gz_sim_vendor:/opt/ros/jazzy/opt/gz_sensors_vendor:/opt/ros/jazzy/opt/gz_physics_vendor:/opt/ros/jazzy/opt/sdformat_vendor:/opt/ros/jazzy/opt/gz_gui_vendor:/opt/ros/jazzy/opt/gz_transport_vendor:/opt/ros/jazzy/opt/gz_rendering_vendor:/opt/ros/jazzy/opt/gz_plugin_vendor:/opt/ros/jazzy/opt/gz_fuel_tools_vendor:/opt/ros/jazzy/opt/gz_msgs_vendor:/opt/ros/jazzy/opt/gz_common_vendor:/opt/ros/jazzy/opt/gz_math_vendor:/opt/ros/jazzy/opt/gz_utils_vendor:/opt/ros/jazzy/opt/gz_tools_vendor:/opt/ros/jazzy/opt/gz_ogre_next_vendor:/opt/ros/jazzy/opt/gz_dartsim_vendor:/opt/ros/jazzy/opt/gz_cmake_vendor:/opt/ros/jazzy DEBUGINFOD_URLS=https://debuginfod.ubuntu.com /usr/bin/cmake --install /home/edmund-munene/Documents/Programming-language-basics/Linux/Robotics/AConciseIntroductiontoRobotProgrammingwithROS2/bookros2_ws/build/pal_gripper
[3.451s] Level 1:colcon.colcon_core.environment:checking '/home/edmund-munene/Documents/Programming-language-basics/Linux/Robotics/AConciseIntroductiontoRobotProgrammingwithROS2/bookros2_ws/install/pal_gripper' for CMake config files
[3.452s] Level 1:colcon.colcon_core.shell:create_environment_hook('pal_gripper', 'cmake_prefix_path')
[3.452s] INFO:colcon.colcon_core.shell:Creating environment hook '/home/edmund-munene/Documents/Programming-language-basics/Linux/Robotics/AConciseIntroductiontoRobotProgrammingwithROS2/bookros2_ws/install/pal_gripper/share/pal_gripper/hook/cmake_prefix_path.ps1'
[3.457s] INFO:colcon.colcon_core.shell:Creating environment descriptor '/home/edmund-munene/Documents/Programming-language-basics/Linux/Robotics/AConciseIntroductiontoRobotProgrammingwithROS2/bookros2_ws/install/pal_gripper/share/pal_gripper/hook/cmake_prefix_path.dsv'
[3.457s] INFO:colcon.colcon_core.shell:Creating environment hook '/home/edmund-munene/Documents/Programming-language-basics/Linux/Robotics/AConciseIntroductiontoRobotProgrammingwithROS2/bookros2_ws/install/pal_gripper/share/pal_gripper/hook/cmake_prefix_path.sh'
[3.459s] Level 1:colcon.colcon_core.environment:checking '/home/edmund-munene/Documents/Programming-language-basics/Linux/Robotics/AConciseIntroductiontoRobotProgrammingwithROS2/bookros2_ws/install/pal_gripper/bin'
[3.459s] Level 1:colcon.colcon_core.environment:checking '/home/edmund-munene/Documents/Programming-language-basics/Linux/Robotics/AConciseIntroductiontoRobotProgrammingwithROS2/bookros2_ws/install/pal_gripper/lib/pkgconfig/pal_gripper.pc'
[3.460s] Level 1:colcon.colcon_core.environment:checking '/home/edmund-munene/Documents/Programming-language-basics/Linux/Robotics/AConciseIntroductiontoRobotProgrammingwithROS2/bookros2_ws/install/pal_gripper/lib/python3.12/site-packages'
[3.461s] Level 1:colcon.colcon_core.environment:checking '/home/edmund-munene/Documents/Programming-language-basics/Linux/Robotics/AConciseIntroductiontoRobotProgrammingwithROS2/bookros2_ws/install/pal_gripper/bin'
[3.461s] INFO:colcon.colcon_core.shell:Creating package script '/home/edmund-munene/Documents/Programming-language-basics/Linux/Robotics/AConciseIntroductiontoRobotProgrammingwithROS2/bookros2_ws/install/pal_gripper/share/pal_gripper/package.ps1'
[3.462s] INFO:colcon.colcon_core.shell:Creating package descriptor '/home/edmund-munene/Documents/Programming-language-basics/Linux/Robotics/AConciseIntroductiontoRobotProgrammingwithROS2/bookros2_ws/install/pal_gripper/share/pal_gripper/package.dsv'
[3.462s] INFO:colcon.colcon_core.shell:Creating package script '/home/edmund-munene/Documents/Programming-language-basics/Linux/Robotics/AConciseIntroductiontoRobotProgrammingwithROS2/bookros2_ws/install/pal_gripper/share/pal_gripper/package.sh'
[3.463s] INFO:colcon.colcon_core.shell:Creating package script '/home/edmund-munene/Documents/Programming-language-basics/Linux/Robotics/AConciseIntroductiontoRobotProgrammingwithROS2/bookros2_ws/install/pal_gripper/share/pal_gripper/package.bash'
[3.463s] INFO:colcon.colcon_core.shell:Creating package script '/home/edmund-munene/Documents/Programming-language-basics/Linux/Robotics/AConciseIntroductiontoRobotProgrammingwithROS2/bookros2_ws/install/pal_gripper/share/pal_gripper/package.zsh'
[3.464s] Level 1:colcon.colcon_core.environment:create_file_with_runtime_dependencies(/home/edmund-munene/Documents/Programming-language-basics/Linux/Robotics/AConciseIntroductiontoRobotProgrammingwithROS2/bookros2_ws/install/pal_gripper/share/colcon-core/packages/pal_gripper)
[3.465s] Level 1:colcon.colcon_core.environment:create_environment_scripts_only(pal_gripper)
[3.465s] Level 1:colcon.colcon_core.environment:checking '/home/edmund-munene/Documents/Programming-language-basics/Linux/Robotics/AConciseIntroductiontoRobotProgrammingwithROS2/bookros2_ws/install/pal_gripper' for CMake module files
[3.466s] Level 1:colcon.colcon_core.environment:checking '/home/edmund-munene/Documents/Programming-language-basics/Linux/Robotics/AConciseIntroductiontoRobotProgrammingwithROS2/bookros2_ws/install/pal_gripper' for CMake config files
[3.467s] Level 1:colcon.colcon_core.shell:create_environment_hook('pal_gripper', 'cmake_prefix_path')
[3.467s] INFO:colcon.colcon_core.shell:Creating environment hook '/home/edmund-munene/Documents/Programming-language-basics/Linux/Robotics/AConciseIntroductiontoRobotProgrammingwithROS2/bookros2_ws/install/pal_gripper/share/pal_gripper/hook/cmake_prefix_path.ps1'
[3.468s] INFO:colcon.colcon_core.shell:Creating environment descriptor '/home/edmund-munene/Documents/Programming-language-basics/Linux/Robotics/AConciseIntroductiontoRobotProgrammingwithROS2/bookros2_ws/install/pal_gripper/share/pal_gripper/hook/cmake_prefix_path.dsv'
[3.468s] INFO:colcon.colcon_core.shell:Creating environment hook '/home/edmund-munene/Documents/Programming-language-basics/Linux/Robotics/AConciseIntroductiontoRobotProgrammingwithROS2/bookros2_ws/install/pal_gripper/share/pal_gripper/hook/cmake_prefix_path.sh'
[3.469s] Level 1:colcon.colcon_core.environment:checking '/home/edmund-munene/Documents/Programming-language-basics/Linux/Robotics/AConciseIntroductiontoRobotProgrammingwithROS2/bookros2_ws/install/pal_gripper/bin'
[3.469s] Level 1:colcon.colcon_core.environment:checking '/home/edmund-munene/Documents/Programming-language-basics/Linux/Robotics/AConciseIntroductiontoRobotProgrammingwithROS2/bookros2_ws/install/pal_gripper/lib/pkgconfig/pal_gripper.pc'
[3.470s] Level 1:colcon.colcon_core.environment:checking '/home/edmund-munene/Documents/Programming-language-basics/Linux/Robotics/AConciseIntroductiontoRobotProgrammingwithROS2/bookros2_ws/install/pal_gripper/lib/python3.12/site-packages'
[3.470s] Level 1:colcon.colcon_core.environment:checking '/home/edmund-munene/Documents/Programming-language-basics/Linux/Robotics/AConciseIntroductiontoRobotProgrammingwithROS2/bookros2_ws/install/pal_gripper/bin'
[3.471s] INFO:colcon.colcon_core.shell:Creating package script '/home/edmund-munene/Documents/Programming-language-basics/Linux/Robotics/AConciseIntroductiontoRobotProgrammingwithROS2/bookros2_ws/install/pal_gripper/share/pal_gripper/package.ps1'
[3.472s] INFO:colcon.colcon_core.shell:Creating package descriptor '/home/edmund-munene/Documents/Programming-language-basics/Linux/Robotics/AConciseIntroductiontoRobotProgrammingwithROS2/bookros2_ws/install/pal_gripper/share/pal_gripper/package.dsv'
[3.476s] INFO:colcon.colcon_core.shell:Creating package script '/home/edmund-munene/Documents/Programming-language-basics/Linux/Robotics/AConciseIntroductiontoRobotProgrammingwithROS2/bookros2_ws/install/pal_gripper/share/pal_gripper/package.sh'
[3.476s] INFO:colcon.colcon_core.shell:Creating package script '/home/edmund-munene/Documents/Programming-language-basics/Linux/Robotics/AConciseIntroductiontoRobotProgrammingwithROS2/bookros2_ws/install/pal_gripper/share/pal_gripper/package.bash'
[3.477s] INFO:colcon.colcon_core.shell:Creating package script '/home/edmund-munene/Documents/Programming-language-basics/Linux/Robotics/AConciseIntroductiontoRobotProgrammingwithROS2/bookros2_ws/install/pal_gripper/share/pal_gripper/package.zsh'
[3.479s] Level 1:colcon.colcon_core.environment:create_file_with_runtime_dependencies(/home/edmund-munene/Documents/Programming-language-basics/Linux/Robotics/AConciseIntroductiontoRobotProgrammingwithROS2/bookros2_ws/install/pal_gripper/share/colcon-core/packages/pal_gripper)
[3.482s] DEBUG:colcon.colcon_core.event_handler.log_command:Invoked command in '/home/edmund-munene/Documents/Programming-language-basics/Linux/Robotics/AConciseIntroductiontoRobotProgrammingwithROS2/bookros2_ws/build/pal_hey5' returned '0': AMENT_PREFIX_PATH=/home/edmund-munene/Documents/Programming-language-basics/Linux/Robotics/AConciseIntroductiontoRobotProgrammingwithROS2/bookros2_ws/install/pal_hey5_description:/home/edmund-munene/Documents/Programming-language-basics/Linux/Robotics/AConciseIntroductiontoRobotProgrammingwithROS2/bookros2_ws/install/pal_urdf_utils:/home/edmund-munene/Documents/Programming-language-basics/Linux/Robotics/AConciseIntroductiontoRobotProgrammingwithROS2/bookros2_ws/install/pal_hey5_controller_configuration:${AMENT_PREFIX_PATH} CMAKE_PREFIX_PATH=/home/edmund-munene/Documents/Programming-language-basics/Linux/Robotics/AConciseIntroductiontoRobotProgrammingwithROS2/bookros2_ws/install/pal_hey5_description:/home/edmund-munene/Documents/Programming-language-basics/Linux/Robotics/AConciseIntroductiontoRobotProgrammingwithROS2/bookros2_ws/install/pal_urdf_utils:/home/edmund-munene/Documents/Programming-language-basics/Linux/Robotics/AConciseIntroductiontoRobotProgrammingwithROS2/bookros2_ws/install/pal_hey5_controller_configuration:/opt/ros/jazzy/opt/gz_sim_vendor:/opt/ros/jazzy/opt/gz_sensors_vendor:/opt/ros/jazzy/opt/gz_physics_vendor:/opt/ros/jazzy/opt/sdformat_vendor:/opt/ros/jazzy/opt/gz_gui_vendor:/opt/ros/jazzy/opt/gz_transport_vendor:/opt/ros/jazzy/opt/gz_rendering_vendor:/opt/ros/jazzy/opt/gz_plugin_vendor:/opt/ros/jazzy/opt/gz_fuel_tools_vendor:/opt/ros/jazzy/opt/gz_msgs_vendor:/opt/ros/jazzy/opt/gz_common_vendor:/opt/ros/jazzy/opt/gz_math_vendor:/opt/ros/jazzy/opt/gz_utils_vendor:/opt/ros/jazzy/opt/gz_tools_vendor:/opt/ros/jazzy/opt/gz_ogre_next_vendor:/opt/ros/jazzy/opt/gz_dartsim_vendor:/opt/ros/jazzy/opt/gz_cmake_vendor:/opt/ros/jazzy DEBUGINFOD_URLS=https://debuginfod.ubuntu.com /usr/bin/cmake --build /home/edmund-munene/Documents/Programming-language-basics/Linux/Robotics/AConciseIntroductiontoRobotProgrammingwithROS2/bookros2_ws/build/pal_hey5 -- -j12 -l12
[3.484s] DEBUG:colcon.colcon_core.event_handler.log_command:Invoking command in '/home/edmund-munene/Documents/Programming-language-basics/Linux/Robotics/AConciseIntroductiontoRobotProgrammingwithROS2/bookros2_ws/build/pal_hey5': AMENT_PREFIX_PATH=/home/edmund-munene/Documents/Programming-language-basics/Linux/Robotics/AConciseIntroductiontoRobotProgrammingwithROS2/bookros2_ws/install/pal_hey5_description:/home/edmund-munene/Documents/Programming-language-basics/Linux/Robotics/AConciseIntroductiontoRobotProgrammingwithROS2/bookros2_ws/install/pal_urdf_utils:/home/edmund-munene/Documents/Programming-language-basics/Linux/Robotics/AConciseIntroductiontoRobotProgrammingwithROS2/bookros2_ws/install/pal_hey5_controller_configuration:${AMENT_PREFIX_PATH} CMAKE_PREFIX_PATH=/home/edmund-munene/Documents/Programming-language-basics/Linux/Robotics/AConciseIntroductiontoRobotProgrammingwithROS2/bookros2_ws/install/pal_hey5_description:/home/edmund-munene/Documents/Programming-language-basics/Linux/Robotics/AConciseIntroductiontoRobotProgrammingwithROS2/bookros2_ws/install/pal_urdf_utils:/home/edmund-munene/Documents/Programming-language-basics/Linux/Robotics/AConciseIntroductiontoRobotProgrammingwithROS2/bookros2_ws/install/pal_hey5_controller_configuration:/opt/ros/jazzy/opt/gz_sim_vendor:/opt/ros/jazzy/opt/gz_sensors_vendor:/opt/ros/jazzy/opt/gz_physics_vendor:/opt/ros/jazzy/opt/sdformat_vendor:/opt/ros/jazzy/opt/gz_gui_vendor:/opt/ros/jazzy/opt/gz_transport_vendor:/opt/ros/jazzy/opt/gz_rendering_vendor:/opt/ros/jazzy/opt/gz_plugin_vendor:/opt/ros/jazzy/opt/gz_fuel_tools_vendor:/opt/ros/jazzy/opt/gz_msgs_vendor:/opt/ros/jazzy/opt/gz_common_vendor:/opt/ros/jazzy/opt/gz_math_vendor:/opt/ros/jazzy/opt/gz_utils_vendor:/opt/ros/jazzy/opt/gz_tools_vendor:/opt/ros/jazzy/opt/gz_ogre_next_vendor:/opt/ros/jazzy/opt/gz_dartsim_vendor:/opt/ros/jazzy/opt/gz_cmake_vendor:/opt/ros/jazzy DEBUGINFOD_URLS=https://debuginfod.ubuntu.com /usr/bin/cmake --install /home/edmund-munene/Documents/Programming-language-basics/Linux/Robotics/AConciseIntroductiontoRobotProgrammingwithROS2/bookros2_ws/build/pal_hey5
[3.485s] Level 1:colcon.colcon_core.environment:create_environment_scripts_only(pal_gripper_simulation)
[3.486s] Level 1:colcon.colcon_core.environment:checking '/home/edmund-munene/Documents/Programming-language-basics/Linux/Robotics/AConciseIntroductiontoRobotProgrammingwithROS2/bookros2_ws/install/pal_gripper_simulation' for CMake module files
[3.487s] DEBUG:colcon.colcon_core.event_handler.log_command:Invoked command in '/home/edmund-munene/Documents/Programming-language-basics/Linux/Robotics/AConciseIntroductiontoRobotProgrammingwithROS2/bookros2_ws/build/pal_gripper_simulation' returned '0': AMENT_PREFIX_PATH=/home/edmund-munene/Documents/Programming-language-basics/Linux/Robotics/AConciseIntroductiontoRobotProgrammingwithROS2/bookros2_ws/install/pal_gripper_description:/home/edmund-munene/Documents/Programming-language-basics/Linux/Robotics/AConciseIntroductiontoRobotProgrammingwithROS2/bookros2_ws/install/pal_urdf_utils:/home/edmund-munene/Documents/Programming-language-basics/Linux/Robotics/AConciseIntroductiontoRobotProgrammingwithROS2/bookros2_ws/install/pal_gripper_controller_configuration:${AMENT_PREFIX_PATH} CMAKE_PREFIX_PATH=/home/edmund-munene/Documents/Programming-language-basics/Linux/Robotics/AConciseIntroductiontoRobotProgrammingwithROS2/bookros2_ws/install/pal_gripper_description:/home/edmund-munene/Documents/Programming-language-basics/Linux/Robotics/AConciseIntroductiontoRobotProgrammingwithROS2/bookros2_ws/install/pal_urdf_utils:/home/edmund-munene/Documents/Programming-language-basics/Linux/Robotics/AConciseIntroductiontoRobotProgrammingwithROS2/bookros2_ws/install/pal_gripper_controller_configuration:/opt/ros/jazzy/opt/gz_sim_vendor:/opt/ros/jazzy/opt/gz_sensors_vendor:/opt/ros/jazzy/opt/gz_physics_vendor:/opt/ros/jazzy/opt/sdformat_vendor:/opt/ros/jazzy/opt/gz_gui_vendor:/opt/ros/jazzy/opt/gz_transport_vendor:/opt/ros/jazzy/opt/gz_rendering_vendor:/opt/ros/jazzy/opt/gz_plugin_vendor:/opt/ros/jazzy/opt/gz_fuel_tools_vendor:/opt/ros/jazzy/opt/gz_msgs_vendor:/opt/ros/jazzy/opt/gz_common_vendor:/opt/ros/jazzy/opt/gz_math_vendor:/opt/ros/jazzy/opt/gz_utils_vendor:/opt/ros/jazzy/opt/gz_tools_vendor:/opt/ros/jazzy/opt/gz_ogre_next_vendor:/opt/ros/jazzy/opt/gz_dartsim_vendor:/opt/ros/jazzy/opt/gz_cmake_vendor:/opt/ros/jazzy DEBUGINFOD_URLS=https://debuginfod.ubuntu.com /usr/bin/cmake --install /home/edmund-munene/Documents/Programming-language-basics/Linux/Robotics/AConciseIntroductiontoRobotProgrammingwithROS2/bookros2_ws/build/pal_gripper_simulation
[3.488s] Level 1:colcon.colcon_core.environment:checking '/home/edmund-munene/Documents/Programming-language-basics/Linux/Robotics/AConciseIntroductiontoRobotProgrammingwithROS2/bookros2_ws/install/pal_gripper_simulation' for CMake config files
[3.489s] Level 1:colcon.colcon_core.shell:create_environment_hook('pal_gripper_simulation', 'cmake_prefix_path')
[3.489s] INFO:colcon.colcon_core.shell:Creating environment hook '/home/edmund-munene/Documents/Programming-language-basics/Linux/Robotics/AConciseIntroductiontoRobotProgrammingwithROS2/bookros2_ws/install/pal_gripper_simulation/share/pal_gripper_simulation/hook/cmake_prefix_path.ps1'
[3.490s] INFO:colcon.colcon_core.shell:Creating environment descriptor '/home/edmund-munene/Documents/Programming-language-basics/Linux/Robotics/AConciseIntroductiontoRobotProgrammingwithROS2/bookros2_ws/install/pal_gripper_simulation/share/pal_gripper_simulation/hook/cmake_prefix_path.dsv'
[3.491s] INFO:colcon.colcon_core.shell:Creating environment hook '/home/edmund-munene/Documents/Programming-language-basics/Linux/Robotics/AConciseIntroductiontoRobotProgrammingwithROS2/bookros2_ws/install/pal_gripper_simulation/share/pal_gripper_simulation/hook/cmake_prefix_path.sh'
[3.492s] Level 1:colcon.colcon_core.environment:checking '/home/edmund-munene/Documents/Programming-language-basics/Linux/Robotics/AConciseIntroductiontoRobotProgrammingwithROS2/bookros2_ws/install/pal_gripper_simulation/bin'
[3.492s] Level 1:colcon.colcon_core.environment:checking '/home/edmund-munene/Documents/Programming-language-basics/Linux/Robotics/AConciseIntroductiontoRobotProgrammingwithROS2/bookros2_ws/install/pal_gripper_simulation/lib/pkgconfig/pal_gripper_simulation.pc'
[3.492s] Level 1:colcon.colcon_core.environment:checking '/home/edmund-munene/Documents/Programming-language-basics/Linux/Robotics/AConciseIntroductiontoRobotProgrammingwithROS2/bookros2_ws/install/pal_gripper_simulation/lib/python3.12/site-packages'
[3.493s] Level 1:colcon.colcon_core.environment:checking '/home/edmund-munene/Documents/Programming-language-basics/Linux/Robotics/AConciseIntroductiontoRobotProgrammingwithROS2/bookros2_ws/install/pal_gripper_simulation/bin'
[3.494s] INFO:colcon.colcon_core.shell:Creating package script '/home/edmund-munene/Documents/Programming-language-basics/Linux/Robotics/AConciseIntroductiontoRobotProgrammingwithROS2/bookros2_ws/install/pal_gripper_simulation/share/pal_gripper_simulation/package.ps1'
[3.495s] INFO:colcon.colcon_core.shell:Creating package descriptor '/home/edmund-munene/Documents/Programming-language-basics/Linux/Robotics/AConciseIntroductiontoRobotProgrammingwithROS2/bookros2_ws/install/pal_gripper_simulation/share/pal_gripper_simulation/package.dsv'
[3.496s] INFO:colcon.colcon_core.shell:Creating package script '/home/edmund-munene/Documents/Programming-language-basics/Linux/Robotics/AConciseIntroductiontoRobotProgrammingwithROS2/bookros2_ws/install/pal_gripper_simulation/share/pal_gripper_simulation/package.sh'
[3.496s] INFO:colcon.colcon_core.shell:Creating package script '/home/edmund-munene/Documents/Programming-language-basics/Linux/Robotics/AConciseIntroductiontoRobotProgrammingwithROS2/bookros2_ws/install/pal_gripper_simulation/share/pal_gripper_simulation/package.bash'
[3.497s] INFO:colcon.colcon_core.shell:Creating package script '/home/edmund-munene/Documents/Programming-language-basics/Linux/Robotics/AConciseIntroductiontoRobotProgrammingwithROS2/bookros2_ws/install/pal_gripper_simulation/share/pal_gripper_simulation/package.zsh'
[3.498s] Level 1:colcon.colcon_core.environment:create_file_with_runtime_dependencies(/home/edmund-munene/Documents/Programming-language-basics/Linux/Robotics/AConciseIntroductiontoRobotProgrammingwithROS2/bookros2_ws/install/pal_gripper_simulation/share/colcon-core/packages/pal_gripper_simulation)
[3.499s] Level 1:colcon.colcon_core.environment:create_environment_scripts_only(pal_gripper_simulation)
[3.499s] Level 1:colcon.colcon_core.environment:checking '/home/edmund-munene/Documents/Programming-language-basics/Linux/Robotics/AConciseIntroductiontoRobotProgrammingwithROS2/bookros2_ws/install/pal_gripper_simulation' for CMake module files
[3.500s] Level 1:colcon.colcon_core.environment:checking '/home/edmund-munene/Documents/Programming-language-basics/Linux/Robotics/AConciseIntroductiontoRobotProgrammingwithROS2/bookros2_ws/install/pal_gripper_simulation' for CMake config files
[3.500s] Level 1:colcon.colcon_core.shell:create_environment_hook('pal_gripper_simulation', 'cmake_prefix_path')
[3.501s] INFO:colcon.colcon_core.shell:Creating environment hook '/home/edmund-munene/Documents/Programming-language-basics/Linux/Robotics/AConciseIntroductiontoRobotProgrammingwithROS2/bookros2_ws/install/pal_gripper_simulation/share/pal_gripper_simulation/hook/cmake_prefix_path.ps1'
[3.501s] INFO:colcon.colcon_core.shell:Creating environment descriptor '/home/edmund-munene/Documents/Programming-language-basics/Linux/Robotics/AConciseIntroductiontoRobotProgrammingwithROS2/bookros2_ws/install/pal_gripper_simulation/share/pal_gripper_simulation/hook/cmake_prefix_path.dsv'
[3.502s] INFO:colcon.colcon_core.shell:Creating environment hook '/home/edmund-munene/Documents/Programming-language-basics/Linux/Robotics/AConciseIntroductiontoRobotProgrammingwithROS2/bookros2_ws/install/pal_gripper_simulation/share/pal_gripper_simulation/hook/cmake_prefix_path.sh'
[3.503s] Level 1:colcon.colcon_core.environment:checking '/home/edmund-munene/Documents/Programming-language-basics/Linux/Robotics/AConciseIntroductiontoRobotProgrammingwithROS2/bookros2_ws/install/pal_gripper_simulation/bin'
[3.503s] Level 1:colcon.colcon_core.environment:checking '/home/edmund-munene/Documents/Programming-language-basics/Linux/Robotics/AConciseIntroductiontoRobotProgrammingwithROS2/bookros2_ws/install/pal_gripper_simulation/lib/pkgconfig/pal_gripper_simulation.pc'
[3.504s] Level 1:colcon.colcon_core.environment:checking '/home/edmund-munene/Documents/Programming-language-basics/Linux/Robotics/AConciseIntroductiontoRobotProgrammingwithROS2/bookros2_ws/install/pal_gripper_simulation/lib/python3.12/site-packages'
[3.504s] Level 1:colcon.colcon_core.environment:checking '/home/edmund-munene/Documents/Programming-language-basics/Linux/Robotics/AConciseIntroductiontoRobotProgrammingwithROS2/bookros2_ws/install/pal_gripper_simulation/bin'
[3.505s] INFO:colcon.colcon_core.shell:Creating package script '/home/edmund-munene/Documents/Programming-language-basics/Linux/Robotics/AConciseIntroductiontoRobotProgrammingwithROS2/bookros2_ws/install/pal_gripper_simulation/share/pal_gripper_simulation/package.ps1'
[3.506s] INFO:colcon.colcon_core.shell:Creating package descriptor '/home/edmund-munene/Documents/Programming-language-basics/Linux/Robotics/AConciseIntroductiontoRobotProgrammingwithROS2/bookros2_ws/install/pal_gripper_simulation/share/pal_gripper_simulation/package.dsv'
[3.507s] INFO:colcon.colcon_core.shell:Creating package script '/home/edmund-munene/Documents/Programming-language-basics/Linux/Robotics/AConciseIntroductiontoRobotProgrammingwithROS2/bookros2_ws/install/pal_gripper_simulation/share/pal_gripper_simulation/package.sh'
[3.508s] INFO:colcon.colcon_core.shell:Creating package script '/home/edmund-munene/Documents/Programming-language-basics/Linux/Robotics/AConciseIntroductiontoRobotProgrammingwithROS2/bookros2_ws/install/pal_gripper_simulation/share/pal_gripper_simulation/package.bash'
[3.508s] INFO:colcon.colcon_core.shell:Creating package script '/home/edmund-munene/Documents/Programming-language-basics/Linux/Robotics/AConciseIntroductiontoRobotProgrammingwithROS2/bookros2_ws/install/pal_gripper_simulation/share/pal_gripper_simulation/package.zsh'
[3.509s] Level 1:colcon.colcon_core.environment:create_file_with_runtime_dependencies(/home/edmund-munene/Documents/Programming-language-basics/Linux/Robotics/AConciseIntroductiontoRobotProgrammingwithROS2/bookros2_ws/install/pal_gripper_simulation/share/colcon-core/packages/pal_gripper_simulation)
[3.511s] Level 1:colcon.colcon_core.environment:create_environment_scripts_only(play_motion2)
[3.511s] Level 1:colcon.colcon_core.environment:checking '/home/edmund-munene/Documents/Programming-language-basics/Linux/Robotics/AConciseIntroductiontoRobotProgrammingwithROS2/bookros2_ws/install/play_motion2' for CMake module files
[3.512s] DEBUG:colcon.colcon_core.event_handler.log_command:Invoked command in '/home/edmund-munene/Documents/Programming-language-basics/Linux/Robotics/AConciseIntroductiontoRobotProgrammingwithROS2/bookros2_ws/build/play_motion2' returned '0': AMENT_PREFIX_PATH=/home/edmund-munene/Documents/Programming-language-basics/Linux/Robotics/AConciseIntroductiontoRobotProgrammingwithROS2/bookros2_ws/install/play_motion2_msgs:${AMENT_PREFIX_PATH} CMAKE_PREFIX_PATH=/home/edmund-munene/Documents/Programming-language-basics/Linux/Robotics/AConciseIntroductiontoRobotProgrammingwithROS2/bookros2_ws/install/play_motion2_msgs:/opt/ros/jazzy/opt/gz_sim_vendor:/opt/ros/jazzy/opt/gz_sensors_vendor:/opt/ros/jazzy/opt/gz_physics_vendor:/opt/ros/jazzy/opt/sdformat_vendor:/opt/ros/jazzy/opt/gz_gui_vendor:/opt/ros/jazzy/opt/gz_transport_vendor:/opt/ros/jazzy/opt/gz_rendering_vendor:/opt/ros/jazzy/opt/gz_plugin_vendor:/opt/ros/jazzy/opt/gz_fuel_tools_vendor:/opt/ros/jazzy/opt/gz_msgs_vendor:/opt/ros/jazzy/opt/gz_common_vendor:/opt/ros/jazzy/opt/gz_math_vendor:/opt/ros/jazzy/opt/gz_utils_vendor:/opt/ros/jazzy/opt/gz_tools_vendor:/opt/ros/jazzy/opt/gz_ogre_next_vendor:/opt/ros/jazzy/opt/gz_dartsim_vendor:/opt/ros/jazzy/opt/gz_cmake_vendor:/opt/ros/jazzy DEBUGINFOD_URLS=https://debuginfod.ubuntu.com LD_LIBRARY_PATH=/home/edmund-munene/Documents/Programming-language-basics/Linux/Robotics/AConciseIntroductiontoRobotProgrammingwithROS2/bookros2_ws/install/play_motion2_msgs/lib:${LD_LIBRARY_PATH} PYTHONPATH=/home/edmund-munene/Documents/Programming-language-basics/Linux/Robotics/AConciseIntroductiontoRobotProgrammingwithROS2/bookros2_ws/install/play_motion2_msgs/lib/python3.12/site-packages:${PYTHONPATH} /usr/bin/cmake --install /home/edmund-munene/Documents/Programming-language-basics/Linux/Robotics/AConciseIntroductiontoRobotProgrammingwithROS2/bookros2_ws/build/play_motion2
[3.516s] Level 1:colcon.colcon_core.environment:checking '/home/edmund-munene/Documents/Programming-language-basics/Linux/Robotics/AConciseIntroductiontoRobotProgrammingwithROS2/bookros2_ws/install/play_motion2' for CMake config files
[3.516s] Level 1:colcon.colcon_core.shell:create_environment_hook('play_motion2', 'cmake_prefix_path')
[3.517s] INFO:colcon.colcon_core.shell:Creating environment hook '/home/edmund-munene/Documents/Programming-language-basics/Linux/Robotics/AConciseIntroductiontoRobotProgrammingwithROS2/bookros2_ws/install/play_motion2/share/play_motion2/hook/cmake_prefix_path.ps1'
[3.518s] INFO:colcon.colcon_core.shell:Creating environment descriptor '/home/edmund-munene/Documents/Programming-language-basics/Linux/Robotics/AConciseIntroductiontoRobotProgrammingwithROS2/bookros2_ws/install/play_motion2/share/play_motion2/hook/cmake_prefix_path.dsv'
[3.519s] INFO:colcon.colcon_core.shell:Creating environment hook '/home/edmund-munene/Documents/Programming-language-basics/Linux/Robotics/AConciseIntroductiontoRobotProgrammingwithROS2/bookros2_ws/install/play_motion2/share/play_motion2/hook/cmake_prefix_path.sh'
[3.520s] Level 1:colcon.colcon_core.environment:checking '/home/edmund-munene/Documents/Programming-language-basics/Linux/Robotics/AConciseIntroductiontoRobotProgrammingwithROS2/bookros2_ws/install/play_motion2/lib'
[3.520s] Level 1:colcon.colcon_core.shell:create_environment_hook('play_motion2', 'ld_library_path_lib')
[3.520s] INFO:colcon.colcon_core.shell:Creating environment hook '/home/edmund-munene/Documents/Programming-language-basics/Linux/Robotics/AConciseIntroductiontoRobotProgrammingwithROS2/bookros2_ws/install/play_motion2/share/play_motion2/hook/ld_library_path_lib.ps1'
[3.521s] INFO:colcon.colcon_core.shell:Creating environment descriptor '/home/edmund-munene/Documents/Programming-language-basics/Linux/Robotics/AConciseIntroductiontoRobotProgrammingwithROS2/bookros2_ws/install/play_motion2/share/play_motion2/hook/ld_library_path_lib.dsv'
[3.521s] INFO:colcon.colcon_core.shell:Creating environment hook '/home/edmund-munene/Documents/Programming-language-basics/Linux/Robotics/AConciseIntroductiontoRobotProgrammingwithROS2/bookros2_ws/install/play_motion2/share/play_motion2/hook/ld_library_path_lib.sh'
[3.522s] Level 1:colcon.colcon_core.environment:checking '/home/edmund-munene/Documents/Programming-language-basics/Linux/Robotics/AConciseIntroductiontoRobotProgrammingwithROS2/bookros2_ws/install/play_motion2/bin'
[3.522s] Level 1:colcon.colcon_core.environment:checking '/home/edmund-munene/Documents/Programming-language-basics/Linux/Robotics/AConciseIntroductiontoRobotProgrammingwithROS2/bookros2_ws/install/play_motion2/lib/pkgconfig/play_motion2.pc'
[3.523s] Level 1:colcon.colcon_core.environment:checking '/home/edmund-munene/Documents/Programming-language-basics/Linux/Robotics/AConciseIntroductiontoRobotProgrammingwithROS2/bookros2_ws/install/play_motion2/lib/python3.12/site-packages'
[3.523s] Level 1:colcon.colcon_core.environment:checking '/home/edmund-munene/Documents/Programming-language-basics/Linux/Robotics/AConciseIntroductiontoRobotProgrammingwithROS2/bookros2_ws/install/play_motion2/bin'
[3.524s] INFO:colcon.colcon_core.shell:Creating package script '/home/edmund-munene/Documents/Programming-language-basics/Linux/Robotics/AConciseIntroductiontoRobotProgrammingwithROS2/bookros2_ws/install/play_motion2/share/play_motion2/package.ps1'
[3.525s] INFO:colcon.colcon_core.shell:Creating package descriptor '/home/edmund-munene/Documents/Programming-language-basics/Linux/Robotics/AConciseIntroductiontoRobotProgrammingwithROS2/bookros2_ws/install/play_motion2/share/play_motion2/package.dsv'
[3.526s] INFO:colcon.colcon_core.shell:Creating package script '/home/edmund-munene/Documents/Programming-language-basics/Linux/Robotics/AConciseIntroductiontoRobotProgrammingwithROS2/bookros2_ws/install/play_motion2/share/play_motion2/package.sh'
[3.526s] INFO:colcon.colcon_core.shell:Creating package script '/home/edmund-munene/Documents/Programming-language-basics/Linux/Robotics/AConciseIntroductiontoRobotProgrammingwithROS2/bookros2_ws/install/play_motion2/share/play_motion2/package.bash'
[3.527s] INFO:colcon.colcon_core.shell:Creating package script '/home/edmund-munene/Documents/Programming-language-basics/Linux/Robotics/AConciseIntroductiontoRobotProgrammingwithROS2/bookros2_ws/install/play_motion2/share/play_motion2/package.zsh'
[3.528s] Level 1:colcon.colcon_core.environment:create_file_with_runtime_dependencies(/home/edmund-munene/Documents/Programming-language-basics/Linux/Robotics/AConciseIntroductiontoRobotProgrammingwithROS2/bookros2_ws/install/play_motion2/share/colcon-core/packages/play_motion2)
[3.529s] Level 1:colcon.colcon_core.environment:create_environment_scripts_only(play_motion2)
[3.529s] Level 1:colcon.colcon_core.environment:checking '/home/edmund-munene/Documents/Programming-language-basics/Linux/Robotics/AConciseIntroductiontoRobotProgrammingwithROS2/bookros2_ws/install/play_motion2' for CMake module files
[3.530s] Level 1:colcon.colcon_core.environment:checking '/home/edmund-munene/Documents/Programming-language-basics/Linux/Robotics/AConciseIntroductiontoRobotProgrammingwithROS2/bookros2_ws/install/play_motion2' for CMake config files
[3.531s] Level 1:colcon.colcon_core.shell:create_environment_hook('play_motion2', 'cmake_prefix_path')
[3.532s] INFO:colcon.colcon_core.shell:Creating environment hook '/home/edmund-munene/Documents/Programming-language-basics/Linux/Robotics/AConciseIntroductiontoRobotProgrammingwithROS2/bookros2_ws/install/play_motion2/share/play_motion2/hook/cmake_prefix_path.ps1'
[3.533s] INFO:colcon.colcon_core.shell:Creating environment descriptor '/home/edmund-munene/Documents/Programming-language-basics/Linux/Robotics/AConciseIntroductiontoRobotProgrammingwithROS2/bookros2_ws/install/play_motion2/share/play_motion2/hook/cmake_prefix_path.dsv'
[3.533s] INFO:colcon.colcon_core.shell:Creating environment hook '/home/edmund-munene/Documents/Programming-language-basics/Linux/Robotics/AConciseIntroductiontoRobotProgrammingwithROS2/bookros2_ws/install/play_motion2/share/play_motion2/hook/cmake_prefix_path.sh'
[3.534s] Level 1:colcon.colcon_core.environment:checking '/home/edmund-munene/Documents/Programming-language-basics/Linux/Robotics/AConciseIntroductiontoRobotProgrammingwithROS2/bookros2_ws/install/play_motion2/lib'
[3.535s] Level 1:colcon.colcon_core.shell:create_environment_hook('play_motion2', 'ld_library_path_lib')
[3.535s] INFO:colcon.colcon_core.shell:Creating environment hook '/home/edmund-munene/Documents/Programming-language-basics/Linux/Robotics/AConciseIntroductiontoRobotProgrammingwithROS2/bookros2_ws/install/play_motion2/share/play_motion2/hook/ld_library_path_lib.ps1'
[3.535s] INFO:colcon.colcon_core.shell:Creating environment descriptor '/home/edmund-munene/Documents/Programming-language-basics/Linux/Robotics/AConciseIntroductiontoRobotProgrammingwithROS2/bookros2_ws/install/play_motion2/share/play_motion2/hook/ld_library_path_lib.dsv'
[3.536s] INFO:colcon.colcon_core.shell:Creating environment hook '/home/edmund-munene/Documents/Programming-language-basics/Linux/Robotics/AConciseIntroductiontoRobotProgrammingwithROS2/bookros2_ws/install/play_motion2/share/play_motion2/hook/ld_library_path_lib.sh'
[3.537s] Level 1:colcon.colcon_core.environment:checking '/home/edmund-munene/Documents/Programming-language-basics/Linux/Robotics/AConciseIntroductiontoRobotProgrammingwithROS2/bookros2_ws/install/play_motion2/bin'
[3.537s] Level 1:colcon.colcon_core.environment:checking '/home/edmund-munene/Documents/Programming-language-basics/Linux/Robotics/AConciseIntroductiontoRobotProgrammingwithROS2/bookros2_ws/install/play_motion2/lib/pkgconfig/play_motion2.pc'
[3.537s] Level 1:colcon.colcon_core.environment:checking '/home/edmund-munene/Documents/Programming-language-basics/Linux/Robotics/AConciseIntroductiontoRobotProgrammingwithROS2/bookros2_ws/install/play_motion2/lib/python3.12/site-packages'
[3.538s] Level 1:colcon.colcon_core.environment:checking '/home/edmund-munene/Documents/Programming-language-basics/Linux/Robotics/AConciseIntroductiontoRobotProgrammingwithROS2/bookros2_ws/install/play_motion2/bin'
[3.538s] INFO:colcon.colcon_core.shell:Creating package script '/home/edmund-munene/Documents/Programming-language-basics/Linux/Robotics/AConciseIntroductiontoRobotProgrammingwithROS2/bookros2_ws/install/play_motion2/share/play_motion2/package.ps1'
[3.539s] INFO:colcon.colcon_core.shell:Creating package descriptor '/home/edmund-munene/Documents/Programming-language-basics/Linux/Robotics/AConciseIntroductiontoRobotProgrammingwithROS2/bookros2_ws/install/play_motion2/share/play_motion2/package.dsv'
[3.540s] INFO:colcon.colcon_core.shell:Creating package script '/home/edmund-munene/Documents/Programming-language-basics/Linux/Robotics/AConciseIntroductiontoRobotProgrammingwithROS2/bookros2_ws/install/play_motion2/share/play_motion2/package.sh'
[3.540s] INFO:colcon.colcon_core.shell:Creating package script '/home/edmund-munene/Documents/Programming-language-basics/Linux/Robotics/AConciseIntroductiontoRobotProgrammingwithROS2/bookros2_ws/install/play_motion2/share/play_motion2/package.bash'
[3.541s] INFO:colcon.colcon_core.shell:Creating package script '/home/edmund-munene/Documents/Programming-language-basics/Linux/Robotics/AConciseIntroductiontoRobotProgrammingwithROS2/bookros2_ws/install/play_motion2/share/play_motion2/package.zsh'
[3.541s] Level 1:colcon.colcon_core.environment:create_file_with_runtime_dependencies(/home/edmund-munene/Documents/Programming-language-basics/Linux/Robotics/AConciseIntroductiontoRobotProgrammingwithROS2/bookros2_ws/install/play_motion2/share/colcon-core/packages/play_motion2)
[3.544s] DEBUG:colcon.colcon_core.event_handler.log_command:Invoked command in '/home/edmund-munene/Documents/Programming-language-basics/Linux/Robotics/AConciseIntroductiontoRobotProgrammingwithROS2/bookros2_ws/build/groot' returned '0': AMENT_PREFIX_PATH=/home/edmund-munene/Documents/Programming-language-basics/Linux/Robotics/AConciseIntroductiontoRobotProgrammingwithROS2/bookros2_ws/install/behaviortree_cpp_v3:${AMENT_PREFIX_PATH} CMAKE_PREFIX_PATH=/home/edmund-munene/Documents/Programming-language-basics/Linux/Robotics/AConciseIntroductiontoRobotProgrammingwithROS2/bookros2_ws/install/behaviortree_cpp_v3:/opt/ros/jazzy/opt/gz_sim_vendor:/opt/ros/jazzy/opt/gz_sensors_vendor:/opt/ros/jazzy/opt/gz_physics_vendor:/opt/ros/jazzy/opt/sdformat_vendor:/opt/ros/jazzy/opt/gz_gui_vendor:/opt/ros/jazzy/opt/gz_transport_vendor:/opt/ros/jazzy/opt/gz_rendering_vendor:/opt/ros/jazzy/opt/gz_plugin_vendor:/opt/ros/jazzy/opt/gz_fuel_tools_vendor:/opt/ros/jazzy/opt/gz_msgs_vendor:/opt/ros/jazzy/opt/gz_common_vendor:/opt/ros/jazzy/opt/gz_math_vendor:/opt/ros/jazzy/opt/gz_utils_vendor:/opt/ros/jazzy/opt/gz_tools_vendor:/opt/ros/jazzy/opt/gz_ogre_next_vendor:/opt/ros/jazzy/opt/gz_dartsim_vendor:/opt/ros/jazzy/opt/gz_cmake_vendor:/opt/ros/jazzy DEBUGINFOD_URLS=https://debuginfod.ubuntu.com LD_LIBRARY_PATH=/home/edmund-munene/Documents/Programming-language-basics/Linux/Robotics/AConciseIntroductiontoRobotProgrammingwithROS2/bookros2_ws/install/behaviortree_cpp_v3/lib:${LD_LIBRARY_PATH} PATH=/home/edmund-munene/Documents/Programming-language-basics/Linux/Robotics/AConciseIntroductiontoRobotProgrammingwithROS2/bookros2_ws/install/behaviortree_cpp_v3/bin:${PATH} /usr/bin/cmake --build /home/edmund-munene/Documents/Programming-language-basics/Linux/Robotics/AConciseIntroductiontoRobotProgrammingwithROS2/bookros2_ws/build/groot -- -j12 -l12
[3.546s] DEBUG:colcon.colcon_core.event_handler.log_command:Invoking command in '/home/edmund-munene/Documents/Programming-language-basics/Linux/Robotics/AConciseIntroductiontoRobotProgrammingwithROS2/bookros2_ws/build/groot': AMENT_PREFIX_PATH=/home/edmund-munene/Documents/Programming-language-basics/Linux/Robotics/AConciseIntroductiontoRobotProgrammingwithROS2/bookros2_ws/install/behaviortree_cpp_v3:${AMENT_PREFIX_PATH} CMAKE_PREFIX_PATH=/home/edmund-munene/Documents/Programming-language-basics/Linux/Robotics/AConciseIntroductiontoRobotProgrammingwithROS2/bookros2_ws/install/behaviortree_cpp_v3:/opt/ros/jazzy/opt/gz_sim_vendor:/opt/ros/jazzy/opt/gz_sensors_vendor:/opt/ros/jazzy/opt/gz_physics_vendor:/opt/ros/jazzy/opt/sdformat_vendor:/opt/ros/jazzy/opt/gz_gui_vendor:/opt/ros/jazzy/opt/gz_transport_vendor:/opt/ros/jazzy/opt/gz_rendering_vendor:/opt/ros/jazzy/opt/gz_plugin_vendor:/opt/ros/jazzy/opt/gz_fuel_tools_vendor:/opt/ros/jazzy/opt/gz_msgs_vendor:/opt/ros/jazzy/opt/gz_common_vendor:/opt/ros/jazzy/opt/gz_math_vendor:/opt/ros/jazzy/opt/gz_utils_vendor:/opt/ros/jazzy/opt/gz_tools_vendor:/opt/ros/jazzy/opt/gz_ogre_next_vendor:/opt/ros/jazzy/opt/gz_dartsim_vendor:/opt/ros/jazzy/opt/gz_cmake_vendor:/opt/ros/jazzy DEBUGINFOD_URLS=https://debuginfod.ubuntu.com LD_LIBRARY_PATH=/home/edmund-munene/Documents/Programming-language-basics/Linux/Robotics/AConciseIntroductiontoRobotProgrammingwithROS2/bookros2_ws/install/behaviortree_cpp_v3/lib:${LD_LIBRARY_PATH} PATH=/home/edmund-munene/Documents/Programming-language-basics/Linux/Robotics/AConciseIntroductiontoRobotProgrammingwithROS2/bookros2_ws/install/behaviortree_cpp_v3/bin:${PATH} /usr/bin/cmake --install /home/edmund-munene/Documents/Programming-language-basics/Linux/Robotics/AConciseIntroductiontoRobotProgrammingwithROS2/bookros2_ws/build/groot
[3.547s] Level 1:colcon.colcon_core.environment:create_environment_scripts_only(pal_hey5)
[3.547s] Level 1:colcon.colcon_core.environment:checking '/home/edmund-munene/Documents/Programming-language-basics/Linux/Robotics/AConciseIntroductiontoRobotProgrammingwithROS2/bookros2_ws/install/pal_hey5' for CMake module files
[3.549s] DEBUG:colcon.colcon_core.event_handler.log_command:Invoked command in '/home/edmund-munene/Documents/Programming-language-basics/Linux/Robotics/AConciseIntroductiontoRobotProgrammingwithROS2/bookros2_ws/build/pal_hey5' returned '0': AMENT_PREFIX_PATH=/home/edmund-munene/Documents/Programming-language-basics/Linux/Robotics/AConciseIntroductiontoRobotProgrammingwithROS2/bookros2_ws/install/pal_hey5_description:/home/edmund-munene/Documents/Programming-language-basics/Linux/Robotics/AConciseIntroductiontoRobotProgrammingwithROS2/bookros2_ws/install/pal_urdf_utils:/home/edmund-munene/Documents/Programming-language-basics/Linux/Robotics/AConciseIntroductiontoRobotProgrammingwithROS2/bookros2_ws/install/pal_hey5_controller_configuration:${AMENT_PREFIX_PATH} CMAKE_PREFIX_PATH=/home/edmund-munene/Documents/Programming-language-basics/Linux/Robotics/AConciseIntroductiontoRobotProgrammingwithROS2/bookros2_ws/install/pal_hey5_description:/home/edmund-munene/Documents/Programming-language-basics/Linux/Robotics/AConciseIntroductiontoRobotProgrammingwithROS2/bookros2_ws/install/pal_urdf_utils:/home/edmund-munene/Documents/Programming-language-basics/Linux/Robotics/AConciseIntroductiontoRobotProgrammingwithROS2/bookros2_ws/install/pal_hey5_controller_configuration:/opt/ros/jazzy/opt/gz_sim_vendor:/opt/ros/jazzy/opt/gz_sensors_vendor:/opt/ros/jazzy/opt/gz_physics_vendor:/opt/ros/jazzy/opt/sdformat_vendor:/opt/ros/jazzy/opt/gz_gui_vendor:/opt/ros/jazzy/opt/gz_transport_vendor:/opt/ros/jazzy/opt/gz_rendering_vendor:/opt/ros/jazzy/opt/gz_plugin_vendor:/opt/ros/jazzy/opt/gz_fuel_tools_vendor:/opt/ros/jazzy/opt/gz_msgs_vendor:/opt/ros/jazzy/opt/gz_common_vendor:/opt/ros/jazzy/opt/gz_math_vendor:/opt/ros/jazzy/opt/gz_utils_vendor:/opt/ros/jazzy/opt/gz_tools_vendor:/opt/ros/jazzy/opt/gz_ogre_next_vendor:/opt/ros/jazzy/opt/gz_dartsim_vendor:/opt/ros/jazzy/opt/gz_cmake_vendor:/opt/ros/jazzy DEBUGINFOD_URLS=https://debuginfod.ubuntu.com /usr/bin/cmake --install /home/edmund-munene/Documents/Programming-language-basics/Linux/Robotics/AConciseIntroductiontoRobotProgrammingwithROS2/bookros2_ws/build/pal_hey5
[3.550s] Level 1:colcon.colcon_core.environment:checking '/home/edmund-munene/Documents/Programming-language-basics/Linux/Robotics/AConciseIntroductiontoRobotProgrammingwithROS2/bookros2_ws/install/pal_hey5' for CMake config files
[3.550s] Level 1:colcon.colcon_core.shell:create_environment_hook('pal_hey5', 'cmake_prefix_path')
[3.551s] INFO:colcon.colcon_core.shell:Creating environment hook '/home/edmund-munene/Documents/Programming-language-basics/Linux/Robotics/AConciseIntroductiontoRobotProgrammingwithROS2/bookros2_ws/install/pal_hey5/share/pal_hey5/hook/cmake_prefix_path.ps1'
[3.551s] INFO:colcon.colcon_core.shell:Creating environment descriptor '/home/edmund-munene/Documents/Programming-language-basics/Linux/Robotics/AConciseIntroductiontoRobotProgrammingwithROS2/bookros2_ws/install/pal_hey5/share/pal_hey5/hook/cmake_prefix_path.dsv'
[3.552s] INFO:colcon.colcon_core.shell:Creating environment hook '/home/edmund-munene/Documents/Programming-language-basics/Linux/Robotics/AConciseIntroductiontoRobotProgrammingwithROS2/bookros2_ws/install/pal_hey5/share/pal_hey5/hook/cmake_prefix_path.sh'
[3.553s] Level 1:colcon.colcon_core.environment:checking '/home/edmund-munene/Documents/Programming-language-basics/Linux/Robotics/AConciseIntroductiontoRobotProgrammingwithROS2/bookros2_ws/install/pal_hey5/bin'
[3.553s] Level 1:colcon.colcon_core.environment:checking '/home/edmund-munene/Documents/Programming-language-basics/Linux/Robotics/AConciseIntroductiontoRobotProgrammingwithROS2/bookros2_ws/install/pal_hey5/lib/pkgconfig/pal_hey5.pc'
[3.554s] Level 1:colcon.colcon_core.environment:checking '/home/edmund-munene/Documents/Programming-language-basics/Linux/Robotics/AConciseIntroductiontoRobotProgrammingwithROS2/bookros2_ws/install/pal_hey5/lib/python3.12/site-packages'
[3.554s] Level 1:colcon.colcon_core.environment:checking '/home/edmund-munene/Documents/Programming-language-basics/Linux/Robotics/AConciseIntroductiontoRobotProgrammingwithROS2/bookros2_ws/install/pal_hey5/bin'
[3.555s] INFO:colcon.colcon_core.shell:Creating package script '/home/edmund-munene/Documents/Programming-language-basics/Linux/Robotics/AConciseIntroductiontoRobotProgrammingwithROS2/bookros2_ws/install/pal_hey5/share/pal_hey5/package.ps1'
[3.556s] INFO:colcon.colcon_core.shell:Creating package descriptor '/home/edmund-munene/Documents/Programming-language-basics/Linux/Robotics/AConciseIntroductiontoRobotProgrammingwithROS2/bookros2_ws/install/pal_hey5/share/pal_hey5/package.dsv'
[3.557s] INFO:colcon.colcon_core.shell:Creating package script '/home/edmund-munene/Documents/Programming-language-basics/Linux/Robotics/AConciseIntroductiontoRobotProgrammingwithROS2/bookros2_ws/install/pal_hey5/share/pal_hey5/package.sh'
[3.557s] INFO:colcon.colcon_core.shell:Creating package script '/home/edmund-munene/Documents/Programming-language-basics/Linux/Robotics/AConciseIntroductiontoRobotProgrammingwithROS2/bookros2_ws/install/pal_hey5/share/pal_hey5/package.bash'
[3.559s] INFO:colcon.colcon_core.shell:Creating package script '/home/edmund-munene/Documents/Programming-language-basics/Linux/Robotics/AConciseIntroductiontoRobotProgrammingwithROS2/bookros2_ws/install/pal_hey5/share/pal_hey5/package.zsh'
[3.560s] Level 1:colcon.colcon_core.environment:create_file_with_runtime_dependencies(/home/edmund-munene/Documents/Programming-language-basics/Linux/Robotics/AConciseIntroductiontoRobotProgrammingwithROS2/bookros2_ws/install/pal_hey5/share/colcon-core/packages/pal_hey5)
[3.562s] Level 1:colcon.colcon_core.environment:create_environment_scripts_only(pal_hey5)
[3.562s] Level 1:colcon.colcon_core.environment:checking '/home/edmund-munene/Documents/Programming-language-basics/Linux/Robotics/AConciseIntroductiontoRobotProgrammingwithROS2/bookros2_ws/install/pal_hey5' for CMake module files
[3.565s] Level 1:colcon.colcon_core.environment:checking '/home/edmund-munene/Documents/Programming-language-basics/Linux/Robotics/AConciseIntroductiontoRobotProgrammingwithROS2/bookros2_ws/install/pal_hey5' for CMake config files
[3.566s] Level 1:colcon.colcon_core.shell:create_environment_hook('pal_hey5', 'cmake_prefix_path')
[3.566s] INFO:colcon.colcon_core.shell:Creating environment hook '/home/edmund-munene/Documents/Programming-language-basics/Linux/Robotics/AConciseIntroductiontoRobotProgrammingwithROS2/bookros2_ws/install/pal_hey5/share/pal_hey5/hook/cmake_prefix_path.ps1'
[3.567s] INFO:colcon.colcon_core.shell:Creating environment descriptor '/home/edmund-munene/Documents/Programming-language-basics/Linux/Robotics/AConciseIntroductiontoRobotProgrammingwithROS2/bookros2_ws/install/pal_hey5/share/pal_hey5/hook/cmake_prefix_path.dsv'
[3.568s] INFO:colcon.colcon_core.shell:Creating environment hook '/home/edmund-munene/Documents/Programming-language-basics/Linux/Robotics/AConciseIntroductiontoRobotProgrammingwithROS2/bookros2_ws/install/pal_hey5/share/pal_hey5/hook/cmake_prefix_path.sh'
[3.569s] Level 1:colcon.colcon_core.environment:checking '/home/edmund-munene/Documents/Programming-language-basics/Linux/Robotics/AConciseIntroductiontoRobotProgrammingwithROS2/bookros2_ws/install/pal_hey5/bin'
[3.569s] Level 1:colcon.colcon_core.environment:checking '/home/edmund-munene/Documents/Programming-language-basics/Linux/Robotics/AConciseIntroductiontoRobotProgrammingwithROS2/bookros2_ws/install/pal_hey5/lib/pkgconfig/pal_hey5.pc'
[3.570s] Level 1:colcon.colcon_core.environment:checking '/home/edmund-munene/Documents/Programming-language-basics/Linux/Robotics/AConciseIntroductiontoRobotProgrammingwithROS2/bookros2_ws/install/pal_hey5/lib/python3.12/site-packages'
[3.571s] Level 1:colcon.colcon_core.environment:checking '/home/edmund-munene/Documents/Programming-language-basics/Linux/Robotics/AConciseIntroductiontoRobotProgrammingwithROS2/bookros2_ws/install/pal_hey5/bin'
[3.571s] INFO:colcon.colcon_core.shell:Creating package script '/home/edmund-munene/Documents/Programming-language-basics/Linux/Robotics/AConciseIntroductiontoRobotProgrammingwithROS2/bookros2_ws/install/pal_hey5/share/pal_hey5/package.ps1'
[3.572s] INFO:colcon.colcon_core.shell:Creating package descriptor '/home/edmund-munene/Documents/Programming-language-basics/Linux/Robotics/AConciseIntroductiontoRobotProgrammingwithROS2/bookros2_ws/install/pal_hey5/share/pal_hey5/package.dsv'
[3.573s] INFO:colcon.colcon_core.shell:Creating package script '/home/edmund-munene/Documents/Programming-language-basics/Linux/Robotics/AConciseIntroductiontoRobotProgrammingwithROS2/bookros2_ws/install/pal_hey5/share/pal_hey5/package.sh'
[3.574s] INFO:colcon.colcon_core.shell:Creating package script '/home/edmund-munene/Documents/Programming-language-basics/Linux/Robotics/AConciseIntroductiontoRobotProgrammingwithROS2/bookros2_ws/install/pal_hey5/share/pal_hey5/package.bash'
[3.575s] INFO:colcon.colcon_core.shell:Creating package script '/home/edmund-munene/Documents/Programming-language-basics/Linux/Robotics/AConciseIntroductiontoRobotProgrammingwithROS2/bookros2_ws/install/pal_hey5/share/pal_hey5/package.zsh'
[3.575s] Level 1:colcon.colcon_core.environment:create_file_with_runtime_dependencies(/home/edmund-munene/Documents/Programming-language-basics/Linux/Robotics/AConciseIntroductiontoRobotProgrammingwithROS2/bookros2_ws/install/pal_hey5/share/colcon-core/packages/pal_hey5)
[3.584s] Level 1:colcon.colcon_core.environment:create_environment_scripts_only(groot)
[3.585s] Level 1:colcon.colcon_core.environment:checking '/home/edmund-munene/Documents/Programming-language-basics/Linux/Robotics/AConciseIntroductiontoRobotProgrammingwithROS2/bookros2_ws/install/groot' for CMake module files
[3.586s] DEBUG:colcon.colcon_core.event_handler.log_command:Invoked command in '/home/edmund-munene/Documents/Programming-language-basics/Linux/Robotics/AConciseIntroductiontoRobotProgrammingwithROS2/bookros2_ws/build/groot' returned '0': AMENT_PREFIX_PATH=/home/edmund-munene/Documents/Programming-language-basics/Linux/Robotics/AConciseIntroductiontoRobotProgrammingwithROS2/bookros2_ws/install/behaviortree_cpp_v3:${AMENT_PREFIX_PATH} CMAKE_PREFIX_PATH=/home/edmund-munene/Documents/Programming-language-basics/Linux/Robotics/AConciseIntroductiontoRobotProgrammingwithROS2/bookros2_ws/install/behaviortree_cpp_v3:/opt/ros/jazzy/opt/gz_sim_vendor:/opt/ros/jazzy/opt/gz_sensors_vendor:/opt/ros/jazzy/opt/gz_physics_vendor:/opt/ros/jazzy/opt/sdformat_vendor:/opt/ros/jazzy/opt/gz_gui_vendor:/opt/ros/jazzy/opt/gz_transport_vendor:/opt/ros/jazzy/opt/gz_rendering_vendor:/opt/ros/jazzy/opt/gz_plugin_vendor:/opt/ros/jazzy/opt/gz_fuel_tools_vendor:/opt/ros/jazzy/opt/gz_msgs_vendor:/opt/ros/jazzy/opt/gz_common_vendor:/opt/ros/jazzy/opt/gz_math_vendor:/opt/ros/jazzy/opt/gz_utils_vendor:/opt/ros/jazzy/opt/gz_tools_vendor:/opt/ros/jazzy/opt/gz_ogre_next_vendor:/opt/ros/jazzy/opt/gz_dartsim_vendor:/opt/ros/jazzy/opt/gz_cmake_vendor:/opt/ros/jazzy DEBUGINFOD_URLS=https://debuginfod.ubuntu.com LD_LIBRARY_PATH=/home/edmund-munene/Documents/Programming-language-basics/Linux/Robotics/AConciseIntroductiontoRobotProgrammingwithROS2/bookros2_ws/install/behaviortree_cpp_v3/lib:${LD_LIBRARY_PATH} PATH=/home/edmund-munene/Documents/Programming-language-basics/Linux/Robotics/AConciseIntroductiontoRobotProgrammingwithROS2/bookros2_ws/install/behaviortree_cpp_v3/bin:${PATH} /usr/bin/cmake --install /home/edmund-munene/Documents/Programming-language-basics/Linux/Robotics/AConciseIntroductiontoRobotProgrammingwithROS2/bookros2_ws/build/groot
[3.587s] Level 1:colcon.colcon_core.environment:checking '/home/edmund-munene/Documents/Programming-language-basics/Linux/Robotics/AConciseIntroductiontoRobotProgrammingwithROS2/bookros2_ws/install/groot' for CMake config files
[3.588s] Level 1:colcon.colcon_core.shell:create_environment_hook('groot', 'cmake_prefix_path')
[3.588s] INFO:colcon.colcon_core.shell:Creating environment hook '/home/edmund-munene/Documents/Programming-language-basics/Linux/Robotics/AConciseIntroductiontoRobotProgrammingwithROS2/bookros2_ws/install/groot/share/groot/hook/cmake_prefix_path.ps1'
[3.589s] INFO:colcon.colcon_core.shell:Creating environment descriptor '/home/edmund-munene/Documents/Programming-language-basics/Linux/Robotics/AConciseIntroductiontoRobotProgrammingwithROS2/bookros2_ws/install/groot/share/groot/hook/cmake_prefix_path.dsv'
[3.590s] INFO:colcon.colcon_core.shell:Creating environment hook '/home/edmund-munene/Documents/Programming-language-basics/Linux/Robotics/AConciseIntroductiontoRobotProgrammingwithROS2/bookros2_ws/install/groot/share/groot/hook/cmake_prefix_path.sh'
[3.590s] Level 1:colcon.colcon_core.environment:checking '/home/edmund-munene/Documents/Programming-language-basics/Linux/Robotics/AConciseIntroductiontoRobotProgrammingwithROS2/bookros2_ws/install/groot/lib'
[3.590s] Level 1:colcon.colcon_core.shell:create_environment_hook('groot', 'ld_library_path_lib')
[3.591s] INFO:colcon.colcon_core.shell:Creating environment hook '/home/edmund-munene/Documents/Programming-language-basics/Linux/Robotics/AConciseIntroductiontoRobotProgrammingwithROS2/bookros2_ws/install/groot/share/groot/hook/ld_library_path_lib.ps1'
[3.591s] INFO:colcon.colcon_core.shell:Creating environment descriptor '/home/edmund-munene/Documents/Programming-language-basics/Linux/Robotics/AConciseIntroductiontoRobotProgrammingwithROS2/bookros2_ws/install/groot/share/groot/hook/ld_library_path_lib.dsv'
[3.592s] INFO:colcon.colcon_core.shell:Creating environment hook '/home/edmund-munene/Documents/Programming-language-basics/Linux/Robotics/AConciseIntroductiontoRobotProgrammingwithROS2/bookros2_ws/install/groot/share/groot/hook/ld_library_path_lib.sh'
[3.592s] Level 1:colcon.colcon_core.environment:checking '/home/edmund-munene/Documents/Programming-language-basics/Linux/Robotics/AConciseIntroductiontoRobotProgrammingwithROS2/bookros2_ws/install/groot/bin'
[3.592s] Level 1:colcon.colcon_core.environment:checking '/home/edmund-munene/Documents/Programming-language-basics/Linux/Robotics/AConciseIntroductiontoRobotProgrammingwithROS2/bookros2_ws/install/groot/lib/pkgconfig/groot.pc'
[3.593s] Level 1:colcon.colcon_core.environment:checking '/home/edmund-munene/Documents/Programming-language-basics/Linux/Robotics/AConciseIntroductiontoRobotProgrammingwithROS2/bookros2_ws/install/groot/lib/python3.12/site-packages'
[3.593s] Level 1:colcon.colcon_core.environment:checking '/home/edmund-munene/Documents/Programming-language-basics/Linux/Robotics/AConciseIntroductiontoRobotProgrammingwithROS2/bookros2_ws/install/groot/bin'
[3.593s] INFO:colcon.colcon_core.shell:Creating package script '/home/edmund-munene/Documents/Programming-language-basics/Linux/Robotics/AConciseIntroductiontoRobotProgrammingwithROS2/bookros2_ws/install/groot/share/groot/package.ps1'
[3.594s] INFO:colcon.colcon_core.shell:Creating package descriptor '/home/edmund-munene/Documents/Programming-language-basics/Linux/Robotics/AConciseIntroductiontoRobotProgrammingwithROS2/bookros2_ws/install/groot/share/groot/package.dsv'
[3.595s] INFO:colcon.colcon_core.shell:Creating package script '/home/edmund-munene/Documents/Programming-language-basics/Linux/Robotics/AConciseIntroductiontoRobotProgrammingwithROS2/bookros2_ws/install/groot/share/groot/package.sh'
[3.596s] INFO:colcon.colcon_core.shell:Creating package script '/home/edmund-munene/Documents/Programming-language-basics/Linux/Robotics/AConciseIntroductiontoRobotProgrammingwithROS2/bookros2_ws/install/groot/share/groot/package.bash'
[3.596s] INFO:colcon.colcon_core.shell:Creating package script '/home/edmund-munene/Documents/Programming-language-basics/Linux/Robotics/AConciseIntroductiontoRobotProgrammingwithROS2/bookros2_ws/install/groot/share/groot/package.zsh'
[3.596s] Level 1:colcon.colcon_core.environment:create_file_with_runtime_dependencies(/home/edmund-munene/Documents/Programming-language-basics/Linux/Robotics/AConciseIntroductiontoRobotProgrammingwithROS2/bookros2_ws/install/groot/share/colcon-core/packages/groot)
[3.597s] Level 1:colcon.colcon_core.environment:create_environment_scripts_only(groot)
[3.597s] Level 1:colcon.colcon_core.environment:checking '/home/edmund-munene/Documents/Programming-language-basics/Linux/Robotics/AConciseIntroductiontoRobotProgrammingwithROS2/bookros2_ws/install/groot' for CMake module files
[3.598s] Level 1:colcon.colcon_core.environment:checking '/home/edmund-munene/Documents/Programming-language-basics/Linux/Robotics/AConciseIntroductiontoRobotProgrammingwithROS2/bookros2_ws/install/groot' for CMake config files
[3.599s] Level 1:colcon.colcon_core.shell:create_environment_hook('groot', 'cmake_prefix_path')
[3.599s] INFO:colcon.colcon_core.shell:Creating environment hook '/home/edmund-munene/Documents/Programming-language-basics/Linux/Robotics/AConciseIntroductiontoRobotProgrammingwithROS2/bookros2_ws/install/groot/share/groot/hook/cmake_prefix_path.ps1'
[3.600s] INFO:colcon.colcon_core.shell:Creating environment descriptor '/home/edmund-munene/Documents/Programming-language-basics/Linux/Robotics/AConciseIntroductiontoRobotProgrammingwithROS2/bookros2_ws/install/groot/share/groot/hook/cmake_prefix_path.dsv'
[3.600s] INFO:colcon.colcon_core.shell:Creating environment hook '/home/edmund-munene/Documents/Programming-language-basics/Linux/Robotics/AConciseIntroductiontoRobotProgrammingwithROS2/bookros2_ws/install/groot/share/groot/hook/cmake_prefix_path.sh'
[3.601s] Level 1:colcon.colcon_core.environment:checking '/home/edmund-munene/Documents/Programming-language-basics/Linux/Robotics/AConciseIntroductiontoRobotProgrammingwithROS2/bookros2_ws/install/groot/lib'
[3.601s] Level 1:colcon.colcon_core.shell:create_environment_hook('groot', 'ld_library_path_lib')
[3.601s] INFO:colcon.colcon_core.shell:Creating environment hook '/home/edmund-munene/Documents/Programming-language-basics/Linux/Robotics/AConciseIntroductiontoRobotProgrammingwithROS2/bookros2_ws/install/groot/share/groot/hook/ld_library_path_lib.ps1'
[3.602s] INFO:colcon.colcon_core.shell:Creating environment descriptor '/home/edmund-munene/Documents/Programming-language-basics/Linux/Robotics/AConciseIntroductiontoRobotProgrammingwithROS2/bookros2_ws/install/groot/share/groot/hook/ld_library_path_lib.dsv'
[3.603s] INFO:colcon.colcon_core.shell:Creating environment hook '/home/edmund-munene/Documents/Programming-language-basics/Linux/Robotics/AConciseIntroductiontoRobotProgrammingwithROS2/bookros2_ws/install/groot/share/groot/hook/ld_library_path_lib.sh'
[3.603s] Level 1:colcon.colcon_core.environment:checking '/home/edmund-munene/Documents/Programming-language-basics/Linux/Robotics/AConciseIntroductiontoRobotProgrammingwithROS2/bookros2_ws/install/groot/bin'
[3.604s] Level 1:colcon.colcon_core.environment:checking '/home/edmund-munene/Documents/Programming-language-basics/Linux/Robotics/AConciseIntroductiontoRobotProgrammingwithROS2/bookros2_ws/install/groot/lib/pkgconfig/groot.pc'
[3.604s] Level 1:colcon.colcon_core.environment:checking '/home/edmund-munene/Documents/Programming-language-basics/Linux/Robotics/AConciseIntroductiontoRobotProgrammingwithROS2/bookros2_ws/install/groot/lib/python3.12/site-packages'
[3.604s] Level 1:colcon.colcon_core.environment:checking '/home/edmund-munene/Documents/Programming-language-basics/Linux/Robotics/AConciseIntroductiontoRobotProgrammingwithROS2/bookros2_ws/install/groot/bin'
[3.605s] INFO:colcon.colcon_core.shell:Creating package script '/home/edmund-munene/Documents/Programming-language-basics/Linux/Robotics/AConciseIntroductiontoRobotProgrammingwithROS2/bookros2_ws/install/groot/share/groot/package.ps1'
[3.606s] INFO:colcon.colcon_core.shell:Creating package descriptor '/home/edmund-munene/Documents/Programming-language-basics/Linux/Robotics/AConciseIntroductiontoRobotProgrammingwithROS2/bookros2_ws/install/groot/share/groot/package.dsv'
[3.607s] INFO:colcon.colcon_core.shell:Creating package script '/home/edmund-munene/Documents/Programming-language-basics/Linux/Robotics/AConciseIntroductiontoRobotProgrammingwithROS2/bookros2_ws/install/groot/share/groot/package.sh'
[3.608s] INFO:colcon.colcon_core.shell:Creating package script '/home/edmund-munene/Documents/Programming-language-basics/Linux/Robotics/AConciseIntroductiontoRobotProgrammingwithROS2/bookros2_ws/install/groot/share/groot/package.bash'
[3.608s] INFO:colcon.colcon_core.shell:Creating package script '/home/edmund-munene/Documents/Programming-language-basics/Linux/Robotics/AConciseIntroductiontoRobotProgrammingwithROS2/bookros2_ws/install/groot/share/groot/package.zsh'
[3.609s] Level 1:colcon.colcon_core.environment:create_file_with_runtime_dependencies(/home/edmund-munene/Documents/Programming-language-basics/Linux/Robotics/AConciseIntroductiontoRobotProgrammingwithROS2/bookros2_ws/install/groot/share/colcon-core/packages/groot)
[3.812s] DEBUG:colcon.colcon_core.event_handler.log_command:Invoked command in '/home/edmund-munene/Documents/Programming-language-basics/Linux/Robotics/AConciseIntroductiontoRobotProgrammingwithROS2/bookros2_ws/build/my_package' returned '2': CMAKE_PREFIX_PATH=${CMAKE_PREFIX_PATH}:/opt/ros/jazzy DEBUGINFOD_URLS=https://debuginfod.ubuntu.com /usr/bin/cmake --build /home/edmund-munene/Documents/Programming-language-basics/Linux/Robotics/AConciseIntroductiontoRobotProgrammingwithROS2/bookros2_ws/build/my_package -- -j12 -l12
[3.813s] Level 1:colcon.colcon_core.environment:create_environment_scripts_only(my_package)
[3.813s] Level 1:colcon.colcon_core.environment:checking '/home/edmund-munene/Documents/Programming-language-basics/Linux/Robotics/AConciseIntroductiontoRobotProgrammingwithROS2/bookros2_ws/install/my_package' for CMake module files
[3.814s] Level 1:colcon.colcon_core.environment:checking '/home/edmund-munene/Documents/Programming-language-basics/Linux/Robotics/AConciseIntroductiontoRobotProgrammingwithROS2/bookros2_ws/install/my_package' for CMake config files
[3.814s] Level 1:colcon.colcon_core.shell:create_environment_hook('my_package', 'cmake_prefix_path')
[3.814s] INFO:colcon.colcon_core.shell:Creating environment hook '/home/edmund-munene/Documents/Programming-language-basics/Linux/Robotics/AConciseIntroductiontoRobotProgrammingwithROS2/bookros2_ws/install/my_package/share/my_package/hook/cmake_prefix_path.ps1'
[3.815s] INFO:colcon.colcon_core.shell:Creating environment descriptor '/home/edmund-munene/Documents/Programming-language-basics/Linux/Robotics/AConciseIntroductiontoRobotProgrammingwithROS2/bookros2_ws/install/my_package/share/my_package/hook/cmake_prefix_path.dsv'
[3.815s] INFO:colcon.colcon_core.shell:Creating environment hook '/home/edmund-munene/Documents/Programming-language-basics/Linux/Robotics/AConciseIntroductiontoRobotProgrammingwithROS2/bookros2_ws/install/my_package/share/my_package/hook/cmake_prefix_path.sh'
[3.816s] Level 1:colcon.colcon_core.environment:checking '/home/edmund-munene/Documents/Programming-language-basics/Linux/Robotics/AConciseIntroductiontoRobotProgrammingwithROS2/bookros2_ws/install/my_package/bin'
[3.816s] Level 1:colcon.colcon_core.environment:checking '/home/edmund-munene/Documents/Programming-language-basics/Linux/Robotics/AConciseIntroductiontoRobotProgrammingwithROS2/bookros2_ws/install/my_package/lib/pkgconfig/my_package.pc'
[3.816s] Level 1:colcon.colcon_core.environment:checking '/home/edmund-munene/Documents/Programming-language-basics/Linux/Robotics/AConciseIntroductiontoRobotProgrammingwithROS2/bookros2_ws/install/my_package/lib/python3.12/site-packages'
[3.816s] Level 1:colcon.colcon_core.environment:checking '/home/edmund-munene/Documents/Programming-language-basics/Linux/Robotics/AConciseIntroductiontoRobotProgrammingwithROS2/bookros2_ws/install/my_package/bin'
[3.817s] INFO:colcon.colcon_core.shell:Creating package script '/home/edmund-munene/Documents/Programming-language-basics/Linux/Robotics/AConciseIntroductiontoRobotProgrammingwithROS2/bookros2_ws/install/my_package/share/my_package/package.ps1'
[3.817s] INFO:colcon.colcon_core.shell:Creating package descriptor '/home/edmund-munene/Documents/Programming-language-basics/Linux/Robotics/AConciseIntroductiontoRobotProgrammingwithROS2/bookros2_ws/install/my_package/share/my_package/package.dsv'
[3.818s] INFO:colcon.colcon_core.shell:Creating package script '/home/edmund-munene/Documents/Programming-language-basics/Linux/Robotics/AConciseIntroductiontoRobotProgrammingwithROS2/bookros2_ws/install/my_package/share/my_package/package.sh'
[3.818s] INFO:colcon.colcon_core.shell:Creating package script '/home/edmund-munene/Documents/Programming-language-basics/Linux/Robotics/AConciseIntroductiontoRobotProgrammingwithROS2/bookros2_ws/install/my_package/share/my_package/package.bash'
[3.819s] INFO:colcon.colcon_core.shell:Creating package script '/home/edmund-munene/Documents/Programming-language-basics/Linux/Robotics/AConciseIntroductiontoRobotProgrammingwithROS2/bookros2_ws/install/my_package/share/my_package/package.zsh'
[3.819s] Level 1:colcon.colcon_core.environment:create_file_with_runtime_dependencies(/home/edmund-munene/Documents/Programming-language-basics/Linux/Robotics/AConciseIntroductiontoRobotProgrammingwithROS2/bookros2_ws/install/my_package/share/colcon-core/packages/my_package)
[4.226s] DEBUG:colcon.colcon_parallel_executor.executor.parallel:closing loop
[4.226s] DEBUG:colcon.colcon_parallel_executor.executor.parallel:loop closed
[4.226s] DEBUG:colcon.colcon_parallel_executor.executor.parallel:run_until_complete finished with '2'
[4.226s] DEBUG:colcon.colcon_core.event_reactor:joining thread
[4.241s] INFO:colcon.colcon_core.plugin_system:Skipping extension 'colcon_notification.desktop_notification.terminal_notifier': Not used on non-Darwin systems
[4.241s] INFO:colcon.colcon_core.plugin_system:Skipping extension 'colcon_notification.desktop_notification.win32': Not used on non-Windows systems
[4.241s] INFO:colcon.colcon_notification.desktop_notification:Sending desktop notification using 'notify2'
[4.266s] DEBUG:colcon.colcon_core.event_reactor:joined thread
[4.266s] INFO:colcon.colcon_core.shell:Creating prefix script '/home/edmund-munene/Documents/Programming-language-basics/Linux/Robotics/AConciseIntroductiontoRobotProgrammingwithROS2/bookros2_ws/install/local_setup.ps1'
[4.268s] INFO:colcon.colcon_core.shell:Creating prefix util module '/home/edmund-munene/Documents/Programming-language-basics/Linux/Robotics/AConciseIntroductiontoRobotProgrammingwithROS2/bookros2_ws/install/_local_setup_util_ps1.py'
[4.270s] INFO:colcon.colcon_core.shell:Creating prefix chain script '/home/edmund-munene/Documents/Programming-language-basics/Linux/Robotics/AConciseIntroductiontoRobotProgrammingwithROS2/bookros2_ws/install/setup.ps1'
[4.272s] INFO:colcon.colcon_core.shell:Creating prefix script '/home/edmund-munene/Documents/Programming-language-basics/Linux/Robotics/AConciseIntroductiontoRobotProgrammingwithROS2/bookros2_ws/install/local_setup.sh'
[4.272s] INFO:colcon.colcon_core.shell:Creating prefix util module '/home/edmund-munene/Documents/Programming-language-basics/Linux/Robotics/AConciseIntroductiontoRobotProgrammingwithROS2/bookros2_ws/install/_local_setup_util_sh.py'
[4.273s] INFO:colcon.colcon_core.shell:Creating prefix chain script '/home/edmund-munene/Documents/Programming-language-basics/Linux/Robotics/AConciseIntroductiontoRobotProgrammingwithROS2/bookros2_ws/install/setup.sh'
[4.274s] INFO:colcon.colcon_core.shell:Creating prefix script '/home/edmund-munene/Documents/Programming-language-basics/Linux/Robotics/AConciseIntroductiontoRobotProgrammingwithROS2/bookros2_ws/install/local_setup.bash'
[4.275s] INFO:colcon.colcon_core.shell:Creating prefix chain script '/home/edmund-munene/Documents/Programming-language-basics/Linux/Robotics/AConciseIntroductiontoRobotProgrammingwithROS2/bookros2_ws/install/setup.bash'
[4.276s] INFO:colcon.colcon_core.shell:Creating prefix script '/home/edmund-munene/Documents/Programming-language-basics/Linux/Robotics/AConciseIntroductiontoRobotProgrammingwithROS2/bookros2_ws/install/local_setup.zsh'
[4.276s] INFO:colcon.colcon_core.shell:Creating prefix chain script '/home/edmund-munene/Documents/Programming-language-basics/Linux/Robotics/AConciseIntroductiontoRobotProgrammingwithROS2/bookros2_ws/install/setup.zsh'
